{
  "type": "FeatureCollection",
  "attribution": "© OpenStreetMap contributors",
  "license": "ODbL-1.0",
  "source": "https://www.openstreetmap.org/copyright",
  "features": [
    {
      "type": "Feature",
      "properties": {
        "mountain_slug": "montserrat",
        "name": "Camí de Sant Jeroni",
        "length_km": 1.16,
        "elevation_gain_m": 148,
        "source": "© OpenStreetMap contributors"
      },
      "geometry": {
        "type": "LineString",
        "coordinates": [
          [
            1.81696,
            41.60124
          ],
          [
            1.81707,
            41.60153
          ],
          [
            1.81723,
            41.6017
          ],
          [
            1.81669,
            41.60155
          ],
          [
            1.81607,
            41.60182
          ],
          [
            1.8158,
            41.60214
          ],
          [
            1.81567,
            41.60222
          ],
          [
            1.81529,
            41.60222
          ],
          [
            1.81508,
            41.60208
          ],
          [
            1.815,
            41.60183
          ],
          [
            1.81491,
            41.60176
          ],
          [
            1.81472,
            41.60187
          ],
          [
            1.81437,
            41.60183
          ],
          [
            1.81383,
            41.60204
          ],
          [
            1.81336,
            41.60233
          ],
          [
            1.8132,
            41.60251
          ],
          [
            1.81324,
            41.60282
          ],
          [
            1.81343,
            41.60325
          ],
          [
            1.81332,
            41.60344
          ],
          [
            1.81343,
            41.60377
          ],
          [
            1.8135,
            41.60385
          ],
          [
            1.81349,
            41.60428
          ],
          [
            1.81319,
            41.60411
          ],
          [
            1.81277,
            41.60401
          ],
          [
            1.81265,
            41.60392
          ],
          [
            1.81251,
            41.6033
          ],
          [
            1.81242,
            41.60323
          ],
          [
            1.81211,
            41.60313
          ],
          [
            1.81216,
            41.6033
          ],
          [
            1.8121,
            41.60341
          ],
          [
            1.81215,
            41.60362
          ],
          [
            1.81209,
            41.60365
          ],
          [
            1.81177,
            41.60426
          ],
          [
            1.81157,
            41.60447
          ],
          [
            1.8116,
            41.60508
          ],
          [
            1.81151,
            41.60534
          ]
        ]
      }
    },
    {
      "type": "Feature",
      "properties": {
        "mountain_slug": "montserrat",
        "name": "Canal de Sant Jeroni",
        "length_km": 0.75,
        "elevation_gain_m": 437,
        "source": "© OpenStreetMap contributors"
      },
      "geometry": {
        "type": "LineString",
        "coordinates": [
          [
            1.81452,
            41.60985
          ],
          [
            1.81454,
            41.60975
          ],
          [
            1.81444,
            41.60955
          ],
          [
            1.81454,
            41.60945
          ],
          [
            1.81427,
            41.60935
          ],
          [
            1.81405,
            41.60945
          ],
          [
            1.81441,
            41.60911
          ],
          [
            1.81443,
            41.60882
          ],
          [
            1.81454,
            41.60861
          ],
          [
            1.81436,
            41.60801
          ],
          [
            1.81447,
            41.60733
          ],
          [
            1.81445,
            41.60698
          ],
          [
            1.81456,
            41.60662
          ],
          [
            1.81459,
            41.60596
          ],
          [
            1.81455,
            41.60588
          ],
          [
            1.81464,
            41.60574
          ],
          [
            1.81453,
            41.60541
          ],
          [
            1.81461,
            41.60531
          ],
          [
            1.81456,
            41.60519
          ],
          [
            1.81435,
            41.60502
          ],
          [
            1.81435,
            41.60493
          ],
          [
            1.81443,
            41.60483
          ],
          [
            1.81433,
            41.60454
          ],
          [
            1.81442,
            41.60433
          ],
          [
            1.81437,
            41.60418
          ],
          [
            1.81409,
            41.60415
          ]
        ]
      }
    },
    {
      "type": "Feature",
      "properties": {
        "mountain_slug": "montserrat",
        "name": "Anoia Montserratina",
        "length_km": 8.6,
        "elevation_gain_m": 1053,
        "source": "© OpenStreetMap contributors"
      },
      "geometry": {
        "type": "LineString",
        "coordinates": [
          [
            1.80616,
            41.58294
          ],
          [
            1.80603,
            41.58347
          ],
          [
            1.80608,
            41.58364
          ],
          [
            1.80565,
            41.58438
          ],
          [
            1.80556,
            41.58482
          ],
          [
            1.80544,
            41.58504
          ],
          [
            1.8053,
            41.58503
          ],
          [
            1.80481,
            41.58475
          ],
          [
            1.80324,
            41.58541
          ],
          [
            1.80247,
            41.58551
          ],
          [
            1.80214,
            41.58559
          ],
          [
            1.80252,
            41.58596
          ],
          [
            1.80272,
            41.58642
          ],
          [
            1.8033,
            41.58707
          ],
          [
            1.80324,
            41.58735
          ],
          [
            1.80306,
            41.58745
          ],
          [
            1.8029,
            41.58778
          ],
          [
            1.8029,
            41.58789
          ],
          [
            1.803,
            41.58848
          ],
          [
            1.80318,
            41.58864
          ],
          [
            1.80312,
            41.58899
          ],
          [
            1.80339,
            41.58896
          ],
          [
            1.80359,
            41.58885
          ],
          [
            1.80374,
            41.5889
          ],
          [
            1.80377,
            41.58907
          ],
          [
            1.80369,
            41.58913
          ],
          [
            1.80352,
            41.58913
          ],
          [
            1.80346,
            41.58918
          ],
          [
            1.80353,
            41.58925
          ],
          [
            1.80365,
            41.5897
          ],
          [
            1.80362,
            41.58988
          ],
          [
            1.80369,
            41.5899
          ],
          [
            1.80382,
            41.58979
          ],
          [
            1.80395,
            41.58974
          ],
          [
            1.804,
            41.58976
          ],
          [
            1.80394,
            41.59005
          ],
          [
            1.80402,
            41.58998
          ],
          [
            1.80411,
            41.59021
          ],
          [
            1.80429,
            41.59034
          ],
          [
            1.80451,
            41.59042
          ],
          [
            1.80452,
            41.59047
          ],
          [
            1.80468,
            41.59056
          ],
          [
            1.80471,
            41.59068
          ],
          [
            1.80457,
            41.59074
          ],
          [
            1.80456,
            41.59089
          ],
          [
            1.80489,
            41.59091
          ],
          [
            1.805,
            41.59081
          ],
          [
            1.80513,
            41.59096
          ],
          [
            1.80516,
            41.59104
          ],
          [
            1.80505,
            41.5912
          ],
          [
            1.80487,
            41.59134
          ],
          [
            1.80501,
            41.59158
          ],
          [
            1.80536,
            41.59189
          ],
          [
            1.80515,
            41.592
          ],
          [
            1.80529,
            41.59219
          ],
          [
            1.80527,
            41.59229
          ],
          [
            1.80539,
            41.59234
          ],
          [
            1.80542,
            41.59257
          ],
          [
            1.80553,
            41.59275
          ],
          [
            1.80553,
            41.59287
          ],
          [
            1.80543,
            41.59294
          ],
          [
            1.80544,
            41.59304
          ],
          [
            1.80561,
            41.59307
          ],
          [
            1.80565,
            41.59333
          ],
          [
            1.80596,
            41.59319
          ],
          [
            1.80588,
            41.59355
          ],
          [
            1.80563,
            41.59377
          ],
          [
            1.80603,
            41.59376
          ],
          [
            1.80634,
            41.5936
          ],
          [
            1.80651,
            41.59362
          ],
          [
            1.80676,
            41.59376
          ],
          [
            1.80695,
            41.59365
          ],
          [
            1.80698,
            41.59375
          ],
          [
            1.80685,
            41.59388
          ],
          [
            1.80668,
            41.59395
          ],
          [
            1.80681,
            41.5942
          ],
          [
            1.80688,
            41.59419
          ],
          [
            1.80727,
            41.59453
          ],
          [
            1.80763,
            41.59458
          ],
          [
            1.80771,
            41.59469
          ],
          [
            1.80795,
            41.59482
          ],
          [
            1.80807,
            41.59495
          ],
          [
            1.80835,
            41.59508
          ],
          [
            1.80872,
            41.59514
          ],
          [
            1.80889,
            41.59525
          ],
          [
            1.80902,
            41.59525
          ],
          [
            1.80909,
            41.59533
          ],
          [
            1.80922,
            41.59532
          ],
          [
            1.80943,
            41.59544
          ],
          [
            1.80956,
            41.5957
          ],
          [
            1.80981,
            41.59599
          ],
          [
            1.80991,
            41.59627
          ],
          [
            1.81001,
            41.59634
          ],
          [
            1.81001,
            41.59644
          ],
          [
            1.8102,
            41.59679
          ],
          [
            1.8102,
            41.59697
          ],
          [
            1.81006,
            41.59715
          ],
          [
            1.80998,
            41.59741
          ],
          [
            1.81004,
            41.59778
          ],
          [
            1.81021,
            41.59813
          ],
          [
            1.81039,
            41.5983
          ],
          [
            1.81047,
            41.59847
          ],
          [
            1.81075,
            41.59862
          ],
          [
            1.81085,
            41.59877
          ],
          [
            1.8108,
            41.59883
          ],
          [
            1.81082,
            41.59898
          ],
          [
            1.81072,
            41.59897
          ],
          [
            1.81047,
            41.59874
          ],
          [
            1.81023,
            41.59872
          ],
          [
            1.81009,
            41.59864
          ],
          [
            1.80989,
            41.59866
          ],
          [
            1.80971,
            41.5986
          ],
          [
            1.80969,
            41.59863
          ],
          [
            1.80991,
            41.5996
          ],
          [
            1.80968,
            41.59985
          ],
          [
            1.81003,
            41.60012
          ],
          [
            1.80986,
            41.60039
          ],
          [
            1.81004,
            41.6006
          ],
          [
            1.81005,
            41.60072
          ],
          [
            1.80991,
            41.60089
          ],
          [
            1.80995,
            41.60112
          ],
          [
            1.80989,
            41.60122
          ],
          [
            1.80992,
            41.60133
          ],
          [
            1.80987,
            41.60135
          ],
          [
            1.80995,
            41.60142
          ],
          [
            1.80988,
            41.60161
          ],
          [
            1.81001,
            41.6021
          ],
          [
            1.80999,
            41.60227
          ],
          [
            1.80975,
            41.60232
          ],
          [
            1.80965,
            41.60238
          ],
          [
            1.80969,
            41.60268
          ],
          [
            1.80993,
            41.60326
          ],
          [
            1.80972,
            41.60328
          ],
          [
            1.80964,
            41.60351
          ],
          [
            1.80946,
            41.60368
          ],
          [
            1.8094,
            41.60388
          ],
          [
            1.80931,
            41.60393
          ],
          [
            1.80877,
            41.60382
          ],
          [
            1.8086,
            41.60363
          ],
          [
            1.80856,
            41.6035
          ],
          [
            1.80843,
            41.60345
          ],
          [
            1.8083,
            41.6031
          ],
          [
            1.80823,
            41.60306
          ],
          [
            1.80819,
            41.60261
          ],
          [
            1.80802,
            41.60255
          ],
          [
            1.80785,
            41.60254
          ],
          [
            1.80776,
            41.60242
          ],
          [
            1.80764,
            41.60239
          ],
          [
            1.80736,
            41.60161
          ],
          [
            1.80737,
            41.60151
          ],
          [
            1.80725,
            41.60144
          ],
          [
            1.80705,
            41.60143
          ],
          [
            1.807,
            41.60137
          ],
          [
            1.80695,
            41.60109
          ],
          [
            1.80686,
            41.6009
          ],
          [
            1.80644,
            41.60095
          ],
          [
            1.80595,
            41.60122
          ],
          [
            1.80552,
            41.60127
          ],
          [
            1.80498,
            41.60121
          ],
          [
            1.8049,
            41.60058
          ],
          [
            1.80477,
            41.60042
          ],
          [
            1.80463,
            41.60042
          ],
          [
            1.80457,
            41.60046
          ],
          [
            1.8046,
            41.60073
          ],
          [
            1.80456,
            41.60093
          ],
          [
            1.80463,
            41.60152
          ],
          [
            1.80475,
            41.60174
          ],
          [
            1.80474,
            41.60184
          ],
          [
            1.80449,
            41.60188
          ],
          [
            1.80432,
            41.60178
          ],
          [
            1.80414,
            41.6018
          ],
          [
            1.80405,
            41.60172
          ],
          [
            1.80389,
            41.60172
          ],
          [
            1.80375,
            41.60166
          ],
          [
            1.80371,
            41.60179
          ],
          [
            1.80332,
            41.60215
          ],
          [
            1.80318,
            41.60242
          ],
          [
            1.80326,
            41.60256
          ],
          [
            1.80326,
            41.60273
          ],
          [
            1.80336,
            41.60284
          ],
          [
            1.8031,
            41.60276
          ],
          [
            1.80296,
            41.6028
          ],
          [
            1.80308,
            41.60287
          ],
          [
            1.80305,
            41.60289
          ],
          [
            1.80319,
            41.60303
          ],
          [
            1.80262,
            41.6032
          ],
          [
            1.80262,
            41.60331
          ],
          [
            1.80249,
            41.60337
          ],
          [
            1.80252,
            41.60344
          ],
          [
            1.80244,
            41.60348
          ],
          [
            1.80242,
            41.60359
          ],
          [
            1.80249,
            41.60363
          ],
          [
            1.80234,
            41.60367
          ],
          [
            1.80231,
            41.6038
          ],
          [
            1.80222,
            41.60384
          ],
          [
            1.80237,
            41.60414
          ],
          [
            1.80234,
            41.6045
          ],
          [
            1.80225,
            41.60438
          ],
          [
            1.8022,
            41.60411
          ],
          [
            1.80212,
            41.60413
          ],
          [
            1.80191,
            41.60402
          ],
          [
            1.80188,
            41.60393
          ],
          [
            1.80175,
            41.60395
          ],
          [
            1.80176,
            41.60388
          ],
          [
            1.80166,
            41.60377
          ],
          [
            1.80142,
            41.60415
          ],
          [
            1.80126,
            41.60425
          ],
          [
            1.8012,
            41.60419
          ],
          [
            1.80121,
            41.60406
          ],
          [
            1.80111,
            41.60406
          ],
          [
            1.80108,
            41.60393
          ],
          [
            1.80102,
            41.60393
          ],
          [
            1.80085,
            41.6038
          ],
          [
            1.80059,
            41.60381
          ],
          [
            1.80028,
            41.6037
          ],
          [
            1.79994,
            41.60374
          ],
          [
            1.79981,
            41.60364
          ],
          [
            1.79952,
            41.60379
          ],
          [
            1.79949,
            41.60402
          ],
          [
            1.79933,
            41.60414
          ],
          [
            1.79921,
            41.60411
          ],
          [
            1.79896,
            41.60413
          ],
          [
            1.79884,
            41.60394
          ],
          [
            1.7986,
            41.60397
          ],
          [
            1.79846,
            41.60404
          ],
          [
            1.79832,
            41.6042
          ],
          [
            1.79807,
            41.60431
          ],
          [
            1.79794,
            41.60442
          ],
          [
            1.7982,
            41.60462
          ],
          [
            1.7987,
            41.60485
          ],
          [
            1.79881,
            41.60501
          ],
          [
            1.79876,
            41.60516
          ],
          [
            1.79881,
            41.60529
          ],
          [
            1.79914,
            41.6054
          ],
          [
            1.79929,
            41.60562
          ],
          [
            1.79954,
            41.60571
          ],
          [
            1.79946,
            41.60609
          ],
          [
            1.79976,
            41.60631
          ],
          [
            1.79999,
            41.60663
          ],
          [
            1.79929,
            41.60692
          ],
          [
            1.79913,
            41.60694
          ],
          [
            1.79884,
            41.60688
          ],
          [
            1.79872,
            41.60691
          ],
          [
            1.79869,
            41.60706
          ],
          [
            1.7989,
            41.60766
          ],
          [
            1.79888,
            41.60778
          ],
          [
            1.79868,
            41.60812
          ],
          [
            1.79862,
            41.60837
          ],
          [
            1.79847,
            41.60844
          ],
          [
            1.79844,
            41.60855
          ],
          [
            1.79748,
            41.60896
          ],
          [
            1.79679,
            41.60837
          ],
          [
            1.79666,
            41.60832
          ],
          [
            1.79648,
            41.60832
          ],
          [
            1.79617,
            41.60879
          ],
          [
            1.79574,
            41.60908
          ],
          [
            1.79568,
            41.60905
          ],
          [
            1.79553,
            41.60878
          ],
          [
            1.79536,
            41.60868
          ],
          [
            1.79527,
            41.60854
          ],
          [
            1.79522,
            41.60784
          ],
          [
            1.79498,
            41.60767
          ],
          [
            1.79492,
            41.60742
          ],
          [
            1.795,
            41.60713
          ],
          [
            1.79496,
            41.60708
          ],
          [
            1.7947,
            41.60685
          ],
          [
            1.79443,
            41.60678
          ],
          [
            1.79434,
            41.60665
          ],
          [
            1.79414,
            41.60652
          ],
          [
            1.79348,
            41.60629
          ],
          [
            1.79328,
            41.60609
          ],
          [
            1.79316,
            41.60609
          ],
          [
            1.79268,
            41.6063
          ],
          [
            1.79242,
            41.60664
          ],
          [
            1.79201,
            41.6067
          ],
          [
            1.79186,
            41.60679
          ],
          [
            1.79169,
            41.60666
          ],
          [
            1.7916,
            41.60669
          ],
          [
            1.79151,
            41.6066
          ],
          [
            1.79136,
            41.60656
          ],
          [
            1.7913,
            41.60647
          ],
          [
            1.79114,
            41.60656
          ],
          [
            1.7912,
            41.60624
          ],
          [
            1.79112,
            41.60625
          ],
          [
            1.79093,
            41.60647
          ],
          [
            1.79078,
            41.60648
          ],
          [
            1.79064,
            41.60632
          ],
          [
            1.79023,
            41.60623
          ],
          [
            1.79006,
            41.6061
          ],
          [
            1.78988,
            41.6058
          ],
          [
            1.78966,
            41.6058
          ],
          [
            1.78944,
            41.60563
          ],
          [
            1.78924,
            41.60568
          ],
          [
            1.78917,
            41.60565
          ],
          [
            1.7891,
            41.60595
          ],
          [
            1.78866,
            41.60589
          ],
          [
            1.78843,
            41.60545
          ],
          [
            1.78789,
            41.60512
          ],
          [
            1.78751,
            41.60477
          ],
          [
            1.78742,
            41.60475
          ],
          [
            1.78702,
            41.60498
          ],
          [
            1.78686,
            41.6054
          ],
          [
            1.78654,
            41.60553
          ],
          [
            1.78624,
            41.60596
          ],
          [
            1.78606,
            41.60607
          ],
          [
            1.78593,
            41.60638
          ],
          [
            1.78603,
            41.60674
          ],
          [
            1.78572,
            41.60666
          ],
          [
            1.78535,
            41.6068
          ],
          [
            1.78514,
            41.60665
          ],
          [
            1.78496,
            41.60644
          ],
          [
            1.78476,
            41.60638
          ],
          [
            1.78459,
            41.6065
          ],
          [
            1.78418,
            41.6066
          ],
          [
            1.78389,
            41.60637
          ],
          [
            1.78348,
            41.60659
          ],
          [
            1.78341,
            41.60669
          ],
          [
            1.7833,
            41.60666
          ],
          [
            1.78319,
            41.60657
          ],
          [
            1.78305,
            41.60636
          ],
          [
            1.78298,
            41.6061
          ],
          [
            1.78269,
            41.60557
          ],
          [
            1.78234,
            41.60527
          ],
          [
            1.78199,
            41.60529
          ]
        ]
      }
    },
    {
      "type": "Feature",
      "properties": {
        "mountain_slug": "montserrat",
        "name": "Camí de la Font del Llum",
        "length_km": 1.67,
        "elevation_gain_m": 538,
        "source": "© OpenStreetMap contributors"
      },
      "geometry": {
        "type": "LineString",
        "coordinates": [
          [
            1.81672,
            41.61102
          ],
          [
            1.81677,
            41.61094
          ],
          [
            1.81654,
            41.61078
          ],
          [
            1.81616,
            41.61066
          ],
          [
            1.81621,
            41.61034
          ],
          [
            1.81597,
            41.61038
          ],
          [
            1.81521,
            41.61005
          ],
          [
            1.8148,
            41.61007
          ],
          [
            1.81467,
            41.60999
          ],
          [
            1.81461,
            41.60983
          ],
          [
            1.81452,
            41.60985
          ],
          [
            1.8144,
            41.61004
          ],
          [
            1.8138,
            41.61046
          ],
          [
            1.81375,
            41.61041
          ],
          [
            1.81337,
            41.6107
          ],
          [
            1.8131,
            41.61077
          ],
          [
            1.81289,
            41.61088
          ],
          [
            1.81273,
            41.61085
          ],
          [
            1.81249,
            41.61094
          ],
          [
            1.81238,
            41.61092
          ],
          [
            1.81218,
            41.61081
          ],
          [
            1.81159,
            41.61059
          ],
          [
            1.81127,
            41.61035
          ],
          [
            1.81102,
            41.61014
          ],
          [
            1.81083,
            41.60987
          ],
          [
            1.81076,
            41.60954
          ],
          [
            1.81054,
            41.60929
          ],
          [
            1.81049,
            41.60925
          ],
          [
            1.81026,
            41.60927
          ],
          [
            1.81021,
            41.60923
          ],
          [
            1.81027,
            41.60904
          ],
          [
            1.81038,
            41.60907
          ],
          [
            1.81044,
            41.609
          ],
          [
            1.81041,
            41.60841
          ],
          [
            1.81031,
            41.60832
          ],
          [
            1.8102,
            41.60835
          ],
          [
            1.80992,
            41.60821
          ],
          [
            1.81009,
            41.60813
          ],
          [
            1.80974,
            41.60803
          ],
          [
            1.80993,
            41.60794
          ],
          [
            1.80941,
            41.60779
          ],
          [
            1.80943,
            41.60773
          ],
          [
            1.80965,
            41.6077
          ],
          [
            1.80956,
            41.60762
          ],
          [
            1.80975,
            41.60761
          ],
          [
            1.80979,
            41.60752
          ],
          [
            1.80968,
            41.60749
          ],
          [
            1.80975,
            41.60746
          ],
          [
            1.80959,
            41.60739
          ],
          [
            1.80947,
            41.60741
          ],
          [
            1.80919,
            41.60734
          ],
          [
            1.80941,
            41.60718
          ],
          [
            1.8092,
            41.60716
          ],
          [
            1.8092,
            41.6071
          ],
          [
            1.80893,
            41.60683
          ],
          [
            1.80903,
            41.60681
          ],
          [
            1.80895,
            41.6068
          ],
          [
            1.80885,
            41.60672
          ],
          [
            1.80869,
            41.60673
          ],
          [
            1.80858,
            41.60679
          ],
          [
            1.80851,
            41.60674
          ],
          [
            1.80881,
            41.60638
          ],
          [
            1.80878,
            41.60635
          ],
          [
            1.80894,
            41.60619
          ],
          [
            1.80897,
            41.60608
          ],
          [
            1.80877,
            41.60566
          ],
          [
            1.80882,
            41.60561
          ],
          [
            1.80875,
            41.60555
          ],
          [
            1.80878,
            41.60551
          ],
          [
            1.80861,
            41.60508
          ],
          [
            1.80842,
            41.60502
          ],
          [
            1.80836,
            41.60495
          ],
          [
            1.80845,
            41.60492
          ],
          [
            1.80827,
            41.60486
          ],
          [
            1.80824,
            41.60462
          ]
        ]
      }
    },
    {
      "type": "Feature",
      "properties": {
        "mountain_slug": "montserrat",
        "name": "Canal dels Micos",
        "length_km": 0.38,
        "elevation_gain_m": 88,
        "source": "© OpenStreetMap contributors"
      },
      "geometry": {
        "type": "LineString",
        "coordinates": [
          [
            1.80814,
            41.60415
          ],
          [
            1.80795,
            41.60409
          ],
          [
            1.80774,
            41.6041
          ],
          [
            1.80745,
            41.6042
          ],
          [
            1.80731,
            41.60418
          ],
          [
            1.80709,
            41.60386
          ],
          [
            1.80694,
            41.60378
          ],
          [
            1.80688,
            41.60383
          ],
          [
            1.80697,
            41.60476
          ],
          [
            1.80689,
            41.60478
          ],
          [
            1.80676,
            41.6047
          ],
          [
            1.80645,
            41.60435
          ],
          [
            1.8064,
            41.60436
          ],
          [
            1.80635,
            41.6046
          ],
          [
            1.80639,
            41.60493
          ]
        ]
      }
    },
    {
      "type": "Feature",
      "properties": {
        "mountain_slug": "montserrat",
        "name": "Sender del Mil·lenari de Montserrat",
        "length_km": 9.4,
        "elevation_gain_m": 1569,
        "source": "© OpenStreetMap contributors"
      },
      "geometry": {
        "type": "LineString",
        "coordinates": [
          [
            1.83655,
            41.59211
          ],
          [
            1.83575,
            41.59205
          ],
          [
            1.83563,
            41.59206
          ],
          [
            1.8354,
            41.59218
          ],
          [
            1.83534,
            41.59211
          ],
          [
            1.83476,
            41.59191
          ],
          [
            1.83451,
            41.59195
          ],
          [
            1.83455,
            41.59223
          ],
          [
            1.83423,
            41.59226
          ],
          [
            1.83438,
            41.59234
          ],
          [
            1.83436,
            41.59236
          ],
          [
            1.83426,
            41.59238
          ],
          [
            1.83409,
            41.59231
          ],
          [
            1.83383,
            41.5923
          ],
          [
            1.83374,
            41.5922
          ],
          [
            1.83334,
            41.59202
          ],
          [
            1.83317,
            41.59199
          ],
          [
            1.83312,
            41.59204
          ],
          [
            1.83303,
            41.59205
          ],
          [
            1.83275,
            41.59186
          ],
          [
            1.83247,
            41.59182
          ],
          [
            1.83243,
            41.59172
          ],
          [
            1.83239,
            41.59177
          ],
          [
            1.83224,
            41.59148
          ],
          [
            1.83194,
            41.59112
          ],
          [
            1.83189,
            41.59111
          ],
          [
            1.832,
            41.59147
          ],
          [
            1.83195,
            41.59158
          ],
          [
            1.8319,
            41.59156
          ],
          [
            1.83188,
            41.5916
          ],
          [
            1.83182,
            41.59144
          ],
          [
            1.83141,
            41.59124
          ],
          [
            1.83111,
            41.59135
          ],
          [
            1.83107,
            41.5915
          ],
          [
            1.83088,
            41.59149
          ],
          [
            1.83088,
            41.59153
          ],
          [
            1.8308,
            41.59155
          ],
          [
            1.83091,
            41.59165
          ],
          [
            1.83082,
            41.5917
          ],
          [
            1.83077,
            41.5918
          ],
          [
            1.83029,
            41.59194
          ],
          [
            1.83026,
            41.59203
          ],
          [
            1.8307,
            41.59214
          ],
          [
            1.83088,
            41.59226
          ],
          [
            1.83119,
            41.59208
          ],
          [
            1.83143,
            41.5921
          ],
          [
            1.83148,
            41.59217
          ],
          [
            1.83134,
            41.59255
          ],
          [
            1.83155,
            41.59292
          ],
          [
            1.83165,
            41.59293
          ],
          [
            1.83151,
            41.593
          ],
          [
            1.83185,
            41.59309
          ],
          [
            1.83215,
            41.59341
          ],
          [
            1.83228,
            41.59363
          ],
          [
            1.8319,
            41.59365
          ],
          [
            1.83179,
            41.59351
          ],
          [
            1.83136,
            41.59364
          ],
          [
            1.83114,
            41.594
          ],
          [
            1.8309,
            41.59421
          ],
          [
            1.83103,
            41.59443
          ],
          [
            1.83139,
            41.59472
          ],
          [
            1.83189,
            41.59483
          ],
          [
            1.83242,
            41.59508
          ],
          [
            1.83313,
            41.59524
          ],
          [
            1.83312,
            41.59543
          ],
          [
            1.83281,
            41.59576
          ],
          [
            1.83278,
            41.59587
          ],
          [
            1.83288,
            41.59601
          ],
          [
            1.8332,
            41.59623
          ],
          [
            1.83345,
            41.59629
          ],
          [
            1.8337,
            41.59645
          ],
          [
            1.83425,
            41.59656
          ],
          [
            1.83438,
            41.59654
          ],
          [
            1.83458,
            41.59639
          ],
          [
            1.83502,
            41.59635
          ],
          [
            1.83503,
            41.59651
          ],
          [
            1.8348,
            41.59685
          ],
          [
            1.83468,
            41.59699
          ],
          [
            1.83433,
            41.59717
          ],
          [
            1.83412,
            41.5975
          ],
          [
            1.83386,
            41.59757
          ],
          [
            1.83358,
            41.59753
          ],
          [
            1.83331,
            41.59755
          ],
          [
            1.83313,
            41.59772
          ],
          [
            1.83311,
            41.59799
          ],
          [
            1.83268,
            41.59812
          ],
          [
            1.83224,
            41.59806
          ],
          [
            1.83215,
            41.59812
          ],
          [
            1.83206,
            41.59831
          ],
          [
            1.83203,
            41.59867
          ],
          [
            1.83158,
            41.59871
          ],
          [
            1.83137,
            41.59877
          ],
          [
            1.83141,
            41.59882
          ],
          [
            1.83112,
            41.59878
          ],
          [
            1.83085,
            41.59891
          ],
          [
            1.83063,
            41.59891
          ],
          [
            1.83055,
            41.59912
          ],
          [
            1.83047,
            41.59917
          ],
          [
            1.83027,
            41.59914
          ],
          [
            1.82964,
            41.59874
          ],
          [
            1.82937,
            41.59874
          ],
          [
            1.82936,
            41.59882
          ],
          [
            1.82921,
            41.59891
          ],
          [
            1.82907,
            41.59871
          ],
          [
            1.82891,
            41.59862
          ],
          [
            1.8288,
            41.59861
          ],
          [
            1.82865,
            41.59866
          ],
          [
            1.82865,
            41.59876
          ],
          [
            1.82876,
            41.5989
          ],
          [
            1.82863,
            41.59911
          ],
          [
            1.82866,
            41.59923
          ],
          [
            1.8286,
            41.59933
          ],
          [
            1.82871,
            41.59971
          ],
          [
            1.82859,
            41.60002
          ],
          [
            1.82826,
            41.60041
          ],
          [
            1.82802,
            41.60041
          ],
          [
            1.82731,
            41.60005
          ],
          [
            1.82672,
            41.59995
          ],
          [
            1.82665,
            41.60004
          ],
          [
            1.82677,
            41.60031
          ],
          [
            1.82675,
            41.60067
          ],
          [
            1.8267,
            41.60073
          ],
          [
            1.82659,
            41.60073
          ],
          [
            1.82554,
            41.60019
          ],
          [
            1.82501,
            41.60001
          ],
          [
            1.82486,
            41.60019
          ],
          [
            1.8249,
            41.60071
          ],
          [
            1.82482,
            41.60113
          ],
          [
            1.82474,
            41.6013
          ],
          [
            1.82478,
            41.6018
          ],
          [
            1.82472,
            41.60193
          ],
          [
            1.82463,
            41.60195
          ],
          [
            1.8239,
            41.60183
          ],
          [
            1.82343,
            41.60188
          ],
          [
            1.82299,
            41.60183
          ],
          [
            1.82232,
            41.602
          ],
          [
            1.82218,
            41.60219
          ],
          [
            1.82199,
            41.60262
          ],
          [
            1.82213,
            41.6029
          ],
          [
            1.82208,
            41.60316
          ],
          [
            1.82212,
            41.60339
          ],
          [
            1.82201,
            41.60354
          ],
          [
            1.8221,
            41.60379
          ],
          [
            1.8217,
            41.60474
          ],
          [
            1.82178,
            41.60496
          ],
          [
            1.82243,
            41.60534
          ],
          [
            1.82249,
            41.60556
          ],
          [
            1.82246,
            41.60567
          ],
          [
            1.82229,
            41.60576
          ],
          [
            1.82207,
            41.60576
          ],
          [
            1.82088,
            41.60559
          ],
          [
            1.82074,
            41.60552
          ],
          [
            1.82038,
            41.60552
          ],
          [
            1.82016,
            41.60564
          ],
          [
            1.8201,
            41.60585
          ],
          [
            1.82035,
            41.60642
          ],
          [
            1.82024,
            41.60641
          ],
          [
            1.81989,
            41.60622
          ],
          [
            1.8194,
            41.60609
          ],
          [
            1.81907,
            41.60611
          ],
          [
            1.81896,
            41.60619
          ],
          [
            1.81891,
            41.60645
          ],
          [
            1.81852,
            41.60674
          ],
          [
            1.81852,
            41.60686
          ],
          [
            1.81822,
            41.60733
          ],
          [
            1.8182,
            41.60765
          ],
          [
            1.81839,
            41.60812
          ],
          [
            1.8182,
            41.60851
          ],
          [
            1.818,
            41.60863
          ],
          [
            1.81807,
            41.6088
          ],
          [
            1.81797,
            41.60886
          ],
          [
            1.81797,
            41.60895
          ],
          [
            1.81789,
            41.60901
          ],
          [
            1.81776,
            41.60929
          ],
          [
            1.81773,
            41.60941
          ],
          [
            1.8179,
            41.60958
          ],
          [
            1.81792,
            41.60968
          ],
          [
            1.81764,
            41.61026
          ],
          [
            1.81764,
            41.61054
          ],
          [
            1.81746,
            41.6108
          ],
          [
            1.81719,
            41.6109
          ],
          [
            1.81703,
            41.6108
          ],
          [
            1.81687,
            41.61053
          ],
          [
            1.81646,
            41.61024
          ],
          [
            1.81628,
            41.61025
          ],
          [
            1.81619,
            41.61021
          ],
          [
            1.8159,
            41.61028
          ],
          [
            1.81568,
            41.61025
          ],
          [
            1.81521,
            41.61005
          ],
          [
            1.8148,
            41.61007
          ],
          [
            1.81467,
            41.60999
          ],
          [
            1.81461,
            41.60983
          ],
          [
            1.81452,
            41.60985
          ],
          [
            1.8144,
            41.61004
          ],
          [
            1.8138,
            41.61046
          ],
          [
            1.81375,
            41.61041
          ],
          [
            1.81337,
            41.6107
          ],
          [
            1.8131,
            41.61077
          ],
          [
            1.81289,
            41.61088
          ],
          [
            1.81273,
            41.61085
          ],
          [
            1.81243,
            41.61094
          ],
          [
            1.81218,
            41.61081
          ],
          [
            1.81159,
            41.61059
          ],
          [
            1.811,
            41.61011
          ],
          [
            1.81083,
            41.60987
          ],
          [
            1.81076,
            41.60954
          ],
          [
            1.81054,
            41.60929
          ],
          [
            1.81049,
            41.60925
          ],
          [
            1.81026,
            41.60927
          ],
          [
            1.81021,
            41.60923
          ],
          [
            1.81027,
            41.60904
          ],
          [
            1.81038,
            41.60907
          ],
          [
            1.81044,
            41.609
          ],
          [
            1.81041,
            41.60841
          ],
          [
            1.81031,
            41.60832
          ],
          [
            1.8102,
            41.60835
          ],
          [
            1.80992,
            41.60821
          ],
          [
            1.81009,
            41.60813
          ],
          [
            1.80974,
            41.60803
          ],
          [
            1.80993,
            41.60794
          ],
          [
            1.80941,
            41.60779
          ],
          [
            1.80943,
            41.60773
          ],
          [
            1.80962,
            41.60772
          ],
          [
            1.80966,
            41.60768
          ],
          [
            1.8091,
            41.60744
          ],
          [
            1.80886,
            41.60762
          ],
          [
            1.80874,
            41.60759
          ],
          [
            1.80843,
            41.6077
          ],
          [
            1.80836,
            41.60781
          ],
          [
            1.80798,
            41.60778
          ],
          [
            1.80784,
            41.60781
          ],
          [
            1.8077,
            41.60791
          ],
          [
            1.80748,
            41.60786
          ],
          [
            1.80727,
            41.60799
          ],
          [
            1.80692,
            41.60801
          ],
          [
            1.80675,
            41.60794
          ],
          [
            1.80653,
            41.60793
          ],
          [
            1.80633,
            41.60774
          ],
          [
            1.8062,
            41.60774
          ],
          [
            1.80607,
            41.60797
          ],
          [
            1.80615,
            41.60809
          ],
          [
            1.80608,
            41.60819
          ],
          [
            1.80582,
            41.60835
          ],
          [
            1.80538,
            41.60848
          ],
          [
            1.80518,
            41.60866
          ],
          [
            1.80471,
            41.60859
          ],
          [
            1.8043,
            41.60874
          ],
          [
            1.80408,
            41.60873
          ],
          [
            1.80382,
            41.60879
          ],
          [
            1.80368,
            41.60876
          ],
          [
            1.80331,
            41.60894
          ],
          [
            1.8031,
            41.60889
          ],
          [
            1.803,
            41.60899
          ],
          [
            1.80222,
            41.60906
          ],
          [
            1.80116,
            41.6095
          ],
          [
            1.80106,
            41.60975
          ],
          [
            1.80068,
            41.61015
          ],
          [
            1.80031,
            41.61017
          ],
          [
            1.79992,
            41.6103
          ],
          [
            1.80006,
            41.61029
          ],
          [
            1.79995,
            41.61042
          ],
          [
            1.80015,
            41.61041
          ],
          [
            1.80005,
            41.6105
          ],
          [
            1.80016,
            41.61051
          ],
          [
            1.79981,
            41.61079
          ],
          [
            1.79934,
            41.61072
          ],
          [
            1.79911,
            41.61075
          ],
          [
            1.79907,
            41.6107
          ],
          [
            1.79915,
            41.61057
          ],
          [
            1.79906,
            41.61048
          ],
          [
            1.79901,
            41.61054
          ],
          [
            1.79893,
            41.61048
          ],
          [
            1.7989,
            41.61057
          ],
          [
            1.79881,
            41.6106
          ],
          [
            1.79831,
            41.61038
          ],
          [
            1.79817,
            41.61037
          ],
          [
            1.7978,
            41.61046
          ],
          [
            1.79745,
            41.61071
          ],
          [
            1.79703,
            41.61076
          ],
          [
            1.79674,
            41.61087
          ],
          [
            1.79616,
            41.61121
          ],
          [
            1.7958,
            41.61121
          ],
          [
            1.79568,
            41.61125
          ],
          [
            1.79557,
            41.61136
          ],
          [
            1.79546,
            41.61158
          ],
          [
            1.79544,
            41.61193
          ],
          [
            1.79537,
            41.61203
          ],
          [
            1.79523,
            41.61202
          ],
          [
            1.79487,
            41.61225
          ],
          [
            1.79471,
            41.61258
          ],
          [
            1.79418,
            41.61263
          ],
          [
            1.7936,
            41.61332
          ],
          [
            1.7931,
            41.61349
          ],
          [
            1.79224,
            41.61335
          ],
          [
            1.79214,
            41.6132
          ],
          [
            1.79202,
            41.61311
          ],
          [
            1.79176,
            41.61269
          ],
          [
            1.79143,
            41.61269
          ],
          [
            1.79131,
            41.61266
          ],
          [
            1.79078,
            41.61225
          ],
          [
            1.79031,
            41.61215
          ],
          [
            1.79019,
            41.61219
          ],
          [
            1.7901,
            41.61209
          ],
          [
            1.79021,
            41.61206
          ],
          [
            1.79014,
            41.612
          ],
          [
            1.78966,
            41.6121
          ],
          [
            1.78934,
            41.61195
          ],
          [
            1.78905,
            41.61192
          ],
          [
            1.78889,
            41.61178
          ],
          [
            1.78813,
            41.61192
          ],
          [
            1.78803,
            41.61197
          ],
          [
            1.78784,
            41.61236
          ],
          [
            1.78769,
            41.61248
          ],
          [
            1.78738,
            41.61245
          ],
          [
            1.78708,
            41.61252
          ],
          [
            1.78673,
            41.61272
          ],
          [
            1.7866,
            41.61285
          ],
          [
            1.78646,
            41.61287
          ],
          [
            1.78632,
            41.61283
          ],
          [
            1.78618,
            41.61259
          ],
          [
            1.78621,
            41.6123
          ],
          [
            1.78612,
            41.61221
          ],
          [
            1.78581,
            41.61208
          ],
          [
            1.78556,
            41.61168
          ],
          [
            1.78538,
            41.61157
          ],
          [
            1.78485,
            41.61162
          ],
          [
            1.78472,
            41.61156
          ],
          [
            1.78461,
            41.61138
          ],
          [
            1.78443,
            41.61135
          ],
          [
            1.78407,
            41.61137
          ],
          [
            1.78377,
            41.61149
          ],
          [
            1.78325,
            41.61149
          ]
        ]
      }
    },
    {
      "type": "Feature",
      "properties": {
        "mountain_slug": "montserrat",
        "name": "Canal del Moro",
        "length_km": 0.6,
        "elevation_gain_m": 344,
        "source": "© OpenStreetMap contributors"
      },
      "geometry": {
        "type": "LineString",
        "coordinates": [
          [
            1.81902,
            41.60615
          ],
          [
            1.81877,
            41.60556
          ],
          [
            1.81846,
            41.60523
          ],
          [
            1.81843,
            41.60508
          ],
          [
            1.81823,
            41.60491
          ],
          [
            1.81796,
            41.60431
          ],
          [
            1.81778,
            41.604
          ],
          [
            1.81761,
            41.60386
          ],
          [
            1.81762,
            41.6038
          ],
          [
            1.81784,
            41.6036
          ],
          [
            1.81749,
            41.60313
          ],
          [
            1.81721,
            41.60249
          ],
          [
            1.8172,
            41.60224
          ],
          [
            1.81708,
            41.60219
          ],
          [
            1.81706,
            41.60208
          ],
          [
            1.81716,
            41.60204
          ],
          [
            1.81715,
            41.602
          ],
          [
            1.81684,
            41.60195
          ],
          [
            1.81672,
            41.60164
          ],
          [
            1.81664,
            41.60157
          ]
        ]
      }
    },
    {
      "type": "Feature",
      "properties": {
        "mountain_slug": "montserrat",
        "name": "Recorregut del Pas de l'Esfinx",
        "length_km": 1.24,
        "elevation_gain_m": 233,
        "source": "© OpenStreetMap contributors"
      },
      "geometry": {
        "type": "LineString",
        "coordinates": [
          [
            1.7987,
            41.60808
          ],
          [
            1.79899,
            41.60806
          ],
          [
            1.79929,
            41.60795
          ],
          [
            1.79932,
            41.6079
          ],
          [
            1.79942,
            41.6079
          ],
          [
            1.7995,
            41.60799
          ],
          [
            1.79963,
            41.60785
          ],
          [
            1.79961,
            41.60777
          ],
          [
            1.7997,
            41.60777
          ],
          [
            1.80019,
            41.60755
          ],
          [
            1.8003,
            41.60739
          ],
          [
            1.80096,
            41.60725
          ],
          [
            1.80097,
            41.60716
          ],
          [
            1.80131,
            41.60686
          ],
          [
            1.80139,
            41.60666
          ],
          [
            1.80155,
            41.6066
          ],
          [
            1.80174,
            41.60637
          ],
          [
            1.80208,
            41.6063
          ],
          [
            1.80216,
            41.60636
          ],
          [
            1.80218,
            41.6066
          ],
          [
            1.8023,
            41.60658
          ],
          [
            1.80232,
            41.60652
          ],
          [
            1.80242,
            41.6065
          ],
          [
            1.80265,
            41.60629
          ],
          [
            1.80267,
            41.60615
          ],
          [
            1.80249,
            41.60583
          ],
          [
            1.80272,
            41.60563
          ],
          [
            1.80274,
            41.60573
          ],
          [
            1.80281,
            41.60574
          ],
          [
            1.80287,
            41.60567
          ],
          [
            1.80287,
            41.60612
          ],
          [
            1.80311,
            41.60634
          ],
          [
            1.80335,
            41.60642
          ],
          [
            1.80354,
            41.6066
          ],
          [
            1.8037,
            41.60654
          ],
          [
            1.80376,
            41.60646
          ],
          [
            1.80404,
            41.60642
          ],
          [
            1.80409,
            41.60643
          ],
          [
            1.80408,
            41.60658
          ],
          [
            1.80427,
            41.60657
          ],
          [
            1.80433,
            41.60654
          ],
          [
            1.80433,
            41.60625
          ],
          [
            1.80448,
            41.60585
          ],
          [
            1.80443,
            41.60579
          ],
          [
            1.80462,
            41.60568
          ],
          [
            1.80466,
            41.6056
          ],
          [
            1.8046,
            41.60504
          ],
          [
            1.80471,
            41.60488
          ],
          [
            1.80499,
            41.60472
          ],
          [
            1.8051,
            41.60448
          ],
          [
            1.80503,
            41.60407
          ],
          [
            1.80525,
            41.60391
          ],
          [
            1.80543,
            41.60394
          ],
          [
            1.80605,
            41.60385
          ]
        ]
      }
    },
    {
      "type": "Feature",
      "properties": {
        "mountain_slug": "montserrat",
        "name": "Recorregut equipat del Salt de la Nina",
        "length_km": 1.08,
        "elevation_gain_m": 408,
        "source": "© OpenStreetMap contributors"
      },
      "geometry": {
        "type": "LineString",
        "coordinates": [
          [
            1.79877,
            41.60847
          ],
          [
            1.79894,
            41.60834
          ],
          [
            1.7991,
            41.60833
          ],
          [
            1.79933,
            41.60842
          ],
          [
            1.7995,
            41.60843
          ],
          [
            1.79966,
            41.60853
          ],
          [
            1.80006,
            41.60866
          ],
          [
            1.80028,
            41.60867
          ],
          [
            1.8006,
            41.60821
          ],
          [
            1.80127,
            41.60832
          ],
          [
            1.8013,
            41.60789
          ],
          [
            1.80134,
            41.60784
          ],
          [
            1.80157,
            41.60777
          ],
          [
            1.80168,
            41.60752
          ],
          [
            1.80177,
            41.60747
          ],
          [
            1.8024,
            41.60774
          ],
          [
            1.80259,
            41.60764
          ],
          [
            1.80279,
            41.60761
          ],
          [
            1.80291,
            41.60773
          ],
          [
            1.80302,
            41.60768
          ],
          [
            1.80339,
            41.60783
          ],
          [
            1.80372,
            41.60774
          ],
          [
            1.80406,
            41.6079
          ],
          [
            1.8042,
            41.60785
          ],
          [
            1.80439,
            41.6077
          ],
          [
            1.80472,
            41.60776
          ],
          [
            1.80507,
            41.60741
          ],
          [
            1.80507,
            41.60718
          ],
          [
            1.80516,
            41.60717
          ],
          [
            1.80524,
            41.60699
          ],
          [
            1.80512,
            41.60652
          ],
          [
            1.80532,
            41.60613
          ],
          [
            1.80565,
            41.6057
          ],
          [
            1.80563,
            41.60549
          ],
          [
            1.80552,
            41.60538
          ],
          [
            1.80521,
            41.6045
          ],
          [
            1.8051,
            41.60446
          ]
        ]
      }
    },
    {
      "type": "Feature",
      "properties": {
        "mountain_slug": "montserrat",
        "name": "Camí Ignasià Català 6: Igualada - Montserrat",
        "length_km": 3.75,
        "elevation_gain_m": 230,
        "source": "© OpenStreetMap contributors"
      },
      "geometry": {
        "type": "LineString",
        "coordinates": [
          [
            1.7865,
            41.6169
          ],
          [
            1.78707,
            41.61617
          ],
          [
            1.78748,
            41.61542
          ],
          [
            1.78794,
            41.61511
          ],
          [
            1.78831,
            41.61456
          ],
          [
            1.78866,
            41.61436
          ],
          [
            1.78909,
            41.61425
          ],
          [
            1.78978,
            41.61439
          ],
          [
            1.79058,
            41.61487
          ],
          [
            1.79119,
            41.61496
          ],
          [
            1.79216,
            41.61549
          ],
          [
            1.7924,
            41.61554
          ],
          [
            1.79257,
            41.61552
          ],
          [
            1.79271,
            41.61545
          ],
          [
            1.79301,
            41.61513
          ],
          [
            1.79321,
            41.61502
          ],
          [
            1.79353,
            41.61495
          ],
          [
            1.79425,
            41.61501
          ],
          [
            1.7946,
            41.61484
          ],
          [
            1.79474,
            41.61464
          ],
          [
            1.79467,
            41.61428
          ],
          [
            1.79471,
            41.61416
          ],
          [
            1.79534,
            41.61345
          ],
          [
            1.79606,
            41.61289
          ],
          [
            1.79623,
            41.61249
          ],
          [
            1.79643,
            41.61231
          ],
          [
            1.79685,
            41.61215
          ],
          [
            1.7981,
            41.61183
          ],
          [
            1.79953,
            41.61168
          ],
          [
            1.79973,
            41.6116
          ],
          [
            1.80012,
            41.6113
          ],
          [
            1.80035,
            41.61121
          ],
          [
            1.80103,
            41.61121
          ],
          [
            1.80133,
            41.61104
          ],
          [
            1.80176,
            41.61061
          ],
          [
            1.80278,
            41.61024
          ],
          [
            1.80459,
            41.60998
          ],
          [
            1.80604,
            41.6101
          ],
          [
            1.80705,
            41.6098
          ],
          [
            1.80759,
            41.60952
          ],
          [
            1.8083,
            41.60955
          ],
          [
            1.8092,
            41.60939
          ],
          [
            1.80942,
            41.60945
          ],
          [
            1.81007,
            41.6098
          ],
          [
            1.81077,
            41.61049
          ],
          [
            1.81192,
            41.61117
          ],
          [
            1.8122,
            41.61129
          ],
          [
            1.81238,
            41.61131
          ],
          [
            1.8126,
            41.61128
          ],
          [
            1.81383,
            41.61077
          ],
          [
            1.81406,
            41.61071
          ],
          [
            1.81496,
            41.61094
          ],
          [
            1.81628,
            41.61086
          ],
          [
            1.81656,
            41.61095
          ],
          [
            1.81666,
            41.6111
          ],
          [
            1.81702,
            41.61123
          ],
          [
            1.81724,
            41.61125
          ],
          [
            1.81741,
            41.61115
          ],
          [
            1.81877,
            41.60963
          ],
          [
            1.81887,
            41.60938
          ],
          [
            1.81896,
            41.60857
          ],
          [
            1.81947,
            41.6075
          ],
          [
            1.8197,
            41.60727
          ],
          [
            1.82031,
            41.60712
          ]
        ]
      }
    },
    {
      "type": "Feature",
      "properties": {
        "mountain_slug": "montserrat",
        "name": "Portal de Montserrat",
        "length_km": 11.65,
        "elevation_gain_m": 1671,
        "source": "© OpenStreetMap contributors"
      },
      "geometry": {
        "type": "LineString",
        "coordinates": [
          [
            1.83423,
            41.62012
          ],
          [
            1.83334,
            41.61993
          ],
          [
            1.83281,
            41.61993
          ],
          [
            1.8324,
            41.62009
          ],
          [
            1.83229,
            41.62009
          ],
          [
            1.83172,
            41.61999
          ],
          [
            1.83146,
            41.61986
          ],
          [
            1.83112,
            41.61979
          ],
          [
            1.83053,
            41.61983
          ],
          [
            1.83032,
            41.61979
          ],
          [
            1.8303,
            41.61983
          ],
          [
            1.83052,
            41.62009
          ],
          [
            1.83105,
            41.62028
          ],
          [
            1.83109,
            41.62056
          ],
          [
            1.83118,
            41.62063
          ],
          [
            1.83178,
            41.62076
          ],
          [
            1.83197,
            41.62108
          ],
          [
            1.8325,
            41.62102
          ],
          [
            1.83255,
            41.62109
          ],
          [
            1.83185,
            41.62133
          ],
          [
            1.83157,
            41.62117
          ],
          [
            1.83142,
            41.62116
          ],
          [
            1.83091,
            41.62138
          ],
          [
            1.83092,
            41.62145
          ],
          [
            1.83114,
            41.62151
          ],
          [
            1.83113,
            41.62157
          ],
          [
            1.83071,
            41.62161
          ],
          [
            1.83055,
            41.62167
          ],
          [
            1.83042,
            41.62166
          ],
          [
            1.83021,
            41.62156
          ],
          [
            1.8299,
            41.6216
          ],
          [
            1.82917,
            41.62157
          ],
          [
            1.82762,
            41.62121
          ],
          [
            1.82678,
            41.6211
          ],
          [
            1.82634,
            41.62081
          ],
          [
            1.82588,
            41.62041
          ],
          [
            1.82557,
            41.61995
          ],
          [
            1.82515,
            41.61964
          ],
          [
            1.82482,
            41.61929
          ],
          [
            1.82413,
            41.61891
          ],
          [
            1.82382,
            41.61846
          ],
          [
            1.82347,
            41.61836
          ],
          [
            1.82286,
            41.61831
          ],
          [
            1.82267,
            41.61818
          ],
          [
            1.82206,
            41.6181
          ],
          [
            1.82149,
            41.61789
          ],
          [
            1.82111,
            41.61806
          ],
          [
            1.82069,
            41.61815
          ],
          [
            1.81967,
            41.61823
          ],
          [
            1.81957,
            41.61825
          ],
          [
            1.81949,
            41.61835
          ],
          [
            1.81953,
            41.6184
          ],
          [
            1.82011,
            41.6185
          ],
          [
            1.82055,
            41.61867
          ],
          [
            1.82124,
            41.61882
          ],
          [
            1.82173,
            41.619
          ],
          [
            1.82233,
            41.6197
          ],
          [
            1.82233,
            41.61979
          ],
          [
            1.82222,
            41.61987
          ],
          [
            1.82147,
            41.62003
          ],
          [
            1.82085,
            41.62028
          ],
          [
            1.82038,
            41.62031
          ],
          [
            1.82032,
            41.62026
          ],
          [
            1.8204,
            41.62018
          ],
          [
            1.82099,
            41.61983
          ],
          [
            1.82104,
            41.61975
          ],
          [
            1.82101,
            41.61963
          ],
          [
            1.82067,
            41.61948
          ],
          [
            1.81975,
            41.6193
          ],
          [
            1.81897,
            41.61906
          ],
          [
            1.81822,
            41.61877
          ],
          [
            1.81795,
            41.61851
          ],
          [
            1.81778,
            41.61803
          ],
          [
            1.81766,
            41.61787
          ],
          [
            1.81742,
            41.61771
          ],
          [
            1.81701,
            41.61752
          ],
          [
            1.81681,
            41.61734
          ],
          [
            1.81679,
            41.61726
          ],
          [
            1.81687,
            41.6172
          ],
          [
            1.81733,
            41.61712
          ],
          [
            1.81761,
            41.61695
          ],
          [
            1.81791,
            41.61688
          ],
          [
            1.81809,
            41.61691
          ],
          [
            1.81851,
            41.61714
          ],
          [
            1.81914,
            41.61715
          ],
          [
            1.81956,
            41.61738
          ],
          [
            1.81991,
            41.61729
          ],
          [
            1.82012,
            41.61711
          ],
          [
            1.82056,
            41.61636
          ],
          [
            1.82075,
            41.61627
          ],
          [
            1.82126,
            41.61628
          ],
          [
            1.82141,
            41.61621
          ],
          [
            1.82144,
            41.61603
          ],
          [
            1.82129,
            41.61577
          ],
          [
            1.82161,
            41.61533
          ],
          [
            1.82192,
            41.61502
          ],
          [
            1.822,
            41.61481
          ],
          [
            1.82175,
            41.61453
          ],
          [
            1.82147,
            41.61433
          ],
          [
            1.82138,
            41.61407
          ],
          [
            1.82123,
            41.6142
          ],
          [
            1.8214,
            41.61464
          ],
          [
            1.82128,
            41.61505
          ],
          [
            1.82081,
            41.61546
          ],
          [
            1.82049,
            41.61552
          ],
          [
            1.82019,
            41.61583
          ],
          [
            1.8197,
            41.61604
          ],
          [
            1.81956,
            41.61609
          ],
          [
            1.81912,
            41.61606
          ],
          [
            1.81889,
            41.61609
          ],
          [
            1.81846,
            41.61602
          ],
          [
            1.81809,
            41.61585
          ],
          [
            1.81788,
            41.61582
          ],
          [
            1.81774,
            41.61591
          ],
          [
            1.81712,
            41.61596
          ],
          [
            1.81632,
            41.61558
          ],
          [
            1.81577,
            41.61479
          ],
          [
            1.81571,
            41.61458
          ],
          [
            1.81532,
            41.61424
          ],
          [
            1.81513,
            41.61394
          ],
          [
            1.81499,
            41.61382
          ],
          [
            1.81484,
            41.61385
          ],
          [
            1.8148,
            41.61403
          ],
          [
            1.81451,
            41.61456
          ],
          [
            1.81376,
            41.61561
          ],
          [
            1.81365,
            41.61613
          ],
          [
            1.81366,
            41.61665
          ],
          [
            1.81348,
            41.61645
          ],
          [
            1.81343,
            41.6163
          ],
          [
            1.81317,
            41.61594
          ],
          [
            1.81348,
            41.61563
          ],
          [
            1.81354,
            41.61456
          ],
          [
            1.81331,
            41.61436
          ],
          [
            1.81315,
            41.61431
          ],
          [
            1.81273,
            41.61373
          ],
          [
            1.81277,
            41.61344
          ],
          [
            1.81283,
            41.61345
          ],
          [
            1.81289,
            41.61355
          ],
          [
            1.81297,
            41.61353
          ],
          [
            1.81294,
            41.61346
          ],
          [
            1.8131,
            41.61333
          ],
          [
            1.81308,
            41.61298
          ],
          [
            1.81325,
            41.61256
          ],
          [
            1.81333,
            41.61198
          ],
          [
            1.81387,
            41.61141
          ],
          [
            1.8141,
            41.61125
          ],
          [
            1.81423,
            41.61123
          ],
          [
            1.81453,
            41.61141
          ],
          [
            1.81473,
            41.61146
          ],
          [
            1.81501,
            41.61145
          ],
          [
            1.81571,
            41.61131
          ],
          [
            1.81611,
            41.61133
          ],
          [
            1.8163,
            41.61151
          ],
          [
            1.81641,
            41.61202
          ],
          [
            1.81664,
            41.61228
          ],
          [
            1.8172,
            41.61266
          ],
          [
            1.81741,
            41.61268
          ],
          [
            1.81757,
            41.61259
          ],
          [
            1.81752,
            41.6122
          ],
          [
            1.81757,
            41.61198
          ],
          [
            1.81822,
            41.61047
          ],
          [
            1.81812,
            41.61038
          ],
          [
            1.81791,
            41.61041
          ],
          [
            1.81794,
            41.61027
          ],
          [
            1.81781,
            41.61031
          ],
          [
            1.81767,
            41.61023
          ],
          [
            1.81792,
            41.60968
          ],
          [
            1.8179,
            41.60958
          ],
          [
            1.81773,
            41.60941
          ],
          [
            1.81789,
            41.60901
          ],
          [
            1.81797,
            41.60895
          ],
          [
            1.81797,
            41.60886
          ],
          [
            1.81807,
            41.6088
          ],
          [
            1.818,
            41.60863
          ],
          [
            1.8182,
            41.60851
          ],
          [
            1.81836,
            41.60822
          ],
          [
            1.81838,
            41.60808
          ],
          [
            1.8182,
            41.60765
          ],
          [
            1.81821,
            41.60741
          ],
          [
            1.81835,
            41.60707
          ],
          [
            1.81852,
            41.60686
          ],
          [
            1.81852,
            41.60674
          ],
          [
            1.81891,
            41.60645
          ],
          [
            1.81896,
            41.60619
          ],
          [
            1.81907,
            41.60611
          ],
          [
            1.81953,
            41.60611
          ],
          [
            1.82035,
            41.60642
          ],
          [
            1.8201,
            41.60585
          ],
          [
            1.82016,
            41.60564
          ],
          [
            1.82038,
            41.60552
          ],
          [
            1.82074,
            41.60552
          ],
          [
            1.82088,
            41.60559
          ],
          [
            1.82207,
            41.60576
          ],
          [
            1.82229,
            41.60576
          ],
          [
            1.82246,
            41.60567
          ],
          [
            1.82249,
            41.60556
          ],
          [
            1.82243,
            41.60534
          ],
          [
            1.82178,
            41.60496
          ],
          [
            1.8217,
            41.60474
          ],
          [
            1.8221,
            41.60379
          ],
          [
            1.82201,
            41.60354
          ],
          [
            1.82212,
            41.60339
          ],
          [
            1.82208,
            41.60316
          ],
          [
            1.82213,
            41.6029
          ],
          [
            1.82199,
            41.60262
          ],
          [
            1.82218,
            41.60219
          ],
          [
            1.82232,
            41.602
          ],
          [
            1.82299,
            41.60183
          ],
          [
            1.82343,
            41.60188
          ],
          [
            1.8239,
            41.60183
          ],
          [
            1.82463,
            41.60195
          ],
          [
            1.82472,
            41.60193
          ],
          [
            1.82478,
            41.6018
          ],
          [
            1.82474,
            41.6013
          ],
          [
            1.82482,
            41.60113
          ],
          [
            1.8249,
            41.60071
          ],
          [
            1.82486,
            41.60019
          ],
          [
            1.82501,
            41.60001
          ],
          [
            1.82554,
            41.60019
          ],
          [
            1.82659,
            41.60073
          ],
          [
            1.8267,
            41.60073
          ],
          [
            1.82675,
            41.60067
          ],
          [
            1.82677,
            41.60031
          ],
          [
            1.82665,
            41.60004
          ],
          [
            1.82672,
            41.59995
          ],
          [
            1.82731,
            41.60005
          ],
          [
            1.82802,
            41.60041
          ],
          [
            1.82826,
            41.60041
          ],
          [
            1.82859,
            41.60002
          ],
          [
            1.82871,
            41.59971
          ],
          [
            1.8286,
            41.59933
          ],
          [
            1.82866,
            41.59923
          ],
          [
            1.82863,
            41.59911
          ],
          [
            1.82876,
            41.5989
          ],
          [
            1.82865,
            41.59876
          ],
          [
            1.82865,
            41.59866
          ],
          [
            1.8288,
            41.59861
          ],
          [
            1.82891,
            41.59862
          ],
          [
            1.82907,
            41.59871
          ],
          [
            1.82921,
            41.59891
          ],
          [
            1.82936,
            41.59882
          ],
          [
            1.82937,
            41.59874
          ],
          [
            1.82964,
            41.59874
          ],
          [
            1.83027,
            41.59914
          ],
          [
            1.83047,
            41.59917
          ],
          [
            1.83055,
            41.59912
          ],
          [
            1.83063,
            41.59891
          ],
          [
            1.83085,
            41.59891
          ],
          [
            1.83112,
            41.59878
          ],
          [
            1.83141,
            41.59882
          ],
          [
            1.83137,
            41.59877
          ],
          [
            1.83158,
            41.59871
          ],
          [
            1.83203,
            41.59867
          ],
          [
            1.83206,
            41.59831
          ],
          [
            1.83215,
            41.59812
          ],
          [
            1.83224,
            41.59806
          ],
          [
            1.83268,
            41.59812
          ],
          [
            1.83311,
            41.59799
          ],
          [
            1.83313,
            41.59772
          ],
          [
            1.83331,
            41.59755
          ],
          [
            1.83358,
            41.59753
          ],
          [
            1.83386,
            41.59757
          ],
          [
            1.83412,
            41.5975
          ],
          [
            1.83433,
            41.59717
          ],
          [
            1.83468,
            41.59699
          ],
          [
            1.8348,
            41.59685
          ],
          [
            1.83503,
            41.59651
          ],
          [
            1.83502,
            41.59635
          ],
          [
            1.83458,
            41.59639
          ],
          [
            1.83438,
            41.59654
          ],
          [
            1.83425,
            41.59656
          ],
          [
            1.8337,
            41.59645
          ],
          [
            1.83345,
            41.59629
          ],
          [
            1.8332,
            41.59623
          ],
          [
            1.83288,
            41.59601
          ],
          [
            1.83278,
            41.59587
          ],
          [
            1.83281,
            41.59576
          ],
          [
            1.83312,
            41.59543
          ],
          [
            1.83313,
            41.59524
          ],
          [
            1.83242,
            41.59508
          ],
          [
            1.83189,
            41.59483
          ],
          [
            1.83139,
            41.59472
          ],
          [
            1.83103,
            41.59443
          ],
          [
            1.8309,
            41.59421
          ],
          [
            1.83114,
            41.594
          ],
          [
            1.83136,
            41.59364
          ],
          [
            1.83179,
            41.59351
          ],
          [
            1.83187,
            41.5936
          ],
          [
            1.83193,
            41.59354
          ],
          [
            1.8318,
            41.59308
          ],
          [
            1.83151,
            41.593
          ],
          [
            1.83165,
            41.59293
          ],
          [
            1.83155,
            41.59292
          ],
          [
            1.83134,
            41.59255
          ],
          [
            1.83148,
            41.59217
          ],
          [
            1.83143,
            41.5921
          ],
          [
            1.83119,
            41.59208
          ],
          [
            1.83088,
            41.59226
          ],
          [
            1.8307,
            41.59214
          ],
          [
            1.83026,
            41.59203
          ],
          [
            1.83014,
            41.59214
          ],
          [
            1.82962,
            41.59212
          ],
          [
            1.82941,
            41.59221
          ],
          [
            1.82929,
            41.59232
          ],
          [
            1.82914,
            41.59227
          ],
          [
            1.82893,
            41.59237
          ],
          [
            1.82867,
            41.59236
          ],
          [
            1.82882,
            41.59227
          ],
          [
            1.82888,
            41.59212
          ],
          [
            1.82887,
            41.59204
          ],
          [
            1.82871,
            41.59193
          ],
          [
            1.82882,
            41.59166
          ],
          [
            1.82901,
            41.59161
          ],
          [
            1.82914,
            41.59146
          ],
          [
            1.82936,
            41.5915
          ],
          [
            1.82943,
            41.59144
          ],
          [
            1.82977,
            41.59135
          ],
          [
            1.82959,
            41.59075
          ],
          [
            1.82981,
            41.59066
          ],
          [
            1.8298,
            41.59044
          ],
          [
            1.82986,
            41.59035
          ],
          [
            1.82994,
            41.59028
          ],
          [
            1.83043,
            41.59025
          ],
          [
            1.8306,
            41.59017
          ],
          [
            1.83054,
            41.58996
          ],
          [
            1.83049,
            41.58992
          ],
          [
            1.83046,
            41.58995
          ],
          [
            1.83046,
            41.59006
          ],
          [
            1.83036,
            41.58996
          ],
          [
            1.83024,
            41.58955
          ],
          [
            1.83016,
            41.58958
          ],
          [
            1.83007,
            41.58952
          ],
          [
            1.8301,
            41.58933
          ],
          [
            1.83027,
            41.58925
          ],
          [
            1.83072,
            41.58922
          ],
          [
            1.83089,
            41.58917
          ],
          [
            1.83111,
            41.58924
          ],
          [
            1.83184,
            41.58923
          ],
          [
            1.83219,
            41.58932
          ],
          [
            1.83205,
            41.58917
          ],
          [
            1.83289,
            41.5894
          ],
          [
            1.83311,
            41.58904
          ]
        ]
      }
    },
    {
      "type": "Feature",
      "properties": {
        "mountain_slug": "montserrat",
        "name": "El Camí IT2TR3 El Camí de Ponent: de Balaguer a Montserrat",
        "length_km": 7.83,
        "elevation_gain_m": 1173,
        "source": "© OpenStreetMap contributors"
      },
      "geometry": {
        "type": "LineString",
        "coordinates": [
          [
            1.80892,
            41.62742
          ],
          [
            1.80872,
            41.62698
          ],
          [
            1.8088,
            41.62653
          ],
          [
            1.80809,
            41.62635
          ],
          [
            1.80775,
            41.62614
          ],
          [
            1.8075,
            41.62578
          ],
          [
            1.80717,
            41.625
          ],
          [
            1.80721,
            41.62455
          ],
          [
            1.8075,
            41.62378
          ],
          [
            1.80758,
            41.62311
          ],
          [
            1.80782,
            41.62253
          ],
          [
            1.80782,
            41.62216
          ],
          [
            1.80768,
            41.62146
          ],
          [
            1.8077,
            41.62107
          ],
          [
            1.80785,
            41.62091
          ],
          [
            1.80858,
            41.62068
          ],
          [
            1.80901,
            41.62044
          ],
          [
            1.80919,
            41.61932
          ],
          [
            1.80938,
            41.61891
          ],
          [
            1.80932,
            41.6185
          ],
          [
            1.80938,
            41.61835
          ],
          [
            1.80976,
            41.61791
          ],
          [
            1.81002,
            41.61775
          ],
          [
            1.80991,
            41.61771
          ],
          [
            1.81007,
            41.6176
          ],
          [
            1.81012,
            41.61749
          ],
          [
            1.81009,
            41.61745
          ],
          [
            1.81001,
            41.6175
          ],
          [
            1.80996,
            41.61749
          ],
          [
            1.80998,
            41.61728
          ],
          [
            1.81034,
            41.61652
          ],
          [
            1.81062,
            41.61607
          ],
          [
            1.81081,
            41.6159
          ],
          [
            1.81105,
            41.61533
          ],
          [
            1.81182,
            41.61503
          ],
          [
            1.8118,
            41.61497
          ],
          [
            1.81193,
            41.61477
          ],
          [
            1.81207,
            41.61467
          ],
          [
            1.81232,
            41.61462
          ],
          [
            1.81244,
            41.61452
          ],
          [
            1.81232,
            41.61447
          ],
          [
            1.81245,
            41.61442
          ],
          [
            1.81248,
            41.61436
          ],
          [
            1.81236,
            41.61438
          ],
          [
            1.81232,
            41.61433
          ],
          [
            1.81275,
            41.61392
          ],
          [
            1.81285,
            41.61389
          ],
          [
            1.81273,
            41.61373
          ],
          [
            1.81276,
            41.61346
          ],
          [
            1.8128,
            41.61343
          ],
          [
            1.81291,
            41.61355
          ],
          [
            1.81298,
            41.61351
          ],
          [
            1.81297,
            41.61343
          ],
          [
            1.81309,
            41.61335
          ],
          [
            1.8131,
            41.6129
          ],
          [
            1.81322,
            41.61265
          ],
          [
            1.81327,
            41.61214
          ],
          [
            1.81339,
            41.61188
          ],
          [
            1.81397,
            41.61132
          ],
          [
            1.81415,
            41.61123
          ],
          [
            1.81423,
            41.61123
          ],
          [
            1.81453,
            41.61141
          ],
          [
            1.81473,
            41.61146
          ],
          [
            1.81501,
            41.61145
          ],
          [
            1.81561,
            41.61132
          ],
          [
            1.81605,
            41.61131
          ],
          [
            1.8163,
            41.61151
          ],
          [
            1.81641,
            41.61202
          ],
          [
            1.81664,
            41.61228
          ],
          [
            1.81712,
            41.61264
          ],
          [
            1.81733,
            41.61268
          ],
          [
            1.81754,
            41.61263
          ],
          [
            1.81758,
            41.61252
          ],
          [
            1.81752,
            41.6122
          ],
          [
            1.81757,
            41.61198
          ],
          [
            1.81822,
            41.61047
          ],
          [
            1.81812,
            41.61038
          ],
          [
            1.81791,
            41.61041
          ],
          [
            1.81794,
            41.61027
          ],
          [
            1.81781,
            41.61031
          ],
          [
            1.81767,
            41.61023
          ],
          [
            1.81792,
            41.60968
          ],
          [
            1.8179,
            41.60958
          ],
          [
            1.81773,
            41.60941
          ],
          [
            1.81789,
            41.60901
          ],
          [
            1.81797,
            41.60895
          ],
          [
            1.81797,
            41.60886
          ],
          [
            1.81807,
            41.6088
          ],
          [
            1.818,
            41.60863
          ],
          [
            1.8182,
            41.60851
          ],
          [
            1.81836,
            41.60822
          ],
          [
            1.81838,
            41.60808
          ],
          [
            1.8182,
            41.60765
          ],
          [
            1.81821,
            41.60741
          ],
          [
            1.81835,
            41.60707
          ],
          [
            1.81852,
            41.60686
          ],
          [
            1.81852,
            41.60674
          ],
          [
            1.81891,
            41.60645
          ],
          [
            1.81896,
            41.60619
          ],
          [
            1.81907,
            41.60611
          ],
          [
            1.81953,
            41.60611
          ],
          [
            1.82035,
            41.60642
          ],
          [
            1.8201,
            41.60585
          ],
          [
            1.82016,
            41.60564
          ],
          [
            1.82038,
            41.60552
          ],
          [
            1.82074,
            41.60552
          ],
          [
            1.82088,
            41.60559
          ],
          [
            1.82207,
            41.60576
          ],
          [
            1.82229,
            41.60576
          ],
          [
            1.82246,
            41.60567
          ],
          [
            1.82249,
            41.60556
          ],
          [
            1.82243,
            41.60534
          ],
          [
            1.82178,
            41.60496
          ],
          [
            1.8217,
            41.60474
          ],
          [
            1.8221,
            41.60379
          ],
          [
            1.82201,
            41.60354
          ],
          [
            1.82212,
            41.60339
          ],
          [
            1.82208,
            41.60316
          ],
          [
            1.82213,
            41.6029
          ],
          [
            1.82199,
            41.60262
          ],
          [
            1.82218,
            41.60219
          ],
          [
            1.82232,
            41.602
          ],
          [
            1.82299,
            41.60183
          ],
          [
            1.82343,
            41.60188
          ],
          [
            1.8239,
            41.60183
          ],
          [
            1.82463,
            41.60195
          ],
          [
            1.82472,
            41.60193
          ],
          [
            1.82478,
            41.6018
          ],
          [
            1.82474,
            41.6013
          ],
          [
            1.82482,
            41.60113
          ],
          [
            1.8249,
            41.60071
          ],
          [
            1.82486,
            41.60019
          ],
          [
            1.82501,
            41.60001
          ],
          [
            1.82554,
            41.60019
          ],
          [
            1.82659,
            41.60073
          ],
          [
            1.8267,
            41.60073
          ],
          [
            1.82675,
            41.60067
          ],
          [
            1.82677,
            41.60031
          ],
          [
            1.82665,
            41.60004
          ],
          [
            1.82672,
            41.59995
          ],
          [
            1.82731,
            41.60005
          ],
          [
            1.82802,
            41.60041
          ],
          [
            1.82826,
            41.60041
          ],
          [
            1.82859,
            41.60002
          ],
          [
            1.82871,
            41.59971
          ],
          [
            1.8286,
            41.59933
          ],
          [
            1.82866,
            41.59923
          ],
          [
            1.82863,
            41.59911
          ],
          [
            1.82876,
            41.5989
          ],
          [
            1.82865,
            41.59876
          ],
          [
            1.82865,
            41.59866
          ],
          [
            1.8288,
            41.59861
          ],
          [
            1.82891,
            41.59862
          ],
          [
            1.82907,
            41.59871
          ],
          [
            1.82921,
            41.59891
          ],
          [
            1.82936,
            41.59882
          ],
          [
            1.82937,
            41.59874
          ],
          [
            1.82964,
            41.59874
          ],
          [
            1.83027,
            41.59914
          ],
          [
            1.83047,
            41.59917
          ],
          [
            1.83055,
            41.59912
          ],
          [
            1.83063,
            41.59891
          ],
          [
            1.83085,
            41.59891
          ],
          [
            1.83112,
            41.59878
          ],
          [
            1.83141,
            41.59882
          ],
          [
            1.83137,
            41.59877
          ],
          [
            1.83158,
            41.59871
          ],
          [
            1.83203,
            41.59867
          ],
          [
            1.83206,
            41.59831
          ],
          [
            1.83215,
            41.59812
          ],
          [
            1.83224,
            41.59806
          ],
          [
            1.83268,
            41.59812
          ],
          [
            1.83311,
            41.59799
          ],
          [
            1.83313,
            41.59772
          ],
          [
            1.83331,
            41.59755
          ],
          [
            1.83358,
            41.59753
          ],
          [
            1.83386,
            41.59757
          ],
          [
            1.83412,
            41.5975
          ],
          [
            1.83433,
            41.59717
          ],
          [
            1.83468,
            41.59699
          ],
          [
            1.8348,
            41.59685
          ],
          [
            1.83503,
            41.59651
          ],
          [
            1.83499,
            41.59629
          ],
          [
            1.83484,
            41.5962
          ],
          [
            1.83421,
            41.59605
          ],
          [
            1.83375,
            41.59578
          ],
          [
            1.83385,
            41.59563
          ],
          [
            1.83416,
            41.5954
          ],
          [
            1.83429,
            41.59496
          ],
          [
            1.83416,
            41.59474
          ],
          [
            1.83406,
            41.59466
          ],
          [
            1.83383,
            41.59459
          ],
          [
            1.83356,
            41.59464
          ],
          [
            1.83345,
            41.59471
          ],
          [
            1.83326,
            41.59472
          ],
          [
            1.83296,
            41.59455
          ],
          [
            1.8326,
            41.59447
          ],
          [
            1.8324,
            41.59433
          ],
          [
            1.83193,
            41.59423
          ],
          [
            1.83201,
            41.59396
          ],
          [
            1.83228,
            41.59363
          ],
          [
            1.83215,
            41.59341
          ],
          [
            1.83185,
            41.59309
          ],
          [
            1.83151,
            41.593
          ],
          [
            1.83165,
            41.59293
          ],
          [
            1.83155,
            41.59292
          ],
          [
            1.83134,
            41.59255
          ],
          [
            1.83148,
            41.59217
          ],
          [
            1.83139,
            41.59208
          ],
          [
            1.83123,
            41.59207
          ],
          [
            1.83094,
            41.59224
          ],
          [
            1.83084,
            41.59225
          ],
          [
            1.8307,
            41.59214
          ],
          [
            1.83026,
            41.59203
          ],
          [
            1.83029,
            41.59194
          ],
          [
            1.83077,
            41.5918
          ],
          [
            1.83082,
            41.5917
          ],
          [
            1.83091,
            41.59165
          ],
          [
            1.8308,
            41.59155
          ],
          [
            1.83088,
            41.59153
          ],
          [
            1.83088,
            41.59149
          ],
          [
            1.83107,
            41.5915
          ],
          [
            1.83111,
            41.59135
          ],
          [
            1.83141,
            41.59124
          ],
          [
            1.83182,
            41.59144
          ],
          [
            1.83188,
            41.5916
          ],
          [
            1.8319,
            41.59156
          ],
          [
            1.83195,
            41.59158
          ],
          [
            1.832,
            41.59147
          ],
          [
            1.83189,
            41.59111
          ],
          [
            1.83194,
            41.59112
          ],
          [
            1.83224,
            41.59148
          ],
          [
            1.83239,
            41.59177
          ],
          [
            1.83243,
            41.59172
          ],
          [
            1.83247,
            41.59182
          ],
          [
            1.83275,
            41.59186
          ],
          [
            1.83303,
            41.59205
          ],
          [
            1.83312,
            41.59204
          ],
          [
            1.83317,
            41.59199
          ],
          [
            1.83334,
            41.59202
          ],
          [
            1.83374,
            41.5922
          ],
          [
            1.83383,
            41.5923
          ],
          [
            1.83409,
            41.59231
          ],
          [
            1.83426,
            41.59238
          ],
          [
            1.83436,
            41.59236
          ],
          [
            1.83438,
            41.59234
          ],
          [
            1.83423,
            41.59226
          ],
          [
            1.83455,
            41.59223
          ],
          [
            1.83451,
            41.59195
          ],
          [
            1.83476,
            41.59191
          ],
          [
            1.83534,
            41.59211
          ],
          [
            1.8354,
            41.59218
          ],
          [
            1.83558,
            41.59211
          ]
        ]
      }
    }
  ]
}
