{"type": "FeatureCollection", "attribution": "© OpenStreetMap contributors (ODbL 1.0), via Overture Maps Foundation release 2026-09-23.0", "license": "ODbL-1.0", "source": "https://overturemaps-us-west-2.s3.amazonaws.com/release/2026-09-23.0/theme=transportation/type=segment/", "features": [
{"type":"Feature","properties":{"mountain_slug":"matterhorn","name":"9","length_km":0.51,"elevation_gain_m":116,"source":"© OpenStreetMap contributors (ODbL), via Overture Maps"},"geometry":{"type":"LineString","coordinates":[[7.813119,45.84226],[7.812902,45.842553],[7.812922,45.842975],[7.812077,45.844],[7.812057,45.844317],[7.811837,45.844528],[7.811343,45.844795],[7.810885,45.845452],[7.810613,45.845921],[7.810651,45.846321]]}},
{"type":"Feature","properties":{"mountain_slug":"matterhorn","name":"Accesso Bivacco Tete Des Roeses Da Alpe Bella Tsa","length_km":0.53,"elevation_gain_m":164,"source":"© OpenStreetMap contributors (ODbL), via Overture Maps"},"geometry":{"type":"LineString","coordinates":[[7.57333,45.947318],[7.574312,45.947334],[7.575108,45.94723],[7.576009,45.947547],[7.576754,45.94811],[7.577388,45.94889],[7.577315,45.949241],[7.576946,45.949402],[7.576328,45.94929]]}},
{"type":"Feature","properties":{"mountain_slug":"matterhorn","name":"Alpweg","length_km":6.4,"elevation_gain_m":710,"source":"© OpenStreetMap contributors (ODbL), via Overture Maps","note":"Joined across 40 m of Forststrasse. Longest of 3 OpenStreetMap pieces with this name that do not join into one line (6.4 of 9.1 km in the bbox)."},"geometry":{"type":"LineString","coordinates":[[7.785597,46.110293],[7.785005,46.110086],[7.784444,46.109691],[7.781508,46.106972],[7.781067,46.106311],[7.780472,46.105922],[7.779836,46.104689],[7.779743,46.102823],[7.779805,46.101675],[7.778822,46.101636],[7.778251,46.10138],[7.777568,46.100832],[7.776633,46.100921],[7.776124,46.101146],[7.776,46.100873],[7.776132,46.100773],[7.775965,46.100748],[7.775614,46.10082],[7.775347,46.101031],[7.775182,46.100813],[7.775381,46.10062],[7.77545,46.100395],[7.774989,46.100409],[7.775378,46.099971],[7.775362,46.099853],[7.775097,46.099871],[7.775107,46.099503],[7.774438,46.099165],[7.774623,46.098846],[7.774476,46.098424],[7.77454,46.098045],[7.774638,46.097992],[7.774506,46.097834],[7.774353,46.097797],[7.773843,46.098043],[7.773409,46.098674],[7.773259,46.098468],[7.77315,46.097903],[7.773238,46.097527],[7.773573,46.097084],[7.773503,46.096712],[7.773334,46.096588],[7.7736,46.096162],[7.773509,46.095849],[7.773267,46.095882],[7.773241,46.095764],[7.77302,46.095692],[7.772791,46.095699],[7.772628,46.095906],[7.772506,46.095866],[7.772602,46.095634],[7.772341,46.09551],[7.772191,46.095262],[7.772224,46.094825],[7.772094,46.094532],[7.77098,46.095029],[7.770704,46.095288],[7.770732,46.095522],[7.770523,46.095843],[7.770371,46.095874],[7.770245,46.095756],[7.770069,46.095356],[7.770119,46.09482],[7.769955,46.094004],[7.770131,46.093385],[7.770518,46.092765],[7.770311,46.092601],[7.770459,46.092048],[7.770429,46.09174],[7.770385,46.091484],[7.770148,46.09134],[7.769661,46.090561],[7.769576,46.090274],[7.769438,46.090216],[7.769162,46.08985],[7.769271,46.089605],[7.769247,46.089174],[7.768934,46.088397],[7.768832,46.087832],[7.768837,46.087577],[7.769044,46.087097],[7.768774,46.086728],[7.768119,46.086617],[7.766613,46.085994],[7.766785,46.085933],[7.766001,46.085548],[7.766005,46.085018],[7.766127,46.085087],[7.76612,46.084886],[7.766483,46.084533],[7.766418,46.084321],[7.766601,46.084286],[7.766812,46.084374],[7.76677,46.084116],[7.765976,46.083236],[7.766119,46.083196],[7.766716,46.083311],[7.766789,46.083243],[7.767143,46.083489],[7.767581,46.083427],[7.768206,46.083808],[7.768265,46.083403],[7.76852,46.083468],[7.768392,46.083226],[7.768855,46.083378],[7.768698,46.083046],[7.768355,46.082873],[7.768945,46.082769],[7.768423,46.082278],[7.768747,46.082213],[7.768147,46.08195],[7.767841,46.081585],[7.768837,46.081701],[7.769426,46.081867],[7.770089,46.08217],[7.770424,46.082064],[7.771359,46.082197],[7.771776,46.082402],[7.771807,46.082615],[7.771815,46.082321],[7.771461,46.08185],[7.770844,46.081755],[7.770778,46.081495],[7.770891,46.081496],[7.770898,46.081406],[7.771021,46.081398],[7.77109,46.081301],[7.771615,46.081339],[7.771653,46.081242],[7.772143,46.081388],[7.77231,46.081229],[7.772576,46.081147],[7.772389,46.080977],[7.772756,46.08107],[7.772881,46.081046],[7.772889,46.080938],[7.773308,46.081374],[7.773394,46.081346],[7.774228,46.082051],[7.774341,46.082054]]}},
{"type":"Feature","properties":{"mountain_slug":"matterhorn","name":"Alte Gasse","length_km":0.97,"elevation_gain_m":122,"source":"© OpenStreetMap contributors (ODbL), via Overture Maps","note":"Joined across 37 m of Alte Gasse."},"geometry":{"type":"LineString","coordinates":[[7.748187,46.025613],[7.74699,46.024349],[7.746554,46.024054],[7.745957,46.02347],[7.745724,46.023372],[7.745617,46.023061],[7.745596,46.023076],[7.745724,46.023372],[7.745551,46.023293],[7.745327,46.023538],[7.745116,46.023421],[7.744909,46.023607],[7.744811,46.023553],[7.744764,46.023689],[7.744609,46.023557],[7.744498,46.023557],[7.744206,46.023053],[7.74371,46.023706],[7.743429,46.023428],[7.743306,46.023406],[7.743219,46.022687],[7.742918,46.02236],[7.742916,46.022058],[7.74279,46.021823],[7.742519,46.021639]]}},
{"type":"Feature","properties":{"mountain_slug":"matterhorn","name":"Am Stalden","length_km":0.37,"elevation_gain_m":75,"source":"© OpenStreetMap contributors (ODbL), via Overture Maps"},"geometry":{"type":"LineString","coordinates":[[7.748198,46.015265],[7.748957,46.015286],[7.748993,46.014808],[7.749361,46.014615],[7.749681,46.014159],[7.749594,46.013727],[7.749719,46.013699],[7.749605,46.013598],[7.749752,46.013598],[7.749589,46.013388],[7.749748,46.013358],[7.749822,46.013042]]}},
{"type":"Feature","properties":{"mountain_slug":"matterhorn","name":"Antoniusweg","length_km":0.66,"elevation_gain_m":156,"source":"© OpenStreetMap contributors (ODbL), via Overture Maps","note":"Joined across 37 m of Antoniusweg, unnamed path."},"geometry":{"type":"LineString","coordinates":[[7.782468,46.093298],[7.783113,46.093099],[7.783017,46.092957],[7.783113,46.093099],[7.783598,46.092895],[7.784096,46.092231],[7.784479,46.091981],[7.78487,46.091314],[7.785166,46.091104],[7.785143,46.09084],[7.785358,46.090632],[7.78546,46.090673],[7.785438,46.090461],[7.785637,46.090489],[7.78612,46.090256],[7.786613,46.090688],[7.786785,46.090709],[7.786967,46.090937],[7.786962,46.091098]]}},
{"type":"Feature","properties":{"mountain_slug":"matterhorn","name":"Arbengrat","length_km":3.29,"elevation_gain_m":1283,"source":"© OpenStreetMap contributors (ODbL), via Overture Maps"},"geometry":{"type":"LineString","coordinates":[[7.667007,46.016151],[7.667083,46.016141],[7.667143,46.016301],[7.667036,46.016632],[7.666902,46.016666],[7.666988,46.016852],[7.666912,46.017009],[7.667084,46.017061],[7.667138,46.018063],[7.668012,46.019951],[7.668286,46.020939],[7.6685,46.022212],[7.668506,46.023796],[7.668726,46.024265],[7.668989,46.024481],[7.668822,46.024529],[7.669048,46.024712],[7.66984,46.024875],[7.669943,46.025231],[7.669862,46.025348],[7.669622,46.025412],[7.669493,46.025328],[7.669364,46.025397],[7.669258,46.025866],[7.668672,46.027017],[7.668777,46.027718],[7.668146,46.027938],[7.667924,46.027761],[7.6678,46.027766],[7.66754,46.027867],[7.66732,46.028133],[7.667095,46.02825],[7.666534,46.028306],[7.666309,46.028438],[7.665799,46.028416],[7.665416,46.028599],[7.665405,46.028809],[7.665354,46.028751],[7.665338,46.028906],[7.664973,46.029332],[7.664981,46.029563],[7.664721,46.030152],[7.664778,46.030388],[7.664193,46.030694],[7.664372,46.030816],[7.664319,46.031008],[7.664365,46.030915],[7.664847,46.030889],[7.665188,46.031072],[7.665231,46.031304],[7.665094,46.031515],[7.665022,46.031489],[7.664729,46.031669],[7.664609,46.031604],[7.664389,46.031785],[7.664203,46.031826],[7.664002,46.032198],[7.664037,46.032679],[7.663466,46.033034],[7.66349,46.033196],[7.663839,46.034118],[7.66444,46.034392],[7.664818,46.034669],[7.664888,46.034859],[7.665252,46.035176],[7.66489,46.035161],[7.664812,46.035228],[7.664576,46.035178],[7.664617,46.035267],[7.663916,46.036151],[7.663705,46.036213],[7.663482,46.036479],[7.663364,46.036442],[7.663045,46.036725],[7.664158,46.0369],[7.664659,46.037215]]}},
{"type":"Feature","properties":{"mountain_slug":"matterhorn","name":"Aroleit","length_km":0.21,"elevation_gain_m":42,"source":"© OpenStreetMap contributors (ODbL), via Overture Maps"},"geometry":{"type":"LineString","coordinates":[[7.738086,46.011126],[7.738376,46.011012],[7.738455,46.010891],[7.738314,46.010486],[7.738508,46.010164],[7.738316,46.009458]]}},
{"type":"Feature","properties":{"mountain_slug":"matterhorn","name":"Arvenweg","length_km":2.88,"elevation_gain_m":473,"source":"© OpenStreetMap contributors (ODbL), via Overture Maps","note":"Joined across 47 m of Arvenweg."},"geometry":{"type":"LineString","coordinates":[[7.74623,46.008225],[7.745855,46.008116],[7.745259,46.007762],[7.745728,46.008022],[7.746011,46.008088],[7.746225,46.008044],[7.747142,46.008347],[7.747336,46.00835],[7.747775,46.008567],[7.74788,46.008487],[7.748939,46.009026],[7.748788,46.008744],[7.747885,46.007932],[7.747775,46.007607],[7.747985,46.007824],[7.748791,46.008085],[7.748805,46.0082],[7.749043,46.008346],[7.74974,46.008421],[7.74988,46.008507],[7.750327,46.008573],[7.751484,46.009078],[7.751749,46.009279],[7.751622,46.008989],[7.751046,46.008404],[7.751634,46.008668],[7.752407,46.008738],[7.751967,46.008535],[7.751144,46.007653],[7.750674,46.00745],[7.751226,46.007484],[7.752302,46.00783],[7.753044,46.007803],[7.752912,46.00769],[7.753342,46.007621],[7.753144,46.007553],[7.753405,46.007479],[7.753733,46.007479],[7.753897,46.007577],[7.754366,46.007553],[7.754861,46.007519],[7.755371,46.007375],[7.75494,46.007356],[7.754056,46.007145],[7.754614,46.007072],[7.753931,46.006813],[7.753194,46.006844],[7.751839,46.006638],[7.751773,46.006534],[7.751883,46.006563],[7.751644,46.006272],[7.750727,46.005915],[7.750683,46.005396],[7.75051,46.005223],[7.750529,46.005054],[7.750764,46.004884],[7.750776,46.004634],[7.751325,46.005059],[7.751614,46.005184],[7.752601,46.005363],[7.753402,46.005304],[7.753518,46.005195],[7.75345,46.005111],[7.753641,46.00495]]}},
{"type":"Feature","properties":{"mountain_slug":"matterhorn","name":"Bachstrasse","length_km":0.72,"elevation_gain_m":29,"source":"© OpenStreetMap contributors (ODbL), via Overture Maps"},"geometry":{"type":"LineString","coordinates":[[7.749103,46.020685],[7.748605,46.019691],[7.747926,46.018946],[7.746196,46.017879],[7.744597,46.017167],[7.743592,46.016435],[7.742836,46.016138]]}},
{"type":"Feature","properties":{"mountain_slug":"matterhorn","name":"Bahnhofstrasse","length_km":0.57,"elevation_gain_m":21,"source":"© OpenStreetMap contributors (ODbL), via Overture Maps"},"geometry":{"type":"LineString","coordinates":[[7.7485,46.024249],[7.747499,46.022746],[7.746784,46.02115],[7.746459,46.020799],[7.746079,46.019442]]}},
{"type":"Feature","properties":{"mountain_slug":"matterhorn","name":"Balmbrunnen","length_km":0.58,"elevation_gain_m":45,"source":"© OpenStreetMap contributors (ODbL), via Overture Maps"},"geometry":{"type":"LineString","coordinates":[[7.753641,46.00495],[7.754859,46.005055],[7.756661,46.005412],[7.756954,46.005716],[7.757459,46.005963],[7.758015,46.005922],[7.758431,46.006029],[7.759345,46.00602],[7.760439,46.005553]]}},
{"type":"Feature","properties":{"mountain_slug":"matterhorn","name":"Bielaweg","length_km":0.22,"elevation_gain_m":10,"source":"© OpenStreetMap contributors (ODbL), via Overture Maps"},"geometry":{"type":"LineString","coordinates":[[7.745349,46.013314],[7.745325,46.013504],[7.745055,46.01382],[7.745081,46.014153],[7.744754,46.014609],[7.744692,46.015125]]}},
{"type":"Feature","properties":{"mountain_slug":"matterhorn","name":"Bivacco Città di Mariano","length_km":2.25,"elevation_gain_m":506,"source":"© OpenStreetMap contributors (ODbL), via Overture Maps"},"geometry":{"type":"LineString","coordinates":[[7.715976,45.882171],[7.716167,45.882688],[7.715967,45.883026],[7.715989,45.883444],[7.715866,45.883767],[7.715476,45.883954],[7.715318,45.884306],[7.715375,45.884675],[7.715146,45.884926],[7.714952,45.885009],[7.714892,45.885223],[7.714397,45.885792],[7.714091,45.885991],[7.713719,45.886588],[7.713701,45.887111],[7.71395,45.887558],[7.714398,45.887966],[7.714259,45.888094],[7.713838,45.88901],[7.713507,45.889168],[7.71387,45.889312],[7.713958,45.889429],[7.713699,45.889489],[7.713808,45.889665],[7.714011,45.889667],[7.714546,45.890152],[7.714602,45.890475],[7.714504,45.890739],[7.71462,45.891132],[7.714876,45.891338],[7.715099,45.891904],[7.715097,45.892187],[7.715331,45.892743],[7.715203,45.893251],[7.715374,45.893582],[7.715385,45.894022],[7.715634,45.894436],[7.715586,45.895131],[7.715286,45.895436],[7.715012,45.895932],[7.714996,45.896777],[7.715045,45.896962],[7.715351,45.897036],[7.715533,45.897446],[7.715782,45.897674],[7.716235,45.897622],[7.716229,45.897928],[7.716564,45.898215],[7.716749,45.898535],[7.71703,45.898715],[7.71696,45.899134],[7.716671,45.899457],[7.716481,45.899534]]}},
{"type":"Feature","properties":{"mountain_slug":"matterhorn","name":"Blasiweg","length_km":0.43,"elevation_gain_m":116,"source":"© OpenStreetMap contributors (ODbL), via Overture Maps","note":"Longest of 3 OpenStreetMap pieces with this name that do not join into one line (0.4 of 0.8 km in the bbox)."},"geometry":{"type":"LineString","coordinates":[[7.793562,46.063929],[7.793503,46.063744],[7.79336,46.063687],[7.79338,46.063324],[7.79306,46.062859],[7.792937,46.062811],[7.7928,46.06247],[7.793135,46.062561],[7.793533,46.062547],[7.793608,46.062391],[7.793726,46.062372],[7.793685,46.062172],[7.793867,46.062139],[7.794022,46.062222],[7.794293,46.062156],[7.794152,46.062124],[7.794293,46.062047],[7.794158,46.061962],[7.794683,46.061814]]}},
{"type":"Feature","properties":{"mountain_slug":"matterhorn","name":"Blauherd Trail","length_km":0.81,"elevation_gain_m":82,"source":"© OpenStreetMap contributors (ODbL), via Overture Maps"},"geometry":{"type":"LineString","coordinates":[[7.781738,46.018491],[7.781829,46.018445],[7.782321,46.018654],[7.782459,46.018822],[7.782745,46.018958],[7.782933,46.019266],[7.783179,46.01922],[7.783119,46.018978],[7.783221,46.018921],[7.783516,46.019457],[7.783995,46.019665],[7.784207,46.0197],[7.784098,46.019481],[7.78431,46.019471],[7.784405,46.019016],[7.784762,46.019264],[7.784943,46.019206],[7.784992,46.019459],[7.785252,46.019509],[7.785401,46.019275],[7.785338,46.019081],[7.785494,46.018667],[7.785882,46.018078],[7.785832,46.01733]]}},
{"type":"Feature","properties":{"mountain_slug":"matterhorn","name":"Bodmenstrasse","length_km":0.24,"elevation_gain_m":15,"source":"© OpenStreetMap contributors (ODbL), via Overture Maps"},"geometry":{"type":"LineString","coordinates":[[7.747845,46.023308],[7.747559,46.023396],[7.747153,46.023055],[7.746814,46.023182],[7.746672,46.023443],[7.746444,46.023484],[7.745709,46.023167],[7.745617,46.023061]]}},
{"type":"Feature","properties":{"mountain_slug":"matterhorn","name":"Brandachernweg","length_km":0.47,"elevation_gain_m":78,"source":"© OpenStreetMap contributors (ODbL), via Overture Maps"},"geometry":{"type":"LineString","coordinates":[[7.786083,46.102447],[7.786445,46.102118],[7.786519,46.101524],[7.786747,46.101249],[7.786651,46.101066],[7.786736,46.101007],[7.78671,46.100642],[7.786313,46.099883],[7.786442,46.099281],[7.786302,46.098987],[7.786457,46.098528]]}},
{"type":"Feature","properties":{"mountain_slug":"matterhorn","name":"Charles Kuonen Hängebrücke","length_km":0.67,"elevation_gain_m":115,"source":"© OpenStreetMap contributors (ODbL), via Overture Maps"},"geometry":{"type":"LineString","coordinates":[[7.798021,46.098716],[7.798465,46.099016],[7.79867,46.09927],[7.799138,46.099331],[7.799518,46.099572],[7.799787,46.099518],[7.804215,46.102749]]}},
{"type":"Feature","properties":{"mountain_slug":"matterhorn","name":"Chemin d'accès aux Follièches","length_km":0.46,"elevation_gain_m":137,"source":"© OpenStreetMap contributors (ODbL), via Overture Maps"},"geometry":{"type":"LineString","coordinates":[[7.484652,46.012354],[7.48436,46.012165],[7.483818,46.012013],[7.48367,46.011749],[7.48322,46.011311],[7.482062,46.011017],[7.481242,46.011012],[7.481156,46.011146],[7.480975,46.011202],[7.480752,46.010992],[7.480547,46.01093],[7.480345,46.010963],[7.480238,46.011073],[7.480008,46.011088]]}},
{"type":"Feature","properties":{"mountain_slug":"matterhorn","name":"Chemin de Baubovy","length_km":0.22,"elevation_gain_m":25,"source":"© OpenStreetMap contributors (ODbL), via Overture Maps"},"geometry":{"type":"LineString","coordinates":[[7.531465,46.074692],[7.531592,46.074661],[7.531686,46.074878],[7.53178,46.074885],[7.531942,46.07449],[7.532111,46.074341],[7.532054,46.074609],[7.532177,46.074996],[7.531881,46.075247]]}},
{"type":"Feature","properties":{"mountain_slug":"matterhorn","name":"Chemin de Lièfranc","length_km":1.79,"elevation_gain_m":218,"source":"© OpenStreetMap contributors (ODbL), via Overture Maps"},"geometry":{"type":"LineString","coordinates":[[7.51337,46.081086],[7.515167,46.080853],[7.516243,46.080896],[7.516178,46.080974],[7.51686,46.081023],[7.518235,46.08069],[7.518455,46.080523],[7.518729,46.080459],[7.519258,46.080571],[7.519486,46.080548],[7.519913,46.08017],[7.520353,46.080143],[7.520795,46.08002],[7.521079,46.079753],[7.521286,46.079252],[7.521835,46.078638],[7.52273,46.078219],[7.523462,46.077753],[7.523715,46.077688],[7.524127,46.077364],[7.524174,46.077213],[7.524851,46.076775],[7.524994,46.076347],[7.525299,46.075886],[7.525567,46.075739],[7.525752,46.07543],[7.526582,46.075121],[7.526719,46.074909],[7.527052,46.07471],[7.528662,46.074339],[7.529786,46.074422],[7.530165,46.074596],[7.531247,46.074705]]}},
{"type":"Feature","properties":{"mountain_slug":"matterhorn","name":"Chemin de Motô","length_km":0.54,"elevation_gain_m":119,"source":"© OpenStreetMap contributors (ODbL), via Overture Maps","note":"Longest of 2 OpenStreetMap pieces with this name that do not join into one line (0.5 of 0.8 km in the bbox)."},"geometry":{"type":"LineString","coordinates":[[7.518472,46.087315],[7.5187,46.087552],[7.51938,46.087662],[7.519752,46.087797],[7.519814,46.087846],[7.519735,46.088003],[7.520098,46.088274],[7.51987,46.088434],[7.519889,46.088549],[7.520577,46.089394],[7.520648,46.090211],[7.520807,46.090475],[7.520899,46.091043]]}},
{"type":"Feature","properties":{"mountain_slug":"matterhorn","name":"Chemin de Prafloric","length_km":0.41,"elevation_gain_m":41,"source":"© OpenStreetMap contributors (ODbL), via Overture Maps"},"geometry":{"type":"LineString","coordinates":[[7.532111,46.074341],[7.532945,46.073762],[7.533185,46.073218],[7.533448,46.073079],[7.534565,46.072954],[7.534588,46.073085],[7.535016,46.073232],[7.535172,46.073368],[7.534785,46.073863]]}},
{"type":"Feature","properties":{"mountain_slug":"matterhorn","name":"Chemin de Salein","length_km":0.36,"elevation_gain_m":20,"source":"© OpenStreetMap contributors (ODbL), via Overture Maps"},"geometry":{"type":"LineString","coordinates":[[7.511969,46.103147],[7.511757,46.103332],[7.511548,46.103795],[7.511133,46.104265],[7.510429,46.104733],[7.510186,46.1054],[7.509763,46.105428],[7.509407,46.105309]]}},
{"type":"Feature","properties":{"mountain_slug":"matterhorn","name":"Chemin de la Barma Blantse","length_km":0.61,"elevation_gain_m":111,"source":"© OpenStreetMap contributors (ODbL), via Overture Maps"},"geometry":{"type":"LineString","coordinates":[[7.518398,46.101503],[7.519084,46.101794],[7.51902,46.101222],[7.519252,46.100981],[7.519082,46.100786],[7.51954,46.100966],[7.520044,46.100694],[7.520447,46.100082],[7.521379,46.099042],[7.521434,46.098825],[7.521798,46.098498],[7.52177,46.098157]]}},
{"type":"Feature","properties":{"mountain_slug":"matterhorn","name":"Chemin de la Posession","length_km":0.47,"elevation_gain_m":33,"source":"© OpenStreetMap contributors (ODbL), via Overture Maps"},"geometry":{"type":"LineString","coordinates":[[7.493212,46.099906],[7.493396,46.099602],[7.494806,46.098648],[7.495342,46.09768],[7.495851,46.0975],[7.497054,46.096825]]}},
{"type":"Feature","properties":{"mountain_slug":"matterhorn","name":"Chemin des Haudères","length_km":0.9,"elevation_gain_m":138,"source":"© OpenStreetMap contributors (ODbL), via Overture Maps"},"geometry":{"type":"LineString","coordinates":[[7.513245,46.082854],[7.512956,46.083009],[7.513034,46.08307],[7.512149,46.08375],[7.512909,46.083625],[7.514156,46.083875],[7.514904,46.083817],[7.515462,46.083847],[7.515711,46.083935],[7.516004,46.083839],[7.517972,46.083689],[7.519225,46.083219],[7.519897,46.083185],[7.520561,46.082796],[7.521124,46.083029]]}},
{"type":"Feature","properties":{"mountain_slug":"matterhorn","name":"Chemin des Rouettes","length_km":0.26,"elevation_gain_m":19,"source":"© OpenStreetMap contributors (ODbL), via Overture Maps","note":"Joined across 14 m of Chemin des Rouettes."},"geometry":{"type":"LineString","coordinates":[[7.517577,46.085825],[7.517515,46.085946],[7.5172,46.085954],[7.517085,46.086049],[7.516364,46.086175],[7.516015,46.086342],[7.516042,46.086516],[7.516222,46.0866],[7.51627,46.08649],[7.516204,46.086556],[7.516222,46.0866],[7.516508,46.087022]]}},
{"type":"Feature","properties":{"mountain_slug":"matterhorn","name":"Chemin du Pô","length_km":0.51,"elevation_gain_m":128,"source":"© OpenStreetMap contributors (ODbL), via Overture Maps","note":"Longest of 2 OpenStreetMap pieces with this name that do not join into one line (0.5 of 0.6 km in the bbox)."},"geometry":{"type":"LineString","coordinates":[[7.487384,46.047488],[7.487216,46.047633],[7.486818,46.047672],[7.48668,46.047826],[7.486785,46.047984],[7.487548,46.048431],[7.487364,46.048738],[7.486721,46.04901],[7.486816,46.049329],[7.487118,46.04977],[7.487218,46.050161],[7.487134,46.050318],[7.486907,46.050278],[7.486706,46.050097],[7.486358,46.050031]]}},
{"type":"Feature","properties":{"mountain_slug":"matterhorn","name":"Chemin du Tsaleu de Bréona","length_km":0.44,"elevation_gain_m":70,"source":"© OpenStreetMap contributors (ODbL), via Overture Maps"},"geometry":{"type":"LineString","coordinates":[[7.535734,46.082937],[7.536453,46.08274],[7.536586,46.082917],[7.536939,46.082695],[7.537019,46.082711],[7.537019,46.083013],[7.537148,46.083044],[7.537273,46.083234],[7.537131,46.083705],[7.53729,46.083772],[7.537073,46.083932],[7.536935,46.084225],[7.536218,46.085021]]}},
{"type":"Feature","properties":{"mountain_slug":"matterhorn","name":"Chrum","length_km":0.26,"elevation_gain_m":13,"source":"© OpenStreetMap contributors (ODbL), via Overture Maps"},"geometry":{"type":"LineString","coordinates":[[7.745617,46.023061],[7.745335,46.021856],[7.745482,46.021555],[7.745875,46.021239],[7.745915,46.020905]]}},
{"type":"Feature","properties":{"mountain_slug":"matterhorn","name":"Cieloalto-Cervinia","length_km":0.89,"elevation_gain_m":147,"source":"© OpenStreetMap contributors (ODbL), via Overture Maps"},"geometry":{"type":"LineString","coordinates":[[7.632163,45.933656],[7.631686,45.933178],[7.631846,45.932834],[7.632145,45.932597],[7.632049,45.931969],[7.632162,45.93164],[7.631474,45.930915],[7.631237,45.930059],[7.631226,45.929618],[7.631464,45.929394],[7.632502,45.929285],[7.632958,45.929006],[7.632738,45.928597],[7.632027,45.927997],[7.632011,45.927881],[7.632399,45.927571],[7.63289,45.927473]]}},
{"type":"Feature","properties":{"mountain_slug":"matterhorn","name":"Cima Bianca-Chomioÿ","length_km":1.32,"elevation_gain_m":331,"source":"© OpenStreetMap contributors (ODbL), via Overture Maps"},"geometry":{"type":"LineString","coordinates":[[7.541905,45.84547],[7.541392,45.845561],[7.54019,45.845449],[7.539976,45.84527],[7.539622,45.845531],[7.539471,45.845389],[7.538924,45.845494],[7.53886,45.845778],[7.538602,45.845957],[7.538699,45.846137],[7.538506,45.846271],[7.538484,45.846503],[7.538677,45.846615],[7.538828,45.846951],[7.537379,45.8466],[7.537025,45.846593],[7.536907,45.84666],[7.537615,45.847459],[7.537529,45.847796],[7.538463,45.848431],[7.538366,45.848491],[7.538441,45.848775],[7.538334,45.848797],[7.53871,45.849253],[7.539536,45.849634],[7.540351,45.849888],[7.54093,45.849963],[7.540995,45.850195],[7.54078,45.85012],[7.540737,45.850172],[7.54107,45.85065],[7.541252,45.850725],[7.54122,45.850949]]}},
{"type":"Feature","properties":{"mountain_slug":"matterhorn","name":"Cime Bianche","length_km":0.59,"elevation_gain_m":46,"source":"© OpenStreetMap contributors (ODbL), via Overture Maps","note":"Longest of 2 OpenStreetMap pieces with this name that do not join into one line (0.6 of 0.8 km in the bbox)."},"geometry":{"type":"LineString","coordinates":[[7.684833,45.922336],[7.685201,45.921987],[7.685673,45.921815],[7.685802,45.921591],[7.685813,45.921278],[7.686231,45.920756],[7.686296,45.920539],[7.686188,45.919673],[7.686439,45.919261],[7.686216,45.918946],[7.685804,45.91872],[7.685667,45.91848],[7.686041,45.917974],[7.6863,45.917807]]}},
{"type":"Feature","properties":{"mountain_slug":"matterhorn","name":"Colle Superiore Cime Bianche","length_km":0.96,"elevation_gain_m":261,"source":"© OpenStreetMap contributors (ODbL), via Overture Maps"},"geometry":{"type":"LineString","coordinates":[[7.665428,45.909313],[7.665703,45.909387],[7.66643,45.909173],[7.667932,45.909064],[7.670359,45.909562],[7.671439,45.90974],[7.671919,45.909753],[7.674728,45.909493],[7.676186,45.909527],[7.676394,45.90948],[7.677209,45.909616],[7.677278,45.90947]]}},
{"type":"Feature","properties":{"mountain_slug":"matterhorn","name":"Cresta Tiefenmatten","length_km":1.12,"elevation_gain_m":498,"source":"© OpenStreetMap contributors (ODbL), via Overture Maps"},"geometry":{"type":"LineString","coordinates":[[7.591791,45.970062],[7.591952,45.970539],[7.592312,45.970747],[7.593045,45.97075],[7.593473,45.970834],[7.594898,45.970769],[7.59564,45.970592],[7.59658,45.970482],[7.597366,45.970454],[7.598471,45.970532],[7.600529,45.970195],[7.601498,45.970149],[7.603044,45.970187],[7.603782,45.970506],[7.605016,45.969947]]}},
{"type":"Feature","properties":{"mountain_slug":"matterhorn","name":"Domhüttenweg","length_km":0.96,"elevation_gain_m":194,"source":"© OpenStreetMap contributors (ODbL), via Overture Maps"},"geometry":{"type":"LineString","coordinates":[[7.788343,46.105131],[7.788457,46.105101],[7.788625,46.105188],[7.788697,46.105586],[7.789162,46.105604],[7.78913,46.105701],[7.789294,46.105636],[7.789251,46.10577],[7.789401,46.105665],[7.789504,46.10577],[7.789423,46.105954],[7.789777,46.106151],[7.789772,46.106228],[7.790014,46.106285],[7.790173,46.1069],[7.790128,46.107221],[7.790244,46.107462],[7.790635,46.107516],[7.790865,46.107663],[7.790944,46.107469],[7.791405,46.107744],[7.791657,46.107688],[7.791778,46.107812],[7.79201,46.10827],[7.791945,46.108627],[7.791738,46.1089],[7.792602,46.109683],[7.792894,46.110726],[7.793093,46.111]]}},
{"type":"Feature","properties":{"mountain_slug":"matterhorn","name":"Edelweissweg","length_km":0.94,"elevation_gain_m":251,"source":"© OpenStreetMap contributors (ODbL), via Overture Maps"},"geometry":{"type":"LineString","coordinates":[[7.80491,46.085989],[7.805087,46.085942],[7.804876,46.08647],[7.805157,46.0863],[7.805128,46.086435],[7.805233,46.086468],[7.80539,46.08634],[7.805668,46.086325],[7.80574,46.08637],[7.805676,46.086686],[7.806137,46.086398],[7.805925,46.086813],[7.80611,46.0867],[7.806092,46.086885],[7.807184,46.086529],[7.807549,46.086118],[7.807581,46.086416],[7.807798,46.086195],[7.807906,46.086204],[7.807897,46.086425],[7.808068,46.086339],[7.808136,46.086506],[7.8088,46.086235],[7.808908,46.08661],[7.809034,46.086515],[7.809075,46.086659],[7.809197,46.086515],[7.809283,46.086786],[7.809549,46.086614],[7.809413,46.08693],[7.809612,46.086862],[7.809526,46.087029],[7.809756,46.087007]]}},
{"type":"Feature","properties":{"mountain_slug":"matterhorn","name":"Eggenweg","length_km":0.49,"elevation_gain_m":65,"source":"© OpenStreetMap contributors (ODbL), via Overture Maps"},"geometry":{"type":"LineString","coordinates":[[7.786832,46.09371],[7.786969,46.09385],[7.787062,46.093752],[7.787366,46.093743],[7.787759,46.093417],[7.7879,46.093041],[7.788373,46.092738],[7.788402,46.092507],[7.788446,46.092462],[7.788608,46.092529],[7.788694,46.092358],[7.787904,46.091465],[7.787206,46.091042],[7.786962,46.091098]]}},
{"type":"Feature","properties":{"mountain_slug":"matterhorn","name":"Englischer Viertel","length_km":0.23,"elevation_gain_m":14,"source":"© OpenStreetMap contributors (ODbL), via Overture Maps"},"geometry":{"type":"LineString","coordinates":[[7.749103,46.020685],[7.748564,46.020624],[7.748252,46.020344],[7.746678,46.019635]]}},
{"type":"Feature","properties":{"mountain_slug":"matterhorn","name":"Europaweg","length_km":6.13,"elevation_gain_m":621,"source":"© OpenStreetMap contributors (ODbL), via Overture Maps","note":"Longest of 8 OpenStreetMap pieces with this name that do not join into one line (6.1 of 13.9 km in the bbox)."},"geometry":{"type":"LineString","coordinates":[[7.80943,46.060355],[7.80987,46.060434],[7.809901,46.060533],[7.809301,46.061031],[7.809144,46.061341],[7.80857,46.061643],[7.808232,46.0617],[7.807943,46.061846],[7.807734,46.062205],[7.807593,46.06229],[7.805366,46.06323],[7.804083,46.063376],[7.803808,46.063988],[7.803431,46.064124],[7.803339,46.064267],[7.803201,46.064162],[7.802914,46.064228],[7.803003,46.064271],[7.802732,46.064315],[7.802378,46.064266],[7.80204,46.064381],[7.80202,46.064511],[7.80162,46.064649],[7.801124,46.065161],[7.800425,46.065645],[7.799098,46.066351],[7.79903,46.066769],[7.798772,46.066704],[7.798831,46.066803],[7.79873,46.066816],[7.798399,46.066611],[7.798515,46.066912],[7.798363,46.067056],[7.797066,46.067517],[7.79677,46.067576],[7.796513,46.067542],[7.796094,46.067652],[7.795703,46.067606],[7.795091,46.068623],[7.793503,46.06953],[7.792954,46.070784],[7.793064,46.071894],[7.792761,46.072998],[7.792855,46.073178],[7.792745,46.073622],[7.792438,46.074126],[7.792373,46.074516],[7.792435,46.07493],[7.793,46.076291],[7.792918,46.076463],[7.792991,46.077165],[7.792793,46.077601],[7.792723,46.078386],[7.792873,46.078909],[7.7942,46.079536],[7.793906,46.078924],[7.793967,46.078819],[7.794892,46.079306],[7.795462,46.079707],[7.795599,46.079934],[7.79522,46.080722],[7.796094,46.08035],[7.796235,46.080422],[7.795917,46.080794],[7.795895,46.081194],[7.796856,46.080725],[7.797166,46.080685],[7.797206,46.080786],[7.796772,46.081256],[7.796718,46.081454],[7.796083,46.081913],[7.79598,46.082451],[7.795449,46.0829],[7.79557,46.083544],[7.795508,46.083853],[7.795032,46.084118],[7.795058,46.084343],[7.794845,46.08503],[7.795114,46.0853],[7.795299,46.085291],[7.795974,46.085489],[7.796618,46.085482],[7.797403,46.085257],[7.797633,46.085119],[7.797833,46.085266],[7.798151,46.085166],[7.79866,46.085134],[7.798808,46.08498],[7.799765,46.084866],[7.800572,46.084485],[7.801181,46.084556],[7.802001,46.084436],[7.802917,46.084534],[7.803883,46.084793],[7.80405,46.084928],[7.804321,46.085492],[7.804566,46.085514],[7.805074,46.085815],[7.803819,46.087135],[7.803195,46.087581],[7.803117,46.088165],[7.802769,46.088512],[7.802341,46.088503],[7.801947,46.088359],[7.801698,46.088473],[7.801214,46.08894],[7.800858,46.08909],[7.800106,46.089713],[7.799423,46.090467],[7.79916,46.090614],[7.799276,46.090823],[7.799828,46.091281]]}},
{"type":"Feature","properties":{"mountain_slug":"matterhorn","name":"Festigrat","length_km":0.42,"elevation_gain_m":288,"source":"© OpenStreetMap contributors (ODbL), via Overture Maps"},"geometry":{"type":"LineString","coordinates":[[7.84809,46.101409],[7.849501,46.101037],[7.851239,46.100271],[7.852204,46.100026],[7.85288,46.100011],[7.853,46.099943]]}},
{"type":"Feature","properties":{"mountain_slug":"matterhorn","name":"Findelenbachviadukt","length_km":0.4,"elevation_gain_m":46,"source":"© OpenStreetMap contributors (ODbL), via Overture Maps"},"geometry":{"type":"LineString","coordinates":[[7.749861,46.012582],[7.749752,46.012268],[7.749261,46.011923],[7.749257,46.01166],[7.749702,46.011864],[7.749434,46.010546],[7.748698,46.009939]]}},
{"type":"Feature","properties":{"mountain_slug":"matterhorn","name":"Firngrat","length_km":3.75,"elevation_gain_m":1539,"source":"© OpenStreetMap contributors (ODbL), via Overture Maps"},"geometry":{"type":"LineString","coordinates":[[7.742812,46.08643],[7.742354,46.086593],[7.740767,46.087878],[7.740594,46.088176],[7.740635,46.088372],[7.739734,46.090132],[7.739781,46.090181],[7.73923,46.090351],[7.739024,46.0902],[7.737838,46.09042],[7.737586,46.090532],[7.737618,46.09109],[7.737847,46.091497],[7.736084,46.091946],[7.735364,46.091705],[7.735119,46.091872],[7.734836,46.091932],[7.733594,46.092007],[7.733424,46.091729],[7.733241,46.091733],[7.733541,46.092334],[7.733152,46.092078],[7.73316,46.091871],[7.733062,46.091828],[7.732997,46.091897],[7.732979,46.092219],[7.733622,46.092882],[7.733664,46.093302],[7.734033,46.093713],[7.734036,46.094079],[7.734193,46.094028],[7.734709,46.094653],[7.734781,46.094912],[7.734671,46.095006],[7.734712,46.095163],[7.734578,46.095535],[7.734728,46.095604],[7.73464,46.09581],[7.734754,46.095853],[7.734621,46.09609],[7.73468,46.097173],[7.734525,46.097364],[7.734467,46.097647],[7.734354,46.097645],[7.733679,46.098125],[7.733513,46.0982],[7.73325,46.098176],[7.732812,46.098022],[7.732668,46.097894],[7.732621,46.098001],[7.732341,46.098126],[7.732453,46.098219],[7.732224,46.098357],[7.732159,46.098553],[7.731934,46.098565],[7.731921,46.098739],[7.73158,46.098875],[7.73143,46.099101],[7.730964,46.099208],[7.730873,46.099291],[7.730522,46.099219],[7.730523,46.099332],[7.730073,46.09964],[7.729572,46.099817],[7.727729,46.099826],[7.726079,46.100017],[7.724368,46.09999],[7.722864,46.100109],[7.72157,46.100012],[7.721004,46.100061],[7.720821,46.099994],[7.720488,46.100139],[7.717757,46.100548],[7.717318,46.100664],[7.716675,46.101026],[7.71607,46.10125]]}},
{"type":"Feature","properties":{"mountain_slug":"matterhorn","name":"Furggji - Tufteren","length_km":4.14,"elevation_gain_m":674,"source":"© OpenStreetMap contributors (ODbL), via Overture Maps"},"geometry":{"type":"LineString","coordinates":[[7.777966,46.034752],[7.778098,46.034788],[7.778157,46.034997],[7.778232,46.034926],[7.778307,46.035004],[7.778302,46.035146],[7.778602,46.035442],[7.779251,46.035734],[7.77945,46.035959],[7.7796,46.035958],[7.780383,46.0356],[7.780989,46.035597],[7.780695,46.035142],[7.782251,46.035687],[7.782336,46.035686],[7.78233,46.035619],[7.782212,46.035265],[7.782255,46.035194],[7.782357,46.035228],[7.782797,46.035574],[7.783044,46.035935],[7.78291,46.036926],[7.782963,46.037362],[7.783451,46.037958],[7.783806,46.037967],[7.784254,46.037812],[7.784218,46.037116],[7.784616,46.036794],[7.78505,46.03668],[7.78511,46.036516],[7.785222,46.036505],[7.78556,46.036851],[7.786498,46.03706],[7.786166,46.037835],[7.785833,46.038177],[7.786091,46.038769],[7.786309,46.038631],[7.787083,46.038721],[7.787362,46.038669],[7.787829,46.038062],[7.787906,46.038039],[7.78799,46.038352],[7.788097,46.038274],[7.788312,46.037894],[7.78907,46.037445],[7.789267,46.037082],[7.789773,46.036641],[7.790924,46.036189],[7.792185,46.035522],[7.793297,46.03511],[7.793965,46.034768],[7.794518,46.034636],[7.795275,46.034334],[7.79673,46.033645],[7.797469,46.033463],[7.801588,46.030595],[7.802254,46.029954],[7.802489,46.029599],[7.802436,46.029042],[7.802731,46.027962],[7.802983,46.027343],[7.803391,46.026923],[7.803412,46.025835],[7.804222,46.024569],[7.804732,46.024259],[7.805199,46.023831],[7.805585,46.022941],[7.805911,46.022644]]}},
{"type":"Feature","properties":{"mountain_slug":"matterhorn","name":"Furi","length_km":0.32,"elevation_gain_m":49,"source":"© OpenStreetMap contributors (ODbL), via Overture Maps"},"geometry":{"type":"LineString","coordinates":[[7.732067,46.004505],[7.732118,46.004061],[7.732007,46.003754],[7.731702,46.003378],[7.731711,46.00319],[7.732245,46.002689],[7.732117,46.002158],[7.73193,46.002069],[7.732152,46.001983]]}},
{"type":"Feature","properties":{"mountain_slug":"matterhorn","name":"Getwingstrasse","length_km":0.36,"elevation_gain_m":8,"source":"© OpenStreetMap contributors (ODbL), via Overture Maps"},"geometry":{"type":"LineString","coordinates":[[7.750884,46.021732],[7.750796,46.02281],[7.750555,46.023105],[7.749782,46.023484],[7.748248,46.023893]]}},
{"type":"Feature","properties":{"mountain_slug":"matterhorn","name":"Gletschergarten","length_km":0.38,"elevation_gain_m":49,"source":"© OpenStreetMap contributors (ODbL), via Overture Maps"},"geometry":{"type":"LineString","coordinates":[[7.729983,45.996218],[7.730469,45.995711],[7.729998,45.99531],[7.730058,45.995218],[7.730346,45.995179],[7.730662,45.99544],[7.73093,45.995502],[7.731434,45.99519],[7.731206,45.994929],[7.730499,45.995306]]}},
{"type":"Feature","properties":{"mountain_slug":"matterhorn","name":"Gornergrat - Hohtälli","length_km":1.42,"elevation_gain_m":207,"source":"© OpenStreetMap contributors (ODbL), via Overture Maps"},"geometry":{"type":"LineString","coordinates":[[7.788961,45.983885],[7.790021,45.983972],[7.79102,45.984152],[7.791932,45.98418],[7.792531,45.984366],[7.792509,45.984139],[7.792617,45.984102],[7.793092,45.984345],[7.793178,45.984555],[7.793444,45.984467],[7.794039,45.984581],[7.794628,45.98459],[7.795302,45.984942],[7.796879,45.985043],[7.797439,45.985339],[7.797565,45.985499],[7.797914,45.985602],[7.798365,45.985948],[7.798842,45.986019],[7.798864,45.986165],[7.799411,45.9865],[7.799762,45.986905],[7.800559,45.987136],[7.800757,45.987421],[7.800736,45.987503],[7.800502,45.987518],[7.800492,45.987631],[7.801042,45.987984],[7.801192,45.988327],[7.801562,45.988554],[7.801779,45.988834],[7.802073,45.98868],[7.802285,45.988781],[7.802385,45.988904],[7.802252,45.989034]]}},
{"type":"Feature","properties":{"mountain_slug":"matterhorn","name":"Gornerschlucht","length_km":0.4,"elevation_gain_m":62,"source":"© OpenStreetMap contributors (ODbL), via Overture Maps"},"geometry":{"type":"LineString","coordinates":[[7.739273,46.010695],[7.739487,46.010195],[7.739732,46.009985],[7.739829,46.009748],[7.739839,46.009549],[7.739686,46.009387],[7.739805,46.009176],[7.739944,46.009204],[7.739619,46.00896],[7.738512,46.008628],[7.738464,46.008457],[7.738669,46.008287],[7.738622,46.008222],[7.73859,46.008233],[7.738604,46.008251],[7.738642,46.008231],[7.7387,46.008216]]}},
{"type":"Feature","properties":{"mountain_slug":"matterhorn","name":"Grüebe","length_km":0.84,"elevation_gain_m":51,"source":"© OpenStreetMap contributors (ODbL), via Overture Maps"},"geometry":{"type":"LineString","coordinates":[[7.755914,46.031072],[7.755604,46.03181],[7.75522,46.031533],[7.755184,46.031348],[7.754364,46.031006],[7.753181,46.029661],[7.753166,46.029786],[7.752883,46.029558],[7.752457,46.028896],[7.751959,46.02873],[7.751617,46.028451],[7.751327,46.028137],[7.751379,46.027901],[7.750218,46.026908]]}},
{"type":"Feature","properties":{"mountain_slug":"matterhorn","name":"Herbriggweg","length_km":3.59,"elevation_gain_m":750,"source":"© OpenStreetMap contributors (ODbL), via Overture Maps","note":"Joined across 113 m of unnamed path."},"geometry":{"type":"LineString","coordinates":[[7.743477,46.018467],[7.743338,46.018819],[7.743086,46.018627],[7.743004,46.01873],[7.742361,46.01844],[7.742219,46.018598],[7.741812,46.018684],[7.741729,46.019049],[7.741539,46.019314],[7.741373,46.018958],[7.740754,46.018969],[7.74056,46.01938],[7.740738,46.019907],[7.740766,46.020631],[7.7405,46.020467],[7.740395,46.020762],[7.740197,46.0206],[7.740108,46.02102],[7.739902,46.020829],[7.740134,46.021942],[7.739731,46.022619],[7.739639,46.022563],[7.739447,46.022836],[7.739391,46.022743],[7.738999,46.023017],[7.738979,46.022806],[7.738818,46.022596],[7.738797,46.022796],[7.738673,46.02255],[7.738589,46.022566],[7.738646,46.022663],[7.738377,46.022748],[7.738627,46.021889],[7.738476,46.021949],[7.738512,46.021798],[7.73842,46.021823],[7.738232,46.022001],[7.738193,46.021781],[7.738024,46.022066],[7.737929,46.022088],[7.738027,46.022221],[7.737445,46.02239],[7.736739,46.022972],[7.735919,46.023477],[7.735638,46.023848],[7.735504,46.024266],[7.735298,46.024431],[7.734768,46.024537],[7.734474,46.02479],[7.733639,46.025021],[7.733097,46.025288],[7.732661,46.025361],[7.733199,46.024834],[7.732788,46.024898],[7.732471,46.025398],[7.732042,46.025707],[7.732388,46.025991],[7.73216,46.025966],[7.732198,46.026008],[7.73188,46.026077],[7.731697,46.026274],[7.730856,46.0268],[7.730433,46.026841],[7.729378,46.027172],[7.73011,46.027326],[7.728539,46.027872],[7.727677,46.028038],[7.726882,46.02798],[7.726481,46.02803],[7.727171,46.028249],[7.725942,46.028299],[7.724162,46.028767],[7.723941,46.0289],[7.722998,46.029079],[7.722942,46.029111],[7.723127,46.029169],[7.722416,46.0293],[7.721467,46.02971],[7.721284,46.029924],[7.720921,46.030005],[7.720874,46.030103]]}},
{"type":"Feature","properties":{"mountain_slug":"matterhorn","name":"Hofmattstrasse","length_km":0.24,"elevation_gain_m":14,"source":"© OpenStreetMap contributors (ODbL), via Overture Maps"},"geometry":{"type":"LineString","coordinates":[[7.749103,46.020685],[7.748724,46.021558],[7.748185,46.021905],[7.747235,46.022244]]}},
{"type":"Feature","properties":{"mountain_slug":"matterhorn","name":"Hohsteg","length_km":1.21,"elevation_gain_m":192,"source":"© OpenStreetMap contributors (ODbL), via Overture Maps"},"geometry":{"type":"LineString","coordinates":[[7.768679,46.047628],[7.768953,46.047632],[7.768972,46.04727],[7.769216,46.047365],[7.769487,46.047708],[7.769626,46.04771],[7.769902,46.047892],[7.76989,46.048194],[7.77,46.048236],[7.770418,46.047632],[7.770591,46.047643],[7.770712,46.047879],[7.770952,46.048],[7.771542,46.048109],[7.77197,46.048088],[7.77223,46.048339],[7.77339,46.048777],[7.773772,46.049088],[7.773887,46.04892],[7.774004,46.049069],[7.774046,46.048999],[7.774284,46.049283],[7.774253,46.049548],[7.774689,46.049993],[7.775333,46.05043],[7.775943,46.050666],[7.775851,46.050935],[7.775708,46.050998],[7.776363,46.051378],[7.776617,46.051126],[7.776831,46.051303],[7.777022,46.051584],[7.777107,46.052109],[7.77722,46.052102],[7.777295,46.052196]]}},
{"type":"Feature","properties":{"mountain_slug":"matterhorn","name":"Hubelweg","length_km":0.81,"elevation_gain_m":71,"source":"© OpenStreetMap contributors (ODbL), via Overture Maps"},"geometry":{"type":"LineString","coordinates":[[7.786078,46.097486],[7.786281,46.096997],[7.786023,46.096171],[7.786409,46.095855],[7.786189,46.095646],[7.786232,46.094916],[7.786365,46.094751],[7.786479,46.094189],[7.787048,46.093552],[7.787014,46.093215],[7.787445,46.092622],[7.786998,46.092355],[7.787439,46.092034],[7.787134,46.091692],[7.78716,46.091406],[7.786962,46.091098]]}},
{"type":"Feature","properties":{"mountain_slug":"matterhorn","name":"Jamais","length_km":0.54,"elevation_gain_m":65,"source":"© OpenStreetMap contributors (ODbL), via Overture Maps"},"geometry":{"type":"LineString","coordinates":[[7.650568,45.944029],[7.652179,45.944992],[7.65245,45.945023],[7.652776,45.945192],[7.653495,45.945249],[7.653732,45.94521],[7.65385,45.945096],[7.654066,45.944674],[7.654312,45.944706],[7.654426,45.944649],[7.654616,45.944234],[7.65534,45.943662],[7.655334,45.943529]]}},
{"type":"Feature","properties":{"mountain_slug":"matterhorn","name":"Kapellenweg","length_km":1.4,"elevation_gain_m":354,"source":"© OpenStreetMap contributors (ODbL), via Overture Maps","note":"Longest of 2 OpenStreetMap pieces with this name that do not join into one line (1.4 of 2.0 km in the bbox)."},"geometry":{"type":"LineString","coordinates":[[7.778035,46.091179],[7.777796,46.091155],[7.777808,46.090987],[7.777402,46.090312],[7.777429,46.090049],[7.777273,46.089866],[7.776935,46.089666],[7.776709,46.089359],[7.776498,46.089318],[7.776296,46.089154],[7.776,46.088768],[7.775385,46.088472],[7.775081,46.088206],[7.774784,46.08783],[7.774768,46.08764],[7.774599,46.087571],[7.774605,46.087204],[7.774422,46.08699],[7.774172,46.087265],[7.773952,46.086581],[7.773615,46.086204],[7.773518,46.085789],[7.773276,46.085586],[7.772992,46.085523],[7.772936,46.085002],[7.772673,46.084819],[7.772523,46.084425],[7.771883,46.083985],[7.770754,46.083799],[7.770647,46.083622],[7.770258,46.083445],[7.769976,46.083431],[7.769484,46.083609],[7.769335,46.083587],[7.769352,46.083374],[7.768698,46.083046]]}},
{"type":"Feature","properties":{"mountain_slug":"matterhorn","name":"Kinhüttenweg","length_km":1.64,"elevation_gain_m":563,"source":"© OpenStreetMap contributors (ODbL), via Overture Maps","note":"Joined across 10 m of Europaweg."},"geometry":{"type":"LineString","coordinates":[[7.794771,46.093432],[7.795095,46.093253],[7.795139,46.093086],[7.795794,46.092397],[7.796287,46.092442],[7.79689,46.092267],[7.797528,46.092355],[7.797753,46.092234],[7.798042,46.092303],[7.79811,46.092209],[7.798251,46.092277],[7.798334,46.092173],[7.798572,46.092263],[7.79858,46.091974],[7.798811,46.09218],[7.798894,46.092129],[7.799114,46.092187],[7.799009,46.091999],[7.799168,46.09184],[7.799168,46.091653],[7.799034,46.091487],[7.7992,46.091277],[7.799374,46.091258],[7.799444,46.091089],[7.799828,46.091281],[7.799719,46.090949],[7.799791,46.090574],[7.800025,46.090493],[7.800075,46.090687],[7.800477,46.090918],[7.800626,46.091206],[7.800901,46.091306],[7.800946,46.091211],[7.801054,46.09122],[7.80119,46.09089],[7.801266,46.091008],[7.801862,46.091057],[7.80179,46.090809],[7.801912,46.090809],[7.802007,46.09066],[7.80221,46.090674],[7.802336,46.090462],[7.802526,46.09052],[7.802702,46.090105],[7.802986,46.089938],[7.80332,46.089843],[7.803446,46.089911],[7.80374,46.089884],[7.804533,46.089613],[7.805429,46.089608],[7.805633,46.089558],[7.805705,46.089427],[7.806034,46.08955],[7.806123,46.089194],[7.806235,46.089239],[7.80638,46.089134],[7.806449,46.089201],[7.806668,46.08852],[7.806894,46.088478]]}},
{"type":"Feature","properties":{"mountain_slug":"matterhorn","name":"Kirchstrasse","length_km":0.24,"elevation_gain_m":12,"source":"© OpenStreetMap contributors (ODbL), via Overture Maps"},"geometry":{"type":"LineString","coordinates":[[7.748714,46.018551],[7.746982,46.019554],[7.746171,46.019709]]}},
{"type":"Feature","properties":{"mountain_slug":"matterhorn","name":"Kummenweg","length_km":0.64,"elevation_gain_m":222,"source":"© OpenStreetMap contributors (ODbL), via Overture Maps"},"geometry":{"type":"LineString","coordinates":[[7.780557,46.0671],[7.780902,46.067186],[7.780775,46.067402],[7.78092,46.067392],[7.78101,46.067479],[7.781514,46.06743],[7.781663,46.067585],[7.781832,46.067457],[7.781899,46.067778],[7.782074,46.06787],[7.782237,46.067855],[7.782231,46.067786],[7.782682,46.067789],[7.78282,46.06762],[7.783492,46.067594],[7.783793,46.06805],[7.784289,46.068068],[7.784576,46.067965],[7.784881,46.068395],[7.785135,46.068567],[7.785467,46.068611],[7.785468,46.068765],[7.785626,46.068806]]}},
{"type":"Feature","properties":{"mountain_slug":"matterhorn","name":"Kühbodmenweg","length_km":0.46,"elevation_gain_m":97,"source":"© OpenStreetMap contributors (ODbL), via Overture Maps"},"geometry":{"type":"LineString","coordinates":[[7.788134,46.107751],[7.788233,46.107749],[7.78854,46.108129],[7.788839,46.108272],[7.788924,46.108512],[7.789166,46.10864],[7.789106,46.108734],[7.789476,46.109151],[7.789892,46.109313],[7.789945,46.109634],[7.790265,46.109812],[7.79029,46.110046],[7.790728,46.110485],[7.790949,46.111]]}},
{"type":"Feature","properties":{"mountain_slug":"matterhorn","name":"Lammerwangweg","length_km":0.86,"elevation_gain_m":61,"source":"© OpenStreetMap contributors (ODbL), via Overture Maps","note":"Joined across 13 m of Lammerwangweg."},"geometry":{"type":"LineString","coordinates":[[7.773854,46.058163],[7.773555,46.058046],[7.773166,46.057621],[7.772959,46.057242],[7.77249,46.056854],[7.772641,46.056681],[7.772081,46.056851],[7.771715,46.056822],[7.771059,46.056547],[7.770864,46.05639],[7.770889,46.055916],[7.770779,46.055701],[7.770302,46.05532],[7.769744,46.055084],[7.769426,46.054225],[7.769591,46.053078],[7.769632,46.052876],[7.770159,46.052888]]}},
{"type":"Feature","properties":{"mountain_slug":"matterhorn","name":"Lauberweg","length_km":0.27,"elevation_gain_m":23,"source":"© OpenStreetMap contributors (ODbL), via Overture Maps"},"geometry":{"type":"LineString","coordinates":[[7.745078,46.017935],[7.744843,46.017972],[7.74397,46.017836],[7.743601,46.017322],[7.743186,46.017153],[7.743023,46.017174],[7.742555,46.016713]]}},
{"type":"Feature","properties":{"mountain_slug":"matterhorn","name":"Liskamm Westgipfel","length_km":4.74,"elevation_gain_m":589,"source":"© OpenStreetMap contributors (ODbL), via Overture Maps"},"geometry":{"type":"LineString","coordinates":[[7.803875,45.916251],[7.803913,45.916726],[7.80366,45.91781],[7.803853,45.918687],[7.805098,45.920052],[7.806986,45.921232],[7.81044,45.922962],[7.812581,45.923217],[7.813772,45.923698],[7.814199,45.923723],[7.814303,45.924073],[7.815443,45.924598],[7.815856,45.924711],[7.816473,45.925165],[7.817474,45.925581],[7.817683,45.9259],[7.818818,45.926779],[7.820969,45.927086],[7.821941,45.927034],[7.822442,45.926935],[7.823234,45.926495],[7.824549,45.926161],[7.826576,45.926144],[7.828134,45.925743],[7.82898,45.925403],[7.832802,45.924618],[7.833218,45.924324],[7.833539,45.923721],[7.833598,45.923296],[7.834384,45.923053],[7.834771,45.922813],[7.835263,45.922698],[7.836744,45.921764],[7.837501,45.921828],[7.83841,45.921804],[7.839249,45.921968],[7.840378,45.922045],[7.841085,45.92198],[7.842181,45.921758],[7.843689,45.921738],[7.845654,45.921379],[7.846668,45.921062],[7.848697,45.920823],[7.850697,45.920256],[7.853,45.919414]]}},
{"type":"Feature","properties":{"mountain_slug":"matterhorn","name":"Luchernstrasse","length_km":0.24,"elevation_gain_m":7,"source":"© OpenStreetMap contributors (ODbL), via Overture Maps"},"geometry":{"type":"LineString","coordinates":[[7.748305,46.017304],[7.748179,46.017298],[7.747749,46.017032],[7.747072,46.016882],[7.745975,46.01693],[7.745695,46.017231]]}},
{"type":"Feature","properties":{"mountain_slug":"matterhorn","name":"Längenfluhbergweg","length_km":2.49,"elevation_gain_m":645,"source":"© OpenStreetMap contributors (ODbL), via Overture Maps"},"geometry":{"type":"LineString","coordinates":[[7.779227,46.101678],[7.778779,46.102037],[7.778958,46.102231],[7.778916,46.102492],[7.778404,46.103244],[7.778377,46.103417],[7.778086,46.103613],[7.777973,46.103947],[7.777464,46.104482],[7.776989,46.104639],[7.776749,46.10483],[7.775623,46.104992],[7.775871,46.105454],[7.775758,46.105601],[7.775588,46.105586],[7.775574,46.10568],[7.775729,46.10593],[7.775581,46.106087],[7.77563,46.106293],[7.77551,46.106298],[7.775694,46.106553],[7.775616,46.106587],[7.775729,46.106808],[7.775567,46.106852],[7.775517,46.106784],[7.775206,46.106735],[7.774512,46.106293],[7.773748,46.106141],[7.774512,46.106965],[7.77304,46.106558],[7.773075,46.10671],[7.772686,46.106592],[7.772664,46.106784],[7.772176,46.106666],[7.772197,46.10695],[7.771957,46.106759],[7.771596,46.106764],[7.771362,46.106828],[7.771029,46.107073],[7.77064,46.107142],[7.770498,46.107373],[7.770109,46.107432],[7.769904,46.107598],[7.769968,46.107716],[7.769416,46.107947],[7.767476,46.108271],[7.767915,46.108702],[7.7672,46.108776],[7.76749,46.108938],[7.767165,46.108987],[7.767497,46.109223],[7.767122,46.109365],[7.767356,46.109493],[7.767101,46.109517],[7.76686,46.10961],[7.766945,46.109654],[7.76657,46.109748],[7.766386,46.109694],[7.766131,46.109998],[7.765636,46.110008],[7.76594,46.110297],[7.766329,46.110479],[7.765565,46.110445],[7.765678,46.110562],[7.766273,46.110695],[7.766028,46.111]]}},
{"type":"Feature","properties":{"mountain_slug":"matterhorn","name":"Mark Twain Weg","length_km":0.89,"elevation_gain_m":96,"source":"© OpenStreetMap contributors (ODbL), via Overture Maps"},"geometry":{"type":"LineString","coordinates":[[7.741754,45.992174],[7.741927,45.992451],[7.742482,45.992801],[7.743238,45.993019],[7.744013,45.993054],[7.74406,45.993004],[7.744168,45.993075],[7.744306,45.992928],[7.744447,45.993062],[7.74472,45.993087],[7.745471,45.993074],[7.745828,45.993],[7.746993,45.993018],[7.747588,45.993101],[7.748566,45.993084],[7.749624,45.992924],[7.75048,45.992962],[7.750804,45.993086],[7.751661,45.993005],[7.752044,45.993056]]}},
{"type":"Feature","properties":{"mountain_slug":"matterhorn","name":"Matterhorn Glacier Paradise","length_km":0.36,"elevation_gain_m":82,"source":"© OpenStreetMap contributors (ODbL), via Overture Maps","note":"Joined across 99 m of Matterhorn Glacier Paradise."},"geometry":{"type":"LineString","coordinates":[[7.729196,45.938421],[7.729214,45.938347],[7.729538,45.938383],[7.729502,45.939268],[7.729549,45.939069],[7.729526,45.937532],[7.729447,45.937384],[7.729282,45.937346]]}},
{"type":"Feature","properties":{"mountain_slug":"matterhorn","name":"Matterhorn Konditionstraining","length_km":0.5,"elevation_gain_m":282,"source":"© OpenStreetMap contributors (ODbL), via Overture Maps"},"geometry":{"type":"LineString","coordinates":[[7.756112,46.022695],[7.756284,46.022606],[7.756609,46.022699],[7.757035,46.02259],[7.75835,46.021907],[7.759675,46.021465],[7.761621,46.020642]]}},
{"type":"Feature","properties":{"mountain_slug":"matterhorn","name":"Matterstrasse","length_km":0.86,"elevation_gain_m":24,"source":"© OpenStreetMap contributors (ODbL), via Overture Maps","note":"Longest of 2 OpenStreetMap pieces with this name that do not join into one line (0.9 of 0.9 km in the bbox)."},"geometry":{"type":"LineString","coordinates":[[7.752943,46.027184],[7.753137,46.025882],[7.751451,46.023628],[7.751358,46.023185],[7.751426,46.021978],[7.75117,46.021808],[7.750009,46.021525],[7.749671,46.021371],[7.749391,46.021149],[7.749103,46.020685]]}},
{"type":"Feature","properties":{"mountain_slug":"matterhorn","name":"Militärweg","length_km":0.88,"elevation_gain_m":213,"source":"© OpenStreetMap contributors (ODbL), via Overture Maps","note":"Longest of 3 OpenStreetMap pieces with this name that do not join into one line (0.9 of 2.1 km in the bbox)."},"geometry":{"type":"LineString","coordinates":[[7.783511,46.076226],[7.783704,46.076212],[7.783356,46.075949],[7.783934,46.075985],[7.783917,46.075858],[7.784075,46.075848],[7.784144,46.07571],[7.784503,46.075812],[7.784472,46.075644],[7.784672,46.075687],[7.784687,46.075566],[7.785329,46.075716],[7.78537,46.075433],[7.785729,46.075529],[7.785935,46.075267],[7.786223,46.075261],[7.786288,46.075152],[7.786619,46.075284],[7.786872,46.074894],[7.78709,46.07507],[7.787036,46.074658],[7.787288,46.074275],[7.787328,46.073888],[7.78767,46.073994],[7.78822,46.073234],[7.788268,46.072573],[7.788502,46.072759]]}},
{"type":"Feature","properties":{"mountain_slug":"matterhorn","name":"Mittagstadel","length_km":0.44,"elevation_gain_m":15,"source":"© OpenStreetMap contributors (ODbL), via Overture Maps"},"geometry":{"type":"LineString","coordinates":[[7.755624,46.027955],[7.755757,46.027879],[7.755905,46.027433],[7.756237,46.027086],[7.756263,46.026113],[7.756102,46.025607],[7.756235,46.025451],[7.756438,46.024152]]}},
{"type":"Feature","properties":{"mountain_slug":"matterhorn","name":"Moos Trail","length_km":1.25,"elevation_gain_m":125,"source":"© OpenStreetMap contributors (ODbL), via Overture Maps"},"geometry":{"type":"LineString","coordinates":[[7.742402,46.007119],[7.742382,46.006982],[7.742557,46.006865],[7.742103,46.00658],[7.741728,46.006165],[7.74121,46.005861],[7.740992,46.005432],[7.740301,46.005044],[7.739966,46.004739],[7.739476,46.004673],[7.739507,46.004598],[7.739827,46.004586],[7.739874,46.00448],[7.738957,46.004465],[7.738837,46.004598],[7.738212,46.00483],[7.73793,46.00486],[7.737806,46.0048],[7.737882,46.004491],[7.737669,46.004422],[7.737629,46.004281],[7.736897,46.004055],[7.736952,46.003976],[7.736757,46.003851],[7.73708,46.003727],[7.737328,46.003782],[7.737421,46.003726],[7.73742,46.003372],[7.737189,46.003266],[7.737375,46.003165],[7.737234,46.003082],[7.737449,46.003026],[7.737235,46.002963],[7.737435,46.002854],[7.737433,46.002578],[7.737202,46.002493],[7.737427,46.002418],[7.737058,46.002421],[7.736951,46.002107],[7.737108,46.001807],[7.737146,46.001329]]}},
{"type":"Feature","properties":{"mountain_slug":"matterhorn","name":"Mulattiera Mont-Perron Mont-Mené","length_km":0.63,"elevation_gain_m":151,"source":"© OpenStreetMap contributors (ODbL), via Overture Maps"},"geometry":{"type":"LineString","coordinates":[[7.606381,45.862892],[7.606022,45.862774],[7.605222,45.862116],[7.604468,45.861979],[7.60425,45.861717],[7.604104,45.861194],[7.603603,45.860947],[7.603304,45.860379],[7.60239,45.860129],[7.602294,45.860212],[7.602359,45.860315],[7.602266,45.860356],[7.602334,45.860413],[7.602275,45.860713],[7.602114,45.860891],[7.602207,45.860994],[7.601995,45.861015]]}},
{"type":"Feature","properties":{"mountain_slug":"matterhorn","name":"Mulattiera da Crétaz a Promindot","length_km":1.2,"elevation_gain_m":334,"source":"© OpenStreetMap contributors (ODbL), via Overture Maps"},"geometry":{"type":"LineString","coordinates":[[7.62513,45.873498],[7.625856,45.873312],[7.62607,45.873089],[7.626035,45.872835],[7.62659,45.872574],[7.627221,45.872147],[7.627688,45.872338],[7.628175,45.872755],[7.628515,45.87284],[7.628622,45.87278],[7.629022,45.872926],[7.629026,45.872818],[7.629363,45.872882],[7.629446,45.872669],[7.62981,45.872749],[7.629466,45.872291],[7.629493,45.872017],[7.629588,45.871986],[7.630436,45.872214],[7.630495,45.872145],[7.630618,45.872184],[7.630693,45.87211],[7.631117,45.872082],[7.631129,45.871974],[7.631497,45.872024],[7.631283,45.871812],[7.631537,45.871823],[7.631406,45.871693],[7.631739,45.871671],[7.631283,45.871357],[7.631268,45.871194],[7.631616,45.871227],[7.631644,45.871037],[7.631948,45.871056],[7.632123,45.8708],[7.632584,45.87058],[7.63296,45.870536],[7.633142,45.870585],[7.633814,45.870326]]}},
{"type":"Feature","properties":{"mountain_slug":"matterhorn","name":"Murmeltierweg","length_km":0.27,"elevation_gain_m":64,"source":"© OpenStreetMap contributors (ODbL), via Overture Maps"},"geometry":{"type":"LineString","coordinates":[[7.78455,46.015893],[7.785127,46.016119],[7.785298,46.016139],[7.785435,46.016067],[7.785516,46.016111],[7.78566,46.015992],[7.785773,46.016041],[7.78602,46.016229],[7.785945,46.016473],[7.786205,46.016626],[7.786275,46.016821],[7.786811,46.016963]]}},
{"type":"Feature","properties":{"mountain_slug":"matterhorn","name":"Mürini","length_km":1.14,"elevation_gain_m":271,"source":"© OpenStreetMap contributors (ODbL), via Overture Maps","note":"Joined across 18 m of Mittagstadel."},"geometry":{"type":"LineString","coordinates":[[7.754846,46.024996],[7.754993,46.025128],[7.754879,46.02548],[7.755003,46.025705],[7.756102,46.025607],[7.756157,46.025767],[7.756335,46.025709],[7.756763,46.026093],[7.757061,46.025466],[7.757333,46.025802],[7.757665,46.026014],[7.757728,46.025797],[7.758022,46.026035],[7.758005,46.025831],[7.758278,46.025999],[7.758687,46.025993],[7.758834,46.026173],[7.759021,46.025905],[7.759328,46.026301],[7.759295,46.026509],[7.759575,46.026317],[7.75973,46.026457],[7.759909,46.026371],[7.760281,46.026409],[7.760646,46.026317],[7.760786,46.026193],[7.761004,46.026215],[7.762208,46.025737],[7.762964,46.025279],[7.763184,46.024897],[7.763548,46.024683]]}},
{"type":"Feature","properties":{"mountain_slug":"matterhorn","name":"N-Grat Firn","length_km":1.23,"elevation_gain_m":355,"source":"© OpenStreetMap contributors (ODbL), via Overture Maps"},"geometry":{"type":"LineString","coordinates":[[7.710829,46.111],[7.71083,46.110846],[7.711291,46.110122],[7.711403,46.109511],[7.711774,46.108821],[7.711857,46.108387],[7.711746,46.108082],[7.711954,46.107565],[7.711799,46.107197],[7.711861,46.107131],[7.712002,46.107153],[7.712645,46.106573],[7.713144,46.105732],[7.713599,46.105265],[7.714022,46.104501],[7.714316,46.104348],[7.714718,46.103934],[7.71471,46.103724],[7.714897,46.103576],[7.715077,46.102955],[7.71532,46.102836],[7.715922,46.102244],[7.71607,46.10125]]}},
{"type":"Feature","properties":{"mountain_slug":"matterhorn","name":"Normalweg zum Dom","length_km":4.57,"elevation_gain_m":1515,"source":"© OpenStreetMap contributors (ODbL), via Overture Maps"},"geometry":{"type":"LineString","coordinates":[[7.80822,46.104565],[7.808452,46.10466],[7.808409,46.104734],[7.808602,46.104734],[7.808656,46.104861],[7.808753,46.104861],[7.808828,46.105181],[7.809278,46.104958],[7.809439,46.104645],[7.809847,46.104303],[7.809858,46.104005],[7.810472,46.103563],[7.810387,46.103389],[7.810616,46.103544],[7.810911,46.103316],[7.810961,46.103214],[7.810716,46.102808],[7.810798,46.102762],[7.810707,46.102721],[7.81075,46.102593],[7.811446,46.102666],[7.812014,46.102629],[7.812551,46.102823],[7.812729,46.103072],[7.812629,46.103168],[7.81283,46.103247],[7.812454,46.103894],[7.812658,46.104154],[7.813137,46.104124],[7.813364,46.10388],[7.813477,46.104127],[7.813355,46.104288],[7.814289,46.104549],[7.814989,46.104609],[7.815089,46.104463],[7.814954,46.103894],[7.815126,46.103715],[7.815737,46.103515],[7.8169,46.103326],[7.817186,46.103098],[7.817795,46.103074],[7.817485,46.102724],[7.81756,46.102641],[7.817972,46.102633],[7.818484,46.102235],[7.81961,46.102131],[7.82225,46.101655],[7.823237,46.101729],[7.825822,46.101588],[7.827002,46.101655],[7.827764,46.101514],[7.829062,46.101469],[7.830103,46.101603],[7.830961,46.101491],[7.833322,46.101387],[7.833955,46.101506],[7.835468,46.101454],[7.836004,46.101655],[7.83654,46.10158],[7.837409,46.101729],[7.837753,46.101647],[7.83875,46.101833],[7.842463,46.101982],[7.843461,46.101938],[7.845638,46.10158],[7.84676,46.101302],[7.847261,46.101742],[7.847603,46.101728],[7.84809,46.101409],[7.848412,46.10143],[7.849608,46.102056],[7.850016,46.102481],[7.850166,46.103425],[7.850509,46.103708],[7.850885,46.104474],[7.851636,46.105025],[7.852119,46.105114],[7.852634,46.104906],[7.853,46.104893]]}},
{"type":"Feature","properties":{"mountain_slug":"matterhorn","name":"Oberblattje","length_km":1.12,"elevation_gain_m":253,"source":"© OpenStreetMap contributors (ODbL), via Overture Maps"},"geometry":{"type":"LineString","coordinates":[[7.740754,46.018969],[7.740071,46.018065],[7.740078,46.017993],[7.740568,46.017826],[7.740644,46.017606],[7.74048,46.017292],[7.739492,46.016847],[7.739342,46.016843],[7.739243,46.016927],[7.73854,46.016776],[7.738465,46.01685],[7.738063,46.016621],[7.738004,46.016381],[7.737736,46.016249],[7.737651,46.016023],[7.737492,46.015976],[7.737197,46.01596],[7.73708,46.016042],[7.736235,46.015756],[7.736099,46.015865],[7.735849,46.015866],[7.735786,46.015941],[7.735103,46.015659],[7.734877,46.015682],[7.734816,46.015792],[7.734634,46.015725],[7.733963,46.015364],[7.734104,46.01513],[7.733362,46.014961],[7.733146,46.014633],[7.732675,46.014417]]}},
{"type":"Feature","properties":{"mountain_slug":"matterhorn","name":"Oberdorfstrasse","length_km":0.47,"elevation_gain_m":17,"source":"© OpenStreetMap contributors (ODbL), via Overture Maps"},"geometry":{"type":"LineString","coordinates":[[7.742836,46.016138],[7.745019,46.017813],[7.745503,46.019161],[7.745916,46.019263],[7.746079,46.019442]]}},
{"type":"Feature","properties":{"mountain_slug":"matterhorn","name":"Obere Mattenstrasse","length_km":0.22,"elevation_gain_m":8,"source":"© OpenStreetMap contributors (ODbL), via Overture Maps"},"geometry":{"type":"LineString","coordinates":[[7.750622,46.023038],[7.750247,46.022656],[7.74978,46.022351],[7.749375,46.021891],[7.748724,46.021558]]}},
{"type":"Feature","properties":{"mountain_slug":"matterhorn","name":"Oberhäusern","length_km":0.32,"elevation_gain_m":80,"source":"© OpenStreetMap contributors (ODbL), via Overture Maps"},"geometry":{"type":"LineString","coordinates":[[7.751539,46.020143],[7.751911,46.020246],[7.752226,46.020474],[7.752425,46.020361],[7.752475,46.020197],[7.752933,46.020096],[7.753135,46.020099],[7.753508,46.020295],[7.75379,46.020312],[7.753904,46.020187],[7.753861,46.020118],[7.754043,46.02011],[7.754025,46.01994],[7.754266,46.020044]]}},
{"type":"Feature","properties":{"mountain_slug":"matterhorn","name":"Oberhäusernweg","length_km":0.33,"elevation_gain_m":51,"source":"© OpenStreetMap contributors (ODbL), via Overture Maps"},"geometry":{"type":"LineString","coordinates":[[7.786261,46.102498],[7.786367,46.102672],[7.786661,46.102802],[7.786631,46.103045],[7.786746,46.103198],[7.786693,46.103522],[7.786857,46.103828],[7.787269,46.10409],[7.787742,46.104737],[7.788101,46.104899]]}},
{"type":"Feature","properties":{"mountain_slug":"matterhorn","name":"Obers Moos","length_km":0.3,"elevation_gain_m":28,"source":"© OpenStreetMap contributors (ODbL), via Overture Maps"},"geometry":{"type":"LineString","coordinates":[[7.741751,46.006968],[7.741609,46.006418],[7.74122,46.006271],[7.740619,46.005665],[7.739355,46.004956]]}},
{"type":"Feature","properties":{"mountain_slug":"matterhorn","name":"Panoramaweg","length_km":1.17,"elevation_gain_m":80,"source":"© OpenStreetMap contributors (ODbL), via Overture Maps"},"geometry":{"type":"LineString","coordinates":[[7.77461,46.057912],[7.774795,46.057786],[7.775064,46.057779],[7.775471,46.058121],[7.776233,46.058512],[7.776362,46.05868],[7.776378,46.058911],[7.776909,46.059473],[7.777483,46.059703],[7.777896,46.059986],[7.778073,46.060269],[7.778298,46.060284],[7.778368,46.060511],[7.778556,46.060567],[7.778583,46.060764],[7.77876,46.060921],[7.778733,46.061073],[7.779178,46.061855],[7.779221,46.06209],[7.779098,46.062469],[7.779709,46.062815],[7.779736,46.06318],[7.78016,46.063552],[7.780112,46.064349],[7.780299,46.064635],[7.780348,46.065008],[7.780583,46.065283],[7.780577,46.065971],[7.780696,46.066143]]}},
{"type":"Feature","properties":{"mountain_slug":"matterhorn","name":"Panoramaweg Monte Rosa Hütte","length_km":5.45,"elevation_gain_m":453,"source":"© OpenStreetMap contributors (ODbL), via Overture Maps"},"geometry":{"type":"LineString","coordinates":[[7.800133,45.977421],[7.801154,45.977687],[7.801558,45.977661],[7.802113,45.977846],[7.803355,45.977957],[7.804464,45.978433],[7.805227,45.97865],[7.805525,45.978647],[7.805971,45.978761],[7.806465,45.978955],[7.807024,45.979068],[7.807359,45.979242],[7.808134,45.979348],[7.808762,45.979585],[7.809618,45.979745],[7.810333,45.979783],[7.810589,45.979649],[7.810602,45.979321],[7.810818,45.979222],[7.811935,45.978896],[7.812659,45.978797],[7.815161,45.978155],[7.815325,45.977982],[7.816378,45.977593],[7.816546,45.977423],[7.817488,45.97691],[7.819164,45.976507],[7.819589,45.976338],[7.819689,45.976372],[7.820679,45.976121],[7.820324,45.975878],[7.820321,45.975725],[7.819973,45.975344],[7.818828,45.974929],[7.818733,45.974654],[7.818451,45.974487],[7.818279,45.974162],[7.817993,45.973996],[7.817358,45.973307],[7.817213,45.972984],[7.816877,45.972851],[7.816501,45.972269],[7.817144,45.972138],[7.81689,45.971993],[7.816851,45.971883],[7.817037,45.971795],[7.816971,45.971656],[7.817037,45.971522],[7.81723,45.971515],[7.816719,45.971037],[7.817153,45.970675],[7.816558,45.969735],[7.81628,45.969554],[7.816053,45.969176],[7.815877,45.969094],[7.816177,45.969005],[7.816356,45.96881],[7.816214,45.968606],[7.81622,45.968385],[7.816349,45.968317],[7.816066,45.967737],[7.81652,45.967111],[7.817519,45.966587],[7.817661,45.966292],[7.817937,45.966238],[7.818208,45.965925],[7.81813,45.965779],[7.81828,45.965474],[7.818685,45.965256],[7.818985,45.964832],[7.820045,45.964355],[7.820292,45.963911],[7.82075,45.963395],[7.820705,45.963233],[7.820889,45.962951],[7.821146,45.96287],[7.82141,45.962666],[7.82159,45.962656],[7.821761,45.9623],[7.821973,45.962172],[7.822035,45.961607],[7.82264,45.961297],[7.822745,45.960863],[7.823029,45.960684],[7.823293,45.960658],[7.823501,45.960543],[7.823608,45.96025],[7.823894,45.960222],[7.824148,45.959865],[7.824318,45.959794],[7.824169,45.959315],[7.823918,45.959069],[7.823991,45.958741],[7.823848,45.958079],[7.823521,45.957859],[7.823216,45.957879],[7.823054,45.957999],[7.822947,45.957769],[7.82204,45.9579],[7.822019,45.95777],[7.82152,45.957687],[7.821246,45.957467],[7.820978,45.957393],[7.821025,45.957279],[7.820007,45.957855],[7.819583,45.957997],[7.818969,45.958034],[7.817966,45.958329],[7.81776,45.957684],[7.817609,45.957799],[7.817529,45.95777],[7.81755,45.95755],[7.817368,45.957475],[7.817363,45.957359],[7.817202,45.957348],[7.817244,45.957281],[7.816832,45.957158],[7.816853,45.957068],[7.816311,45.956945],[7.816059,45.957065],[7.815549,45.957009],[7.815464,45.956942],[7.815297,45.956957],[7.815126,45.956759],[7.814506,45.95679]]}},
{"type":"Feature","properties":{"mountain_slug":"matterhorn","name":"Pas du Chasseur","length_km":1.07,"elevation_gain_m":423,"source":"© OpenStreetMap contributors (ODbL), via Overture Maps"},"geometry":{"type":"LineString","coordinates":[[7.633542,46.111],[7.634017,46.110481],[7.63411,46.110024],[7.634606,46.109437],[7.63523,46.108002],[7.63551,46.108284],[7.635699,46.108091],[7.636184,46.108202],[7.637005,46.108546],[7.638159,46.108421],[7.638288,46.108064],[7.63905,46.107618],[7.639886,46.106179],[7.640509,46.105617],[7.640531,46.105475],[7.641197,46.105595]]}},
{"type":"Feature","properties":{"mountain_slug":"matterhorn","name":"Pathway to Rossi e Volante shelter","length_km":2.59,"elevation_gain_m":212,"source":"© OpenStreetMap contributors (ODbL), via Overture Maps"},"geometry":{"type":"LineString","coordinates":[[7.770692,45.929647],[7.77086,45.930194],[7.770726,45.9306],[7.77001,45.931187],[7.766179,45.933098],[7.763103,45.933865],[7.761317,45.934998],[7.758939,45.935727],[7.757176,45.935258],[7.754994,45.934481],[7.753453,45.93438],[7.752857,45.934111],[7.751317,45.933775],[7.745228,45.93295],[7.743148,45.9329],[7.741836,45.932745]]}},
{"type":"Feature","properties":{"mountain_slug":"matterhorn","name":"Pathway to Western Breithorn","length_km":2.09,"elevation_gain_m":355,"source":"© OpenStreetMap contributors (ODbL), via Overture Maps"},"geometry":{"type":"LineString","coordinates":[[7.732547,45.932122],[7.733896,45.931781],[7.734478,45.93173],[7.738099,45.931657],[7.739579,45.931944],[7.741836,45.932745],[7.743489,45.933537],[7.744727,45.934613],[7.744931,45.934933],[7.745855,45.935834],[7.746349,45.936442],[7.747048,45.937788],[7.74807,45.938202],[7.747999,45.938391],[7.746681,45.939611],[7.746312,45.940138],[7.746,45.940664],[7.745933,45.94126],[7.746468,45.941226],[7.746556,45.941306],[7.747352,45.941183],[7.747732,45.941013]]}},
{"type":"Feature","properties":{"mountain_slug":"matterhorn","name":"Ranftweg","length_km":1.16,"elevation_gain_m":73,"source":"© OpenStreetMap contributors (ODbL), via Overture Maps"},"geometry":{"type":"LineString","coordinates":[[7.780327,46.083071],[7.780792,46.083129],[7.780824,46.083071],[7.780598,46.082917],[7.780578,46.082122],[7.780257,46.081747],[7.780277,46.081451],[7.780377,46.08147],[7.780604,46.081897],[7.781242,46.08234],[7.781355,46.08228],[7.780746,46.081205],[7.780773,46.080837],[7.780312,46.079348],[7.78036,46.078877],[7.779978,46.07825],[7.779975,46.077066],[7.779781,46.076938],[7.779612,46.076992],[7.7794,46.076946],[7.779107,46.076714],[7.77869,46.075942]]}},
{"type":"Feature","properties":{"mountain_slug":"matterhorn","name":"Retinenweg","length_km":1.28,"elevation_gain_m":38,"source":"© OpenStreetMap contributors (ODbL), via Overture Maps"},"geometry":{"type":"LineString","coordinates":[[7.779227,46.101678],[7.78015,46.100015],[7.780121,46.099265],[7.779425,46.097442],[7.7787,46.095062],[7.778485,46.093728],[7.778341,46.093344],[7.777477,46.092119],[7.777445,46.091818],[7.77769,46.091434],[7.778035,46.091179],[7.77838,46.091152],[7.778617,46.091216],[7.778692,46.091158]]}},
{"type":"Feature","properties":{"mountain_slug":"matterhorn","name":"Riedstrasse","length_km":0.34,"elevation_gain_m":13,"source":"© OpenStreetMap contributors (ODbL), via Overture Maps"},"geometry":{"type":"LineString","coordinates":[[7.748714,46.018551],[7.749342,46.018174],[7.74952,46.018135],[7.749896,46.018196],[7.750088,46.018335],[7.751311,46.02002]]}},
{"type":"Feature","properties":{"mountain_slug":"matterhorn","name":"Riedweg","length_km":1.47,"elevation_gain_m":176,"source":"© OpenStreetMap contributors (ODbL), via Overture Maps"},"geometry":{"type":"LineString","coordinates":[[7.751311,46.02002],[7.751607,46.020235],[7.751463,46.021036],[7.751845,46.021288],[7.752247,46.021244],[7.752408,46.021507],[7.752608,46.021598],[7.753817,46.021509],[7.754194,46.02203],[7.754696,46.022141],[7.755097,46.02237],[7.755864,46.022515],[7.756647,46.023775],[7.756765,46.023871],[7.757196,46.023975],[7.757031,46.024342],[7.756962,46.025171],[7.757003,46.025292],[7.75731,46.02546],[7.757665,46.026014],[7.757512,46.026358],[7.757729,46.027115],[7.757659,46.027592],[7.757864,46.027808],[7.759303,46.02805],[7.759664,46.028704],[7.760142,46.029032]]}},
{"type":"Feature","properties":{"mountain_slug":"matterhorn","name":"Riffelberg Trail","length_km":1.12,"elevation_gain_m":112,"source":"© OpenStreetMap contributors (ODbL), via Overture Maps"},"geometry":{"type":"LineString","coordinates":[[7.737761,45.99922],[7.737909,45.998984],[7.738104,45.998893],[7.738224,45.998601],[7.738495,45.998896],[7.738578,45.998518],[7.738656,45.998522],[7.73867,45.998659],[7.738933,45.998758],[7.738838,45.998465],[7.739073,45.998535],[7.738953,45.998354],[7.739305,45.998611],[7.739278,45.99841],[7.739045,45.998184],[7.739131,45.998156],[7.739458,45.998336],[7.739262,45.99815],[7.739524,45.998195],[7.73935,45.998017],[7.739582,45.998095],[7.739802,45.998297],[7.739734,45.998096],[7.739816,45.998073],[7.739961,45.998295],[7.740054,45.998299],[7.739829,45.997742],[7.740161,45.997918],[7.740399,45.998499],[7.740518,45.998498],[7.740662,45.99836],[7.740656,45.998209],[7.740743,45.998236],[7.74054,45.998884],[7.740661,45.998895],[7.740647,45.999056],[7.742158,45.999132]]}},
{"type":"Feature","properties":{"mountain_slug":"matterhorn","name":"Riffelberg-Trail","length_km":1.8,"elevation_gain_m":155,"source":"© OpenStreetMap contributors (ODbL), via Overture Maps","note":"Longest of 3 OpenStreetMap pieces with this name that do not join into one line (1.8 of 3.1 km in the bbox)."},"geometry":{"type":"LineString","coordinates":[[7.753081,46.003394],[7.753362,46.003539],[7.754143,46.003647],[7.755003,46.0036],[7.755397,46.003454],[7.755336,46.003383],[7.754225,46.003317],[7.753689,46.00296],[7.753697,46.002228],[7.753799,46.002209],[7.753879,46.002527],[7.754075,46.002714],[7.754165,46.002706],[7.754081,46.001985],[7.754246,46.001348],[7.754374,46.001167],[7.754717,46.00095],[7.754813,46.000902],[7.75506,46.000962],[7.755447,46.000874],[7.757353,46.001093],[7.757901,46.001006],[7.758289,46.000654],[7.758868,46.000425],[7.758912,46.000224],[7.759348,46.000071],[7.759306,45.999294],[7.759063,45.999062],[7.759668,45.999253],[7.759719,45.999368],[7.759966,45.999463],[7.760461,45.999842],[7.760539,45.999778],[7.76031,45.999317],[7.760145,45.999237],[7.760131,45.99903],[7.761002,45.99953],[7.761057,45.999482],[7.760668,45.999024],[7.760649,45.99881],[7.76075,45.998664],[7.760874,45.998954],[7.761379,45.999107]]}},
{"type":"Feature","properties":{"mountain_slug":"matterhorn","name":"Ritzengrat","length_km":2.6,"elevation_gain_m":603,"source":"© OpenStreetMap contributors (ODbL), via Overture Maps"},"geometry":{"type":"LineString","coordinates":[[7.782598,46.035386],[7.782575,46.035232],[7.782923,46.035331],[7.783075,46.035274],[7.78326,46.035349],[7.783492,46.03529],[7.783518,46.0354],[7.783737,46.035152],[7.783657,46.034896],[7.784025,46.034804],[7.783583,46.034578],[7.783424,46.034405],[7.783305,46.034174],[7.783385,46.034084],[7.783728,46.03417],[7.783611,46.034001],[7.783747,46.034029],[7.783855,46.033868],[7.78405,46.034017],[7.784189,46.034025],[7.784184,46.033875],[7.784487,46.033872],[7.78441,46.033769],[7.784733,46.033677],[7.784878,46.033443],[7.785589,46.033309],[7.785705,46.033109],[7.785928,46.033103],[7.786824,46.032814],[7.786971,46.032865],[7.786985,46.032782],[7.787288,46.032705],[7.787387,46.032764],[7.787529,46.032595],[7.788784,46.03198],[7.789149,46.03164],[7.789104,46.031498],[7.789543,46.031387],[7.789699,46.031246],[7.790016,46.031238],[7.790132,46.030998],[7.790309,46.03112],[7.790544,46.031001],[7.790654,46.031077],[7.7907,46.030991],[7.791066,46.031014],[7.791105,46.030836],[7.791287,46.030788],[7.79163,46.03032],[7.791941,46.03014],[7.792097,46.029837],[7.792293,46.029675],[7.792307,46.029461],[7.792681,46.02918],[7.792706,46.029013],[7.79282,46.02895],[7.792754,46.028757],[7.793026,46.028255],[7.792989,46.027884],[7.793258,46.027465],[7.793046,46.02725],[7.79338,46.027061],[7.793219,46.026989],[7.793378,46.026855],[7.793457,46.026635],[7.793392,46.026568],[7.794041,46.025801],[7.794149,46.025837],[7.794402,46.025514],[7.794714,46.025331],[7.794886,46.02535],[7.794975,46.025278],[7.795023,46.025],[7.795227,46.024872],[7.795203,46.024736],[7.795063,46.024788],[7.795191,46.024491],[7.795483,46.024265],[7.79562,46.023898],[7.795908,46.023576],[7.795824,46.023392],[7.796024,46.02352],[7.796032,46.023303],[7.796309,46.023011],[7.796365,46.022566],[7.796129,46.021982],[7.795998,46.021958],[7.796142,46.021636],[7.7963,46.021734],[7.79629,46.02157],[7.796479,46.021621],[7.79647,46.021404]]}},
{"type":"Feature","properties":{"mountain_slug":"matterhorn","name":"Route Alpage de Pra Gra","length_km":1.03,"elevation_gain_m":201,"source":"© OpenStreetMap contributors (ODbL), via Overture Maps","note":"Joined across 51 m of unnamed path. Longest of 3 OpenStreetMap pieces with this name that do not join into one line (1.0 of 1.4 km in the bbox)."},"geometry":{"type":"LineString","coordinates":[[7.475335,46.035494],[7.475068,46.0353],[7.474795,46.03492],[7.474451,46.034831],[7.474317,46.035035],[7.474376,46.03527],[7.474112,46.03561],[7.474175,46.036327],[7.474301,46.036447],[7.474108,46.036801],[7.474033,46.037717],[7.474537,46.038091],[7.474498,46.038138],[7.474137,46.038178],[7.473353,46.038117],[7.473398,46.038309],[7.472884,46.038206],[7.472569,46.037915],[7.472354,46.037843],[7.472311,46.038074],[7.472611,46.038715],[7.472577,46.038818],[7.47175,46.038724],[7.471032,46.038446],[7.470664,46.038029]]}},
{"type":"Feature","properties":{"mountain_slug":"matterhorn","name":"Route de Pramousse","length_km":0.27,"elevation_gain_m":9,"source":"© OpenStreetMap contributors (ODbL), via Overture Maps"},"geometry":{"type":"LineString","coordinates":[[7.488202,46.03969],[7.4884,46.039669],[7.488497,46.03995],[7.488756,46.04013],[7.489027,46.040112],[7.489068,46.039997],[7.48857,46.03918],[7.488556,46.038929],[7.488226,46.038891]]}},
{"type":"Feature","properties":{"mountain_slug":"matterhorn","name":"Route de la Digue","length_km":3.41,"elevation_gain_m":129,"source":"© OpenStreetMap contributors (ODbL), via Overture Maps","note":"Joined across 18 m of Route de la Digue, unnamed track. Longest of 3 OpenStreetMap pieces with this name that do not join into one line (3.4 of 3.7 km in the bbox)."},"geometry":{"type":"LineString","coordinates":[[7.5052,46.08432],[7.504848,46.08454],[7.50465,46.085791],[7.50498,46.086302],[7.504976,46.086462],[7.504808,46.086553],[7.504934,46.086511],[7.504976,46.086462],[7.505178,46.08707],[7.505158,46.087623],[7.50527,46.087959],[7.505226,46.088477],[7.504653,46.089282],[7.504689,46.090057],[7.505013,46.090687],[7.504715,46.091436],[7.504306,46.091982],[7.504136,46.092542],[7.50369,46.093037],[7.503616,46.093624],[7.503736,46.094052],[7.503375,46.094367],[7.503311,46.095585],[7.502747,46.096834],[7.5029,46.097631],[7.503068,46.097904],[7.503053,46.098206],[7.503427,46.098047],[7.504057,46.097572],[7.50429,46.096706],[7.505102,46.095865],[7.505445,46.094905],[7.505516,46.094308],[7.505289,46.093225],[7.505445,46.092457],[7.505308,46.091591],[7.506404,46.088427],[7.505427,46.086062],[7.505208,46.084703],[7.505216,46.083693],[7.505093,46.083366]]}},
{"type":"Feature","properties":{"mountain_slug":"matterhorn","name":"Ru Courtod","length_km":1.01,"elevation_gain_m":26,"source":"© OpenStreetMap contributors (ODbL), via Overture Maps","note":"Longest of 2 OpenStreetMap pieces with this name that do not join into one line (1.0 of 1.1 km in the bbox)."},"geometry":{"type":"LineString","coordinates":[[7.717566,45.841],[7.717563,45.841179],[7.717777,45.841575],[7.719,45.84215],[7.719316,45.842416],[7.719817,45.843262],[7.719859,45.84378],[7.720308,45.844282],[7.720301,45.844667],[7.720802,45.845032],[7.721567,45.845205],[7.722635,45.845801],[7.723399,45.845972],[7.723693,45.846128],[7.724268,45.846789],[7.724596,45.847733]]}},
{"type":"Feature","properties":{"mountain_slug":"matterhorn","name":"Rundweg","length_km":1.73,"elevation_gain_m":162,"source":"© OpenStreetMap contributors (ODbL), via Overture Maps"},"geometry":{"type":"LineString","coordinates":[[7.773854,46.058163],[7.773068,46.058278],[7.772601,46.058438],[7.771485,46.059134],[7.771287,46.059469],[7.771046,46.059205],[7.770767,46.059718],[7.770659,46.059763],[7.770751,46.059893],[7.770659,46.060009],[7.770541,46.059834],[7.770396,46.059815],[7.77038,46.059908],[7.770171,46.059875],[7.77015,46.060057],[7.770348,46.060571],[7.770595,46.060909],[7.770413,46.060984],[7.77038,46.061122],[7.770563,46.06123],[7.770761,46.061929],[7.770724,46.062138],[7.770938,46.062503],[7.771035,46.063061],[7.771384,46.063683],[7.771963,46.06426],[7.771872,46.065],[7.77229,46.065186],[7.772564,46.065905],[7.77258,46.066251],[7.772945,46.066706],[7.772875,46.066887],[7.772982,46.067144],[7.772896,46.067163],[7.772939,46.067498],[7.772725,46.067855],[7.772784,46.068086],[7.772907,46.068082],[7.772955,46.067996],[7.773084,46.068175],[7.773213,46.068015],[7.773449,46.068175],[7.773922,46.067663],[7.773944,46.067342],[7.774238,46.066875]]}},
{"type":"Feature","properties":{"mountain_slug":"matterhorn","name":"Salita alla Punta Lioy","length_km":2.57,"elevation_gain_m":544,"source":"© OpenStreetMap contributors (ODbL), via Overture Maps"},"geometry":{"type":"LineString","coordinates":[[7.576328,45.94929],[7.57674,45.94942],[7.576959,45.949383],[7.577151,45.949438],[7.57768,45.949285],[7.577788,45.949375],[7.578189,45.949458],[7.578564,45.94944],[7.579021,45.948882],[7.579272,45.948799],[7.57963,45.949036],[7.579991,45.949091],[7.580161,45.949005],[7.580661,45.948976],[7.582724,45.949192],[7.583119,45.949368],[7.583296,45.949583],[7.583555,45.949698],[7.584008,45.94971],[7.585212,45.94995],[7.586723,45.949818],[7.588163,45.949796],[7.588732,45.949696],[7.59098,45.949829],[7.593161,45.949811],[7.59506,45.949666],[7.596141,45.949527],[7.596724,45.94931],[7.597084,45.949328],[7.597317,45.949073],[7.597408,45.949176],[7.597644,45.949233],[7.597799,45.948894],[7.597907,45.949052],[7.59812,45.949143],[7.598143,45.94896],[7.598264,45.948853],[7.598321,45.948969],[7.598578,45.948639],[7.598591,45.948688],[7.598711,45.948603],[7.598875,45.94865],[7.599097,45.948481],[7.599716,45.948423],[7.600272,45.948193],[7.600785,45.948303],[7.600803,45.948087],[7.600921,45.94802],[7.600741,45.947816],[7.600782,45.947732],[7.600699,45.94774],[7.600566,45.947581],[7.600109,45.947467],[7.599861,45.947171],[7.599761,45.947227],[7.59963,45.947079],[7.599563,45.947115],[7.59936,45.946992],[7.599351,45.947056],[7.599248,45.946965],[7.59891,45.946942]]}},
{"type":"Feature","properties":{"mountain_slug":"matterhorn","name":"Schalachernweg","length_km":0.35,"elevation_gain_m":27,"source":"© OpenStreetMap contributors (ODbL), via Overture Maps"},"geometry":{"type":"LineString","coordinates":[[7.771807,46.082615],[7.773042,46.084157],[7.772986,46.084785],[7.773136,46.085011],[7.773002,46.08544]]}},
{"type":"Feature","properties":{"mountain_slug":"matterhorn","name":"Schaliweg","length_km":1.76,"elevation_gain_m":57,"source":"© OpenStreetMap contributors (ODbL), via Overture Maps"},"geometry":{"type":"LineString","coordinates":[[7.779391,46.092689],[7.778975,46.092596],[7.778709,46.092351],[7.778586,46.091705],[7.778692,46.091158],[7.778443,46.091031],[7.778652,46.090776],[7.778555,46.090772],[7.778433,46.090204],[7.778133,46.089599],[7.778039,46.088927],[7.777588,46.088256],[7.777012,46.087695],[7.776666,46.087217],[7.776295,46.086937],[7.776092,46.086533],[7.776285,46.085689],[7.776062,46.085064],[7.776181,46.084586],[7.775722,46.084115],[7.775126,46.083145],[7.774871,46.082976],[7.774776,46.082631],[7.774242,46.0819],[7.774568,46.081757],[7.778022,46.081647],[7.779261,46.081424]]}},
{"type":"Feature","properties":{"mountain_slug":"matterhorn","name":"Schanze","length_km":0.31,"elevation_gain_m":48,"source":"© OpenStreetMap contributors (ODbL), via Overture Maps"},"geometry":{"type":"LineString","coordinates":[[7.74822,46.016565],[7.748418,46.016505],[7.749718,46.017012],[7.749736,46.016917],[7.750261,46.016888],[7.750052,46.016758],[7.750281,46.016786],[7.750036,46.016609],[7.750256,46.016634],[7.750073,46.016523]]}},
{"type":"Feature","properties":{"mountain_slug":"matterhorn","name":"Schatzplattenweg","length_km":4.45,"elevation_gain_m":900,"source":"© OpenStreetMap contributors (ODbL), via Overture Maps"},"geometry":{"type":"LineString","coordinates":[[7.768551,46.08672],[7.76815,46.086755],[7.76784,46.086577],[7.767217,46.086718],[7.766776,46.086501],[7.766308,46.08654],[7.764894,46.086226],[7.764226,46.085813],[7.763793,46.085385],[7.763371,46.085482],[7.76329,46.085432],[7.763386,46.085071],[7.762774,46.084392],[7.761949,46.084154],[7.761677,46.084148],[7.761012,46.083878],[7.760373,46.084058],[7.760102,46.084063],[7.759953,46.083822],[7.759708,46.083658],[7.758506,46.083481],[7.75812,46.083326],[7.757697,46.083351],[7.757538,46.083285],[7.757344,46.082996],[7.756703,46.082727],[7.756474,46.08243],[7.755706,46.082095],[7.755365,46.082117],[7.755236,46.081889],[7.75486,46.081738],[7.754842,46.081829],[7.754425,46.081567],[7.75442,46.081653],[7.753545,46.081534],[7.753515,46.081308],[7.753194,46.08103],[7.752456,46.080645],[7.752356,46.080518],[7.751389,46.080189],[7.750563,46.080104],[7.748506,46.079354],[7.748032,46.079394],[7.747925,46.079274],[7.74716,46.078935],[7.746686,46.078463],[7.746304,46.078516],[7.746266,46.078614],[7.746507,46.078935],[7.745593,46.078664],[7.745253,46.078314],[7.744947,46.078346],[7.743739,46.0789],[7.741613,46.079335],[7.741004,46.079451],[7.739714,46.079396],[7.739182,46.079659],[7.739247,46.079868],[7.739095,46.079957],[7.739357,46.080035],[7.739214,46.080161],[7.738921,46.080176],[7.738546,46.080396],[7.738005,46.08125],[7.738459,46.081325],[7.738253,46.081522],[7.738914,46.08166],[7.738842,46.08175],[7.739579,46.081675],[7.739533,46.081862],[7.739847,46.081765],[7.739698,46.082091],[7.73923,46.08226],[7.739187,46.082337],[7.739286,46.082389],[7.739173,46.082633],[7.739398,46.082615],[7.739295,46.082859],[7.73972,46.082854],[7.739613,46.083107],[7.740924,46.082911],[7.74178,46.0827],[7.741769,46.082911],[7.74156,46.083157],[7.742046,46.083078],[7.742037,46.08313],[7.741334,46.083697],[7.741869,46.083596],[7.741818,46.083651],[7.742062,46.083715],[7.742491,46.083645],[7.742382,46.08388],[7.742853,46.083816],[7.742664,46.08408],[7.743443,46.08408],[7.742921,46.084618],[7.743563,46.084679],[7.74437,46.0849]]}},
{"type":"Feature","properties":{"mountain_slug":"matterhorn","name":"Scheibenwaldweg","length_km":0.24,"elevation_gain_m":49,"source":"© OpenStreetMap contributors (ODbL), via Overture Maps"},"geometry":{"type":"LineString","coordinates":[[7.744418,46.016509],[7.744537,46.016289],[7.744092,46.015996],[7.744483,46.016054],[7.744773,46.015966],[7.744653,46.015722],[7.744419,46.015549],[7.744692,46.015125]]}},
{"type":"Feature","properties":{"mountain_slug":"matterhorn","name":"Schluhmattstrasse","length_km":1.18,"elevation_gain_m":61,"source":"© OpenStreetMap contributors (ODbL), via Overture Maps"},"geometry":{"type":"LineString","coordinates":[[7.748223,46.018819],[7.747688,46.018398],[7.745695,46.017231],[7.744684,46.016725],[7.744418,46.016509],[7.743539,46.016136],[7.743161,46.015788],[7.742638,46.015079],[7.741798,46.013558],[7.741902,46.013216],[7.742113,46.013003],[7.743185,46.012505],[7.745434,46.012413],[7.745773,46.01233],[7.745908,46.012218]]}},
{"type":"Feature","properties":{"mountain_slug":"matterhorn","name":"Schwarzgrat","length_km":2.24,"elevation_gain_m":271,"source":"© OpenStreetMap contributors (ODbL), via Overture Maps"},"geometry":{"type":"LineString","coordinates":[[7.840846,46.017823],[7.840761,46.017933],[7.840398,46.018042],[7.839902,46.017922],[7.839689,46.018007],[7.839632,46.017895],[7.838624,46.017903],[7.838287,46.018017],[7.837298,46.018779],[7.836899,46.018722],[7.836505,46.01893],[7.83597,46.018944],[7.835831,46.019121],[7.835415,46.019243],[7.835403,46.019302],[7.834519,46.019436],[7.834092,46.01977],[7.833542,46.019977],[7.833123,46.020317],[7.83284,46.020742],[7.830559,46.021819],[7.830352,46.022157],[7.830058,46.022155],[7.829927,46.02223],[7.829899,46.022391],[7.829729,46.022462],[7.829106,46.022498],[7.828777,46.022671],[7.828436,46.023096],[7.828483,46.0232],[7.827365,46.023804],[7.826825,46.023898],[7.826544,46.023639],[7.82612,46.023626],[7.82509,46.023434],[7.82402,46.023464],[7.823684,46.023445],[7.8236,46.023381],[7.823386,46.023456],[7.822281,46.023507],[7.822162,46.023594],[7.82136,46.023693],[7.820069,46.023718],[7.819651,46.023943],[7.819115,46.023949],[7.8181,46.024339],[7.81775,46.024715],[7.817274,46.024728]]}},
{"type":"Feature","properties":{"mountain_slug":"matterhorn","name":"Scorciatoia per Fiery","length_km":0.22,"elevation_gain_m":80,"source":"© OpenStreetMap contributors (ODbL), via Overture Maps"},"geometry":{"type":"LineString","coordinates":[[7.729073,45.868019],[7.728794,45.868436],[7.72895,45.868639],[7.728827,45.868733],[7.728917,45.868795],[7.728855,45.868884],[7.729062,45.869083],[7.728939,45.86959],[7.729025,45.8697]]}},
{"type":"Feature","properties":{"mountain_slug":"matterhorn","name":"Seilerwiesenstrasse","length_km":0.34,"elevation_gain_m":13,"source":"© OpenStreetMap contributors (ODbL), via Overture Maps"},"geometry":{"type":"LineString","coordinates":[[7.749553,46.023544],[7.749488,46.023427],[7.748734,46.023132],[7.747228,46.021371],[7.746908,46.021413]]}},
{"type":"Feature","properties":{"mountain_slug":"matterhorn","name":"Sentier La Tsarmette","length_km":0.73,"elevation_gain_m":175,"source":"© OpenStreetMap contributors (ODbL), via Overture Maps"},"geometry":{"type":"LineString","coordinates":[[7.526673,46.106639],[7.526772,46.106615],[7.52725,46.107062],[7.527527,46.106629],[7.527498,46.106328],[7.527909,46.105517],[7.52853,46.10496],[7.528524,46.10524],[7.528752,46.105138],[7.528758,46.105285],[7.528896,46.105254],[7.528935,46.105307],[7.528977,46.10518],[7.529218,46.105071],[7.529266,46.105334],[7.529363,46.105249],[7.529437,46.105383],[7.530073,46.105127],[7.530112,46.105249],[7.530675,46.105084],[7.531681,46.104572]]}},
{"type":"Feature","properties":{"mountain_slug":"matterhorn","name":"Sentier de Bricola","length_km":3.19,"elevation_gain_m":596,"source":"© OpenStreetMap contributors (ODbL), via Overture Maps"},"geometry":{"type":"LineString","coordinates":[[7.55006,46.059127],[7.549962,46.058968],[7.550591,46.058911],[7.551067,46.058422],[7.551518,46.05819],[7.551734,46.0582],[7.551935,46.058113],[7.552083,46.057797],[7.552882,46.05736],[7.55295,46.056858],[7.553311,46.056445],[7.553292,46.056223],[7.553426,46.056002],[7.553616,46.055119],[7.553777,46.054888],[7.554309,46.054744],[7.554772,46.054435],[7.555146,46.054504],[7.555293,46.054815],[7.555225,46.055026],[7.555805,46.055336],[7.556988,46.054023],[7.557596,46.054109],[7.557652,46.054489],[7.558067,46.054451],[7.558358,46.05431],[7.558452,46.054706],[7.558845,46.054488],[7.558903,46.054645],[7.559145,46.054497],[7.559218,46.055086],[7.559272,46.055013],[7.559328,46.055104],[7.559552,46.054957],[7.55955,46.055124],[7.559915,46.055352],[7.560069,46.055709],[7.560112,46.055599],[7.560377,46.05585],[7.560465,46.055431],[7.560648,46.055132],[7.560957,46.054854],[7.561045,46.054949],[7.561181,46.05467],[7.561244,46.054726],[7.561454,46.054428],[7.561434,46.05429],[7.56129,46.054214],[7.561358,46.053879],[7.561399,46.053836],[7.561489,46.054029],[7.561638,46.053768],[7.561835,46.054044],[7.562067,46.054172],[7.562026,46.053984],[7.562144,46.054027],[7.562141,46.053886],[7.562204,46.053926],[7.562288,46.053685],[7.562389,46.05379],[7.562486,46.053553],[7.562538,46.053382],[7.562447,46.053066],[7.562629,46.053149],[7.562575,46.052926],[7.562668,46.052649],[7.562798,46.052746],[7.562974,46.052537],[7.563088,46.052161],[7.563177,46.052248],[7.563241,46.052143],[7.563322,46.052265],[7.563419,46.051992],[7.564006,46.051553],[7.564624,46.050802],[7.564731,46.050237],[7.564911,46.050075],[7.565822,46.049712],[7.566219,46.049396],[7.566159,46.049275],[7.565915,46.049262],[7.565696,46.04903],[7.565832,46.048531],[7.565719,46.048109],[7.565732,46.047303],[7.566058,46.047019],[7.566522,46.046875]]}},
{"type":"Feature","properties":{"mountain_slug":"matterhorn","name":"Sentier de Tsarmine","length_km":1.93,"elevation_gain_m":566,"source":"© OpenStreetMap contributors (ODbL), via Overture Maps"},"geometry":{"type":"LineString","coordinates":[[7.490982,46.049155],[7.491838,46.048866],[7.492018,46.048725],[7.492201,46.048751],[7.492591,46.048413],[7.493334,46.04832],[7.493658,46.048057],[7.49379,46.047838],[7.493742,46.047753],[7.49393,46.04757],[7.494163,46.047606],[7.494179,46.047524],[7.494336,46.047536],[7.494321,46.047444],[7.494618,46.047276],[7.494575,46.046879],[7.494704,46.046764],[7.495028,46.046727],[7.495187,46.046833],[7.495634,46.046842],[7.49583,46.047005],[7.495912,46.04684],[7.496062,46.046825],[7.496505,46.04695],[7.496694,46.04675],[7.496865,46.04675],[7.496924,46.046488],[7.497254,46.046522],[7.497525,46.046285],[7.497633,46.0463],[7.498119,46.046947],[7.498356,46.04698],[7.498422,46.046874],[7.498485,46.046964],[7.498595,46.046906],[7.49891,46.047046],[7.499483,46.046954],[7.500606,46.047303],[7.500377,46.047632],[7.500481,46.04806],[7.50033,46.048419],[7.499983,46.048601],[7.500015,46.048772],[7.499662,46.049029],[7.499709,46.049536],[7.499867,46.049655],[7.500218,46.050323],[7.500349,46.050396],[7.501437,46.049984],[7.501921,46.050107],[7.50252,46.050038],[7.502789,46.050092],[7.502906,46.05026],[7.502706,46.050533],[7.50282,46.0508],[7.50283,46.05149],[7.502622,46.051742]]}},
{"type":"Feature","properties":{"mountain_slug":"matterhorn","name":"Sentier de la Couta","length_km":4.28,"elevation_gain_m":413,"source":"© OpenStreetMap contributors (ODbL), via Overture Maps"},"geometry":{"type":"LineString","coordinates":[[7.486744,46.059237],[7.48696,46.059582],[7.48691,46.059963],[7.487317,46.060454],[7.487467,46.060946],[7.487467,46.061333],[7.487339,46.061631],[7.487446,46.061928],[7.487317,46.062256],[7.48723,46.06319],[7.486935,46.063736],[7.486966,46.064191],[7.487118,46.064445],[7.487067,46.064842],[7.486825,46.065109],[7.486994,46.065588],[7.486874,46.066166],[7.486609,46.066494],[7.486864,46.066942],[7.486594,46.066898],[7.486666,46.067061],[7.486502,46.066983],[7.486501,46.067284],[7.486265,46.06718],[7.486213,46.067335],[7.486012,46.067244],[7.485928,46.067397],[7.485657,46.067342],[7.485586,46.067482],[7.48561,46.067765],[7.485787,46.067824],[7.485893,46.06823],[7.48633,46.068613],[7.486373,46.069224],[7.486566,46.069715],[7.486223,46.069864],[7.485622,46.070623],[7.484727,46.07131],[7.484742,46.071784],[7.48458,46.071855],[7.484098,46.071859],[7.483968,46.072015],[7.483798,46.072722],[7.483418,46.073237],[7.483334,46.073096],[7.483208,46.073271],[7.483151,46.073197],[7.482903,46.07323],[7.48277,46.073167],[7.482213,46.073356],[7.481962,46.073547],[7.481898,46.073406],[7.481488,46.073526],[7.481213,46.073914],[7.480683,46.073903],[7.480495,46.073981],[7.480002,46.074363],[7.479863,46.074599],[7.4797,46.074672],[7.479228,46.074642],[7.478633,46.074897],[7.478428,46.075041],[7.478309,46.075482],[7.478024,46.075307],[7.477922,46.075412],[7.47796,46.075558],[7.47754,46.076594],[7.47661,46.076994],[7.476417,46.077319],[7.479592,46.078155],[7.479286,46.07887],[7.479485,46.079271],[7.479972,46.079718],[7.480395,46.079955],[7.48212,46.08026],[7.482375,46.080462],[7.482603,46.080811],[7.482321,46.082031],[7.481672,46.082743],[7.481783,46.082935],[7.482264,46.083441],[7.482834,46.08356],[7.4836,46.083902],[7.48382,46.084272],[7.483747,46.084582],[7.483877,46.08511],[7.484157,46.085206],[7.485066,46.085186],[7.485435,46.085301],[7.485713,46.085843]]}},
{"type":"Feature","properties":{"mountain_slug":"matterhorn","name":"Sentier de la Dent-Blanche","length_km":6.99,"elevation_gain_m":1936,"source":"© OpenStreetMap contributors (ODbL), via Overture Maps","note":"The hero trail: the longest named trail in the box. Mile 0 is the lower trailhead. Mile markers in trail_segments.geojson."},"geometry":{"type":"LineString","coordinates":[[7.566522,46.046875],[7.566551,46.046693],[7.566957,46.046565],[7.567092,46.046683],[7.56703,46.046864],[7.567179,46.047152],[7.567515,46.046864],[7.567904,46.046691],[7.568017,46.046318],[7.568445,46.045901],[7.568664,46.045905],[7.568669,46.045711],[7.569346,46.045321],[7.56999,46.044707],[7.570118,46.044232],[7.571004,46.044087],[7.570887,46.043918],[7.571257,46.04374],[7.571518,46.043344],[7.571468,46.043235],[7.571678,46.042862],[7.572266,46.042339],[7.5735,46.041568],[7.57425,46.041311],[7.57492,46.041239],[7.575344,46.040875],[7.575409,46.04051],[7.57569,46.040358],[7.575797,46.040203],[7.576004,46.039454],[7.576333,46.03921],[7.576071,46.038994],[7.576102,46.038874],[7.576353,46.038746],[7.576413,46.038386],[7.576999,46.037976],[7.577719,46.037758],[7.578333,46.037092],[7.5783,46.036953],[7.578004,46.03689],[7.577066,46.036882],[7.576948,46.036826],[7.577973,46.036424],[7.578211,46.036057],[7.578473,46.035951],[7.578534,46.035777],[7.578685,46.035798],[7.579047,46.035546],[7.57943,46.035441],[7.579239,46.03498],[7.57943,46.034889],[7.579571,46.034412],[7.57946,46.034432],[7.579395,46.034216],[7.579667,46.034148],[7.580049,46.034207],[7.580855,46.033801],[7.580724,46.033773],[7.580769,46.033644],[7.581253,46.033511],[7.581359,46.033221],[7.581646,46.033155],[7.581575,46.03284],[7.581681,46.032795],[7.581641,46.032732],[7.582043,46.032648],[7.582079,46.032518],[7.582497,46.032389],[7.582518,46.03204],[7.582382,46.031755],[7.583027,46.031356],[7.583655,46.030766],[7.583897,46.030035],[7.583678,46.029638],[7.583619,46.029299],[7.584121,46.02875],[7.584075,46.028517],[7.584922,46.027787],[7.585566,46.027042],[7.586189,46.026618],[7.586344,46.026253],[7.586576,46.02609],[7.586714,46.02499],[7.587178,46.024504],[7.588044,46.023824],[7.58835,46.023876],[7.588569,46.023431],[7.589812,46.022628],[7.590024,46.022357],[7.58989,46.022155],[7.592962,46.021773],[7.594267,46.021336],[7.595212,46.021286],[7.596563,46.020983],[7.597914,46.020936],[7.598938,46.020792],[7.600349,46.020355],[7.600488,46.020402],[7.601559,46.020159],[7.602205,46.020512],[7.604574,46.020478],[7.606158,46.020882],[7.606819,46.021226],[7.607572,46.022124],[7.607283,46.022366],[7.608065,46.023952],[7.608293,46.024091],[7.60793,46.024548],[7.608633,46.024766],[7.609064,46.025022],[7.609255,46.025314],[7.609233,46.025709],[7.609547,46.025979],[7.609673,46.02714],[7.61024,46.029316],[7.610187,46.029678],[7.610283,46.029826],[7.610666,46.029886],[7.610834,46.030294],[7.611061,46.030522],[7.611053,46.031088],[7.611542,46.032232],[7.611564,46.032918],[7.611885,46.033376],[7.611981,46.034261]]}},
{"type":"Feature","properties":{"mountain_slug":"matterhorn","name":"Sentier de la Tsa","length_km":6.41,"elevation_gain_m":804,"source":"© OpenStreetMap contributors (ODbL), via Overture Maps"},"geometry":{"type":"LineString","coordinates":[[7.487898,46.037452],[7.48914,46.036845],[7.489293,46.036595],[7.49051,46.03755],[7.490786,46.037732],[7.491006,46.037738],[7.491278,46.037241],[7.491488,46.037231],[7.491758,46.037037],[7.49215,46.037062],[7.492226,46.036968],[7.49245,46.036991],[7.493434,46.036292],[7.493432,46.036189],[7.493141,46.036004],[7.493161,46.035848],[7.493321,46.035697],[7.493848,46.03562],[7.493996,46.035363],[7.493882,46.035222],[7.493769,46.034678],[7.494084,46.034714],[7.493999,46.034498],[7.494296,46.03456],[7.494418,46.034164],[7.494895,46.034381],[7.494925,46.034075],[7.495165,46.034146],[7.495381,46.034316],[7.49541,46.033984],[7.495705,46.034227],[7.495743,46.034019],[7.495901,46.034114],[7.495896,46.03397],[7.496014,46.034077],[7.496031,46.033933],[7.496293,46.034097],[7.496346,46.034234],[7.496439,46.034044],[7.496378,46.033982],[7.496591,46.034053],[7.496578,46.034134],[7.496681,46.03404],[7.496582,46.033922],[7.496838,46.034027],[7.496856,46.034133],[7.496918,46.034037],[7.496841,46.033859],[7.497122,46.034],[7.497158,46.03396],[7.496978,46.033745],[7.497094,46.033401],[7.497246,46.033596],[7.497822,46.033741],[7.498017,46.033863],[7.497723,46.033079],[7.497839,46.032964],[7.49801,46.033063],[7.498174,46.032948],[7.498586,46.03289],[7.498782,46.033],[7.499385,46.032879],[7.4995,46.032938],[7.500368,46.032937],[7.500684,46.033054],[7.501122,46.033034],[7.501096,46.033232],[7.501478,46.033117],[7.501418,46.03332],[7.501799,46.033073],[7.501659,46.033547],[7.501908,46.033429],[7.502028,46.033274],[7.502065,46.033497],[7.502152,46.033328],[7.502243,46.033442],[7.5023,46.033312],[7.502335,46.033427],[7.502653,46.033178],[7.502486,46.033873],[7.502826,46.033586],[7.503492,46.033246],[7.503418,46.033441],[7.503795,46.033308],[7.503769,46.033405],[7.503901,46.033351],[7.503857,46.03347],[7.504294,46.033372],[7.504576,46.033135],[7.504609,46.03288],[7.50496,46.03311],[7.50506,46.03281],[7.505283,46.032746],[7.505691,46.032437],[7.505894,46.031992],[7.505615,46.031439],[7.505656,46.031264],[7.505838,46.031167],[7.505634,46.030936],[7.505087,46.030705],[7.504828,46.030417],[7.504441,46.030389],[7.503886,46.03023],[7.503946,46.030084],[7.50467,46.029662],[7.504716,46.029597],[7.504612,46.029484],[7.504473,46.029413],[7.504348,46.029466],[7.504126,46.02941],[7.50387,46.029188],[7.503798,46.029154],[7.503759,46.029214],[7.503047,46.028795],[7.503051,46.028724],[7.502893,46.028747],[7.502582,46.028598],[7.502427,46.028692],[7.502302,46.028495],[7.502187,46.028578],[7.502127,46.028413],[7.501898,46.028373],[7.501784,46.028524],[7.50182,46.028762],[7.501648,46.028934],[7.501438,46.028975],[7.501417,46.028912],[7.501241,46.028976],[7.501153,46.028795],[7.500973,46.028755],[7.500793,46.028896],[7.500714,46.028737],[7.5005,46.029016],[7.500226,46.029178],[7.50006,46.028809],[7.499257,46.029323],[7.498913,46.028759],[7.49898,46.028641],[7.498918,46.028508],[7.498612,46.028278],[7.498589,46.028103],[7.498263,46.027968],[7.498196,46.027618],[7.497826,46.027307],[7.497172,46.026347],[7.496828,46.026366],[7.496617,46.026154],[7.495632,46.026228],[7.495568,46.026432],[7.495269,46.026392],[7.495207,46.026517],[7.494879,46.026483],[7.494805,46.026727],[7.494023,46.026475],[7.493799,46.026491],[7.493711,46.026652],[7.493184,46.026342],[7.493022,46.026542],[7.492888,46.026424],[7.492786,46.026108],[7.492446,46.026615],[7.492127,46.025822],[7.49201,46.025755],[7.491896,46.025939],[7.491792,46.025814],[7.491334,46.025828],[7.490877,46.025377],[7.490606,46.025342],[7.490433,46.025162],[7.489906,46.024965],[7.48998,46.024605],[7.489677,46.024403],[7.489524,46.024506],[7.489228,46.02444],[7.488872,46.024172],[7.488743,46.024156],[7.488535,46.023647],[7.488697,46.023095],[7.487924,46.022131],[7.487007,46.021794],[7.486274,46.021754],[7.485573,46.021817],[7.484882,46.021576],[7.484475,46.021517],[7.484227,46.021063],[7.48424,46.020817],[7.484103,46.020543],[7.4842,46.020494],[7.484063,46.020128],[7.484097,46.019621],[7.484435,46.018926]]}},
{"type":"Feature","properties":{"mountain_slug":"matterhorn","name":"Sentier des Aiguilles Rouges","length_km":1.74,"elevation_gain_m":453,"source":"© OpenStreetMap contributors (ODbL), via Overture Maps"},"geometry":{"type":"LineString","coordinates":[[7.480262,46.050264],[7.479036,46.049944],[7.478895,46.050009],[7.478222,46.050049],[7.477284,46.049967],[7.477051,46.049874],[7.476102,46.050102],[7.475772,46.050109],[7.475728,46.050205],[7.474826,46.050435],[7.474472,46.050804],[7.474108,46.050996],[7.474864,46.051409],[7.474473,46.051518],[7.473334,46.052104],[7.472847,46.052245],[7.472458,46.052319],[7.471868,46.05206],[7.471604,46.052172],[7.47146,46.052146],[7.471303,46.052295],[7.470958,46.05236],[7.470657,46.052542],[7.470212,46.052578],[7.469776,46.052861],[7.469599,46.053208],[7.469344,46.053434],[7.469067,46.053524],[7.468896,46.05372],[7.468424,46.05396],[7.46838,46.054264],[7.468045,46.054315],[7.467853,46.054517],[7.467353,46.054543],[7.46698,46.054769],[7.466851,46.054757],[7.466274,46.055352],[7.466064,46.055361],[7.466058,46.055624],[7.46592,46.055863],[7.465653,46.056029],[7.465425,46.056331],[7.46521,46.056366],[7.465,46.056516]]}},
{"type":"Feature","properties":{"mountain_slug":"matterhorn","name":"Sentier des Bouquetins","length_km":0.6,"elevation_gain_m":98,"source":"© OpenStreetMap contributors (ODbL), via Overture Maps"},"geometry":{"type":"LineString","coordinates":[[7.530487,45.968734],[7.531026,45.968876],[7.531961,45.969291],[7.531942,45.969509],[7.532093,45.96966],[7.53198,45.969698],[7.532244,45.969962],[7.53198,45.969943],[7.531872,45.970048],[7.531973,45.970341],[7.531829,45.970529],[7.532433,45.971001],[7.532215,45.971108],[7.532169,45.971313],[7.531989,45.971455],[7.531829,45.971445],[7.53164,45.971218],[7.531215,45.970992],[7.530478,45.970803]]}},
{"type":"Feature","properties":{"mountain_slug":"matterhorn","name":"Sentier des Vignettes","length_km":1.98,"elevation_gain_m":284,"source":"© OpenStreetMap contributors (ODbL), via Overture Maps"},"geometry":{"type":"LineString","coordinates":[[7.469838,46.01181],[7.470243,46.011598],[7.470376,46.011828],[7.47061,46.011995],[7.470958,46.012097],[7.47111,46.011702],[7.471282,46.011524],[7.471201,46.011138],[7.471453,46.011089],[7.471899,46.011147],[7.472192,46.011418],[7.472775,46.01111],[7.47287,46.010735],[7.472705,46.010522],[7.472518,46.009806],[7.472776,46.009394],[7.4727,46.008813],[7.472772,46.008806],[7.472737,46.008713],[7.472862,46.008695],[7.472628,46.00852],[7.472704,46.008311],[7.473731,46.007454],[7.474277,46.007457],[7.474854,46.006859],[7.475299,46.006777],[7.474841,46.006217],[7.474743,46.006349],[7.474645,46.006224],[7.47448,46.006235],[7.474408,46.006144],[7.474298,46.006191],[7.473968,46.006012],[7.47367,46.006012],[7.473354,46.006147],[7.473384,46.005981],[7.473251,46.005991],[7.473207,46.005898],[7.472621,46.005919],[7.472483,46.006024],[7.472257,46.005998],[7.472036,46.005733],[7.471515,46.005614],[7.471346,46.005465],[7.470353,46.004016],[7.470184,46.003206],[7.470135,46.002162],[7.469861,46.001347]]}},
{"type":"Feature","properties":{"mountain_slug":"matterhorn","name":"Sentier du Col de Bréona","length_km":2.3,"elevation_gain_m":523,"source":"© OpenStreetMap contributors (ODbL), via Overture Maps"},"geometry":{"type":"LineString","coordinates":[[7.54922,46.085024],[7.549515,46.085151],[7.55083,46.084949],[7.551828,46.084732],[7.553258,46.084275],[7.554212,46.084348],[7.55391,46.084765],[7.5539,46.08514],[7.555235,46.085486],[7.556511,46.086335],[7.557185,46.087075],[7.55737,46.087706],[7.557522,46.087844],[7.557836,46.087948],[7.559404,46.089271],[7.560412,46.090414],[7.560616,46.090541],[7.560706,46.090773],[7.561341,46.091052],[7.561549,46.091224],[7.561588,46.09158],[7.561928,46.092064],[7.561887,46.092245],[7.562028,46.092288],[7.561948,46.092662],[7.562131,46.09345],[7.562067,46.093803],[7.562313,46.094189],[7.562265,46.094629],[7.562442,46.094889],[7.562385,46.095054],[7.562594,46.095449],[7.562707,46.095537],[7.562912,46.09554],[7.562834,46.095626],[7.562993,46.095848],[7.56306,46.09628],[7.563319,46.096543],[7.563196,46.096884],[7.563652,46.097095],[7.563943,46.097068]]}},
{"type":"Feature","properties":{"mountain_slug":"matterhorn","name":"Sentier du Lac Bleu","length_km":1.43,"elevation_gain_m":149,"source":"© OpenStreetMap contributors (ODbL), via Overture Maps","note":"Joined across 71 m of unnamed path. Longest of 2 OpenStreetMap pieces with this name that do not join into one line (1.4 of 2.7 km in the bbox)."},"geometry":{"type":"LineString","coordinates":[[7.486744,46.059237],[7.486536,46.059097],[7.486464,46.05925],[7.486119,46.059153],[7.485638,46.058827],[7.485334,46.058833],[7.484877,46.058644],[7.484181,46.058569],[7.483795,46.058331],[7.483462,46.057981],[7.483505,46.057438],[7.48328,46.05717],[7.483185,46.056653],[7.483072,46.056576],[7.483011,46.056619],[7.4827,46.056261],[7.482775,46.055919],[7.483097,46.055465],[7.483136,46.055259],[7.483226,46.055182],[7.483387,46.055197],[7.48333,46.054715],[7.483441,46.05434],[7.483176,46.053757],[7.483103,46.053821],[7.483432,46.053441],[7.483215,46.053104],[7.483237,46.052836],[7.482877,46.052164],[7.483011,46.052081],[7.483021,46.051917],[7.482562,46.051193],[7.482282,46.050976],[7.481958,46.050899],[7.481405,46.050459],[7.480509,46.050423],[7.480262,46.050264]]}},
{"type":"Feature","properties":{"mountain_slug":"matterhorn","name":"Sentier du Palanzon","length_km":2.34,"elevation_gain_m":201,"source":"© OpenStreetMap contributors (ODbL), via Overture Maps"},"geometry":{"type":"LineString","coordinates":[[7.485019,46.085244],[7.484372,46.085351],[7.484328,46.085407],[7.484651,46.085448],[7.484653,46.085509],[7.484447,46.085559],[7.483628,46.085528],[7.48294,46.085682],[7.481771,46.085618],[7.481401,46.08485],[7.480725,46.08442],[7.480406,46.084408],[7.480218,46.08432],[7.480167,46.084029],[7.479734,46.083557],[7.479547,46.083514],[7.479143,46.083206],[7.479402,46.082992],[7.479768,46.082199],[7.48083,46.081584],[7.480893,46.081277],[7.480717,46.080776],[7.480494,46.080684],[7.480541,46.080914],[7.480136,46.081527],[7.480053,46.081505],[7.480125,46.08132],[7.480062,46.081059],[7.479818,46.080884],[7.479613,46.081275],[7.479394,46.081461],[7.478876,46.080982],[7.477979,46.08046],[7.476546,46.079971],[7.476149,46.079547],[7.474205,46.078615],[7.473758,46.078254],[7.473752,46.078011],[7.473641,46.077939],[7.47273,46.077745],[7.472476,46.077603],[7.473173,46.076713],[7.473649,46.076514],[7.474488,46.075747],[7.474616,46.075365],[7.474759,46.075233]]}},
{"type":"Feature","properties":{"mountain_slug":"matterhorn","name":"Sentiero 107 Cheneil Cervinia","length_km":3.84,"elevation_gain_m":327,"source":"© OpenStreetMap contributors (ODbL), via Overture Maps"},"geometry":{"type":"LineString","coordinates":[[7.644208,45.865913],[7.64432,45.865942],[7.644398,45.866092],[7.644946,45.8661],[7.644825,45.866136],[7.645337,45.866276],[7.645626,45.866803],[7.645678,45.867231],[7.645852,45.867585],[7.646,45.867609],[7.646043,45.867713],[7.646263,45.86775],[7.646829,45.867679],[7.647174,45.867777],[7.647348,45.867925],[7.647845,45.86806],[7.64782,45.868326],[7.648,45.868615],[7.647946,45.86882],[7.647501,45.86966],[7.647274,45.869894],[7.647504,45.871145],[7.647709,45.871691],[7.647982,45.871952],[7.647848,45.872762],[7.648527,45.872935],[7.648691,45.873249],[7.649585,45.873705],[7.649732,45.873691],[7.649741,45.873858],[7.650011,45.873885],[7.651143,45.874442],[7.651782,45.87509],[7.651921,45.875522],[7.651873,45.875869],[7.65238,45.876046],[7.653006,45.876666],[7.654255,45.879025],[7.654233,45.8792],[7.654393,45.879252],[7.654559,45.879468],[7.654492,45.879996],[7.654566,45.880141],[7.654471,45.880361],[7.654719,45.88072],[7.65465,45.881337],[7.654139,45.881838],[7.654068,45.882069],[7.653925,45.882173],[7.653931,45.882267],[7.654012,45.882245],[7.654235,45.882522],[7.65413,45.882565],[7.654313,45.882695],[7.654116,45.883268],[7.654164,45.883961],[7.654659,45.884442],[7.654673,45.884595],[7.654954,45.884912],[7.65501,45.885258],[7.655268,45.885526],[7.655291,45.886003],[7.655102,45.886475],[7.655555,45.886522],[7.65588,45.886808],[7.655895,45.887117],[7.655713,45.887709],[7.655796,45.888004],[7.65535,45.889529],[7.655475,45.88968],[7.655296,45.889783],[7.654844,45.889804],[7.654471,45.890054],[7.654242,45.890369],[7.653873,45.890574],[7.653093,45.891662],[7.653358,45.891852],[7.653506,45.892124],[7.652463,45.892561],[7.652175,45.892773],[7.652052,45.893184]]}},
{"type":"Feature","properties":{"mountain_slug":"matterhorn","name":"Sentiero 35 Alpe Chevalley Bivacco Manenti","length_km":3.26,"elevation_gain_m":572,"source":"© OpenStreetMap contributors (ODbL), via Overture Maps"},"geometry":{"type":"LineString","coordinates":[[7.589377,45.892843],[7.589191,45.89304],[7.588558,45.893172],[7.587411,45.893616],[7.587234,45.893586],[7.5868,45.8941],[7.586717,45.894444],[7.58639,45.8947],[7.586187,45.894747],[7.585814,45.895282],[7.585507,45.895535],[7.585398,45.895878],[7.584344,45.896243],[7.584074,45.896203],[7.583846,45.896323],[7.582833,45.896402],[7.5826,45.896308],[7.582122,45.896268],[7.581696,45.896066],[7.581157,45.895928],[7.580776,45.895458],[7.580385,45.895196],[7.57995,45.895111],[7.57958,45.894838],[7.57914,45.895002],[7.578705,45.895032],[7.577825,45.896074],[7.576849,45.896948],[7.576361,45.897157],[7.575529,45.897318],[7.575357,45.897206],[7.575044,45.897254],[7.574855,45.897168],[7.574273,45.8973],[7.573879,45.897462],[7.573474,45.897925],[7.572924,45.898079],[7.572441,45.898031],[7.572173,45.897684],[7.571158,45.897326],[7.570774,45.897422],[7.570745,45.897306],[7.570619,45.89741],[7.570522,45.897294],[7.570378,45.897374],[7.570315,45.897247],[7.570058,45.89731],[7.57008,45.897215],[7.569949,45.897278],[7.569902,45.896991],[7.569559,45.896716],[7.569484,45.896788],[7.569545,45.896945],[7.569368,45.89696],[7.569441,45.897122],[7.569311,45.897126],[7.569188,45.897501],[7.569319,45.898415],[7.569586,45.898785],[7.569301,45.898707],[7.569426,45.899172],[7.569269,45.899123],[7.569261,45.899273],[7.56916,45.899267],[7.56907,45.899379],[7.568912,45.899336],[7.568685,45.899605],[7.568811,45.899756],[7.568907,45.900173],[7.568738,45.900636],[7.569038,45.90096],[7.569678,45.901326],[7.569824,45.902116],[7.569813,45.902203],[7.569567,45.902354],[7.569792,45.90245],[7.569818,45.902562],[7.569945,45.902585],[7.570086,45.902763],[7.569333,45.903092],[7.568595,45.903075],[7.568317,45.903604],[7.56838,45.903965],[7.56817,45.904123]]}},
{"type":"Feature","properties":{"mountain_slug":"matterhorn","name":"Sentiero 35 dal paravalanghe Cherillon al Rifugio Oriondé","length_km":3.3,"elevation_gain_m":381,"source":"© OpenStreetMap contributors (ODbL), via Overture Maps"},"geometry":{"type":"LineString","coordinates":[[7.621887,45.946298],[7.623618,45.947037],[7.623957,45.946971],[7.623974,45.946862],[7.624563,45.946772],[7.624868,45.947029],[7.62643,45.947307],[7.626838,45.947423],[7.626936,45.947605],[7.626858,45.9486],[7.626548,45.949037],[7.625382,45.949672],[7.625376,45.949802],[7.624684,45.950048],[7.623497,45.950284],[7.623098,45.950703],[7.622871,45.95126],[7.622808,45.951758],[7.622908,45.951778],[7.62304,45.952043],[7.623598,45.952259],[7.623646,45.952509],[7.623891,45.952677],[7.624661,45.952685],[7.625729,45.953258],[7.626517,45.952878],[7.627054,45.952323],[7.627715,45.952029],[7.628309,45.951496],[7.628493,45.951432],[7.629398,45.951964],[7.629378,45.952039],[7.629585,45.952133],[7.629737,45.952389],[7.629642,45.952445],[7.629668,45.952559],[7.630048,45.952788],[7.629984,45.952894],[7.629375,45.953022],[7.629315,45.953146],[7.62937,45.953256],[7.629651,45.953282],[7.629924,45.953613],[7.630094,45.954736],[7.630056,45.955259],[7.630507,45.956036],[7.630861,45.956364],[7.631248,45.956482],[7.631346,45.956583],[7.631292,45.956825],[7.631395,45.956974],[7.631654,45.957125],[7.632995,45.957225],[7.633533,45.957392],[7.63432,45.957858],[7.634846,45.957862],[7.635515,45.958257],[7.636049,45.958383],[7.636647,45.958473],[7.638066,45.958395],[7.639098,45.958517],[7.639414,45.958619],[7.639833,45.958663],[7.640184,45.958617],[7.641101,45.958763]]}},
{"type":"Feature","properties":{"mountain_slug":"matterhorn","name":"Sentiero 3B Punta Falinère","length_km":0.67,"elevation_gain_m":204,"source":"© OpenStreetMap contributors (ODbL), via Overture Maps"},"geometry":{"type":"LineString","coordinates":[[7.65066,45.850572],[7.65088,45.85071],[7.652041,45.85087],[7.652553,45.85137],[7.653202,45.851285],[7.653506,45.851597],[7.653786,45.851708],[7.653986,45.852031],[7.655278,45.851912],[7.655997,45.851967],[7.656537,45.851917],[7.657173,45.851733],[7.657519,45.851545],[7.657993,45.851525]]}},
{"type":"Feature","properties":{"mountain_slug":"matterhorn","name":"Sentiero Belvedere","length_km":0.36,"elevation_gain_m":44,"source":"© OpenStreetMap contributors (ODbL), via Overture Maps"},"geometry":{"type":"LineString","coordinates":[[7.624057,45.85116],[7.624742,45.851358],[7.625244,45.851401],[7.626982,45.852325],[7.627587,45.852684],[7.627765,45.85288]]}},
{"type":"Feature","properties":{"mountain_slug":"matterhorn","name":"Sentiero Bioley","length_km":0.51,"elevation_gain_m":22,"source":"© OpenStreetMap contributors (ODbL), via Overture Maps"},"geometry":{"type":"LineString","coordinates":[[7.606969,45.855497],[7.607251,45.856038],[7.607594,45.857714],[7.60745,45.859113],[7.607526,45.859782],[7.607417,45.859978]]}},
{"type":"Feature","properties":{"mountain_slug":"matterhorn","name":"Sentiero Bivacco Umberto Balestreri","length_km":1.96,"elevation_gain_m":832,"source":"© OpenStreetMap contributors (ODbL), via Overture Maps"},"geometry":{"type":"LineString","coordinates":[[7.616227,45.937702],[7.615931,45.937988],[7.615738,45.937992],[7.615518,45.937812],[7.615106,45.937867],[7.614526,45.938401],[7.614244,45.937804],[7.614063,45.937895],[7.613828,45.93786],[7.612252,45.938548],[7.611897,45.938774],[7.611531,45.9388],[7.610913,45.939117],[7.610909,45.939225],[7.611092,45.939331],[7.61177,45.939598],[7.611294,45.940249],[7.611315,45.940417],[7.612457,45.941982],[7.612807,45.942717],[7.612709,45.94298],[7.612769,45.943318],[7.612668,45.94351],[7.612365,45.94375],[7.612411,45.944162],[7.612131,45.944302],[7.612107,45.944414],[7.612532,45.944993],[7.612344,45.945238],[7.61242,45.945389],[7.612732,45.945623],[7.612505,45.945993],[7.612356,45.946028],[7.612278,45.946257],[7.611737,45.946185],[7.610788,45.945815],[7.609978,45.9462],[7.60988,45.946328],[7.610122,45.946635],[7.609991,45.946744],[7.609553,45.946748],[7.609544,45.946898],[7.609382,45.946931],[7.609514,45.947286],[7.609748,45.947442],[7.609634,45.9477]]}},
{"type":"Feature","properties":{"mountain_slug":"matterhorn","name":"Sentiero Cappella Cignana","length_km":0.34,"elevation_gain_m":18,"source":"© OpenStreetMap contributors (ODbL), via Overture Maps"},"geometry":{"type":"LineString","coordinates":[[7.587015,45.885494],[7.587855,45.885498],[7.587981,45.88553],[7.587955,45.885586],[7.58886,45.885837],[7.589423,45.885883],[7.589634,45.885799],[7.589814,45.885533],[7.589801,45.885383],[7.59024,45.88509],[7.590403,45.885061]]}},
{"type":"Feature","properties":{"mountain_slug":"matterhorn","name":"Sentiero Cappella Notre Dame de la Garde","length_km":1.55,"elevation_gain_m":289,"source":"© OpenStreetMap contributors (ODbL), via Overture Maps"},"geometry":{"type":"LineString","coordinates":[[7.63616,45.921838],[7.636087,45.920639],[7.635891,45.920415],[7.635795,45.919984],[7.63558,45.919696],[7.63567,45.919323],[7.635275,45.919057],[7.634837,45.917984],[7.634224,45.917517],[7.63373,45.917326],[7.633702,45.917132],[7.633886,45.917106],[7.634064,45.917196],[7.634209,45.916911],[7.634906,45.916692],[7.635988,45.916924],[7.636434,45.917123],[7.636584,45.917108],[7.636487,45.916919],[7.6367,45.916829],[7.637178,45.916346],[7.637471,45.916249],[7.637614,45.91631],[7.637729,45.916538],[7.638179,45.916703],[7.638525,45.916703],[7.639068,45.916835],[7.63945,45.917217],[7.639396,45.917473],[7.639698,45.917778],[7.640165,45.917933],[7.640372,45.918383],[7.641262,45.918972],[7.640987,45.919476]]}},
{"type":"Feature","properties":{"mountain_slug":"matterhorn","name":"Sentiero Chamois Lago Lod","length_km":0.37,"elevation_gain_m":91,"source":"© OpenStreetMap contributors (ODbL), via Overture Maps","note":"Longest of 2 OpenStreetMap pieces with this name that do not join into one line (0.4 of 0.4 km in the bbox)."},"geometry":{"type":"LineString","coordinates":[[7.62052,45.842236],[7.62112,45.842754],[7.621593,45.843004],[7.621917,45.842982],[7.622001,45.843098],[7.621908,45.843215],[7.622109,45.843226],[7.622305,45.84345],[7.622896,45.843673],[7.623152,45.843901],[7.623143,45.844125],[7.623388,45.844397]]}},
{"type":"Feature","properties":{"mountain_slug":"matterhorn","name":"Sentiero Chesod Perteille","length_km":0.45,"elevation_gain_m":316,"source":"© OpenStreetMap contributors (ODbL), via Overture Maps","note":"Longest of 4 OpenStreetMap pieces with this name that do not join into one line (0.4 of 0.9 km in the bbox)."},"geometry":{"type":"LineString","coordinates":[[7.599534,45.841],[7.599482,45.841137],[7.599346,45.841092],[7.599299,45.841478],[7.598979,45.84148],[7.598962,45.841562],[7.598804,45.841553],[7.598628,45.841691],[7.597904,45.841938],[7.598066,45.842149],[7.597601,45.842164],[7.59732,45.842059],[7.596777,45.842002],[7.595773,45.842065],[7.59542,45.842228]]}},
{"type":"Feature","properties":{"mountain_slug":"matterhorn","name":"Sentiero Cima Bianca","length_km":2.12,"elevation_gain_m":509,"source":"© OpenStreetMap contributors (ODbL), via Overture Maps"},"geometry":{"type":"LineString","coordinates":[[7.548153,45.855218],[7.547983,45.855626],[7.547532,45.855594],[7.547,45.855804],[7.546938,45.855997],[7.546728,45.856082],[7.546519,45.855885],[7.546211,45.856048],[7.545706,45.856134],[7.544646,45.85604],[7.544079,45.855859],[7.543881,45.855645],[7.543524,45.855585],[7.543105,45.855233],[7.542797,45.855267],[7.542514,45.855061],[7.54223,45.855087],[7.541503,45.854615],[7.541528,45.854477],[7.541232,45.854246],[7.541318,45.853945],[7.541577,45.853748],[7.541466,45.853679],[7.541589,45.853233],[7.541417,45.853198],[7.541478,45.853138],[7.541108,45.852898],[7.541996,45.852048],[7.542008,45.851748],[7.542144,45.85173],[7.542168,45.85137],[7.542156,45.850992],[7.542033,45.850975],[7.541552,45.850924],[7.540837,45.851027],[7.540098,45.851009],[7.539174,45.850795],[7.538262,45.850821],[7.538114,45.850615],[7.5373,45.850786],[7.537189,45.850889],[7.537042,45.850718],[7.536918,45.850812],[7.536499,45.850709],[7.535476,45.850769],[7.535415,45.851078],[7.53486,45.851602],[7.533615,45.851954],[7.53348,45.852223],[7.53254,45.852662],[7.532095,45.852997]]}},
{"type":"Feature","properties":{"mountain_slug":"matterhorn","name":"Sentiero Col Tsomioy","length_km":0.89,"elevation_gain_m":180,"source":"© OpenStreetMap contributors (ODbL), via Overture Maps"},"geometry":{"type":"LineString","coordinates":[[7.541459,45.844966],[7.540573,45.844606],[7.54018,45.844152],[7.539485,45.843641],[7.539852,45.843082],[7.539208,45.842548],[7.539289,45.842295],[7.537083,45.842712],[7.537136,45.842867],[7.536924,45.842867],[7.53696,45.842968],[7.536761,45.842913],[7.53681,45.843032],[7.536484,45.842956],[7.536585,45.843078],[7.536396,45.843103],[7.536374,45.843195],[7.536207,45.84317],[7.536114,45.843069],[7.535526,45.843021],[7.534757,45.8428],[7.534365,45.8426]]}},
{"type":"Feature","properties":{"mountain_slug":"matterhorn","name":"Sentiero Collet-Lago Tsan","length_km":0.93,"elevation_gain_m":68,"source":"© OpenStreetMap contributors (ODbL), via Overture Maps","note":"Longest of 3 OpenStreetMap pieces with this name that do not join into one line (0.9 of 1.7 km in the bbox)."},"geometry":{"type":"LineString","coordinates":[[7.546021,45.841],[7.545835,45.841332],[7.545523,45.84163],[7.545658,45.841679],[7.54562,45.842038],[7.546081,45.842823],[7.546511,45.843054],[7.547948,45.843394],[7.549037,45.84314],[7.549332,45.84329],[7.550936,45.843746],[7.551183,45.844131],[7.55187,45.844676],[7.55151,45.845502],[7.551677,45.846068]]}},
{"type":"Feature","properties":{"mountain_slug":"matterhorn","name":"Sentiero Comba di Rollin","length_km":1.04,"elevation_gain_m":44,"source":"© OpenStreetMap contributors (ODbL), via Overture Maps"},"geometry":{"type":"LineString","coordinates":[[7.694577,45.897944],[7.694826,45.898328],[7.694857,45.898754],[7.695301,45.899079],[7.695703,45.899582],[7.696701,45.900189],[7.697071,45.90027],[7.697391,45.900717],[7.698852,45.901946],[7.700083,45.902655],[7.700685,45.903124],[7.701119,45.903307],[7.701516,45.903359],[7.702314,45.903171],[7.702994,45.90279],[7.703835,45.902691]]}},
{"type":"Feature","properties":{"mountain_slug":"matterhorn","name":"Sentiero Foresus Cleva Bella","length_km":0.87,"elevation_gain_m":75,"source":"© OpenStreetMap contributors (ODbL), via Overture Maps","note":"Longest of 2 OpenStreetMap pieces with this name that do not join into one line (0.9 of 1.1 km in the bbox)."},"geometry":{"type":"LineString","coordinates":[[7.648454,45.841],[7.650615,45.842008],[7.651311,45.842195],[7.651733,45.842555],[7.652234,45.843198],[7.652213,45.843485],[7.652344,45.843723],[7.653067,45.844083],[7.653589,45.844175],[7.653942,45.844454],[7.654728,45.844583],[7.654907,45.844469],[7.655866,45.844223],[7.656516,45.843893],[7.656892,45.843951]]}},
{"type":"Feature","properties":{"mountain_slug":"matterhorn","name":"Sentiero Gran Sometta","length_km":0.76,"elevation_gain_m":230,"source":"© OpenStreetMap contributors (ODbL), via Overture Maps"},"geometry":{"type":"LineString","coordinates":[[7.677209,45.909616],[7.677209,45.909748],[7.677674,45.909859],[7.677336,45.910087],[7.677206,45.9103],[7.677291,45.910571],[7.676821,45.910936],[7.676974,45.911001],[7.677146,45.911273],[7.676789,45.911656],[7.676789,45.911883],[7.676094,45.91247],[7.675561,45.913088],[7.675135,45.913361],[7.675158,45.913451],[7.675369,45.913456],[7.675609,45.913635],[7.676724,45.913699],[7.676759,45.914169],[7.676922,45.91421],[7.676986,45.91434]]}},
{"type":"Feature","properties":{"mountain_slug":"matterhorn","name":"Sentiero Maen La Venal","length_km":0.74,"elevation_gain_m":206,"source":"© OpenStreetMap contributors (ODbL), via Overture Maps"},"geometry":{"type":"LineString","coordinates":[[7.616132,45.868994],[7.616073,45.869308],[7.617174,45.869832],[7.617437,45.870109],[7.617078,45.870441],[7.616173,45.870361],[7.615854,45.870466],[7.615716,45.8706],[7.615242,45.87052],[7.615229,45.870587],[7.614843,45.870682],[7.614401,45.871574],[7.613962,45.871767],[7.614007,45.872052],[7.614319,45.872069],[7.614484,45.872844],[7.614636,45.872998]]}},
{"type":"Feature","properties":{"mountain_slug":"matterhorn","name":"Sentiero Mont Rous","length_km":0.31,"elevation_gain_m":116,"source":"© OpenStreetMap contributors (ODbL), via Overture Maps"},"geometry":{"type":"LineString","coordinates":[[7.584848,45.909082],[7.58532,45.907954],[7.58611,45.907646],[7.585463,45.907294],[7.585304,45.907141],[7.585299,45.906991]]}},
{"type":"Feature","properties":{"mountain_slug":"matterhorn","name":"Sentiero Perteille Clonge","length_km":1.13,"elevation_gain_m":327,"source":"© OpenStreetMap contributors (ODbL), via Overture Maps"},"geometry":{"type":"LineString","coordinates":[[7.596036,45.844285],[7.59557,45.844052],[7.595488,45.844205],[7.595229,45.84412],[7.59501,45.844716],[7.594698,45.844502],[7.594576,45.84484],[7.594646,45.845104],[7.594583,45.845256],[7.594391,45.845142],[7.594138,45.845344],[7.593916,45.845295],[7.59379,45.845072],[7.593637,45.845145],[7.593542,45.845069],[7.593288,45.845188],[7.593152,45.84516],[7.59314,45.845017],[7.592907,45.844988],[7.592911,45.844785],[7.592747,45.844788],[7.592732,45.844578],[7.59122,45.844876],[7.589807,45.845458],[7.589234,45.845815],[7.588911,45.846233],[7.587193,45.846154],[7.586998,45.846323],[7.587055,45.846882],[7.586751,45.846942]]}},
{"type":"Feature","properties":{"mountain_slug":"matterhorn","name":"Sentiero Perteille Presa Torrente","length_km":0.32,"elevation_gain_m":34,"source":"© OpenStreetMap contributors (ODbL), via Overture Maps"},"geometry":{"type":"LineString","coordinates":[[7.594219,45.846998],[7.594879,45.846655],[7.595802,45.846348],[7.596248,45.846111],[7.596316,45.845676],[7.596122,45.844902]]}},
{"type":"Feature","properties":{"mountain_slug":"matterhorn","name":"Sentiero Ru Chomioÿ","length_km":0.4,"elevation_gain_m":14,"source":"© OpenStreetMap contributors (ODbL), via Overture Maps"},"geometry":{"type":"LineString","coordinates":[[7.547241,45.849843],[7.54839,45.850519],[7.549209,45.850761],[7.551501,45.851706]]}},
{"type":"Feature","properties":{"mountain_slug":"matterhorn","name":"Sentiero Ru Cleva Bella","length_km":1.48,"elevation_gain_m":48,"source":"© OpenStreetMap contributors (ODbL), via Overture Maps"},"geometry":{"type":"LineString","coordinates":[[7.637481,45.848094],[7.637673,45.848182],[7.637847,45.848418],[7.638146,45.848313],[7.638688,45.84787],[7.639432,45.847508],[7.639904,45.847642],[7.641071,45.847625],[7.642559,45.847102],[7.643205,45.846517],[7.64408,45.846137],[7.644666,45.845962],[7.64525,45.845967],[7.645812,45.845678],[7.6461,45.845624],[7.646789,45.845752],[7.647229,45.845454],[7.648188,45.84515],[7.64876,45.845087],[7.649085,45.844969],[7.65015,45.844901],[7.650746,45.844672],[7.651056,45.844763],[7.651928,45.844665],[7.652345,45.844446],[7.652645,45.844453],[7.653948,45.844837]]}},
{"type":"Feature","properties":{"mountain_slug":"matterhorn","name":"Sentiero al Lago di Lod","length_km":0.47,"elevation_gain_m":82,"source":"© OpenStreetMap contributors (ODbL), via Overture Maps"},"geometry":{"type":"LineString","coordinates":[[7.616605,45.845427],[7.616778,45.845353],[7.617402,45.845626],[7.618454,45.84572],[7.619516,45.846029],[7.619737,45.845991],[7.619874,45.845766],[7.62046,45.845384],[7.621349,45.844538]]}},
{"type":"Feature","properties":{"mountain_slug":"matterhorn","name":"Sentiero degli Alpini","length_km":1.44,"elevation_gain_m":493,"source":"© OpenStreetMap contributors (ODbL), via Overture Maps"},"geometry":{"type":"LineString","coordinates":[[7.682277,45.841],[7.68205,45.841417],[7.682046,45.841788],[7.682445,45.842305],[7.683432,45.842929],[7.684311,45.843014],[7.684608,45.842951],[7.684859,45.843105],[7.685072,45.843101],[7.685464,45.843271],[7.685504,45.843365],[7.68571,45.84344],[7.685921,45.843739],[7.685915,45.844217],[7.685808,45.844219],[7.685927,45.844447],[7.686309,45.844708],[7.685948,45.844877],[7.686109,45.844991],[7.686199,45.845211],[7.685785,45.845297],[7.685928,45.845635],[7.685648,45.845825],[7.685694,45.846],[7.685556,45.846078],[7.68569,45.846322],[7.685595,45.84641],[7.685642,45.846688],[7.684922,45.84674],[7.684829,45.84681],[7.684158,45.846715],[7.683969,45.846746],[7.683898,45.846847],[7.683918,45.846938],[7.684182,45.847054],[7.684127,45.847103],[7.684267,45.847163],[7.68417,45.847246],[7.684376,45.847319],[7.684305,45.847409],[7.684512,45.847577],[7.68492,45.847579],[7.684711,45.8479],[7.684289,45.848252],[7.684143,45.848574],[7.684577,45.849183]]}},
{"type":"Feature","properties":{"mountain_slug":"matterhorn","name":"Sentiero incisioni rupestri","length_km":0.28,"elevation_gain_m":92,"source":"© OpenStreetMap contributors (ODbL), via Overture Maps"},"geometry":{"type":"LineString","coordinates":[[7.606487,45.841171],[7.607052,45.841558],[7.60766,45.841829],[7.607748,45.841958],[7.607644,45.842073],[7.607819,45.842054],[7.607824,45.842157],[7.60852,45.842119],[7.608947,45.841939],[7.609035,45.841977]]}},
{"type":"Feature","properties":{"mountain_slug":"matterhorn","name":"Spissstrasse","length_km":0.53,"elevation_gain_m":14,"source":"© OpenStreetMap contributors (ODbL), via Overture Maps","note":"Joined across 75 m of Spissstrasse."},"geometry":{"type":"LineString","coordinates":[[7.751712,46.025766],[7.751321,46.025997],[7.751064,46.025886],[7.750727,46.026102],[7.751462,46.026536],[7.749378,46.025399],[7.7485,46.024249]]}},
{"type":"Feature","properties":{"mountain_slug":"matterhorn","name":"Stafelweg","length_km":1.41,"elevation_gain_m":198,"source":"© OpenStreetMap contributors (ODbL), via Overture Maps"},"geometry":{"type":"LineString","coordinates":[[7.791713,46.066348],[7.791255,46.066487],[7.792124,46.066545],[7.792954,46.066278],[7.793114,46.066003],[7.793465,46.06585],[7.793477,46.065579],[7.793623,46.065514],[7.794324,46.065521],[7.794865,46.065684],[7.795016,46.065527],[7.795026,46.06566],[7.795121,46.065589],[7.795124,46.065656],[7.795818,46.065207],[7.796195,46.064707],[7.796834,46.064409],[7.798037,46.06367],[7.798822,46.063363],[7.799284,46.062985],[7.799453,46.06292],[7.799423,46.063125],[7.801113,46.062498],[7.801347,46.062585],[7.801399,46.062462],[7.801898,46.062383],[7.802314,46.062109],[7.803252,46.061698],[7.804135,46.061477],[7.804221,46.06121]]}},
{"type":"Feature","properties":{"mountain_slug":"matterhorn","name":"Staldenstrasse","length_km":0.78,"elevation_gain_m":49,"source":"© OpenStreetMap contributors (ODbL), via Overture Maps","note":"Joined across 4 m of Winkelmattenweg."},"geometry":{"type":"LineString","coordinates":[[7.746309,46.016904],[7.746299,46.016783],[7.746522,46.016599],[7.746596,46.016373],[7.74744,46.016114],[7.747524,46.016042],[7.747454,46.01584],[7.747548,46.015795],[7.748181,46.015668],[7.748167,46.015343],[7.748466,46.015024],[7.748485,46.014645],[7.748212,46.014271],[7.747649,46.013846],[7.746971,46.01366],[7.745884,46.013612],[7.745349,46.013314],[7.745073,46.01306],[7.74531,46.012881],[7.745348,46.012417]]}},
{"type":"Feature","properties":{"mountain_slug":"matterhorn","name":"Steinmattstrasse","length_km":0.67,"elevation_gain_m":44,"source":"© OpenStreetMap contributors (ODbL), via Overture Maps","note":"Joined across 75 m of Staldenstrasse."},"geometry":{"type":"LineString","coordinates":[[7.75,46.020492],[7.749565,46.020067],[7.749275,46.019255],[7.74828,46.017905],[7.74822,46.016565],[7.747446,46.01587],[7.747762,46.01573],[7.748139,46.015704],[7.74846,46.015947]]}},
{"type":"Feature","properties":{"mountain_slug":"matterhorn","name":"Steinmattweg","length_km":0.31,"elevation_gain_m":13,"source":"© OpenStreetMap contributors (ODbL), via Overture Maps"},"geometry":{"type":"LineString","coordinates":[[7.749392,46.019524],[7.749687,46.019447],[7.749785,46.018876],[7.748624,46.018152],[7.748305,46.017304]]}},
{"type":"Feature","properties":{"mountain_slug":"matterhorn","name":"Sunnegga Trail Zermatt","length_km":5.75,"elevation_gain_m":548,"source":"© OpenStreetMap contributors (ODbL), via Overture Maps","note":"Joined across 26 m of unnamed track."},"geometry":{"type":"LineString","coordinates":[[7.760142,46.029032],[7.759988,46.028856],[7.760209,46.028837],[7.760021,46.028326],[7.760131,46.028281],[7.760226,46.028465],[7.760235,46.028216],[7.760113,46.027998],[7.760218,46.027976],[7.760372,46.02809],[7.760896,46.02865],[7.760811,46.028008],[7.761137,46.027595],[7.761271,46.027767],[7.761529,46.027728],[7.761737,46.027989],[7.762014,46.028163],[7.762236,46.028203],[7.762397,46.028554],[7.762737,46.028859],[7.762859,46.02886],[7.762787,46.029036],[7.76301,46.029057],[7.763116,46.028976],[7.763192,46.029065],[7.763253,46.029029],[7.762937,46.028481],[7.763706,46.028822],[7.76356,46.028596],[7.763633,46.028557],[7.764042,46.028805],[7.763834,46.028263],[7.764166,46.028525],[7.764244,46.028235],[7.764351,46.028431],[7.764466,46.028397],[7.764443,46.028171],[7.764577,46.02838],[7.764669,46.028357],[7.764582,46.028152],[7.764942,46.028371],[7.764869,46.028695],[7.765056,46.028827],[7.765021,46.028639],[7.765242,46.02833],[7.765218,46.02815],[7.765369,46.028178],[7.765487,46.028431],[7.765611,46.028431],[7.765682,46.028319],[7.765598,46.027966],[7.765666,46.028043],[7.765715,46.027953],[7.765815,46.028068],[7.766031,46.028078],[7.766031,46.028366],[7.766329,46.028569],[7.766268,46.028373],[7.766426,46.028188],[7.766667,46.028076],[7.766171,46.027887],[7.76598,46.027611],[7.766394,46.027784],[7.766387,46.027579],[7.766653,46.027484],[7.766917,46.027638],[7.767164,46.027662],[7.767428,46.028147],[7.767426,46.028337],[7.767566,46.028562],[7.767717,46.028571],[7.767607,46.028417],[7.76779,46.028298],[7.767628,46.028231],[7.767931,46.027803],[7.76811,46.027836],[7.768241,46.027732],[7.768143,46.027526],[7.768263,46.027371],[7.768081,46.027189],[7.768325,46.027173],[7.768447,46.026981],[7.768612,46.02693],[7.768093,46.026554],[7.767963,46.02635],[7.768662,46.026469],[7.76856,46.026243],[7.768617,46.026152],[7.768742,46.026066],[7.768898,46.026271],[7.769114,46.026021],[7.768988,46.025826],[7.768504,46.025545],[7.768103,46.025496],[7.76854,46.025412],[7.768495,46.025301],[7.768709,46.025365],[7.768873,46.02529],[7.769133,46.025347],[7.769086,46.025204],[7.769495,46.025562],[7.769568,46.025543],[7.769368,46.025106],[7.769181,46.024996],[7.769099,46.024701],[7.768522,46.024144],[7.768815,46.024219],[7.76887,46.024166],[7.768206,46.023931],[7.768386,46.023909],[7.768325,46.0238],[7.76842,46.023694],[7.768178,46.02337],[7.768328,46.023101],[7.768622,46.023478],[7.768713,46.023454],[7.768692,46.02316],[7.76883,46.023365],[7.769325,46.023574],[7.768953,46.023123],[7.769044,46.023074],[7.769561,46.023389],[7.770066,46.023937],[7.770892,46.024483],[7.771916,46.02494],[7.772016,46.024811],[7.772033,46.025072],[7.772153,46.025096],[7.772481,46.024557],[7.772152,46.024547],[7.772001,46.024344],[7.771732,46.02438],[7.771577,46.024321],[7.771634,46.024146],[7.770984,46.023676],[7.770719,46.02311],[7.770585,46.023027],[7.770554,46.022747],[7.770734,46.022445],[7.771177,46.022088],[7.771214,46.02194],[7.771288,46.022419],[7.771342,46.022513],[7.771435,46.022509],[7.771556,46.021961],[7.771028,46.021703],[7.770745,46.021371],[7.771229,46.021432],[7.770917,46.021228],[7.770978,46.021189],[7.771335,46.021306],[7.771196,46.021123],[7.771324,46.021014],[7.771193,46.02087],[7.771409,46.020946],[7.771749,46.020915],[7.771856,46.021143],[7.772038,46.021238],[7.772223,46.021024],[7.772113,46.020652],[7.772241,46.020676],[7.77232,46.020828],[7.772336,46.020653],[7.771539,46.020366],[7.771295,46.020384],[7.771444,46.020141],[7.771198,46.020213],[7.77115,46.020074],[7.771343,46.019984],[7.771298,46.019899],[7.771047,46.019881],[7.771142,46.019748],[7.771108,46.019579],[7.770886,46.019547],[7.770634,46.019611],[7.770759,46.019464],[7.77065,46.019398],[7.770021,46.019345],[7.769975,46.019146],[7.769707,46.019188],[7.770012,46.019015],[7.769965,46.018901],[7.769512,46.018951],[7.769781,46.018726],[7.769666,46.018681],[7.769524,46.018765],[7.769431,46.018728],[7.769651,46.018426],[7.769476,46.018476],[7.76928,46.018753],[7.769136,46.018708],[7.769294,46.018253],[7.769094,46.018257],[7.769189,46.018089]]}},
{"type":"Feature","properties":{"mountain_slug":"matterhorn","name":"Triftweg","length_km":0.39,"elevation_gain_m":65,"source":"© OpenStreetMap contributors (ODbL), via Overture Maps"},"geometry":{"type":"LineString","coordinates":[[7.746429,46.020736],[7.745915,46.020905],[7.745375,46.021239],[7.745259,46.021208],[7.745619,46.020529],[7.745506,46.020309],[7.745263,46.02037],[7.745057,46.020292],[7.745085,46.020381],[7.744566,46.020662],[7.74437,46.020755],[7.744326,46.020669],[7.74428,46.02089],[7.744165,46.02093],[7.744086,46.020872]]}},
{"type":"Feature","properties":{"mountain_slug":"matterhorn","name":"Tsaleu de La Crettaz","length_km":0.86,"elevation_gain_m":197,"source":"© OpenStreetMap contributors (ODbL), via Overture Maps"},"geometry":{"type":"LineString","coordinates":[[7.491317,46.090374],[7.491177,46.089889],[7.491283,46.089369],[7.491081,46.089016],[7.491282,46.088712],[7.491201,46.088216],[7.492057,46.087092],[7.49149,46.086681],[7.4907,46.085933],[7.490572,46.085974],[7.490404,46.085742],[7.490375,46.085498],[7.490085,46.08518],[7.49012,46.084954],[7.48993,46.084991],[7.489902,46.084719],[7.489814,46.084689],[7.489844,46.084359],[7.489242,46.083892]]}},
{"type":"Feature","properties":{"mountain_slug":"matterhorn","name":"Turbinaweg","length_km":0.37,"elevation_gain_m":77,"source":"© OpenStreetMap contributors (ODbL), via Overture Maps"},"geometry":{"type":"LineString","coordinates":[[7.745666,46.012006],[7.746888,46.011388],[7.747554,46.010837],[7.747615,46.010538],[7.747315,46.010016],[7.746976,46.009874],[7.746781,46.009687],[7.746804,46.009548]]}},
{"type":"Feature","properties":{"mountain_slug":"matterhorn","name":"Uferweg","length_km":1.71,"elevation_gain_m":53,"source":"© OpenStreetMap contributors (ODbL), via Overture Maps","note":"Longest of 3 OpenStreetMap pieces with this name that do not join into one line (1.7 of 3.8 km in the bbox)."},"geometry":{"type":"LineString","coordinates":[[7.778022,46.081647],[7.777667,46.08086],[7.777433,46.080672],[7.777,46.079561],[7.776587,46.078934],[7.775829,46.077289],[7.775704,46.077183],[7.773947,46.073705],[7.773794,46.07323],[7.773604,46.07152],[7.774074,46.069258],[7.7741,46.067457],[7.774238,46.066875]]}},
{"type":"Feature","properties":{"mountain_slug":"matterhorn","name":"Untere Mattenstrasse","length_km":0.23,"elevation_gain_m":12,"source":"© OpenStreetMap contributors (ODbL), via Overture Maps"},"geometry":{"type":"LineString","coordinates":[[7.752084,46.024463],[7.750514,46.024956],[7.750266,46.025177],[7.749587,46.025525]]}},
{"type":"Feature","properties":{"mountain_slug":"matterhorn","name":"Untere Wiestistrasse","length_km":0.28,"elevation_gain_m":16,"source":"© OpenStreetMap contributors (ODbL), via Overture Maps"},"geometry":{"type":"LineString","coordinates":[[7.753382,46.025937],[7.753658,46.025927],[7.75377,46.025619],[7.754269,46.025192],[7.754306,46.025047],[7.753296,46.024006]]}},
{"type":"Feature","properties":{"mountain_slug":"matterhorn","name":"Unterer Mattenweg","length_km":0.41,"elevation_gain_m":13,"source":"© OpenStreetMap contributors (ODbL), via Overture Maps","note":"Joined across 10 m of Untere Mattenstrasse. Longest of 2 OpenStreetMap pieces with this name that do not join into one line (0.4 of 0.4 km in the bbox)."},"geometry":{"type":"LineString","coordinates":[[7.752463,46.02607],[7.752033,46.026217],[7.751707,46.025566],[7.751001,46.024941],[7.750965,46.024822],[7.751086,46.024788],[7.750649,46.024107],[7.750165,46.02379],[7.749926,46.023427]]}},
{"type":"Feature","properties":{"mountain_slug":"matterhorn","name":"Valletta Di Tzere","length_km":1.29,"elevation_gain_m":158,"source":"© OpenStreetMap contributors (ODbL), via Overture Maps"},"geometry":{"type":"LineString","coordinates":[[7.725097,45.880179],[7.724651,45.880437],[7.724419,45.880484],[7.724241,45.880785],[7.722499,45.882111],[7.721894,45.882749],[7.721755,45.882742],[7.721419,45.88252],[7.720696,45.88171],[7.720411,45.881666],[7.720479,45.882099],[7.72036,45.882576],[7.719864,45.882999],[7.719562,45.883352],[7.719456,45.883632],[7.719066,45.883897],[7.718922,45.883737],[7.71897,45.883452],[7.718747,45.883052],[7.718747,45.88265],[7.718454,45.882254],[7.718356,45.882319],[7.717931,45.881866],[7.717425,45.881926],[7.716874,45.88186],[7.716019,45.882084],[7.715976,45.882171]]}},
{"type":"Feature","properties":{"mountain_slug":"matterhorn","name":"Variante per Lago Tsan","length_km":0.6,"elevation_gain_m":87,"source":"© OpenStreetMap contributors (ODbL), via Overture Maps"},"geometry":{"type":"LineString","coordinates":[[7.550001,45.849372],[7.550044,45.849455],[7.549952,45.849538],[7.550236,45.850068],[7.550745,45.850404],[7.551545,45.850682],[7.551988,45.851037],[7.552221,45.851027],[7.552872,45.851402],[7.553088,45.851912],[7.55352,45.852336],[7.553612,45.852585],[7.553527,45.852849],[7.553662,45.853081],[7.5535,45.853176],[7.553172,45.853096]]}},
{"type":"Feature","properties":{"mountain_slug":"matterhorn","name":"Via Ferrata","length_km":0.48,"elevation_gain_m":213,"source":"© OpenStreetMap contributors (ODbL), via Overture Maps","note":"Joined across 65 m of Via Ferrata."},"geometry":{"type":"LineString","coordinates":[[7.505172,46.107249],[7.505129,46.107566],[7.504878,46.107612],[7.504726,46.107728],[7.504423,46.107832],[7.503607,46.107878],[7.504138,46.107811],[7.504423,46.107832],[7.504677,46.10781],[7.504738,46.107838],[7.504377,46.107994],[7.504237,46.108158],[7.503633,46.108398],[7.503817,46.108469],[7.503488,46.108734],[7.503622,46.108952],[7.503907,46.109127]]}},
{"type":"Feature","properties":{"mountain_slug":"matterhorn","name":"Via Ferrata di Vofrède","length_km":2.72,"elevation_gain_m":978,"source":"© OpenStreetMap contributors (ODbL), via Overture Maps"},"geometry":{"type":"LineString","coordinates":[[7.603679,45.921406],[7.602627,45.921925],[7.601746,45.92216],[7.60158,45.922147],[7.601376,45.921975],[7.600848,45.921813],[7.600139,45.921346],[7.600072,45.921199],[7.599826,45.921184],[7.598834,45.920701],[7.59854,45.92069],[7.598,45.920519],[7.597587,45.920533],[7.597479,45.920384],[7.597182,45.920257],[7.597172,45.919918],[7.596842,45.919836],[7.596732,45.919329],[7.59702,45.919219],[7.596352,45.918698],[7.595028,45.917924],[7.59536,45.917717],[7.595289,45.91763],[7.595437,45.917617],[7.595372,45.917518],[7.595556,45.917534],[7.595724,45.917177],[7.595585,45.916897],[7.594574,45.91655],[7.5932,45.915808],[7.592529,45.915624],[7.592359,45.915765],[7.59186,45.915437],[7.59158,45.915038],[7.590601,45.914629],[7.590476,45.914758],[7.590454,45.914644],[7.590307,45.914595],[7.590176,45.914671],[7.58988,45.91453],[7.589758,45.91428],[7.589695,45.914332],[7.589452,45.914189],[7.589314,45.913986],[7.589145,45.913931],[7.588839,45.914045],[7.588739,45.913942],[7.588464,45.913869],[7.588194,45.913935],[7.588036,45.913678],[7.587258,45.913321],[7.586946,45.913293],[7.586422,45.912815],[7.586279,45.912525],[7.586007,45.912426],[7.585797,45.91219],[7.585103,45.911882],[7.584934,45.911729],[7.584714,45.911757],[7.583774,45.911172],[7.58343,45.910517],[7.583425,45.910217],[7.58438,45.909573],[7.584848,45.909082]]}},
{"type":"Feature","properties":{"mountain_slug":"matterhorn","name":"Via ferrata Gorbeillon","length_km":0.76,"elevation_gain_m":246,"source":"© OpenStreetMap contributors (ODbL), via Overture Maps"},"geometry":{"type":"LineString","coordinates":[[7.619434,45.876208],[7.618787,45.876444],[7.618601,45.876189],[7.618129,45.87605],[7.618068,45.876227],[7.618398,45.876486],[7.618141,45.876519],[7.618071,45.876592],[7.618337,45.876586],[7.618262,45.876722],[7.617819,45.876909],[7.618168,45.877293],[7.618156,45.877416],[7.618432,45.877376],[7.619108,45.877612],[7.619425,45.877799],[7.61953,45.877954],[7.61966,45.877803],[7.619774,45.877846],[7.619996,45.877793],[7.620052,45.877697],[7.619721,45.87754],[7.619611,45.877342],[7.619366,45.87723],[7.619181,45.876803],[7.618986,45.876758],[7.618787,45.876444]]}},
{"type":"Feature","properties":{"mountain_slug":"matterhorn","name":"Vispastrasse","length_km":1.12,"elevation_gain_m":31,"source":"© OpenStreetMap contributors (ODbL), via Overture Maps"},"geometry":{"type":"LineString","coordinates":[[7.754247,46.02925],[7.754447,46.0291],[7.754129,46.028409],[7.753199,46.027379],[7.753172,46.027074],[7.753385,46.026123],[7.753342,46.025763],[7.751662,46.023566],[7.751574,46.023166],[7.751638,46.021936],[7.751264,46.021655],[7.750526,46.021491],[7.749807,46.021233],[7.74935,46.020682]]}},
{"type":"Feature","properties":{"mountain_slug":"matterhorn","name":"Waldweg","length_km":0.8,"elevation_gain_m":225,"source":"© OpenStreetMap contributors (ODbL), via Overture Maps"},"geometry":{"type":"LineString","coordinates":[[7.788205,46.102556],[7.788534,46.102719],[7.78847,46.102421],[7.788555,46.102261],[7.788432,46.102031],[7.78863,46.10145],[7.788577,46.100826],[7.788851,46.100156],[7.788977,46.099447],[7.789205,46.09904],[7.789634,46.098594],[7.789451,46.097998],[7.789872,46.097553],[7.790101,46.097436],[7.78991,46.097175],[7.790326,46.097307],[7.790391,46.097254],[7.790256,46.096886],[7.790361,46.096748]]}},
{"type":"Feature","properties":{"mountain_slug":"matterhorn","name":"Weisshornhüttenweg","length_km":3.83,"elevation_gain_m":956,"source":"© OpenStreetMap contributors (ODbL), via Overture Maps"},"geometry":{"type":"LineString","coordinates":[[7.770241,46.093149],[7.770085,46.093064],[7.769857,46.09309],[7.769661,46.093337],[7.769418,46.092962],[7.768897,46.093817],[7.768774,46.093626],[7.768547,46.093613],[7.768468,46.093844],[7.768333,46.093629],[7.768218,46.093869],[7.768072,46.093631],[7.767884,46.093644],[7.76788,46.093383],[7.76779,46.093306],[7.767496,46.093873],[7.767379,46.093704],[7.767082,46.094212],[7.766903,46.093762],[7.766634,46.094104],[7.766492,46.093671],[7.766753,46.093123],[7.766635,46.092826],[7.766668,46.09264],[7.766318,46.092862],[7.766358,46.092623],[7.766022,46.092928],[7.765957,46.092875],[7.766462,46.0921],[7.766629,46.091617],[7.766398,46.091309],[7.76629,46.090878],[7.766238,46.090964],[7.766005,46.090851],[7.765948,46.090939],[7.765602,46.090792],[7.765499,46.090861],[7.765591,46.091044],[7.765469,46.091097],[7.765296,46.090978],[7.765082,46.090572],[7.764739,46.090332],[7.764513,46.09028],[7.764283,46.09034],[7.763746,46.090069],[7.763767,46.090172],[7.763584,46.09031],[7.763264,46.09023],[7.763169,46.09028],[7.76279,46.0902],[7.762522,46.090238],[7.761825,46.089943],[7.761604,46.090068],[7.761356,46.090062],[7.760619,46.089516],[7.759726,46.089327],[7.759093,46.088945],[7.758516,46.088904],[7.758505,46.088955],[7.75773,46.0888],[7.756616,46.088719],[7.756505,46.08864],[7.756715,46.088253],[7.75626,46.087907],[7.756289,46.088154],[7.756172,46.088289],[7.756174,46.088147],[7.755806,46.087856],[7.755387,46.087118],[7.754895,46.086559],[7.754748,46.08647],[7.754584,46.086545],[7.754316,46.086382],[7.754191,46.086176],[7.753766,46.086143],[7.753707,46.086022],[7.753551,46.086033],[7.753443,46.086185],[7.752862,46.085995],[7.751158,46.085793],[7.750013,46.085898],[7.749465,46.085748],[7.749274,46.08546],[7.748503,46.085249],[7.747777,46.085202],[7.74693,46.085059],[7.746276,46.084842],[7.745059,46.084697],[7.744433,46.084909],[7.743904,46.084981],[7.743654,46.085142],[7.744003,46.085183],[7.743766,46.085276],[7.744189,46.085482],[7.743851,46.08557],[7.74405,46.085709],[7.744174,46.08593],[7.744082,46.085949],[7.744184,46.086004],[7.743852,46.086015],[7.743706,46.085918]]}},
{"type":"Feature","properties":{"mountain_slug":"matterhorn","name":"Wellenkuppe","length_km":3.9,"elevation_gain_m":940,"source":"© OpenStreetMap contributors (ODbL), via Overture Maps"},"geometry":{"type":"LineString","coordinates":[[7.697389,46.048433],[7.697207,46.048449],[7.69667,46.048705],[7.695297,46.049061],[7.694512,46.049408],[7.692812,46.050387],[7.692018,46.051094],[7.690804,46.051609],[7.687888,46.052081],[7.686074,46.05188],[7.685046,46.051887],[7.683896,46.051701],[7.683564,46.051522],[7.683296,46.051053],[7.681841,46.050276],[7.680519,46.049171],[7.67998,46.048578],[7.679914,46.047635],[7.680547,46.044596],[7.680628,46.043431],[7.680768,46.043245],[7.680994,46.043179],[7.681612,46.043164],[7.682402,46.043296],[7.683083,46.043181],[7.683245,46.043032],[7.682812,46.042922],[7.682497,46.042644],[7.682054,46.042563],[7.68154,46.042034],[7.681258,46.04221],[7.680639,46.042059],[7.679481,46.042063],[7.678888,46.041929],[7.6779,46.041948],[7.677562,46.04188],[7.676524,46.041936],[7.675248,46.041712],[7.674334,46.041253],[7.673926,46.041247],[7.673431,46.041072],[7.673256,46.040939],[7.673258,46.040785],[7.67305,46.040652],[7.672193,46.040454],[7.671763,46.04023],[7.671359,46.040161],[7.670937,46.039904],[7.670458,46.039732],[7.670054,46.039454],[7.669602,46.039335],[7.669337,46.039059],[7.668445,46.038557],[7.668063,46.038553],[7.667446,46.038371]]}},
{"type":"Feature","properties":{"mountain_slug":"matterhorn","name":"Wichjeweg","length_km":0.36,"elevation_gain_m":28,"source":"© OpenStreetMap contributors (ODbL), via Overture Maps","note":"Joined across 28 m of Staldenstrasse, Winkelmattenweg."},"geometry":{"type":"LineString","coordinates":[[7.745494,46.013051],[7.745255,46.013238],[7.745073,46.01306],[7.745975,46.013013],[7.746851,46.012391],[7.748292,46.011657]]}},
{"type":"Feature","properties":{"mountain_slug":"matterhorn","name":"Wiestibodenweg","length_km":0.32,"elevation_gain_m":37,"source":"© OpenStreetMap contributors (ODbL), via Overture Maps"},"geometry":{"type":"LineString","coordinates":[[7.74751,46.015996],[7.747222,46.015828],[7.747181,46.015621],[7.746647,46.014985],[7.746611,46.014898],[7.746704,46.01484],[7.746547,46.013976],[7.746066,46.013735],[7.745992,46.013616]]}},
{"type":"Feature","properties":{"mountain_slug":"matterhorn","name":"Wiestistrasse","length_km":0.32,"elevation_gain_m":17,"source":"© OpenStreetMap contributors (ODbL), via Overture Maps"},"geometry":{"type":"LineString","coordinates":[[7.751264,46.021655],[7.751519,46.021727],[7.751686,46.021873],[7.751907,46.02255],[7.752287,46.022986],[7.753685,46.023772]]}},
{"type":"Feature","properties":{"mountain_slug":"matterhorn","name":"Wildi","length_km":0.24,"elevation_gain_m":17,"source":"© OpenStreetMap contributors (ODbL), via Overture Maps","note":"Joined across 36 m of Wildi."},"geometry":{"type":"LineString","coordinates":[[7.763844,46.012535],[7.763628,46.012662],[7.763252,46.012732],[7.763071,46.012949],[7.763279,46.013237],[7.763114,46.012982],[7.763071,46.012949],[7.76297,46.01287],[7.762544,46.012623],[7.762488,46.01233]]}},
{"type":"Feature","properties":{"mountain_slug":"matterhorn","name":"Winkelmattenweg","length_km":0.44,"elevation_gain_m":56,"source":"© OpenStreetMap contributors (ODbL), via Overture Maps"},"geometry":{"type":"LineString","coordinates":[[7.742529,46.015968],[7.742748,46.015817],[7.742805,46.015583],[7.742638,46.015079],[7.743326,46.014826],[7.743623,46.014162],[7.743587,46.013858],[7.744231,46.013704],[7.74444,46.013422],[7.745115,46.013043]]}},
{"type":"Feature","properties":{"mountain_slug":"matterhorn","name":"Wisse Schijen Südgipfel weg","length_km":0.74,"elevation_gain_m":290,"source":"© OpenStreetMap contributors (ODbL), via Overture Maps"},"geometry":{"type":"LineString","coordinates":[[7.742812,46.08643],[7.743482,46.086468],[7.743228,46.086702],[7.743355,46.086774],[7.743543,46.08676],[7.744015,46.087144],[7.743896,46.087182],[7.743951,46.08725],[7.743476,46.087419],[7.743502,46.087507],[7.742739,46.087805],[7.742822,46.08787],[7.742711,46.08798],[7.742925,46.088081],[7.742774,46.088186],[7.742844,46.088355],[7.743304,46.088529],[7.743156,46.088677],[7.743317,46.088846],[7.742896,46.089078],[7.742962,46.089117],[7.742848,46.089196],[7.742955,46.089258],[7.742883,46.089302],[7.742999,46.089356],[7.742973,46.089485],[7.743302,46.089698],[7.74321,46.089734],[7.743699,46.090098],[7.743849,46.090292],[7.743758,46.090343]]}},
{"type":"Feature","properties":{"mountain_slug":"matterhorn","name":"Zen Steckenstrasse","length_km":0.94,"elevation_gain_m":38,"source":"© OpenStreetMap contributors (ODbL), via Overture Maps","note":"Longest of 2 OpenStreetMap pieces with this name that do not join into one line (0.9 of 1.1 km in the bbox)."},"geometry":{"type":"LineString","coordinates":[[7.738655,46.011342],[7.739048,46.011325],[7.739187,46.011383],[7.739373,46.011931],[7.739546,46.012148],[7.740458,46.01279],[7.740944,46.013741],[7.740994,46.014122],[7.741277,46.014672],[7.741416,46.014335],[7.740889,46.012817],[7.740717,46.012593],[7.73975,46.011936],[7.739577,46.011539],[7.739605,46.011138],[7.739291,46.01078]]}},
{"type":"Feature","properties":{"mountain_slug":"matterhorn","name":"Zer Bännu","length_km":0.58,"elevation_gain_m":52,"source":"© OpenStreetMap contributors (ODbL), via Overture Maps"},"geometry":{"type":"LineString","coordinates":[[7.753685,46.023772],[7.754978,46.024628],[7.754452,46.025714],[7.754436,46.026094],[7.754646,46.026324],[7.755286,46.026366],[7.755496,46.026516],[7.755437,46.027521],[7.755502,46.027885],[7.755624,46.027955]]}},
{"type":"Feature","properties":{"mountain_slug":"matterhorn","name":"Zmutt","length_km":1.05,"elevation_gain_m":90,"source":"© OpenStreetMap contributors (ODbL), via Overture Maps"},"geometry":{"type":"LineString","coordinates":[[7.720415,46.006417],[7.719724,46.006713],[7.719354,46.006657],[7.717881,46.00682],[7.717296,46.006732],[7.717151,46.006529],[7.717024,46.006491],[7.71584,46.00626],[7.714354,46.006573],[7.714043,46.006341],[7.713616,46.006449],[7.713518,46.006406],[7.713942,46.005588],[7.712811,46.0062],[7.712535,46.00665],[7.712061,46.007092],[7.710861,46.00738],[7.710456,46.007334]]}},
{"type":"Feature","properties":{"mountain_slug":"matterhorn","name":"Zustieg Kingletscher","length_km":1.56,"elevation_gain_m":442,"source":"© OpenStreetMap contributors (ODbL), via Overture Maps"},"geometry":{"type":"LineString","coordinates":[[7.809104,46.088484],[7.809415,46.088452],[7.809489,46.088508],[7.810073,46.088301],[7.810329,46.088343],[7.810776,46.088142],[7.811149,46.088077],[7.811652,46.088035],[7.812568,46.088139],[7.813623,46.087945],[7.813887,46.08786],[7.814427,46.087345],[7.814617,46.087097],[7.814586,46.08681],[7.81577,46.086305],[7.816005,46.086336],[7.816974,46.086121],[7.81799,46.0864],[7.818519,46.086656],[7.819338,46.087379],[7.820179,46.088505],[7.821157,46.089115],[7.821249,46.089314],[7.822517,46.089968],[7.823349,46.090202],[7.824623,46.090838]]}},
{"type":"Feature","properties":{"mountain_slug":"matterhorn","name":"alter Hüttenweg","length_km":3.92,"elevation_gain_m":497,"source":"© OpenStreetMap contributors (ODbL), via Overture Maps","note":"Longest of 3 OpenStreetMap pieces with this name that do not join into one line (3.9 of 4.5 km in the bbox)."},"geometry":{"type":"LineString","coordinates":[[7.794653,45.978373],[7.794556,45.977873],[7.795002,45.977462],[7.794287,45.977356],[7.794642,45.97705],[7.794486,45.976914],[7.794894,45.976628],[7.794605,45.976586],[7.79349,45.976166],[7.794027,45.975777],[7.79422,45.975274],[7.795482,45.974809],[7.796382,45.974218],[7.799865,45.972443],[7.802344,45.970433],[7.8034,45.969733],[7.805503,45.967442],[7.805938,45.966624],[7.806333,45.965551],[7.8072,45.965523],[7.807457,45.965376],[7.807573,45.965462],[7.807691,45.965301],[7.807816,45.965287],[7.808026,45.965396],[7.808604,45.965269],[7.808984,45.96535],[7.809426,45.965766],[7.809407,45.965922],[7.809691,45.966162],[7.809653,45.966283],[7.810291,45.965932],[7.810939,45.965433],[7.811228,45.965311],[7.811411,45.965351],[7.811679,45.964933],[7.811833,45.964902],[7.811978,45.964663],[7.81185,45.964503],[7.81189,45.964359],[7.812259,45.96357],[7.812442,45.963353],[7.812877,45.963166],[7.812951,45.96296],[7.812869,45.962686],[7.812511,45.962531],[7.812288,45.962336],[7.812113,45.962347],[7.811926,45.962101],[7.812028,45.962002],[7.81178,45.961864],[7.812072,45.961414],[7.812552,45.961182],[7.812585,45.961086],[7.813654,45.960687],[7.813471,45.960543],[7.81345,45.960402],[7.813316,45.96039],[7.813386,45.960292],[7.813312,45.960232],[7.813572,45.959929],[7.813459,45.959946],[7.813694,45.959742],[7.813589,45.959717],[7.813634,45.959618],[7.81352,45.959558],[7.813381,45.959663],[7.813154,45.95964],[7.813016,45.959711],[7.812991,45.959564],[7.812812,45.959516],[7.812621,45.959612],[7.81254,45.959406],[7.812353,45.959411],[7.812296,45.958874],[7.812559,45.958381],[7.81282,45.958282],[7.813039,45.958034],[7.813234,45.958048],[7.813547,45.957545],[7.814003,45.957423],[7.814055,45.957288],[7.814453,45.957078]]}},
{"type":"Feature","properties":{"mountain_slug":"matterhorn","name":"cresta Leone Cervino","length_km":3.16,"elevation_gain_m":1358,"source":"© OpenStreetMap contributors (ODbL), via Overture Maps"},"geometry":{"type":"LineString","coordinates":[[7.641678,45.962961],[7.641827,45.963201],[7.641491,45.963461],[7.641595,45.963476],[7.641541,45.963562],[7.641617,45.963608],[7.641491,45.963667],[7.641616,45.963686],[7.641415,45.963794],[7.641491,45.963899],[7.641372,45.964061],[7.64154,45.964195],[7.641721,45.964199],[7.641647,45.964256],[7.641892,45.964399],[7.641748,45.964738],[7.641918,45.964977],[7.641662,45.965283],[7.641454,45.965324],[7.641448,45.965434],[7.641168,45.965366],[7.641111,45.965466],[7.641338,45.965592],[7.641268,45.965696],[7.641499,45.965843],[7.641531,45.965963],[7.641348,45.966067],[7.641583,45.966337],[7.641606,45.96647],[7.641497,45.966499],[7.641632,45.966611],[7.641525,45.966684],[7.641785,45.96689],[7.641756,45.96703],[7.641858,45.967075],[7.641706,45.967265],[7.641823,45.967319],[7.641769,45.967373],[7.642039,45.967495],[7.642059,45.967639],[7.642501,45.967763],[7.642583,45.96785],[7.642811,45.967861],[7.643075,45.968085],[7.642981,45.968224],[7.643215,45.968775],[7.643108,45.968957],[7.643241,45.969171],[7.642962,45.969893],[7.64365,45.970528],[7.644159,45.970523],[7.644613,45.970758],[7.64452,45.971082],[7.644832,45.971642],[7.645227,45.971808],[7.645747,45.971861],[7.645679,45.97195],[7.645816,45.971938],[7.64586,45.972019],[7.645738,45.972142],[7.646138,45.972223],[7.646047,45.972248],[7.646128,45.972312],[7.645981,45.972341],[7.645967,45.972519],[7.647019,45.972808],[7.647222,45.972994],[7.647321,45.972934],[7.647703,45.972979],[7.648094,45.973191],[7.64852,45.97322],[7.648423,45.973396],[7.648673,45.973455],[7.648957,45.973755],[7.649514,45.973885],[7.649673,45.974007],[7.650624,45.973998],[7.650794,45.974236],[7.651591,45.974204],[7.651809,45.974274],[7.652626,45.974143],[7.653727,45.974288],[7.654298,45.974734],[7.654658,45.975143],[7.654696,45.975314],[7.654883,45.97537],[7.655014,45.975819],[7.655711,45.976092],[7.656163,45.97608],[7.656371,45.97629],[7.657044,45.97644],[7.657134,45.976561],[7.657845,45.976678],[7.6586,45.976423],[7.659218,45.976384],[7.659698,45.977454],[7.660114,45.977699]]}},
{"type":"Feature","properties":{"mountain_slug":"matterhorn","name":"ehemaliger Europaweg","length_km":0.66,"elevation_gain_m":64,"source":"© OpenStreetMap contributors (ODbL), via Overture Maps"},"geometry":{"type":"LineString","coordinates":[[7.801296,46.096774],[7.801157,46.096152],[7.800871,46.095907],[7.800757,46.095559],[7.800698,46.094308],[7.800852,46.093411],[7.800152,46.092647],[7.80047,46.092255],[7.800529,46.092047],[7.799828,46.091281]]}},
{"type":"Feature","properties":{"mountain_slug":"matterhorn","name":"ex 3","length_km":0.26,"elevation_gain_m":111,"source":"© OpenStreetMap contributors (ODbL), via Overture Maps"},"geometry":{"type":"LineString","coordinates":[[7.56252,45.903145],[7.561689,45.902788],[7.561279,45.902707],[7.561085,45.902574],[7.561017,45.902288],[7.560861,45.902186],[7.559934,45.901985]]}},
{"type":"Feature","properties":{"mountain_slug":"matterhorn","name":"sentier derri berega","length_km":1.53,"elevation_gain_m":447,"source":"© OpenStreetMap contributors (ODbL), via Overture Maps"},"geometry":{"type":"LineString","coordinates":[[7.503523,46.0761],[7.503198,46.075201],[7.502765,46.074518],[7.502419,46.074204],[7.501903,46.073984],[7.501917,46.073926],[7.502146,46.073895],[7.501649,46.073438],[7.501259,46.072654],[7.501002,46.072565],[7.500854,46.072685],[7.500547,46.072646],[7.499942,46.072319],[7.499339,46.072339],[7.498929,46.071895],[7.499002,46.07169],[7.498792,46.071518],[7.498818,46.071319],[7.49853,46.070681],[7.498661,46.070171],[7.498868,46.070235],[7.498952,46.070022],[7.49906,46.070121],[7.499303,46.069956],[7.499487,46.070024],[7.499445,46.069892],[7.499562,46.069925],[7.499602,46.06972],[7.499734,46.069587],[7.49987,46.06962],[7.499866,46.069487],[7.49968,46.06948],[7.499492,46.069353],[7.499403,46.069168],[7.499529,46.069104],[7.499501,46.068996],[7.499635,46.069106],[7.499696,46.068946],[7.499802,46.069012],[7.499763,46.068849],[7.499869,46.068803],[7.500106,46.068863],[7.500352,46.068226],[7.500006,46.068056],[7.498302,46.067932]]}}
]}
