{"type": "FeatureCollection", "attribution": "© OpenStreetMap contributors (ODbL 1.0), via Overture Maps Foundation release 2026-09-23.0", "license": "ODbL-1.0", "source": "https://overturemaps-us-west-2.s3.amazonaws.com/release/2026-09-23.0/theme=transportation/type=segment/", "mountain_slug": "mount-kailash", "hero_trail": "冈仁波齐转山", "hero_length_mi": 28.792, "elevation": "meters above the EGM2008 geoid, sampled from the Copernicus DEM (step 10)", "features": [
{"type":"Feature","properties":{"trail":null,"hero":false,"class":"path","length_m":309.9},"geometry":{"type":"LineString","coordinates":[[81.376924,31.0325,4942.9],[81.376902,31.032284,4941.6],[81.37688,31.032067,4940.4],[81.376773,31.031833,4939.1],[81.376768,31.03161,4938.2],[81.376762,31.031387,4937.3],[81.376779,31.031192,4936.7],[81.376795,31.030996,4936.0],[81.376709,31.030762,4934.9],[81.376623,31.030528,4934.6],[81.376534,31.030346,4934.4],[81.376446,31.030164,4934.4],[81.376394,31.029976,4934.7],[81.376343,31.029788,4935.5]]}},
{"type":"Feature","properties":{"trail":null,"hero":false,"class":"path","length_m":167.8},"geometry":{"type":"LineString","coordinates":[[81.31635,30.961085,4657.5],[81.316593,30.961046,4657.8],[81.316835,30.961007,4659.0],[81.317078,30.960967,4659.8],[81.317332,30.960968,4661.2],[81.317586,30.960968,4663.0],[81.31784,30.960968,4664.9],[81.318094,30.960967,4666.2]]}},
{"type":"Feature","properties":{"trail":null,"hero":false,"class":"path","length_m":234.9},"geometry":{"type":"LineString","coordinates":[[81.348015,31.096982,5389.5],[81.347795,31.096794,5384.5],[81.347706,31.096663,5380.0],[81.347556,31.096537,5374.2],[81.347363,31.096541,5369.9],[81.347159,31.096569,5365.6],[81.347007,31.096525,5360.8],[81.346856,31.096482,5356.0],[81.346617,31.096541,5350.8],[81.346378,31.096601,5346.2],[81.346111,31.096547,5338.9],[81.345843,31.096492,5332.2]]}},
{"type":"Feature","properties":{"trail":null,"hero":false,"class":"track","length_m":2623.1},"geometry":{"type":"LineString","coordinates":[[81.289817,30.98988,4825.2],[81.289742,30.990009,4823.7],[81.289658,30.990219,4822.5],[81.289574,30.990429,4821.8],[81.289459,30.990459,4820.6],[81.289238,30.990356,4818.6],[81.28907,30.990341,4817.5],[81.288872,30.990339,4816.3],[81.288721,30.990392,4816.0],[81.288666,30.990444,4816.5],[81.288494,30.990579,4817.1],[81.288257,30.99066,4816.1],[81.288166,30.990742,4817.1],[81.28803,30.990848,4817.0],[81.287895,30.990954,4816.9],[81.287809,30.991201,4819.9],[81.287724,30.991449,4821.1],[81.287639,30.991696,4821.7],[81.287553,30.991944,4823.0],[81.287468,30.992191,4824.4],[81.287464,30.992386,4826.8],[81.28746,30.99258,4829.1],[81.287392,30.992732,4830.2],[81.287323,30.992884,4831.2],[81.287297,30.993057,4832.7],[81.28727,30.993229,4833.3],[81.287205,30.99345,4833.3],[81.28714,30.993671,4833.4],[81.287075,30.993891,4834.6],[81.28701,30.994112,4836.6],[81.287025,30.994341,4839.4],[81.287041,30.99457,4842.6],[81.287003,30.994701,4843.7],[81.286919,30.994801,4843.8],[81.28674,30.994876,4843.0],[81.28656,30.994951,4841.2],[81.286514,30.995142,4843.4],[81.286327,30.995349,4844.3],[81.286139,30.995555,4846.0],[81.285952,30.995762,4848.9],[81.285764,30.995968,4851.5],[81.285577,30.996175,4853.3],[81.285389,30.996381,4855.5],[81.285202,30.996588,4858.2],[81.28495,30.996702,4858.6],[81.284866,30.996845,4861.7],[81.284772,30.997023,4863.7],[81.284679,30.997201,4865.0],[81.284659,30.997468,4868.9],[81.284638,30.997735,4873.5],[81.284547,30.997904,4875.7],[81.284456,30.998072,4877.6],[81.284367,30.998239,4880.4],[81.284277,30.998406,4882.5],[81.284188,30.998573,4884.4],[81.284039,30.998743,4885.3],[81.283891,30.998912,4885.1],[81.2838,30.998923,4883.7],[81.283573,30.998847,4879.5],[81.283343,30.998778,4879.4],[81.283128,30.998716,4881.0],[81.282964,30.998712,4883.8],[81.282857,30.998779,4885.8],[81.282768,30.998926,4886.5],[81.282631,30.99917,4889.6],[81.282494,30.999413,4890.7],[81.282347,30.999636,4894.0],[81.282201,30.999859,4896.4],[81.282117,31.000005,4898.5],[81.282032,31.000151,4900.5],[81.281914,31.000325,4902.4],[81.281815,31.000483,4904.6],[81.281697,31.000585,4906.0],[81.281578,31.000687,4908.5],[81.281475,31.000886,4910.0],[81.281372,31.001085,4911.4],[81.281197,31.001288,4915.1],[81.281021,31.00149,4917.8],[81.280887,31.001645,4918.8],[81.280718,31.001869,4921.4],[81.280549,31.002093,4923.2],[81.28038,31.002317,4924.8],[81.280199,31.002511,4927.0],[81.280019,31.002705,4929.6],[81.279838,31.002898,4932.8],[81.279707,31.003109,4935.0],[81.279576,31.00332,4937.2],[81.279445,31.003531,4938.9],[81.279313,31.003741,4941.7],[81.279182,31.003952,4943.8],[81.27915,31.004168,4945.2],[81.279118,31.004384,4947.3],[81.279086,31.0046,4949.2],[81.279075,31.00483,4951.0],[81.279064,31.00506,4952.9],[81.279053,31.00529,4954.3],[81.279042,31.00552,4955.2],[81.278959,31.005715,4956.7],[81.278876,31.005909,4958.1],[81.278856,31.00612,4959.4],[81.278864,31.006351,4960.5],[81.278872,31.006582,4961.5],[81.278879,31.006813,4962.7],[81.278887,31.007044,4964.0],[81.27883,31.007218,4966.0],[81.278773,31.007392,4968.4],[81.278824,31.007585,4968.8],[81.278875,31.007779,4968.9],[81.27888,31.008026,4970.6],[81.278886,31.008272,4972.5],[81.278923,31.008475,4974.2],[81.278961,31.008714,4976.1],[81.278999,31.008954,4978.0],[81.279037,31.009193,4979.7]]}},
{"type":"Feature","properties":{"trail":null,"hero":false,"class":"track","length_m":1976.1},"geometry":{"type":"LineString","coordinates":[[81.289817,30.98988,4825.2],[81.289803,30.989779,4824.7],[81.289734,30.989567,4822.5],[81.289742,30.989445,4822.7],[81.289734,30.989338,4822.4],[81.289673,30.989111,4821.5],[81.289589,30.98888,4821.9],[81.289467,30.988676,4822.2],[81.289352,30.988543,4820.6],[81.289291,30.988396,4821.0],[81.289268,30.988182,4821.8],[81.289291,30.987957,4822.1],[81.289307,30.98769,4820.8],[81.28933,30.987495,4819.6],[81.289352,30.987305,4818.4],[81.289375,30.98711,4817.1],[81.289421,30.986967,4816.4],[81.289497,30.98682,4815.9],[81.289536,30.986689,4814.9],[81.289574,30.986471,4812.2],[81.289612,30.986246,4808.6],[81.289658,30.986112,4807.0],[81.289703,30.985977,4804.9],[81.289803,30.985834,4803.8],[81.289948,30.985708,4803.4],[81.28997,30.985622,4801.6],[81.28997,30.985508,4799.4],[81.289948,30.985365,4797.3],[81.289978,30.985229,4796.8],[81.29007,30.985044,4797.0],[81.290138,30.984831,4796.6],[81.290146,30.984695,4794.9],[81.290154,30.984558,4794.0],[81.290199,30.984362,4793.3],[81.290298,30.984118,4792.9],[81.290352,30.983962,4792.7],[81.290405,30.983805,4793.5],[81.290428,30.983627,4793.3],[81.290443,30.983475,4791.9],[81.290466,30.983437,4792.2],[81.290497,30.983398,4792.7],[81.290665,30.983282,4793.8],[81.290695,30.983236,4793.3],[81.290718,30.983181,4792.8],[81.290718,30.983004,4790.0],[81.290749,30.982868,4789.1],[81.290756,30.982742,4788.1],[81.290741,30.982618,4787.4],[81.290726,30.982542,4786.8],[81.290672,30.982452,4785.2],[81.290599,30.982264,4783.5],[81.290527,30.982075,4782.0],[81.290458,30.981885,4781.1],[81.29039,30.981695,4779.5],[81.290355,30.981559,4777.9],[81.290321,30.981422,4776.0],[81.290294,30.981242,4774.3],[81.290268,30.981062,4772.6],[81.29026,30.980812,4770.6],[81.290199,30.980654,4768.3],[81.290176,30.980579,4767.4],[81.290176,30.980503,4766.4],[81.290215,30.980337,4764.9],[81.290253,30.980171,4762.4],[81.290287,30.980036,4760.1],[81.290321,30.9799,4756.7],[81.290398,30.979755,4753.9],[81.290516,30.979653,4752.9],[81.290634,30.979551,4750.9],[81.290753,30.97945,4748.6],[81.290871,30.979349,4745.9],[81.29113,30.979227,4744.0],[81.291336,30.979109,4742.3],[81.291435,30.97908,4743.8],[81.291473,30.979065,4744.4],[81.291496,30.979052,4744.6],[81.291512,30.979034,4744.2],[81.291512,30.979015,4743.1],[81.291512,30.978996,4742.0],[81.291481,30.97897,4739.4],[81.291443,30.978966,4737.6],[81.291405,30.978977,4736.8],[81.291206,30.979036,4734.9],[81.29097,30.979097,4733.4],[81.29081,30.979097,4730.7],[81.290649,30.979097,4727.9],[81.290359,30.979137,4722.4],[81.290169,30.979244,4721.1],[81.290036,30.979354,4721.3],[81.289902,30.979464,4722.0],[81.289825,30.97949,4720.7],[81.289749,30.979494,4718.6],[81.289688,30.979504,4717.3],[81.289635,30.979528,4716.9],[81.289558,30.979578,4716.6],[81.289513,30.979605,4716.2],[81.289467,30.97961,4715.1],[81.289421,30.979584,4713.0],[81.289406,30.979542,4711.5],[81.289421,30.979504,4711.1],[81.289459,30.979479,4711.6],[81.289604,30.97941,4712.3],[81.289787,30.979286,4711.4],[81.289925,30.979139,4709.0],[81.290062,30.978992,4706.9],[81.290238,30.978816,4704.3],[81.290413,30.97864,4700.6],[81.290547,30.978477,4697.5],[81.29068,30.978313,4694.2],[81.290755,30.978099,4690.0],[81.29083,30.977885,4687.1],[81.290867,30.977684,4684.7],[81.290904,30.977484,4682.4],[81.29094,30.977283,4679.5],[81.290977,30.977082,4676.7],[81.290989,30.976824,4673.3],[81.291001,30.976566,4670.8],[81.291012,30.976308,4669.1],[81.29098,30.976075,4667.6]]}},
{"type":"Feature","properties":{"trail":null,"hero":false,"class":"track","length_m":1527.7},"geometry":{"type":"LineString","coordinates":[[81.289817,30.98988,4825.2],[81.289833,30.98999,4825.7],[81.289902,30.990191,4826.7],[81.290019,30.990389,4828.2],[81.290136,30.990588,4830.9],[81.290253,30.990786,4832.3],[81.290317,30.991033,4834.1],[81.290382,30.99128,4835.7],[81.290474,30.991448,4837.2],[81.290565,30.991617,4837.5],[81.290657,30.991785,4839.6],[81.290775,30.991947,4841.3],[81.290894,30.992109,4844.0],[81.29101,30.992339,4846.5],[81.291126,30.992569,4848.6],[81.291241,30.992798,4851.9],[81.291357,30.993028,4853.4],[81.291473,30.993258,4856.4],[81.291622,30.993489,4859.4],[81.291771,30.993719,4864.7],[81.291839,30.993931,4868.2],[81.291908,30.994143,4870.1],[81.291977,30.994257,4871.7],[81.29215,30.994362,4874.5],[81.292323,30.994467,4874.9],[81.292496,30.994572,4877.1],[81.292687,30.994702,4878.7],[81.292879,30.994832,4881.8],[81.293075,30.995,4883.5],[81.293229,30.9951,4886.5],[81.293383,30.9952,4888.5],[81.293473,30.995279,4889.1],[81.293474,30.99534,4889.1],[81.293332,30.995532,4888.2],[81.293205,30.995701,4889.9],[81.293251,30.995752,4890.7],[81.293205,30.99581,4892.0],[81.292997,30.99577,4892.7],[81.292788,30.995729,4893.0],[81.29258,30.995689,4891.7],[81.292519,30.995701,4892.0],[81.292511,30.995764,4893.5],[81.292747,30.995903,4898.5],[81.292917,30.996099,4903.9],[81.293088,30.996295,4909.0],[81.293222,30.996416,4912.3],[81.293357,30.996536,4915.6],[81.293517,30.996728,4920.1],[81.293676,30.996921,4924.5],[81.293835,30.997113,4927.8],[81.293995,30.997306,4930.9],[81.294154,30.997498,4933.7],[81.294276,30.997708,4937.3],[81.294397,30.997919,4940.8],[81.294519,30.998129,4944.3],[81.294629,30.998332,4947.0],[81.29474,30.998534,4949.3],[81.29485,30.998737,4952.0],[81.294979,30.998921,4954.9],[81.295107,30.999104,4957.8],[81.295206,30.999274,4960.3],[81.295305,30.999444,4962.9],[81.295425,30.99962,4965.8],[81.295545,30.999795,4968.8],[81.295638,30.999946,4970.9],[81.295731,31.000097,4972.5],[81.295857,31.000286,4974.4],[81.295983,31.000475,4975.4],[81.296108,31.000664,4976.2],[81.296234,31.000853,4976.8]]}},
{"type":"Feature","properties":{"trail":null,"hero":false,"class":"track","length_m":183.7},"geometry":{"type":"LineString","coordinates":[[81.279037,31.009193,4979.7],[81.279073,31.009346,4980.4],[81.279108,31.009499,4981.4],[81.279173,31.009647,4982.1],[81.279237,31.009794,4983.4],[81.279319,31.01003,4985.8],[81.27943,31.010229,4987.1],[81.279542,31.010428,4989.7],[81.279653,31.010626,4991.5],[81.279633,31.010686,4992.9],[81.279564,31.010691,4994.4]]}},
{"type":"Feature","properties":{"trail":null,"hero":false,"class":"path","length_m":192.7},"geometry":{"type":"LineString","coordinates":[[81.279037,31.009193,4979.7],[81.278992,31.009373,4981.4],[81.278931,31.009438,4982.4],[81.278671,31.009424,4989.9],[81.278515,31.009643,4996.0],[81.278358,31.009861,5001.7],[81.278351,31.01001,5003.4],[81.278473,31.010231,5004.7],[81.278518,31.010313,5005.0],[81.278695,31.010509,5005.0]]}},
{"type":"Feature","properties":{"trail":null,"hero":false,"class":"track","length_m":15.5},"geometry":{"type":"LineString","coordinates":[[81.29098,30.976075,4667.6],[81.290931,30.975942,4666.9]]}},
{"type":"Feature","properties":{"trail":null,"hero":false,"class":"track","length_m":95.9},"geometry":{"type":"LineString","coordinates":[[81.279564,31.010691,4994.4],[81.279373,31.010626,4997.0],[81.279178,31.010509,4998.9],[81.278984,31.010391,4999.5],[81.278854,31.010422,5002.3],[81.278695,31.010509,5005.0]]}},
{"type":"Feature","properties":{"trail":null,"hero":false,"class":"path","length_m":141.9},"geometry":{"type":"LineString","coordinates":[[81.279564,31.010691,4994.4],[81.279751,31.010884,4994.6],[81.279937,31.011076,4997.0],[81.280086,31.011302,5000.3],[81.280235,31.011528,5002.9],[81.280384,31.011754,5006.2]]}},
{"type":"Feature","properties":{"trail":null,"hero":false,"class":"path","length_m":228.8},"geometry":{"type":"LineString","coordinates":[[81.278695,31.010509,5005.0],[81.278749,31.010737,5008.0],[81.278859,31.010861,5009.3],[81.278969,31.010985,5010.2],[81.278964,31.011222,5012.9],[81.278958,31.011458,5015.6],[81.278953,31.011661,5017.3],[81.278948,31.011863,5019.5],[81.279055,31.012001,5021.3],[81.279162,31.012139,5023.0],[81.279288,31.012249,5024.0],[81.279414,31.01236,5025.0]]}},
{"type":"Feature","properties":{"trail":null,"hero":false,"class":"path","length_m":2175.7},"geometry":{"type":"LineString","coordinates":[[81.280384,31.011754,5006.2],[81.280602,31.011654,5000.8],[81.28082,31.011554,4999.2],[81.280972,31.011491,5001.0],[81.280898,31.011248,4999.6],[81.280825,31.011005,4998.6],[81.280751,31.010762,4998.8],[81.280678,31.010519,4998.9],[81.280736,31.010289,5003.2],[81.280795,31.010059,5006.8],[81.280853,31.009829,5008.1],[81.280986,31.009613,5009.1],[81.281119,31.009397,5008.9],[81.281252,31.009181,5009.2],[81.281459,31.009016,5012.5],[81.281666,31.00885,5016.3],[81.281874,31.008685,5022.2],[81.282081,31.008519,5027.8],[81.282288,31.008353,5033.2],[81.282461,31.008132,5035.6],[81.282633,31.007911,5037.3],[81.282806,31.007689,5038.2],[81.282979,31.007468,5033.7],[81.283151,31.007247,5031.3],[81.283324,31.007025,5035.6],[81.283497,31.006804,5039.5],[81.283669,31.006583,5046.8],[81.283842,31.006362,5054.6],[81.284066,31.006358,5062.4],[81.28429,31.006354,5068.4],[81.284514,31.006349,5072.8],[81.28474,31.006222,5072.3],[81.284965,31.006095,5071.2],[81.285191,31.005967,5069.5],[81.285417,31.00584,5065.6],[81.285676,31.005729,5058.2],[81.285935,31.005618,5054.4],[81.286177,31.005634,5062.8],[81.28642,31.00565,5075.0],[81.286663,31.005666,5086.5],[81.286873,31.005474,5091.0],[81.287083,31.005282,5091.3],[81.287306,31.005125,5091.1],[81.28753,31.004968,5093.5],[81.287753,31.004811,5094.2],[81.287955,31.004994,5092.8],[81.288158,31.005177,5090.1],[81.28836,31.005361,5088.2],[81.288562,31.005544,5088.6],[81.288679,31.00568,5089.9],[81.288797,31.005815,5090.9],[81.289043,31.005808,5086.4],[81.289289,31.0058,5082.7],[81.289535,31.005793,5079.6],[81.289781,31.005785,5076.4],[81.290051,31.005735,5072.4],[81.290294,31.005818,5071.6],[81.290538,31.005901,5071.9],[81.290781,31.005984,5071.4],[81.291024,31.006067,5070.4],[81.291149,31.006237,5072.3],[81.291274,31.006408,5071.9],[81.291399,31.006579,5067.9],[81.291569,31.00672,5065.4],[81.291739,31.00686,5066.8],[81.291991,31.006958,5066.7],[81.292243,31.007056,5065.7],[81.292496,31.007154,5065.5],[81.292748,31.007252,5064.2],[81.292912,31.007383,5063.8],[81.293076,31.007514,5062.7],[81.293281,31.007554,5061.5],[81.293486,31.007594,5060.9],[81.293685,31.007669,5060.1],[81.293885,31.007745,5057.5],[81.294084,31.007895,5057.8],[81.294283,31.008046,5057.9],[81.294506,31.008137,5055.9],[81.294729,31.008227,5057.8],[81.294999,31.008127,5062.0],[81.295295,31.008149,5064.9],[81.295591,31.008172,5067.5],[81.295887,31.008194,5070.4],[81.296183,31.008217,5072.8],[81.296464,31.008142,5073.8],[81.296745,31.008066,5074.8]]}},
{"type":"Feature","properties":{"trail":null,"hero":false,"class":"path","length_m":143.0},"geometry":{"type":"LineString","coordinates":[[81.280384,31.011754,5006.2],[81.280506,31.011931,5008.9],[81.280628,31.012108,5012.3],[81.280751,31.012285,5017.0],[81.280873,31.012462,5022.3],[81.281057,31.012633,5025.8],[81.281241,31.012803,5029.9]]}},
{"type":"Feature","properties":{"trail":null,"hero":false,"class":"path","length_m":193.6},"geometry":{"type":"LineString","coordinates":[[81.279414,31.01236,5025.0],[81.279594,31.012426,5024.7],[81.279774,31.012493,5024.3],[81.279953,31.012557,5025.1],[81.280133,31.012622,5026.3],[81.280305,31.012534,5024.0],[81.280503,31.012539,5023.9],[81.280643,31.012656,5027.3],[81.280782,31.012773,5030.5],[81.281012,31.012788,5031.2],[81.281241,31.012803,5029.9]]}},
{"type":"Feature","properties":{"trail":null,"hero":false,"class":"path","length_m":661.7},"geometry":{"type":"LineString","coordinates":[[81.279414,31.01236,5025.0],[81.279522,31.012612,5027.6],[81.279661,31.012761,5029.8],[81.279801,31.01291,5034.2],[81.27994,31.013058,5038.7],[81.280037,31.013249,5040.8],[81.280133,31.01344,5043.1],[81.28023,31.013631,5045.8],[81.280326,31.013822,5049.2],[81.280396,31.014009,5053.2],[81.280466,31.014196,5057.4],[81.280535,31.014382,5061.3],[81.280719,31.014601,5066.2],[81.280903,31.014819,5072.0],[81.281013,31.014937,5075.1],[81.281123,31.015054,5078.4],[81.281391,31.015144,5083.5],[81.281659,31.015235,5086.7],[81.281928,31.015325,5088.6],[81.282013,31.015446,5090.9],[81.282099,31.015566,5092.5],[81.282247,31.015655,5091.6],[81.282394,31.015743,5091.1],[81.282555,31.0159,5090.4],[81.282716,31.016056,5089.6],[81.282877,31.016212,5089.9],[81.283057,31.016325,5090.4],[81.283199,31.016522,5091.4],[81.283341,31.016718,5091.4],[81.283454,31.016946,5092.7]]}},
{"type":"Feature","properties":{"trail":null,"hero":false,"class":"path","length_m":405.1},"geometry":{"type":"LineString","coordinates":[[81.36525,31.002675,4803.3],[81.365241,31.002716,4804.0],[81.365001,31.002682,4804.3],[81.364769,31.002626,4804.9],[81.364537,31.002571,4805.8],[81.364266,31.00254,4808.0],[81.364025,31.002505,4809.2],[81.363833,31.002463,4809.9],[81.363677,31.002413,4810.3],[81.363522,31.002363,4811.0],[81.363267,31.002329,4814.1],[81.363001,31.002341,4817.3],[81.362742,31.002321,4818.6],[81.362433,31.002284,4821.3],[81.362464,31.002168,4817.0],[81.362744,31.002091,4811.0],[81.362877,31.002009,4806.8],[81.362945,31.001876,4802.3],[81.363111,31.001806,4799.1],[81.36329,31.001675,4795.4],[81.363397,31.001595,4794.2]]}},
{"type":"Feature","properties":{"trail":null,"hero":false,"class":"track","length_m":50.7},"geometry":{"type":"LineString","coordinates":[[81.365094,31.002584,4802.0],[81.365365,31.002529,4800.5],[81.365507,31.002709,4802.9]]}},
{"type":"Feature","properties":{"trail":null,"hero":false,"class":"path","length_m":522.1},"geometry":{"type":"LineString","coordinates":[[81.281241,31.012803,5029.9],[81.281438,31.012985,5034.3],[81.281634,31.013167,5039.2],[81.28183,31.013348,5042.6],[81.281963,31.013491,5044.5],[81.282096,31.013633,5049.9],[81.282229,31.013776,5054.9],[81.28236,31.013996,5062.5],[81.282491,31.014217,5068.9],[81.282623,31.014438,5075.3],[81.282754,31.014659,5081.0],[81.282872,31.014812,5081.1],[81.28299,31.014965,5082.5],[81.2831,31.015186,5084.1],[81.28321,31.015407,5084.9],[81.28332,31.015628,5086.3],[81.283429,31.015849,5086.0],[81.283434,31.016068,5089.4],[81.283439,31.016287,5091.5],[81.283444,31.016507,5092.3],[81.283449,31.016726,5092.4],[81.283454,31.016946,5092.7]]}},
{"type":"Feature","properties":{"trail":null,"hero":false,"class":"path","length_m":63.7},"geometry":{"type":"LineString","coordinates":[[81.329733,31.100868,5130.6],[81.329848,31.100818,5132.9],[81.330022,31.100822,5136.2],[81.330191,31.100788,5138.8],[81.330381,31.100768,5142.0]]}},
{"type":"Feature","properties":{"trail":null,"hero":false,"class":"path","length_m":454.2},"geometry":{"type":"LineString","coordinates":[[81.258876,30.989896,4723.9],[81.258825,30.990157,4725.7],[81.258775,30.990418,4727.8],[81.258724,30.990679,4730.1],[81.258611,30.990914,4732.2],[81.258498,30.991148,4734.5],[81.258429,30.991411,4737.1],[81.258359,30.991673,4739.3],[81.258364,30.991916,4741.5],[81.25837,30.99216,4744.2],[81.258445,30.992362,4747.4],[81.25852,30.992565,4750.7],[81.258627,30.992795,4753.9],[81.258735,30.993025,4758.1],[81.258863,30.993232,4760.4],[81.258992,30.993439,4763.5],[81.259036,30.993625,4766.4],[81.259081,30.993811,4769.1]]}},
{"type":"Feature","properties":{"trail":null,"hero":false,"class":"track","length_m":211.9},"geometry":{"type":"LineString","coordinates":[[81.376328,31.050728,5052.5],[81.376499,31.050868,5051.9],[81.37667,31.051008,5051.9],[81.376751,31.051233,5053.3],[81.376832,31.051459,5054.9],[81.376867,31.051657,5056.2],[81.376902,31.051854,5057.8],[81.377027,31.052094,5059.7],[81.377152,31.052333,5061.5],[81.377276,31.052356,5061.4]]}},
{"type":"Feature","properties":{"trail":null,"hero":false,"class":"path","length_m":930.2},"geometry":{"type":"LineString","coordinates":[[81.377276,31.052356,5061.4],[81.377312,31.052507,5062.6],[81.377406,31.052702,5064.3],[81.377548,31.05292,5066.1],[81.377633,31.053065,5067.3],[81.377717,31.05321,5068.4],[81.377803,31.053375,5069.4],[81.377889,31.053541,5070.6],[81.377996,31.053649,5071.7],[81.378103,31.053757,5073.3],[81.378107,31.053901,5074.0],[81.378112,31.054046,5074.3],[81.378219,31.054212,5075.8],[81.378248,31.05437,5076.3],[81.378285,31.054525,5076.8],[81.378321,31.05468,5077.4],[81.37836,31.054856,5078.1],[81.378399,31.055032,5079.0],[81.378326,31.055291,5080.1],[81.378404,31.055409,5081.4],[81.378495,31.055529,5083.1],[81.378586,31.05565,5084.4],[81.378656,31.055831,5085.7],[81.378661,31.055971,5085.7],[81.378667,31.05611,5085.6],[81.378865,31.056303,5088.3],[81.378981,31.056463,5090.6],[81.378978,31.056693,5091.0],[81.378989,31.056829,5091.2],[81.378999,31.056964,5091.6],[81.37904,31.057187,5093.1],[81.379018,31.057357,5093.6],[81.37906,31.057533,5095.0],[81.379101,31.057709,5097.0],[81.379117,31.057962,5099.2],[81.37916,31.058112,5100.8],[81.379203,31.058263,5102.4],[81.379238,31.058449,5103.7],[81.379273,31.058635,5104.9],[81.379313,31.058832,5106.5],[81.379371,31.059093,5108.3],[81.379429,31.059354,5110.3],[81.379411,31.059518,5111.3],[81.379394,31.059683,5112.6],[81.379394,31.059849,5114.1],[81.379394,31.060016,5115.5],[81.3794,31.060163,5117.4],[81.379407,31.060311,5119.4]]}},
{"type":"Feature","properties":{"trail":null,"hero":false,"class":"track","length_m":2343.3},"geometry":{"type":"LineString","coordinates":[[81.379407,31.060311,5119.4],[81.379369,31.060356,5119.6],[81.379311,31.060471,5120.5],[81.379316,31.060599,5121.9],[81.379399,31.060842,5123.5],[81.379482,31.061085,5124.6],[81.379565,31.061328,5125.6],[81.379648,31.06157,5126.0],[81.379732,31.061813,5126.6],[81.379815,31.062056,5127.8],[81.379874,31.06232,5129.1],[81.379933,31.062584,5130.7],[81.379919,31.062729,5131.2],[81.379906,31.062874,5131.5],[81.379949,31.063067,5132.5],[81.380055,31.063277,5134.5],[81.380129,31.063521,5136.4],[81.380204,31.063764,5138.0],[81.380279,31.064007,5139.2],[81.380353,31.06425,5140.2],[81.380428,31.064493,5140.9],[81.380503,31.064736,5141.7],[81.380577,31.064979,5142.8],[81.380652,31.065222,5144.2],[81.380727,31.065466,5145.6],[81.380678,31.065622,5145.0],[81.380705,31.065801,5145.2],[81.380732,31.06598,5145.1],[81.380811,31.066191,5145.1],[81.38094,31.066371,5145.8],[81.381069,31.066552,5146.1],[81.381197,31.066733,5146.4],[81.381308,31.066952,5146.1],[81.381419,31.06717,5146.5],[81.381489,31.067401,5146.9],[81.381559,31.067631,5147.5],[81.38163,31.067861,5148.4],[81.3817,31.068091,5149.0],[81.38177,31.068322,5149.9],[81.381841,31.068552,5150.4],[81.381911,31.068782,5151.2],[81.382,31.068978,5152.3],[81.382089,31.069174,5153.1],[81.382216,31.069379,5153.5],[81.382344,31.069584,5154.4],[81.382471,31.06979,5155.0],[81.382598,31.069995,5155.5],[81.382725,31.0702,5156.2],[81.382837,31.070411,5156.9],[81.382949,31.070622,5157.5],[81.383061,31.070833,5158.3],[81.383173,31.071044,5159.8],[81.383285,31.071255,5161.4],[81.383433,31.071458,5163.8],[81.38358,31.071661,5165.6],[81.383727,31.071864,5167.0],[81.383874,31.072068,5168.5],[81.38396,31.072279,5169.8],[81.384046,31.07249,5171.3],[81.384132,31.072702,5173.0],[81.384218,31.072913,5174.5],[81.384353,31.073094,5176.4],[81.384489,31.073274,5178.2],[81.384625,31.073455,5179.7],[81.384722,31.073689,5181.0],[81.384819,31.073922,5182.2],[81.384915,31.074156,5183.2],[81.385012,31.074389,5185.1],[81.385109,31.074623,5186.9],[81.385205,31.074857,5188.5],[81.385316,31.075089,5189.9],[81.385426,31.075322,5191.0],[81.385536,31.075555,5192.7],[81.385646,31.075788,5194.1],[81.385756,31.076021,5195.7],[81.385866,31.076254,5197.0],[81.385977,31.076487,5198.5],[81.386087,31.07672,5199.7],[81.386197,31.076953,5201.2],[81.386354,31.077168,5203.2],[81.38637,31.077338,5204.3],[81.386386,31.077508,5205.3],[81.386544,31.077671,5207.3],[81.386701,31.077834,5209.0],[81.386825,31.078073,5211.3],[81.386848,31.07826,5212.3],[81.386872,31.078447,5213.4],[81.386896,31.078634,5214.5],[81.386726,31.078848,5215.0],[81.386716,31.079074,5216.3],[81.386677,31.079295,5218.5],[81.386638,31.079516,5221.2],[81.386618,31.079662,5223.1],[81.386598,31.079807,5225.0],[81.386495,31.079996,5228.3]]}},
{"type":"Feature","properties":{"trail":null,"hero":false,"class":"path","length_m":17.5},"geometry":{"type":"LineString","coordinates":[[81.293557,30.973514,4664.1],[81.293512,30.97347,4663.3],[81.293595,30.973401,4663.0]]}},
{"type":"Feature","properties":{"trail":null,"hero":false,"class":"path","length_m":1107.2},"geometry":{"type":"LineString","coordinates":[[81.314439,31.101692,5034.1],[81.314576,31.10182,5034.0],[81.314712,31.101948,5033.9],[81.314952,31.101994,5035.0],[81.315191,31.10204,5036.5],[81.315431,31.102086,5038.1],[81.315664,31.102164,5039.5],[81.315898,31.102242,5041.0],[81.316174,31.102278,5042.4],[81.31645,31.102315,5043.5],[81.316708,31.10243,5043.1],[81.316887,31.102471,5043.8],[81.317067,31.102513,5044.0],[81.317252,31.10254,5044.5],[81.317437,31.102568,5046.1],[81.317579,31.102628,5046.6],[81.317722,31.102687,5046.9],[81.317915,31.102749,5047.4],[81.318108,31.102811,5047.4],[81.318392,31.102802,5047.9],[81.318494,31.102802,5048.2],[81.318574,31.102802,5048.5],[81.318634,31.103059,5046.5],[81.318816,31.103098,5048.5],[81.318998,31.103137,5049.3],[81.319138,31.103252,5048.0],[81.319277,31.103367,5046.5],[81.319465,31.103429,5045.9],[81.319653,31.103491,5045.7],[81.319862,31.103615,5045.1],[81.320071,31.103739,5045.8],[81.320326,31.103859,5047.2],[81.320581,31.103978,5049.8],[81.320739,31.103992,5050.2],[81.320897,31.104005,5050.4],[81.321085,31.10387,5050.9],[81.321273,31.103735,5052.7],[81.321573,31.103656,5054.7],[81.321874,31.103578,5056.8],[81.322088,31.103544,5057.9],[81.322303,31.103509,5058.9],[81.322456,31.103438,5060.1],[81.322609,31.103367,5061.6],[81.322652,31.103128,5064.0],[81.322464,31.102931,5064.8],[81.322351,31.102823,5065.1],[81.322238,31.102715,5065.6],[81.322069,31.102671,5066.0],[81.3219,31.102628,5066.6],[81.32174,31.102566,5067.5],[81.321579,31.102503,5068.2],[81.321405,31.102337,5070.2],[81.321232,31.102171,5072.5],[81.321058,31.102004,5074.1]]}},
{"type":"Feature","properties":{"trail":null,"hero":false,"class":"path","length_m":567.8},"geometry":{"type":"LineString","coordinates":[[81.263762,31.022928,4724.3],[81.26391,31.023088,4724.7],[81.264058,31.023247,4725.0],[81.264206,31.023407,4725.4],[81.264394,31.023599,4725.9],[81.264582,31.02379,4726.0],[81.264769,31.023982,4726.2],[81.264952,31.024156,4726.4],[81.265134,31.024331,4726.9],[81.265317,31.024506,4727.3],[81.265469,31.024665,4727.5],[81.265622,31.024825,4727.7],[81.265775,31.024985,4728.0],[81.265928,31.025145,4728.3],[81.26609,31.02535,4728.7],[81.266252,31.025555,4729.0],[81.266414,31.02576,4729.5],[81.266576,31.025965,4729.7],[81.266738,31.02617,4730.1],[81.266825,31.026404,4730.4],[81.266913,31.026639,4730.9],[81.267,31.026873,4731.3],[81.267087,31.027108,4731.6]]}},
{"type":"Feature","properties":{"trail":null,"hero":false,"class":"track","length_m":106.3},"geometry":{"type":"LineString","coordinates":[[81.262162,31.021352,4721.9],[81.262052,31.021499,4721.8],[81.261835,31.021691,4721.8],[81.261618,31.021884,4721.9],[81.261406,31.022051,4722.5]]}},
{"type":"Feature","properties":{"trail":null,"hero":false,"class":"track","length_m":1181.6},"geometry":{"type":"LineString","coordinates":[[81.262162,31.021352,4721.9],[81.262001,31.021251,4721.6],[81.261865,31.021131,4721.4],[81.261728,31.021012,4721.3],[81.261513,31.020891,4721.2],[81.261299,31.020771,4721.1],[81.261087,31.020591,4720.8],[81.261032,31.020461,4720.6],[81.260977,31.020332,4720.4],[81.260914,31.02007,4720.2],[81.260852,31.019809,4719.7],[81.260789,31.019548,4719.4],[81.260646,31.019326,4719.0],[81.260503,31.019105,4718.6],[81.260361,31.018884,4718.2],[81.260218,31.018663,4718.1],[81.260002,31.018528,4718.0],[81.259786,31.018394,4717.7],[81.25968,31.018205,4717.7],[81.259574,31.018017,4717.7],[81.259419,31.017841,4717.3],[81.259265,31.017666,4717.1],[81.25911,31.01749,4716.9],[81.25891,31.017344,4716.7],[81.25871,31.017199,4716.5],[81.258515,31.016994,4716.0],[81.2583,31.016894,4715.6],[81.258086,31.016794,4715.4],[81.257941,31.016638,4715.0],[81.257982,31.016438,4715.1],[81.258024,31.016238,4715.8],[81.258126,31.016105,4716.7],[81.258228,31.015973,4718.2],[81.258249,31.015801,4719.8],[81.258075,31.015585,4721.2],[81.257902,31.01537,4722.0],[81.257728,31.015154,4722.8],[81.257554,31.014939,4723.8],[81.257489,31.014754,4725.4],[81.257514,31.014626,4726.6],[81.257664,31.014394,4728.5],[81.257784,31.014306,4729.2],[81.257903,31.014217,4729.6],[81.257951,31.014049,4729.9],[81.258059,31.013914,4730.3],[81.258209,31.01384,4730.2],[81.258442,31.013829,4729.5],[81.258675,31.013817,4728.2],[81.25889,31.013717,4727.0],[81.259105,31.013617,4726.4],[81.259192,31.013444,4725.9],[81.259279,31.01327,4725.5]]}},
{"type":"Feature","properties":{"trail":null,"hero":false,"class":"track","length_m":13.7},"geometry":{"type":"LineString","coordinates":[[81.261406,31.022051,4722.5],[81.26131,31.022143,4723.4]]}},
{"type":"Feature","properties":{"trail":null,"hero":false,"class":"track","length_m":832.5},"geometry":{"type":"LineString","coordinates":[[81.265675,31.02588,4729.2],[81.265758,31.02607,4729.4],[81.265841,31.026259,4729.6],[81.265924,31.026449,4729.9],[81.266008,31.026672,4730.1],[81.266092,31.026894,4730.2],[81.266176,31.027117,4730.7],[81.26626,31.027339,4731.2],[81.266344,31.027562,4731.6],[81.266429,31.027784,4731.6],[81.266478,31.027959,4731.7],[81.266528,31.028134,4731.8],[81.266526,31.028336,4731.7],[81.266547,31.02857,4731.9],[81.266569,31.028804,4732.3],[81.266653,31.029023,4732.8],[81.266736,31.029242,4733.3],[81.266819,31.029462,4733.9],[81.266687,31.029485,4734.6],[81.266429,31.029364,4735.1],[81.26612,31.029368,4736.7],[81.266088,31.029477,4738.6],[81.266154,31.029711,4741.6],[81.26622,31.029944,4744.9],[81.266285,31.030178,4747.6],[81.266351,31.030411,4750.2],[81.266417,31.030645,4753.3],[81.266483,31.030878,4757.7],[81.26647,31.03093,4759.3],[81.26636,31.030948,4761.0],[81.266137,31.030858,4762.4],[81.266054,31.030845,4764.1],[81.266045,31.030908,4765.9],[81.266183,31.031104,4767.8],[81.266375,31.031241,4770.4],[81.266567,31.031379,4773.2],[81.266758,31.031516,4776.0],[81.26695,31.031654,4779.1]]}},
{"type":"Feature","properties":{"trail":null,"hero":false,"class":"path","length_m":92.2},"geometry":{"type":"LineString","coordinates":[[81.26695,31.031654,4779.1],[81.266826,31.031784,4785.2],[81.266701,31.031914,4792.2],[81.26649,31.032036,4800.1],[81.266279,31.032159,4809.9],[81.266221,31.032185,4812.6]]}},
{"type":"Feature","properties":{"trail":null,"hero":false,"class":"path","length_m":281.1},"geometry":{"type":"LineString","coordinates":[[81.26695,31.031654,4779.1],[81.267124,31.031493,4770.7],[81.267297,31.031332,4763.0],[81.267471,31.031171,4755.9],[81.267645,31.03101,4750.1],[81.267872,31.030932,4746.1],[81.268098,31.030854,4742.1],[81.268325,31.030776,4738.9],[81.268552,31.030698,4736.6],[81.26871,31.030652,4736.0],[81.268943,31.030553,4735.8],[81.269177,31.030453,4736.5],[81.269411,31.030354,4736.5]]}},
{"type":"Feature","properties":{"trail":null,"hero":false,"class":"track","length_m":19.0},"geometry":{"type":"LineString","coordinates":[[81.26131,31.022143,4723.4],[81.261177,31.022271,4724.8]]}},
{"type":"Feature","properties":{"trail":null,"hero":false,"class":"track","length_m":215.1},"geometry":{"type":"LineString","coordinates":[[81.26131,31.022143,4723.4],[81.261071,31.022014,4724.2],[81.260832,31.021886,4724.5],[81.260593,31.021757,4723.9],[81.260355,31.021628,4723.7],[81.260116,31.021499,4723.6],[81.259877,31.021371,4723.2],[81.259638,31.021242,4722.7],[81.2594,31.021113,4722.3]]}},
{"type":"Feature","properties":{"trail":null,"hero":false,"class":"path","length_m":1408.9},"geometry":{"type":"LineString","coordinates":[[81.257641,31.000711,4724.5],[81.257547,31.000509,4725.5],[81.257453,31.000308,4726.3],[81.257392,31.000048,4727.0],[81.257331,30.999789,4728.1],[81.257255,30.999554,4728.6],[81.257179,30.999319,4728.9],[81.257102,30.999084,4728.8],[81.257026,30.998849,4728.0],[81.256949,30.998614,4727.4],[81.256882,30.998419,4727.7],[81.256815,30.998224,4727.7],[81.256657,30.998015,4726.5],[81.256538,30.997811,4725.9],[81.256419,30.997607,4725.1],[81.2563,30.997402,4724.4],[81.256182,30.997198,4723.8],[81.256063,30.996994,4723.1],[81.255955,30.996799,4722.6],[81.255848,30.996603,4721.5],[81.255747,30.996417,4720.2],[81.255647,30.99623,4719.4],[81.255547,30.996042,4718.7],[81.255424,30.995837,4718.8],[81.255301,30.995631,4718.0],[81.255178,30.995426,4717.4],[81.255055,30.99522,4717.0],[81.254965,30.995079,4716.9],[81.254876,30.994938,4716.7],[81.254845,30.99472,4717.7],[81.254815,30.994502,4717.7],[81.254813,30.994244,4717.6],[81.254811,30.993986,4717.8],[81.254809,30.993728,4718.0],[81.254807,30.993471,4719.1],[81.254894,30.993312,4722.0],[81.254982,30.993153,4725.8],[81.255081,30.993024,4729.4],[81.255181,30.992895,4732.9],[81.255384,30.992808,4737.5],[81.255498,30.992704,4739.7],[81.255612,30.992599,4741.2],[81.255652,30.992477,4741.4],[81.255856,30.992348,4741.1],[81.255923,30.992179,4742.2],[81.25599,30.99201,4745.0],[81.256246,30.99193,4750.0],[81.256368,30.991826,4750.4],[81.25649,30.991721,4748.4],[81.256653,30.991556,4744.8],[81.256815,30.99139,4741.5],[81.256943,30.991284,4740.2],[81.257071,30.991177,4741.1],[81.257179,30.991069,4741.9],[81.257287,30.990961,4742.6],[81.257386,30.990822,4742.8],[81.257486,30.990683,4741.7],[81.25762,30.990651,4739.1],[81.257738,30.990588,4736.1],[81.25773,30.990501,4735.0],[81.25786,30.990456,4732.5],[81.257976,30.990325,4729.3],[81.258092,30.990195,4726.4],[81.258295,30.990097,4724.4],[81.258372,30.989937,4723.1],[81.258434,30.989871,4722.8]]}},
{"type":"Feature","properties":{"trail":null,"hero":false,"class":"track","length_m":79.5},"geometry":{"type":"LineString","coordinates":[[81.266221,31.032185,4812.6],[81.266188,31.032174,4813.0],[81.26617,31.032252,4817.0],[81.266308,31.032371,4818.9],[81.266447,31.03249,4821.0],[81.266606,31.032723,4824.6]]}},
{"type":"Feature","properties":{"trail":null,"hero":false,"class":"path","length_m":11006.9},"geometry":{"type":"LineString","coordinates":[[81.266606,31.032723,4824.6],[81.266415,31.032707,4829.9],[81.266511,31.032835,4830.6],[81.266608,31.032964,4829.3],[81.26678,31.033135,4826.4],[81.266952,31.033307,4825.8],[81.267124,31.033479,4822.6],[81.266972,31.033649,4842.3],[81.266821,31.03382,4858.4],[81.266957,31.033922,4856.3],[81.267094,31.034024,4852.9],[81.267321,31.03417,4846.3],[81.267459,31.034338,4845.6],[81.267598,31.034506,4842.0],[81.267736,31.034673,4839.3],[81.267875,31.034841,4837.6],[81.268079,31.034924,4827.6],[81.268283,31.035008,4819.3],[81.268572,31.035054,4803.4],[81.26886,31.035099,4788.4],[81.269149,31.035145,4773.1],[81.26937,31.035238,4763.7],[81.269591,31.03533,4756.3],[81.269812,31.035423,4750.2],[81.26999,31.035578,4746.9],[81.270168,31.035734,4746.2],[81.270347,31.035889,4745.7],[81.270525,31.036044,4745.8],[81.270703,31.0362,4746.0],[81.270852,31.036394,4746.0],[81.271002,31.036588,4746.7],[81.271151,31.036782,4746.9],[81.271301,31.036976,4747.4],[81.271512,31.037148,4748.5],[81.271724,31.037321,4749.7],[81.271936,31.037493,4750.9],[81.272147,31.037665,4751.7],[81.272359,31.037838,4752.3],[81.27257,31.03801,4753.0],[81.272745,31.038226,4753.4],[81.272919,31.038442,4753.2],[81.273093,31.038659,4753.1],[81.273267,31.038875,4752.9],[81.273452,31.039069,4752.6],[81.273637,31.039264,4752.3],[81.273792,31.039444,4753.0],[81.273946,31.039625,4754.0],[81.274101,31.039805,4755.6],[81.274256,31.039985,4756.8],[81.27441,31.040166,4757.9],[81.274556,31.040342,4759.0],[81.274702,31.040519,4759.9],[81.274848,31.040696,4760.8],[81.274994,31.040873,4761.1],[81.27514,31.041049,4761.3],[81.275267,31.041286,4761.6],[81.275394,31.041523,4764.0],[81.275521,31.04176,4767.6],[81.275648,31.041997,4769.3],[81.275775,31.042233,4769.3],[81.275902,31.04247,4769.5],[81.276029,31.042707,4768.4],[81.276156,31.042944,4768.5],[81.276283,31.043181,4769.4],[81.276335,31.043413,4771.2],[81.276387,31.043646,4772.5],[81.276439,31.043878,4772.5],[81.2764,31.044135,4771.7],[81.276362,31.044391,4772.0],[81.276324,31.044648,4772.1],[81.276286,31.044905,4772.3],[81.276247,31.045161,4772.5],[81.276209,31.045418,4772.3],[81.276171,31.045675,4772.3],[81.276313,31.045885,4772.0],[81.276455,31.046095,4771.8],[81.276598,31.046305,4772.4],[81.27674,31.046516,4773.1],[81.276646,31.046755,4775.0],[81.276552,31.046993,4778.2],[81.276459,31.047232,4781.6],[81.276365,31.047471,4785.1],[81.276271,31.04771,4788.0],[81.276325,31.047972,4786.8],[81.276379,31.048235,4783.2],[81.276433,31.048497,4779.0],[81.276486,31.048759,4777.4],[81.27654,31.049022,4778.1],[81.276594,31.049284,4778.2],[81.276648,31.049547,4777.2],[81.276701,31.049809,4777.6],[81.276755,31.050071,4778.4],[81.276809,31.050334,4779.1],[81.276862,31.050596,4779.8],[81.276851,31.050801,4781.9],[81.27684,31.051007,4783.4],[81.276829,31.051212,4784.9],[81.276818,31.051418,4786.3],[81.276903,31.051639,4785.4],[81.276989,31.05186,4784.9],[81.277074,31.052082,4784.5],[81.27716,31.052303,4783.8],[81.277245,31.052524,4783.1],[81.277331,31.052746,4782.9],[81.277469,31.052902,4781.8],[81.277606,31.053058,4781.6],[81.277744,31.053214,4781.5],[81.277791,31.053454,4782.1],[81.277839,31.053694,4783.1],[81.277887,31.053935,4784.0],[81.277935,31.054175,4784.3],[81.277983,31.054415,4784.2],[81.27803,31.054655,4783.9],[81.278078,31.054896,4783.9],[81.278054,31.055138,4784.8],[81.278029,31.055381,4786.1],[81.278005,31.055624,4786.5],[81.27798,31.055866,4787.0],[81.277956,31.056109,4787.9],[81.277966,31.056357,4787.8],[81.277977,31.056606,4788.5],[81.277987,31.056854,4789.3],[81.277998,31.057102,4790.3],[81.278008,31.057351,4792.2],[81.278019,31.057599,4794.4],[81.278029,31.057847,4795.7],[81.27804,31.058095,4795.5],[81.27805,31.058344,4795.7],[81.278061,31.058592,4793.7],[81.278071,31.05884,4792.8],[81.278082,31.059089,4792.8],[81.278168,31.05933,4789.7],[81.278254,31.059571,4786.7],[81.278341,31.059813,4786.2],[81.278427,31.060054,4789.2],[81.278513,31.060295,4793.3],[81.278568,31.060531,4795.4],[81.278622,31.060767,4795.3],[81.278677,31.061004,4797.2],[81.278732,31.06124,4800.0],[81.278786,31.061476,4802.7],[81.278841,31.061712,4804.9],[81.278895,31.061948,4804.9],[81.27895,31.062184,4806.7],[81.279005,31.062421,4807.1],[81.27899,31.06266,4809.9],[81.278975,31.062899,4810.5],[81.27896,31.063139,4810.2],[81.278945,31.063378,4812.5],[81.27893,31.063617,4812.8],[81.278915,31.063857,4813.2],[81.2789,31.064096,4812.1],[81.278885,31.064336,4811.1],[81.278938,31.06455,4810.3],[81.27899,31.064765,4810.2],[81.279043,31.064979,4811.0],[81.279096,31.065194,4812.1],[81.279149,31.065409,4814.3],[81.279284,31.06564,4816.2],[81.27942,31.065872,4818.7],[81.279556,31.066103,4819.2],[81.27963,31.06631,4821.2],[81.279703,31.066517,4823.1],[81.279777,31.066723,4823.8],[81.27985,31.06693,4824.1],[81.279899,31.067189,4822.6],[81.279947,31.067447,4823.7],[81.279996,31.067705,4821.9],[81.280044,31.067964,4820.3],[81.280093,31.068222,4820.6],[81.280141,31.068481,4821.6],[81.28019,31.068739,4823.8],[81.280238,31.068998,4826.7],[81.280249,31.069254,4828.6],[81.280259,31.06951,4829.2],[81.280339,31.069744,4829.0],[81.280419,31.069977,4829.9],[81.280499,31.070211,4831.7],[81.280578,31.070445,4832.8],[81.280658,31.070678,4832.3],[81.280661,31.070941,4833.3],[81.280663,31.071204,4834.0],[81.280666,31.071467,4834.1],[81.280669,31.07173,4834.6],[81.280599,31.071942,4837.4],[81.28053,31.072154,4841.4],[81.280461,31.072366,4844.6],[81.280392,31.072578,4847.1],[81.280322,31.07279,4850.0],[81.280343,31.07304,4848.4],[81.280364,31.073289,4847.6],[81.280385,31.073539,4848.6],[81.280406,31.073788,4850.1],[81.280511,31.073959,4848.6],[81.280616,31.07413,4850.0],[81.280721,31.0743,4850.9],[81.280798,31.074528,4854.0],[81.280875,31.074756,4856.4],[81.280952,31.074984,4858.9],[81.281029,31.075212,4860.3],[81.281106,31.07544,4861.2],[81.281182,31.075668,4861.1],[81.281259,31.075896,4862.1],[81.281432,31.076074,4862.2],[81.281605,31.076251,4861.0],[81.281777,31.076429,4861.1],[81.28195,31.076606,4862.4],[81.282122,31.076783,4864.3],[81.282295,31.076961,4866.5],[81.282387,31.077152,4868.4],[81.282479,31.077343,4869.5],[81.28257,31.077534,4870.4],[81.282662,31.077725,4870.7],[81.282708,31.077965,4871.9],[81.282755,31.078206,4872.3],[81.282801,31.078447,4871.5],[81.282847,31.078688,4870.5],[81.282893,31.078929,4869.6],[81.282893,31.079169,4870.2],[81.282893,31.07941,4870.3],[81.282893,31.07965,4870.8],[81.282893,31.07989,4872.3],[81.282918,31.080117,4873.4],[81.282942,31.080343,4874.5],[81.282967,31.080569,4875.5],[81.282991,31.080795,4876.1],[81.283016,31.081021,4877.5],[81.28304,31.081248,4879.0],[81.283099,31.081485,4879.6],[81.283158,31.081722,4879.6],[81.283216,31.081959,4879.6],[81.283275,31.082197,4880.0],[81.283334,31.082434,4881.1],[81.28349,31.082629,4880.8],[81.283646,31.082825,4880.4],[81.283802,31.08302,4880.6],[81.283957,31.083216,4880.7],[81.284113,31.083411,4880.7],[81.28424,31.083629,4881.2],[81.284366,31.083847,4882.2],[81.284492,31.084066,4883.2],[81.284618,31.084284,4884.4],[81.284745,31.084502,4885.2],[81.284871,31.08472,4886.3],[81.284997,31.084938,4886.9],[81.285076,31.085164,4888.2],[81.285154,31.085391,4889.6],[81.285233,31.085617,4891.8],[81.285312,31.085843,4895.1],[81.28539,31.08607,4899.1],[81.285469,31.086296,4901.3],[81.285484,31.086523,4903.6],[81.285498,31.086751,4905.6],[81.285513,31.086978,4907.9],[81.285527,31.087205,4909.1],[81.285542,31.087433,4912.4],[81.285556,31.08766,4916.3],[81.285748,31.087805,4911.2],[81.28594,31.087949,4908.4],[81.286131,31.088094,4905.4],[81.286241,31.088285,4906.8],[81.28635,31.088476,4907.2],[81.286446,31.08868,4908.2],[81.286542,31.088885,4909.2],[81.286638,31.08909,4909.7],[81.286661,31.089284,4911.5],[81.286685,31.089479,4913.6],[81.286709,31.089673,4915.9],[81.286909,31.089837,4914.0],[81.28711,31.09,4914.0],[81.287268,31.090173,4915.4],[81.287426,31.090346,4916.4],[81.287585,31.090519,4917.5],[81.287743,31.090692,4918.4],[81.287946,31.09085,4918.5],[81.288148,31.091008,4918.9],[81.288351,31.091166,4918.9],[81.288553,31.091324,4920.1],[81.288756,31.091482,4921.1],[81.288959,31.09164,4922.3],[81.289161,31.091798,4923.8],[81.289371,31.091982,4925.2],[81.289581,31.092166,4926.7],[81.289791,31.09235,4928.3],[81.290001,31.092534,4929.6],[81.290211,31.092718,4930.9],[81.290421,31.092902,4932.0],[81.290631,31.093086,4932.8],[81.290841,31.09327,4934.1],[81.291051,31.093454,4935.1],[81.291168,31.093617,4936.2],[81.291285,31.093781,4937.0],[81.291402,31.093944,4937.9],[81.291594,31.094105,4938.5],[81.291787,31.094265,4939.2],[81.291979,31.094425,4940.2],[81.292172,31.094586,4941.1],[81.292346,31.094801,4941.6],[81.292521,31.095017,4941.9],[81.292696,31.095233,4942.3],[81.292871,31.095448,4942.7],[81.29289,31.095586,4943.2],[81.29291,31.095724,4943.6],[81.292838,31.095904,4944.1],[81.292765,31.096083,4944.7],[81.292884,31.096309,4945.1],[81.293003,31.096535,4945.0],[81.293165,31.096656,4944.8],[81.293327,31.096777,4945.5],[81.293589,31.096909,4946.4],[81.293852,31.097042,4947.8],[81.294114,31.097175,4948.0],[81.294377,31.097307,4949.0],[81.294585,31.097463,4950.1],[81.294794,31.097619,4950.9],[81.295002,31.097775,4951.5],[81.295165,31.097978,4954.5],[81.295329,31.098181,4957.7],[81.295502,31.098271,4959.2],[81.295675,31.09836,4959.3],[81.295929,31.098441,4957.9],[81.296184,31.098523,4957.2],[81.296425,31.098626,4957.4],[81.296667,31.09873,4959.0],[81.296909,31.098834,4959.4],[81.297075,31.09899,4960.7],[81.297241,31.099146,4961.6],[81.297408,31.099302,4962.7],[81.297568,31.099397,4963.1],[81.297729,31.099493,4964.1],[81.297928,31.09956,4964.7],[81.298126,31.099628,4965.2],[81.298325,31.099695,4965.5],[81.298485,31.099817,4966.3],[81.298645,31.099939,4966.7],[81.298805,31.100061,4967.4],[81.298912,31.100181,4968.3],[81.299019,31.1003,4969.1],[81.299152,31.100404,4969.6],[81.299286,31.100508,4970.3],[81.299499,31.100624,4970.7],[81.299713,31.100741,4971.3],[81.299926,31.100857,4971.6],[81.30014,31.100973,4972.6],[81.30035,31.101055,4972.8],[81.30056,31.101137,4973.3],[81.300762,31.101159,4973.6],[81.300964,31.101181,4973.9],[81.301231,31.101158,4973.6],[81.301498,31.101136,4973.4],[81.301765,31.101113,4973.6],[81.302032,31.101091,4974.3],[81.302299,31.101068,4974.9],[81.302467,31.101107,4975.5],[81.302711,31.101246,4976.0],[81.30289,31.101454,4977.5],[81.30307,31.101662,4980.1],[81.303238,31.101802,4982.4],[81.303406,31.101942,4984.7],[81.303528,31.101988,4986.1],[81.303802,31.101929,4986.3],[81.304024,31.101984,4988.3],[81.304222,31.101932,4988.4],[81.30442,31.101879,4987.9],[81.304664,31.101865,4988.4],[81.304909,31.101851,4989.1],[81.305153,31.101836,4990.4],[81.305397,31.101822,4991.2],[81.305634,31.101902,4993.4],[81.30587,31.101982,4995.2],[81.306107,31.102062,4996.2],[81.306305,31.102061,4996.0],[81.306503,31.10206,4995.9],[81.306759,31.102093,4996.3],[81.307016,31.102126,4996.5],[81.307272,31.10216,4996.6],[81.307529,31.102193,4996.3],[81.307785,31.102226,4996.8],[81.307941,31.102257,4996.8],[81.308098,31.102287,4996.7],[81.308348,31.102366,4997.2],[81.308597,31.102445,4997.8],[81.308847,31.102523,4998.0],[81.309097,31.102602,4998.8],[81.309405,31.102632,4999.5],[81.309712,31.102662,5000.0],[81.31002,31.102692,5001.3],[81.310318,31.102779,5002.8],[81.310616,31.102865,5004.1],[81.310878,31.102984,5006.1],[81.311139,31.103103,5006.6],[81.311401,31.103222,5008.6],[81.3116,31.103235,5009.2],[81.311859,31.103319,5011.3],[81.312141,31.103319,5013.1],[81.312271,31.103386,5015.3],[81.312555,31.103458,5018.0],[81.312839,31.103529,5020.0],[81.313124,31.103601,5021.4],[81.313408,31.103672,5022.3],[81.313576,31.103626,5021.5],[81.313744,31.10358,5020.6],[81.313892,31.103637,5021.7],[81.314041,31.103693,5022.9],[81.314258,31.103736,5024.3],[81.314476,31.103779,5026.1],[81.314697,31.103741,5026.2],[81.314914,31.103849,5027.8],[81.315132,31.103956,5029.4],[81.315406,31.104035,5030.3],[81.315681,31.104113,5031.0],[81.315918,31.104227,5032.1],[81.316116,31.104383,5033.1],[81.316207,31.10456,5034.9],[81.316299,31.104736,5036.7],[81.316503,31.104838,5037.9],[81.316706,31.10494,5039.0],[81.31691,31.105042,5040.1],[81.31718,31.105063,5039.9],[81.317449,31.105085,5039.9],[81.317719,31.105106,5039.7],[81.318016,31.105194,5039.1],[81.318314,31.105282,5039.0],[81.318563,31.105401,5039.3],[81.318811,31.10552,5038.8],[81.31906,31.105639,5038.6],[81.319308,31.105758,5038.5],[81.319557,31.105877,5039.2],[81.319796,31.105967,5039.8],[81.320035,31.106056,5040.2],[81.320274,31.106146,5041.1],[81.320518,31.106203,5041.7],[81.320763,31.106259,5042.2],[81.321007,31.106316,5042.8]]}},
{"type":"Feature","properties":{"trail":null,"hero":false,"class":"path","length_m":550.8},"geometry":{"type":"LineString","coordinates":[[81.316626,31.102034,5050.0],[81.31676,31.101876,5053.6],[81.316894,31.101718,5057.1],[81.317149,31.101599,5060.3],[81.317203,31.101389,5064.3],[81.317257,31.101179,5068.5],[81.317311,31.100969,5073.2],[81.317365,31.100759,5077.8],[81.317569,31.100567,5083.5],[81.317772,31.100375,5089.7],[81.317975,31.100184,5096.4],[81.318097,31.100003,5101.9],[81.318219,31.099823,5106.1],[81.318225,31.099683,5109.0],[81.318231,31.099543,5112.6],[81.318292,31.099362,5117.1],[81.318353,31.099182,5121.5],[81.318333,31.099013,5125.2],[81.318314,31.098845,5128.7],[81.318394,31.098709,5131.8],[81.318475,31.098574,5134.8],[81.318527,31.098417,5137.8],[81.31858,31.098261,5140.8],[81.318593,31.098045,5144.5],[81.318606,31.09783,5148.6],[81.318619,31.097615,5153.6]]}},
{"type":"Feature","properties":{"trail":null,"hero":false,"class":"path","length_m":931.8},"geometry":{"type":"LineString","coordinates":[[81.318619,31.097615,5153.6],[81.318753,31.097679,5152.4],[81.318921,31.097887,5149.2],[81.31909,31.098094,5146.4],[81.319258,31.098302,5141.8],[81.319385,31.098517,5135.9],[81.319512,31.098732,5131.0],[81.319639,31.098947,5126.9],[81.319765,31.099162,5122.5],[81.319811,31.099369,5119.8],[81.319857,31.099576,5118.0],[81.320065,31.099651,5118.4],[81.320272,31.099727,5119.2],[81.32048,31.099803,5120.3],[81.320696,31.099904,5120.9],[81.320911,31.100004,5121.5],[81.321127,31.100105,5121.4],[81.321219,31.100134,5121.4],[81.321473,31.100138,5122.7],[81.321727,31.100142,5123.5],[81.321982,31.100146,5124.5],[81.32224,31.100134,5125.7],[81.322498,31.100121,5127.0],[81.322752,31.100189,5127.1],[81.323005,31.100258,5125.5],[81.323316,31.100266,5123.8],[81.323627,31.100274,5122.2],[81.323937,31.100283,5120.8],[81.324245,31.10028,5119.5],[81.324553,31.100278,5117.4],[81.324861,31.100276,5115.0],[81.325168,31.100274,5112.7],[81.3254,31.100295,5110.9],[81.325632,31.100316,5109.3],[81.325864,31.100336,5107.9],[81.326028,31.100376,5105.8],[81.326192,31.100415,5103.9],[81.326492,31.100418,5102.2],[81.326791,31.100421,5102.1]]}},
{"type":"Feature","properties":{"trail":null,"hero":false,"class":"path","length_m":1438.6},"geometry":{"type":"LineString","coordinates":[[81.318619,31.097615,5153.6],[81.31863,31.097418,5158.1],[81.318641,31.097222,5162.0],[81.318652,31.097026,5166.7],[81.318563,31.096833,5172.3],[81.318475,31.096641,5177.8],[81.318388,31.096432,5182.4],[81.318301,31.096223,5186.7],[81.318214,31.096014,5191.3],[81.318208,31.095864,5193.7],[81.318203,31.095715,5196.7],[81.318229,31.095531,5200.1],[81.318255,31.095347,5203.2],[81.318281,31.095164,5206.8],[81.31831,31.09498,5210.6],[81.31834,31.094797,5214.7],[81.318369,31.094613,5220.2],[81.318372,31.094435,5225.9],[81.318375,31.094257,5231.5],[81.3184,31.094055,5237.5],[81.318425,31.093853,5242.9],[81.31839,31.093648,5247.6],[81.318355,31.093442,5252.0],[81.318321,31.093237,5255.7],[81.318286,31.093031,5258.7],[81.318225,31.092791,5261.4],[81.318164,31.092552,5263.5],[81.318095,31.092409,5265.0],[81.318025,31.092267,5266.7],[81.317917,31.092065,5270.0],[81.317809,31.091863,5273.6],[81.317756,31.091706,5277.2],[81.317704,31.091549,5281.6],[81.317759,31.091343,5286.7],[81.317814,31.091136,5292.3],[81.317758,31.090912,5296.2],[81.317701,31.090687,5299.8],[81.317644,31.090463,5302.6],[81.317587,31.090239,5304.6],[81.317508,31.090055,5305.2],[81.317428,31.089871,5306.6],[81.317349,31.089688,5307.8],[81.317285,31.089505,5308.9],[81.317221,31.089322,5309.7],[81.317123,31.08911,5311.1],[81.317025,31.088897,5312.0],[81.316927,31.088685,5313.0],[81.316927,31.088497,5313.7],[81.316927,31.088309,5314.8],[81.316927,31.08812,5316.2],[81.316938,31.087966,5317.2],[81.316949,31.087811,5318.2],[81.316983,31.087657,5319.3],[81.317016,31.087503,5320.4],[81.316994,31.087289,5322.2],[81.316993,31.087099,5323.6],[81.316992,31.086909,5324.8],[81.317043,31.086688,5326.2],[81.317093,31.086467,5331.0],[81.317021,31.086329,5336.4],[81.316949,31.086192,5342.9],[81.316888,31.08599,5348.9],[81.316827,31.085788,5352.9],[81.316666,31.085603,5350.8],[81.316495,31.085398,5352.0],[81.316439,31.085213,5355.2],[81.316467,31.085104,5358.0]]}},
{"type":"Feature","properties":{"trail":null,"hero":false,"class":"path","length_m":801.7},"geometry":{"type":"LineString","coordinates":[[81.328429,31.100984,5112.7],[81.328302,31.101163,5110.1],[81.328176,31.101342,5108.2],[81.328049,31.101521,5105.9],[81.327938,31.101631,5104.1],[81.327827,31.10174,5102.5],[81.327827,31.10182,5101.9],[81.327618,31.101965,5099.1],[81.327408,31.10211,5095.8],[81.327145,31.102215,5092.0],[81.326881,31.10232,5089.2],[81.326691,31.10253,5086.9],[81.3265,31.102739,5084.5],[81.32637,31.102961,5082.0],[81.326149,31.103109,5080.2],[81.326073,31.103359,5077.8],[81.325943,31.103451,5076.7],[81.325912,31.10358,5075.3],[81.325661,31.103701,5073.2],[81.32555,31.103811,5071.7],[81.325439,31.10392,5070.2],[81.325203,31.10405,5067.7],[81.325081,31.104235,5065.2],[81.324959,31.10442,5062.8],[81.324913,31.10462,5060.3],[81.324944,31.104759,5058.5],[81.324898,31.104895,5057.3],[81.324852,31.10503,5056.2],[81.324768,31.10516,5055.4],[81.324577,31.105234,5054.6],[81.324509,31.10531,5054.0],[81.324455,31.105501,5052.6],[81.324684,31.105478,5053.2],[81.324837,31.105419,5053.7],[81.324989,31.10536,5054.5],[81.325233,31.105379,5055.5],[81.325424,31.105455,5056.2],[81.325582,31.10559,5056.2],[81.32574,31.105725,5056.1]]}},
{"type":"Feature","properties":{"trail":null,"hero":false,"class":"path","length_m":31.3},"geometry":{"type":"LineString","coordinates":[[81.32574,31.105725,5056.1],[81.325903,31.105705,5057.1],[81.326065,31.105684,5057.7]]}},
{"type":"Feature","properties":{"trail":null,"hero":false,"class":"path","length_m":44.2},"geometry":{"type":"LineString","coordinates":[[81.32574,31.105725,5056.1],[81.325671,31.105846,5054.9],[81.325584,31.105955,5055.4],[81.32547,31.106043,5056.3]]}},
{"type":"Feature","properties":{"trail":"冈仁波齐转山","hero":false,"class":null,"length_m":171.4},"geometry":{"type":"LineString","coordinates":[[81.331495,31.100406,5165.9],[81.331663,31.10035,5169.2],[81.331831,31.100295,5172.9],[81.332094,31.100263,5180.1],[81.332358,31.100231,5188.0],[81.332529,31.10018,5192.1],[81.332701,31.100129,5196.9],[81.332941,31.100021,5203.4],[81.333182,31.099914,5209.6]]}},
{"type":"Feature","properties":{"trail":null,"hero":false,"class":"path","length_m":1237.2},"geometry":{"type":"LineString","coordinates":[[81.335395,31.099045,5237.4],[81.335212,31.099193,5235.7],[81.335029,31.09934,5235.6],[81.334881,31.099422,5234.0],[81.334732,31.099504,5232.4],[81.334534,31.099686,5232.9],[81.334341,31.099791,5232.3],[81.334147,31.099897,5232.6],[81.333954,31.100002,5232.3],[81.333908,31.10008,5233.1],[81.333672,31.100198,5229.8],[81.333435,31.100315,5225.6],[81.33327,31.100509,5223.8],[81.333105,31.100703,5222.4],[81.332941,31.100898,5221.3],[81.332776,31.101092,5219.2],[81.332611,31.101286,5216.0],[81.332532,31.101463,5213.5],[81.332454,31.101639,5210.8],[81.332375,31.101816,5207.9],[81.332211,31.101921,5201.8],[81.332047,31.102026,5197.9],[81.331787,31.102079,5192.9],[81.331589,31.102192,5188.1],[81.33136,31.102165,5183.5],[81.331208,31.102328,5178.2],[81.331055,31.102491,5172.9],[81.33099,31.102643,5169.2],[81.330925,31.102795,5165.4],[81.330666,31.102882,5157.1],[81.33065,31.103006,5154.2],[81.330505,31.103218,5145.5],[81.330505,31.103329,5142.9],[81.330399,31.103374,5139.4],[81.330235,31.103376,5135.6],[81.33007,31.103378,5132.0],[81.329956,31.103434,5128.2],[81.329865,31.103502,5124.7],[81.329842,31.103764,5117.0],[81.329559,31.103828,5109.9],[81.329453,31.103918,5106.0],[81.329369,31.104122,5100.7],[81.329194,31.104209,5096.1],[81.329018,31.104296,5091.8],[81.328846,31.104351,5089.0],[81.328674,31.104406,5087.5],[81.328525,31.104571,5086.1],[81.328377,31.104736,5084.9],[81.328228,31.104901,5083.3],[81.328079,31.105066,5081.1],[81.327908,31.105141,5079.4],[81.327736,31.105215,5077.8],[81.327553,31.105278,5075.5],[81.327342,31.105324,5072.5],[81.327131,31.105371,5069.6],[81.32692,31.105417,5066.8],[81.326706,31.1055,5063.5],[81.326493,31.105582,5060.9],[81.326279,31.105665,5058.8],[81.326065,31.105684,5057.7]]}},
{"type":"Feature","properties":{"trail":null,"hero":false,"class":"path","length_m":48.0},"geometry":{"type":"LineString","coordinates":[[81.326065,31.105684,5057.7],[81.325999,31.105806,5056.3],[81.325929,31.105925,5055.8],[81.325803,31.106049,5055.9]]}},
{"type":"Feature","properties":{"trail":"空行母密道","hero":false,"class":null,"length_m":6329.4},"geometry":{"type":"LineString","coordinates":[[81.344421,31.096825,5318.0],[81.344512,31.096591,5318.4],[81.344603,31.096357,5320.0],[81.344694,31.096123,5322.1],[81.344651,31.095942,5322.1],[81.344608,31.09576,5321.5],[81.344603,31.095545,5320.1],[81.344597,31.095329,5318.9],[81.344592,31.095113,5319.5],[81.344726,31.094927,5321.6],[81.34486,31.094741,5323.0],[81.3449,31.094559,5322.9],[81.344941,31.094378,5323.4],[81.344935,31.09421,5324.4],[81.34493,31.094042,5326.1],[81.345024,31.093794,5329.0],[81.345118,31.093546,5331.4],[81.345204,31.093324,5333.2],[81.345289,31.093101,5335.2],[81.345421,31.092967,5337.2],[81.345552,31.092834,5339.3],[81.345807,31.092694,5343.3],[81.346062,31.092554,5347.1],[81.346081,31.092402,5349.7],[81.346099,31.092251,5352.1],[81.346157,31.092058,5354.8],[81.346214,31.091865,5356.9],[81.346271,31.091672,5358.4],[81.346258,31.091534,5360.1],[81.346244,31.091396,5361.9],[81.346129,31.091224,5364.7],[81.346013,31.091052,5368.8],[81.346158,31.09084,5372.4],[81.346298,31.090677,5378.1],[81.346437,31.090514,5382.7],[81.346507,31.090388,5384.6],[81.346577,31.090262,5386.3],[81.346722,31.090184,5385.3],[81.346867,31.090105,5385.2],[81.346877,31.08997,5387.7],[81.346888,31.089835,5390.9],[81.346904,31.08963,5396.0],[81.34692,31.089426,5401.0],[81.346982,31.089256,5404.2],[81.347132,31.089127,5406.3],[81.347162,31.088986,5409.6],[81.347191,31.088844,5413.2],[81.347314,31.088738,5415.7],[81.347438,31.088631,5417.0],[81.347526,31.088521,5418.1],[81.347553,31.088293,5421.6],[81.347505,31.088084,5423.9],[81.347518,31.087922,5424.8],[81.347532,31.08776,5425.6],[81.347422,31.08751,5428.1],[81.347426,31.087249,5431.7],[81.34743,31.086988,5436.9],[81.347516,31.086785,5440.5],[81.347603,31.086581,5444.9],[81.34769,31.086377,5448.9],[81.347667,31.086186,5453.3],[81.347644,31.085994,5456.8],[81.347727,31.085737,5458.2],[81.347811,31.085479,5460.9],[81.347859,31.085289,5463.9],[81.347907,31.085098,5466.6],[81.347915,31.084891,5470.7],[81.347923,31.084685,5475.3],[81.348106,31.084602,5477.0],[81.348216,31.084388,5479.9],[81.348171,31.084147,5478.8],[81.348127,31.083906,5477.4],[81.348082,31.083639,5475.1],[81.348036,31.083371,5473.7],[81.34799,31.083104,5472.3],[81.348104,31.08288,5468.8],[81.348218,31.082656,5468.0],[81.348259,31.082487,5468.5],[81.348299,31.082319,5469.7],[81.348374,31.082149,5471.5],[81.348449,31.081979,5473.8],[81.348401,31.0818,5476.3],[81.348352,31.08162,5479.3],[81.348304,31.081441,5484.1],[81.348347,31.081246,5488.5],[81.34839,31.081051,5493.5],[81.348484,31.080883,5497.5],[81.348578,31.080715,5500.2],[81.348623,31.08052,5504.5],[81.348669,31.080325,5509.5],[81.348588,31.080126,5516.4],[81.348508,31.079927,5524.8],[81.348428,31.079727,5531.3],[81.348363,31.079523,5537.0],[81.348299,31.079319,5542.1],[81.348167,31.079112,5548.0],[81.348036,31.078905,5553.8],[81.347918,31.078827,5557.0],[81.347725,31.078698,5562.2],[81.347706,31.07851,5566.3],[81.347687,31.078322,5571.3],[81.347714,31.078147,5576.6],[81.347778,31.07797,5583.0],[81.347843,31.077793,5591.6],[81.348127,31.077706,5593.6],[81.348277,31.077517,5604.9],[81.348503,31.07755,5605.0],[81.348717,31.077701,5600.3],[81.348854,31.077586,5610.1],[81.348991,31.077472,5621.5],[81.34905,31.077228,5643.1],[81.349275,31.077113,5656.6],[81.349501,31.077099,5658.0],[81.349554,31.077067,5659.3],[81.349667,31.076816,5662.9],[81.349779,31.076564,5665.7],[81.349942,31.076447,5668.7],[81.350104,31.07633,5672.1],[81.350234,31.076227,5674.8],[81.350364,31.076123,5676.4],[81.350514,31.076051,5678.2],[81.350664,31.075978,5679.8],[81.350836,31.076056,5681.0],[81.351029,31.076095,5682.0],[81.35118,31.076036,5682.3],[81.351292,31.075944,5682.3],[81.351512,31.075866,5682.0],[81.351699,31.075831,5681.6],[81.351885,31.075797,5681.3],[81.351837,31.075664,5682.1],[81.352035,31.075517,5682.0],[81.35226,31.075411,5681.1],[81.352502,31.075239,5679.7],[81.352718,31.07506,5677.9],[81.352934,31.07488,5674.9],[81.353163,31.074823,5672.2],[81.353392,31.074765,5668.9],[81.353374,31.074621,5664.9],[81.353496,31.074535,5659.6],[81.353618,31.074448,5654.0],[81.353647,31.074205,5640.9],[81.353832,31.074076,5628.8],[81.353827,31.073943,5621.2],[81.353945,31.07389,5615.2],[81.353966,31.073715,5604.3],[81.354095,31.073628,5596.2],[81.354224,31.073541,5588.8],[81.354335,31.073441,5581.8],[81.354446,31.073341,5575.4],[81.354629,31.073187,5567.1],[81.354763,31.073087,5561.4],[81.354897,31.072987,5556.4],[81.35508,31.072892,5551.0],[81.355264,31.072796,5545.7],[81.355447,31.0727,5541.5],[81.355613,31.072705,5538.8],[81.355779,31.072709,5536.1],[81.356084,31.072754,5532.0],[81.356388,31.072799,5528.4],[81.356575,31.072742,5525.9],[81.356762,31.072684,5523.5],[81.356954,31.072595,5520.9],[81.357146,31.072506,5518.4],[81.357386,31.07242,5515.9],[81.357626,31.072334,5513.4],[81.357763,31.072128,5510.2],[81.3579,31.071922,5507.9],[81.357998,31.071723,5505.6],[81.358097,31.071524,5503.4],[81.35822,31.071391,5501.3],[81.358343,31.071257,5499.6],[81.358523,31.071109,5496.9],[81.358703,31.070961,5494.9],[81.358898,31.070806,5492.6],[81.359092,31.070651,5490.2],[81.359286,31.070496,5487.4],[81.359481,31.070342,5484.6],[81.359675,31.070187,5481.3],[81.359878,31.070043,5477.1],[81.36008,31.0699,5472.8],[81.360282,31.069756,5469.3],[81.360485,31.069612,5467.0],[81.360687,31.069469,5464.4],[81.360889,31.069325,5461.0],[81.360953,31.069114,5458.8],[81.361085,31.069004,5456.2],[81.361318,31.068847,5452.6],[81.361552,31.068691,5449.1],[81.361785,31.068535,5445.2],[81.361932,31.068358,5442.1],[81.36208,31.068181,5439.5],[81.362146,31.067959,5436.5],[81.362211,31.067738,5432.6],[81.362364,31.067517,5424.7],[81.362517,31.067297,5418.6],[81.362678,31.067299,5415.0],[81.36289,31.067217,5407.8],[81.363102,31.067135,5404.1],[81.363314,31.067053,5398.0],[81.363483,31.066897,5390.5],[81.363523,31.066729,5385.1],[81.363563,31.066561,5379.3],[81.36362,31.066518,5376.0],[81.3637,31.066375,5371.4],[81.363781,31.066233,5367.1],[81.363911,31.066131,5359.7],[81.364041,31.066028,5357.1],[81.364267,31.065947,5351.5],[81.364494,31.065865,5343.6],[81.36469,31.065808,5337.0],[81.364886,31.06575,5333.1],[81.365036,31.065585,5326.5],[81.365186,31.06542,5320.2],[81.365331,31.065263,5313.7],[81.365476,31.065107,5308.2],[81.365642,31.065029,5304.7],[81.365808,31.064951,5301.2],[81.365983,31.064861,5296.4],[81.366157,31.064772,5292.2],[81.36638,31.064691,5286.9],[81.366602,31.064611,5280.7],[81.366852,31.064613,5275.5],[81.367101,31.064615,5270.5],[81.367351,31.064634,5266.0],[81.3676,31.064652,5261.9],[81.367874,31.064691,5258.2],[81.368147,31.06473,5254.7],[81.368321,31.064779,5252.5],[81.368496,31.064827,5250.5],[81.368751,31.064735,5248.2],[81.369005,31.064643,5246.9],[81.369282,31.064618,5244.8],[81.369558,31.064592,5242.5],[81.369714,31.064638,5240.8],[81.369869,31.064684,5238.4],[81.370119,31.064606,5236.5],[81.370368,31.064528,5234.8],[81.37066,31.064569,5230.4],[81.370953,31.064611,5225.9],[81.371167,31.064582,5223.5],[81.371382,31.064553,5220.2],[81.371596,31.064523,5216.9],[81.371816,31.064406,5214.6],[81.372036,31.064289,5214.8],[81.372256,31.064172,5213.0],[81.372492,31.064053,5210.1],[81.372728,31.063933,5207.6],[81.372948,31.063756,5206.7],[81.373169,31.06358,5203.6],[81.373389,31.063403,5200.4],[81.373609,31.063226,5197.6],[81.373778,31.063002,5193.5],[81.373948,31.062778,5189.2],[81.374117,31.062554,5185.8],[81.374287,31.062329,5182.8],[81.37447,31.062143,5178.5],[81.374654,31.061956,5173.0],[81.374838,31.061769,5168.3],[81.375022,31.061583,5162.1],[81.375089,31.06136,5158.9],[81.375156,31.061138,5154.3],[81.375223,31.060916,5150.4],[81.37529,31.060694,5146.6],[81.375357,31.060527,5143.3],[81.375424,31.06036,5140.3],[81.375527,31.060213,5136.0],[81.37563,31.060066,5132.2],[81.375688,31.059842,5128.6],[81.375746,31.059617,5124.5],[81.375803,31.059393,5120.3],[81.375861,31.059168,5116.3],[81.375919,31.058944,5112.8],[81.375976,31.058719,5108.7],[81.376093,31.058511,5102.9],[81.37621,31.058302,5098.8],[81.376184,31.058095,5097.3],[81.376159,31.057888,5095.8],[81.376133,31.057681,5094.1],[81.376108,31.057475,5092.2],[81.37606,31.057314,5092.4],[81.376011,31.057153,5093.0],[81.376035,31.057001,5092.1],[81.37606,31.05685,5091.2],[81.376106,31.056701,5089.7]]}},
{"type":"Feature","properties":{"trail":null,"hero":false,"class":"path","length_m":267.6},"geometry":{"type":"LineString","coordinates":[[81.259499,31.012412,4725.6],[81.259794,31.012428,4726.1],[81.260088,31.012443,4726.4],[81.260226,31.012586,4726.4],[81.260363,31.012728,4726.4],[81.260506,31.012879,4726.5],[81.260604,31.013118,4726.5],[81.260643,31.013351,4726.6],[81.260683,31.013585,4728.2],[81.260723,31.013818,4730.0],[81.260762,31.014052,4731.1],[81.260834,31.014182,4731.4]]}},
{"type":"Feature","properties":{"trail":null,"hero":false,"class":"path","length_m":251.4},"geometry":{"type":"LineString","coordinates":[[81.260834,31.014182,4731.4],[81.260917,31.014333,4732.0],[81.261,31.014484,4732.7],[81.260901,31.014618,4732.3],[81.260803,31.014751,4732.6],[81.260593,31.014745,4732.9],[81.260382,31.014738,4733.7],[81.260172,31.014732,4734.1],[81.259995,31.014608,4733.0],[81.259818,31.014484,4731.2],[81.259697,31.014394,4730.1],[81.259577,31.014304,4729.2],[81.259447,31.014135,4728.2],[81.259317,31.013966,4727.7]]}},
{"type":"Feature","properties":{"trail":null,"hero":false,"class":"path","length_m":124.5},"geometry":{"type":"LineString","coordinates":[[81.260834,31.014182,4731.4],[81.261042,31.01414,4730.8],[81.261251,31.014098,4730.7],[81.26146,31.014056,4731.4],[81.261616,31.013922,4732.8],[81.261772,31.013788,4734.5],[81.261929,31.013655,4736.0]]}},
{"type":"Feature","properties":{"trail":null,"hero":false,"class":"track","length_m":385.4},"geometry":{"type":"LineString","coordinates":[[81.261929,31.013655,4736.0],[81.261757,31.013449,4734.1],[81.261586,31.013243,4732.0],[81.261415,31.013037,4729.8],[81.261244,31.012831,4728.6],[81.261073,31.012625,4728.6],[81.260902,31.012419,4728.7],[81.260719,31.012232,4728.5],[81.260536,31.012045,4728.5],[81.260353,31.011857,4728.4],[81.26017,31.01167,4728.3],[81.259987,31.011482,4727.7],[81.259804,31.011295,4727.2],[81.259621,31.011108,4726.6],[81.259439,31.01092,4725.8]]}},
{"type":"Feature","properties":{"trail":null,"hero":false,"class":"track","length_m":511.4},"geometry":{"type":"LineString","coordinates":[[81.261929,31.013655,4736.0],[81.262027,31.013773,4737.3],[81.262125,31.01389,4738.7],[81.262339,31.014038,4740.9],[81.262554,31.014185,4743.5],[81.262769,31.014332,4747.5],[81.262926,31.014513,4750.9],[81.263083,31.014694,4754.2],[81.263241,31.014874,4757.1],[81.263367,31.015091,4758.3],[81.263494,31.015308,4760.5],[81.26362,31.015525,4763.1],[81.263747,31.015742,4766.7],[81.263874,31.015959,4770.1],[81.26402,31.016134,4775.5],[81.264167,31.016309,4779.3],[81.264313,31.016483,4783.6],[81.264324,31.016752,4783.8],[81.264335,31.017021,4786.8],[81.264346,31.01729,4790.2],[81.264356,31.017559,4794.1]]}},
{"type":"Feature","properties":{"trail":"内转-因揭陀线","hero":false,"class":null,"length_m":3613.7},"geometry":{"type":"LineString","coordinates":[[81.311574,31.059261,5737.1],[81.311355,31.059149,5721.1],[81.311136,31.059037,5709.8],[81.310917,31.058925,5703.9],[81.310698,31.058813,5698.3],[81.310405,31.058793,5690.6],[81.310112,31.058773,5682.2],[81.309819,31.058753,5673.4],[81.309527,31.058733,5665.1],[81.309373,31.058524,5654.1],[81.309219,31.058315,5641.9],[81.309065,31.058106,5634.6],[81.30891,31.057897,5629.8],[81.308659,31.057808,5625.6],[81.308408,31.057719,5621.1],[81.308157,31.05763,5615.7],[81.307906,31.057541,5610.3],[81.307655,31.057452,5604.3],[81.307404,31.057363,5598.9],[81.307153,31.057274,5594.5],[81.306928,31.057127,5591.0],[81.306702,31.05698,5588.6],[81.306477,31.056833,5584.8],[81.306252,31.056686,5580.2],[81.306059,31.056472,5575.8],[81.305866,31.056259,5573.0],[81.305673,31.056046,5570.2],[81.305479,31.055833,5567.9],[81.305286,31.055619,5561.4],[81.305093,31.055406,5551.4],[81.3049,31.055193,5543.4],[81.304707,31.05498,5538.5],[81.304514,31.054766,5535.4],[81.304321,31.054553,5532.6],[81.304183,31.054369,5530.4],[81.304045,31.054185,5528.1],[81.303907,31.054001,5526.1],[81.30377,31.053816,5525.3],[81.303632,31.053632,5525.4],[81.303568,31.053375,5523.3],[81.303504,31.053119,5521.2],[81.30344,31.052862,5519.0],[81.303376,31.052605,5517.5],[81.303269,31.052375,5517.4],[81.303162,31.052145,5514.5],[81.303055,31.051915,5509.5],[81.302947,31.051686,5505.0],[81.30284,31.051474,5502.6],[81.302732,31.051262,5499.5],[81.302624,31.05105,5495.3],[81.302516,31.050838,5491.7],[81.302387,31.050618,5488.3],[81.302259,31.050397,5485.1],[81.30213,31.050176,5483.5],[81.302001,31.049956,5482.8],[81.301872,31.049735,5480.8],[81.301744,31.049515,5478.1],[81.301615,31.049294,5476.2],[81.301486,31.049073,5473.5],[81.301256,31.048896,5469.2],[81.301026,31.048719,5464.7],[81.300796,31.048542,5461.5],[81.300566,31.048365,5458.0],[81.300336,31.048188,5454.9],[81.300106,31.048011,5452.6],[81.299876,31.047834,5451.2],[81.299646,31.047657,5450.4],[81.299416,31.04748,5451.3],[81.299186,31.047303,5453.1],[81.298956,31.047127,5454.7],[81.298828,31.046894,5450.3],[81.298699,31.046661,5446.0],[81.298571,31.046428,5443.0],[81.298442,31.046195,5445.6],[81.298314,31.045962,5449.3],[81.298185,31.045729,5452.2],[81.298057,31.045496,5455.0],[81.297928,31.045264,5456.9],[81.2978,31.045031,5459.6],[81.297804,31.044782,5456.0],[81.297809,31.044532,5453.1],[81.297814,31.044283,5450.4],[81.297819,31.044034,5447.8],[81.297824,31.043785,5444.7],[81.297828,31.043536,5440.8],[81.297833,31.043286,5437.6],[81.297838,31.043037,5434.5],[81.297843,31.042788,5430.8],[81.297812,31.042536,5426.7],[81.297781,31.042284,5421.5],[81.297751,31.042031,5418.9],[81.29772,31.041779,5417.7],[81.297689,31.041527,5415.1],[81.297659,31.041275,5414.1],[81.297628,31.041023,5416.5],[81.297655,31.040791,5416.7],[81.297682,31.04056,5414.9],[81.297709,31.040328,5415.2],[81.297737,31.040097,5415.1],[81.297764,31.039865,5416.1],[81.297831,31.039641,5416.7],[81.297899,31.039418,5416.2],[81.297966,31.039194,5414.1],[81.297999,31.038974,5411.2],[81.298032,31.038754,5407.9],[81.298065,31.038534,5403.7],[81.298004,31.038296,5400.2],[81.297943,31.038057,5395.4],[81.297882,31.037819,5394.6],[81.297924,31.037663,5392.5],[81.297966,31.037506,5390.7],[81.298088,31.037316,5387.8],[81.29821,31.037127,5385.4],[81.298332,31.036937,5382.6],[81.298454,31.036747,5377.9],[81.298553,31.036501,5372.3],[81.298561,31.036289,5368.7],[81.298492,31.036139,5368.3],[81.298515,31.035965,5364.4],[81.298538,31.035791,5360.7],[81.298481,31.03555,5357.3],[81.298424,31.035309,5352.4],[81.298424,31.035107,5346.8],[81.298424,31.034904,5341.0],[81.298317,31.034708,5336.8],[81.29821,31.034513,5331.6],[81.298103,31.034317,5325.2],[81.298035,31.034056,5315.1],[81.297935,31.033998,5314.0],[81.297856,31.033826,5307.9],[81.297778,31.033654,5302.4],[81.297699,31.033482,5297.5],[81.297569,31.033326,5294.0],[81.29744,31.033169,5290.4],[81.297462,31.03306,5285.7],[81.297401,31.032875,5280.3],[81.297267,31.032714,5277.2],[81.297134,31.032553,5274.8],[81.297112,31.032419,5272.6]]}},
{"type":"Feature","properties":{"trail":null,"hero":false,"class":"path","length_m":1474.5},"geometry":{"type":"LineString","coordinates":[[81.297112,31.032419,5272.6],[81.297021,31.032261,5269.8],[81.29693,31.032102,5266.3],[81.296824,31.031913,5262.2],[81.296717,31.031724,5257.4],[81.29661,31.031535,5253.0],[81.296504,31.031346,5248.1],[81.296314,31.03116,5243.0],[81.296123,31.030975,5237.3],[81.295933,31.03079,5233.9],[81.295743,31.030604,5231.8],[81.295553,31.030419,5229.7],[81.295363,31.030234,5226.9],[81.295172,31.030049,5224.5],[81.294982,31.029863,5221.8],[81.294792,31.029678,5218.1],[81.294647,31.029574,5216.3],[81.294502,31.02947,5214.2],[81.294243,31.029328,5211.3],[81.293983,31.029187,5209.0],[81.293724,31.029045,5206.7],[81.293488,31.028889,5205.5],[81.293381,31.028728,5203.3],[81.29319,31.028624,5202.7],[81.293098,31.028467,5200.4],[81.292905,31.028254,5198.2],[81.292712,31.028041,5196.4],[81.292519,31.027828,5194.5],[81.292412,31.027632,5193.0],[81.292305,31.027435,5191.5],[81.292171,31.027289,5191.4],[81.292038,31.027142,5191.4],[81.291824,31.027039,5191.4],[81.291672,31.02683,5191.0],[81.291519,31.02662,5190.4],[81.291367,31.026411,5189.2],[81.291203,31.026254,5189.3],[81.291039,31.026096,5189.0],[81.290871,31.025999,5189.7],[81.290779,31.025865,5189.3],[81.290688,31.02573,5188.8],[81.290516,31.025535,5188.5],[81.290344,31.025339,5187.6],[81.290195,31.025214,5186.8],[81.290047,31.025089,5185.8],[81.28992,31.024935,5184.9],[81.289792,31.02478,5184.3],[81.289665,31.024626,5182.9],[81.289436,31.024487,5182.9],[81.289317,31.024383,5183.4],[81.289144,31.024232,5183.9],[81.288971,31.02408,5184.1],[81.288814,31.023995,5184.5],[81.288658,31.023909,5184.6],[81.28849,31.023757,5182.4],[81.288322,31.023605,5179.8],[81.288078,31.023518,5177.5],[81.287849,31.023371,5175.0],[81.287674,31.023222,5172.0],[81.287498,31.023073,5168.9],[81.287323,31.022924,5166.0],[81.287293,31.022726,5162.3],[81.287262,31.022529,5160.3]]}},
{"type":"Feature","properties":{"trail":"内转-因揭陀线","hero":false,"class":null,"length_m":3914.4},"geometry":{"type":"LineString","coordinates":[[81.297112,31.032419,5272.6],[81.297346,31.032511,5272.9],[81.29758,31.032603,5272.5],[81.297782,31.032732,5271.3],[81.297983,31.032862,5270.3],[81.298185,31.032991,5270.9],[81.298387,31.033121,5272.5],[81.2986,31.033154,5272.2],[81.298813,31.033187,5274.5],[81.299026,31.033221,5277.7],[81.299285,31.033276,5281.2],[81.299543,31.033332,5281.5],[81.299771,31.033484,5278.4],[81.299998,31.033636,5275.1],[81.300165,31.033716,5274.9],[81.3004,31.033725,5273.9],[81.300635,31.033735,5273.4],[81.30087,31.033744,5272.0],[81.301083,31.033854,5269.4],[81.301297,31.033963,5269.2],[81.30151,31.034073,5269.6],[81.301724,31.034182,5271.2],[81.301912,31.034318,5273.3],[81.302099,31.034453,5275.3],[81.302327,31.034618,5278.2],[81.302555,31.034782,5280.8],[81.302782,31.034946,5283.6],[81.30301,31.03511,5286.7],[81.303237,31.035274,5287.9],[81.303464,31.035305,5290.6],[81.303691,31.035336,5293.2],[81.303917,31.035367,5295.9],[81.304159,31.035407,5298.0],[81.304401,31.035447,5300.0],[81.304642,31.035487,5302.1],[81.304884,31.035527,5304.0],[81.305172,31.035576,5307.0],[81.30546,31.035626,5311.3],[81.305748,31.035675,5314.7],[81.306036,31.035724,5317.7],[81.306324,31.035774,5321.9],[81.306529,31.035871,5324.3],[81.306734,31.035968,5326.6],[81.30694,31.036065,5328.1],[81.307114,31.036147,5331.8],[81.307289,31.03623,5334.9],[81.307548,31.036357,5340.0],[81.307808,31.036485,5343.7],[81.308067,31.036613,5345.3],[81.308326,31.03674,5349.5],[81.308525,31.036874,5351.3],[81.308724,31.037007,5354.7],[81.308924,31.03714,5357.5],[81.309123,31.037273,5359.8],[81.309382,31.037392,5363.5],[81.309642,31.037511,5364.8],[81.309901,31.03763,5369.5],[81.31016,31.037749,5371.2],[81.310305,31.037863,5374.1],[81.310449,31.037977,5378.2],[81.310627,31.038161,5384.7],[81.310805,31.038346,5390.6],[81.311049,31.038484,5394.8],[81.311293,31.038623,5397.5],[81.311538,31.038762,5399.3],[81.311782,31.0389,5400.9],[81.312027,31.039039,5401.9],[81.312207,31.039177,5402.5],[81.312386,31.039315,5403.6],[81.312566,31.039453,5404.3],[81.312746,31.039591,5404.8],[81.312912,31.03977,5406.5],[81.313078,31.039948,5408.0],[81.313243,31.040127,5410.9],[81.313464,31.040242,5412.5],[81.313684,31.040357,5414.3],[81.313904,31.040473,5416.2],[81.314124,31.040588,5417.3],[81.314321,31.040766,5420.0],[81.314517,31.040943,5422.4],[81.314714,31.041121,5424.1],[81.314911,31.041298,5426.6],[81.315107,31.041476,5428.4],[81.315304,31.041653,5429.7],[81.3155,31.041831,5430.8],[81.315697,31.042008,5431.6],[81.315774,31.042202,5433.1],[81.315851,31.042396,5435.2],[81.315929,31.04259,5437.5],[81.316127,31.042768,5439.0],[81.316326,31.042946,5441.8],[81.316525,31.043125,5444.3],[81.316723,31.043303,5447.3],[81.316944,31.043487,5450.7],[81.317165,31.043671,5453.8],[81.317386,31.043855,5456.3],[81.317575,31.04404,5459.0],[81.317763,31.044224,5461.3],[81.317952,31.044408,5463.5],[81.31814,31.044592,5465.4],[81.318259,31.044818,5467.6],[81.318378,31.045043,5468.7],[81.318498,31.045268,5469.7],[81.318617,31.045493,5471.1],[81.318685,31.045714,5473.2],[81.318754,31.045934,5475.3],[81.318822,31.046155,5477.5],[81.318891,31.046375,5480.0],[81.31896,31.046595,5482.7],[81.319008,31.046835,5485.4],[81.319056,31.047074,5488.6],[81.319104,31.047313,5491.9],[81.319152,31.047553,5494.8],[81.319239,31.047756,5496.2],[81.319326,31.047959,5496.9],[81.319413,31.048163,5497.1],[81.3195,31.048366,5497.1],[81.319588,31.04857,5497.7],[81.319695,31.048821,5498.9],[81.319803,31.049072,5498.7],[81.31991,31.049323,5498.3],[81.319779,31.049501,5499.3],[81.319648,31.04968,5501.0],[81.319516,31.049859,5503.1],[81.319385,31.050038,5505.7],[81.319354,31.050281,5508.4],[81.319322,31.050525,5511.3],[81.319291,31.050768,5514.4],[81.319259,31.051012,5517.7],[81.319228,31.051255,5520.7],[81.319196,31.051499,5523.6],[81.319165,31.051742,5526.8],[81.319041,31.051867,5531.0],[81.318917,31.051991,5535.2],[81.318835,31.052236,5540.7],[81.318752,31.052481,5547.0],[81.318692,31.05269,5551.2],[81.318632,31.052899,5554.6],[81.318572,31.053108,5557.9],[81.318512,31.053317,5561.2],[81.318301,31.053437,5567.6],[81.318089,31.053558,5572.9],[81.317877,31.053679,5578.3],[81.317778,31.053887,5582.1],[81.317679,31.054096,5587.0],[81.31758,31.054304,5591.6],[81.317481,31.054513,5596.1],[81.317505,31.054746,5597.8],[81.31753,31.054979,5599.5],[81.317442,31.055156,5603.4],[81.317353,31.055333,5607.2],[81.317265,31.055509,5610.9],[81.317053,31.055655,5617.3],[81.316842,31.0558,5623.4],[81.31663,31.055945,5629.6],[81.316419,31.056091,5636.1]]}},
{"type":"Feature","properties":{"trail":null,"hero":false,"class":"path","length_m":404.5},"geometry":{"type":"LineString","coordinates":[[81.287262,31.022529,5160.3],[81.287163,31.022377,5157.7],[81.286987,31.022236,5152.6],[81.286834,31.022023,5147.2],[81.286682,31.021809,5140.4],[81.286591,31.02157,5136.7],[81.286465,31.021477,5134.3],[81.28634,31.021384,5132.4],[81.286266,31.02123,5130.2],[81.286192,31.021076,5128.0],[81.286094,31.020952,5126.2],[81.285997,31.020828,5124.7],[81.285889,31.02058,5120.5],[81.285782,31.020332,5115.9],[81.285628,31.020166,5113.5],[81.285473,31.02,5112.2],[81.285357,31.019811,5110.5],[81.285241,31.019622,5108.3],[81.285124,31.019432,5105.8]]}},
{"type":"Feature","properties":{"trail":null,"hero":false,"class":"path","length_m":322.4},"geometry":{"type":"LineString","coordinates":[[81.285124,31.019432,5105.8],[81.285007,31.019225,5102.6],[81.284889,31.019017,5100.9],[81.284772,31.01881,5099.4],[81.284686,31.018567,5098.5],[81.284599,31.018324,5097.4],[81.284476,31.018117,5097.0],[81.284353,31.01791,5095.8],[81.284204,31.017699,5095.4],[81.284054,31.017488,5095.1],[81.283854,31.017308,5094.6],[81.283654,31.017127,5093.3],[81.283454,31.016946,5092.7]]}},
{"type":"Feature","properties":{"trail":null,"hero":false,"class":"path","length_m":484.8},"geometry":{"type":"LineString","coordinates":[[81.384138,31.084331,5398.7],[81.384318,31.084186,5393.9],[81.384498,31.084041,5387.6],[81.384611,31.083888,5381.7],[81.384723,31.083734,5375.7],[81.384798,31.0836,5370.5],[81.384873,31.083467,5364.6],[81.385021,31.083368,5357.6],[81.385168,31.08327,5351.6],[81.385252,31.083123,5346.6],[81.385335,31.082976,5341.6],[81.385533,31.082833,5331.7],[81.385823,31.082764,5316.3],[81.386038,31.082599,5303.6],[81.386268,31.082484,5291.7],[81.386461,31.082342,5277.7],[81.386472,31.082153,5270.1],[81.386408,31.081928,5263.8],[81.386327,31.08168,5258.9],[81.386316,31.081492,5255.0],[81.386306,31.081303,5251.2],[81.386268,31.081101,5247.9],[81.386231,31.080899,5245.4]]}},
{"type":"Feature","properties":{"trail":null,"hero":false,"class":"path","length_m":447.5},"geometry":{"type":"LineString","coordinates":[[81.32547,31.106043,5056.3],[81.325195,31.106098,5057.4],[81.324955,31.106092,5057.2],[81.324715,31.106085,5056.7],[81.324459,31.106124,5056.9],[81.324204,31.106162,5056.7],[81.323948,31.106201,5055.9],[81.323692,31.106239,5054.7],[81.323444,31.106356,5053.6],[81.323196,31.106472,5052.2],[81.322919,31.106505,5051.1],[81.322642,31.106538,5049.8],[81.322365,31.106571,5048.5],[81.322052,31.106586,5047.1],[81.321833,31.106474,5045.9],[81.321615,31.106361,5044.7],[81.321396,31.106249,5043.7],[81.32119,31.106239,5042.7],[81.321007,31.106316,5042.8]]}},
{"type":"Feature","properties":{"trail":null,"hero":false,"class":"path","length_m":103.9},"geometry":{"type":"LineString","coordinates":[[81.300926,30.968167,4651.1],[81.300718,30.968306,4651.2],[81.300509,30.968446,4651.5],[81.300301,30.968585,4651.5],[81.300054,30.968727,4651.4]]}},
{"type":"Feature","properties":{"trail":null,"hero":false,"class":"track","length_m":213.5},"geometry":{"type":"LineString","coordinates":[[81.259255,31.021286,4723.6],[81.259495,31.021409,4724.2],[81.259735,31.021532,4724.3],[81.259975,31.021655,4724.7],[81.260216,31.021778,4724.8],[81.260456,31.021901,4724.9],[81.260696,31.022024,4725.3],[81.260936,31.022147,4725.2],[81.261177,31.022271,4724.8]]}},
{"type":"Feature","properties":{"trail":null,"hero":false,"class":"track","length_m":91.9},"geometry":{"type":"LineString","coordinates":[[81.261177,31.022271,4724.8],[81.261317,31.022382,4724.8],[81.261378,31.022597,4725.9],[81.261439,31.022813,4726.7],[81.2615,31.023028,4727.7]]}},
{"type":"Feature","properties":{"trail":"冈仁波齐转山","hero":true,"from_mile":0.0,"to_mile":1.799,"length_m":2894.6},"geometry":{"type":"LineString","coordinates":[[81.282751,30.9784,4670.1],[81.282666,30.978556,4670.4],[81.28258,30.978713,4671.1],[81.282293,30.978817,4670.7],[81.282005,30.978921,4670.6],[81.281717,30.979025,4670.4],[81.281429,30.97913,4669.9],[81.281141,30.979234,4669.2],[81.280854,30.979338,4669.2],[81.280566,30.979442,4669.1],[81.280278,30.979546,4668.4],[81.27999,30.979651,4667.8],[81.279702,30.979755,4668.3],[81.279414,30.979859,4669.1],[81.279127,30.979963,4669.3],[81.278839,30.980067,4670.6],[81.278551,30.980172,4672.4],[81.278263,30.980276,4673.1],[81.277978,30.98035,4672.9],[81.277692,30.980424,4672.3],[81.277407,30.980497,4672.2],[81.277122,30.980571,4672.5],[81.276836,30.980645,4672.3],[81.276551,30.980719,4672.0],[81.276266,30.980793,4671.6],[81.276034,30.980944,4672.5],[81.275803,30.981096,4672.5],[81.275572,30.981247,4671.9],[81.275341,30.981398,4672.4],[81.275102,30.981509,4672.4],[81.274864,30.981619,4671.7],[81.274625,30.98173,4671.5],[81.274387,30.981841,4671.1],[81.274148,30.981952,4670.8],[81.27391,30.982062,4671.1],[81.273671,30.982173,4669.7],[81.273462,30.982359,4670.7],[81.273253,30.982546,4671.1],[81.273044,30.982732,4671.9],[81.272835,30.982919,4672.9],[81.272626,30.983105,4673.7],[81.272416,30.983292,4674.9],[81.272207,30.983478,4676.4],[81.271998,30.983665,4676.9],[81.271789,30.983851,4676.5],[81.27158,30.984038,4676.0],[81.27135,30.984201,4675.8],[81.271121,30.984364,4676.0],[81.270891,30.984527,4677.0],[81.270662,30.98469,4678.5],[81.270432,30.984853,4681.7],[81.270203,30.985016,4684.0],[81.269973,30.985178,4685.9],[81.269744,30.985341,4686.5],[81.269514,30.985504,4686.4],[81.269285,30.985667,4686.7],[81.269055,30.98583,4687.1],[81.268826,30.985993,4687.5],[81.268596,30.986156,4688.7],[81.268367,30.986319,4689.6],[81.268137,30.986482,4689.4],[81.267885,30.986618,4689.0],[81.267633,30.986754,4689.3],[81.267381,30.98689,4690.1],[81.267129,30.987026,4691.4],[81.266877,30.987161,4692.9],[81.266624,30.987297,4693.7],[81.266372,30.987433,4694.2],[81.26612,30.987569,4695.2],[81.265868,30.987705,4696.6],[81.265616,30.987841,4697.8],[81.265379,30.988005,4699.6],[81.265143,30.988169,4701.5],[81.264906,30.988333,4703.5],[81.26467,30.988498,4705.4],[81.264433,30.988662,4707.7],[81.264197,30.988826,4709.6],[81.26396,30.98899,4712.8],[81.263724,30.989154,4715.6],[81.263487,30.989318,4718.2],[81.263251,30.989483,4720.9],[81.263014,30.989647,4723.0],[81.262778,30.989811,4725.4],[81.262541,30.989975,4727.7],[81.262305,30.990139,4730.6],[81.262068,30.990303,4733.3],[81.261832,30.990468,4735.6],[81.261675,30.990681,4738.7],[81.261518,30.990895,4741.2],[81.261362,30.991109,4743.4],[81.261205,30.991323,4745.7],[81.261048,30.991536,4747.0],[81.260892,30.99175,4748.9],[81.260735,30.991964,4752.2],[81.260578,30.992178,4755.4],[81.260421,30.992392,4758.2],[81.260265,30.992605,4760.8],[81.260108,30.992819,4763.0],[81.259951,30.993033,4765.3],[81.259795,30.993247,4766.7],[81.259616,30.993388,4766.4],[81.259438,30.993529,4766.0],[81.259259,30.99367,4766.8],[81.259081,30.993811,4769.1]]}},
{"type":"Feature","properties":{"trail":"冈仁波齐转山","hero":true,"from_mile":1.799,"to_mile":2.335,"length_m":863.4},"geometry":{"type":"LineString","coordinates":[[81.259081,30.993811,4769.1],[81.258841,30.993755,4770.7],[81.258601,30.9937,4774.1],[81.258362,30.993645,4775.8],[81.258323,30.993905,4776.1],[81.258283,30.994166,4775.0],[81.258244,30.994426,4773.6],[81.258205,30.994686,4772.0],[81.258166,30.994946,4772.1],[81.258126,30.995207,4773.6],[81.258087,30.995467,4774.4],[81.258048,30.995727,4773.1],[81.258009,30.995988,4772.1],[81.257938,30.996214,4771.3],[81.257866,30.996441,4770.3],[81.257795,30.996668,4768.2],[81.257724,30.996894,4763.7],[81.257653,30.997121,4759.0],[81.257582,30.997348,4752.8],[81.257551,30.997584,4746.9],[81.257521,30.99782,4741.8],[81.257491,30.998056,4740.2],[81.25746,30.998292,4739.5],[81.25743,30.998529,4737.3],[81.257453,30.998771,4735.3],[81.257477,30.999014,4733.6],[81.2575,30.999256,4732.4],[81.257524,30.999499,4731.0],[81.257547,30.999741,4730.2],[81.25757,30.999984,4728.9],[81.257594,31.000226,4728.3],[81.257617,31.000469,4726.7],[81.257641,31.000711,4724.5]]}},
{"type":"Feature","properties":{"trail":"冈仁波齐转山","hero":true,"from_mile":2.335,"to_mile":3.161,"length_m":1328.7},"geometry":{"type":"LineString","coordinates":[[81.257641,31.000711,4724.5],[81.257659,31.000904,4723.1],[81.257678,31.001096,4722.3],[81.257697,31.001289,4721.4],[81.257778,31.001522,4720.9],[81.257859,31.001755,4720.9],[81.257941,31.001989,4720.4],[81.258022,31.002222,4720.2],[81.258103,31.002455,4720.4],[81.258185,31.002689,4720.9],[81.258182,31.002917,4720.7],[81.258179,31.003145,4719.8],[81.258176,31.003374,4717.8],[81.258229,31.003633,4715.7],[81.258282,31.003893,4715.0],[81.258335,31.004152,4714.8],[81.258388,31.004412,4714.5],[81.25841,31.004667,4713.9],[81.258432,31.004923,4713.3],[81.258454,31.005178,4713.2],[81.258477,31.005433,4713.4],[81.258499,31.005688,4713.8],[81.258521,31.005944,4714.6],[81.258543,31.006199,4715.7],[81.258565,31.006454,4716.7],[81.258588,31.00671,4717.6],[81.25861,31.006965,4718.2],[81.258632,31.00722,4718.9],[81.258654,31.007476,4719.7],[81.258676,31.007731,4719.9],[81.258699,31.007986,4720.0],[81.258721,31.008242,4720.2],[81.258743,31.008497,4720.5],[81.25878,31.008758,4721.1],[81.258817,31.009018,4721.5],[81.258854,31.009279,4721.6],[81.258891,31.009539,4721.9],[81.258928,31.0098,4722.8],[81.258965,31.010061,4723.4],[81.259002,31.010321,4724.0],[81.259039,31.010582,4724.3],[81.259076,31.010842,4724.6],[81.259112,31.011103,4724.5],[81.259149,31.011364,4724.4],[81.259186,31.011624,4724.5],[81.259223,31.011885,4724.7],[81.25926,31.012145,4725.1],[81.259297,31.012406,4725.6],[81.259499,31.012412,4725.6]]}},
{"type":"Feature","properties":{"trail":"冈仁波齐转山","hero":true,"from_mile":3.161,"to_mile":3.268,"length_m":173.0},"geometry":{"type":"LineString","coordinates":[[81.259499,31.012412,4725.6],[81.259469,31.012671,4725.2],[81.259438,31.01293,4725.1],[81.259408,31.013189,4725.4],[81.259378,31.013448,4725.8],[81.259347,31.013707,4726.6],[81.259317,31.013966,4727.7]]}},
{"type":"Feature","properties":{"trail":"冈仁波齐转山","hero":true,"from_mile":3.268,"to_mile":3.819,"length_m":885.7},"geometry":{"type":"LineString","coordinates":[[81.259317,31.013966,4727.7],[81.259289,31.014201,4728.3],[81.259262,31.014436,4729.3],[81.259234,31.014672,4730.4],[81.259206,31.014907,4731.4],[81.259179,31.015142,4732.1],[81.259151,31.015378,4732.2],[81.259282,31.015605,4732.2],[81.259414,31.015832,4732.6],[81.259545,31.01606,4732.1],[81.259676,31.016287,4732.1],[81.259808,31.016515,4732.3],[81.259939,31.016742,4731.7],[81.26007,31.016969,4730.7],[81.260202,31.017197,4731.1],[81.260333,31.017424,4730.7],[81.260464,31.017651,4729.2],[81.260596,31.017879,4727.4],[81.26072,31.018038,4727.0],[81.260845,31.018198,4726.3],[81.26097,31.018358,4726.3],[81.261015,31.018543,4724.7],[81.261061,31.018728,4723.0],[81.261189,31.018935,4722.0],[81.261317,31.019142,4721.3],[81.261445,31.01935,4721.2],[81.261573,31.019557,4721.0],[81.261702,31.019764,4720.6],[81.26174,31.020001,4720.3],[81.261779,31.020238,4720.5],[81.261818,31.020474,4720.8],[81.261857,31.020711,4721.1],[81.261959,31.020925,4721.3],[81.26206,31.021138,4721.7],[81.262162,31.021352,4721.9]]}},
{"type":"Feature","properties":{"trail":"冈仁波齐转山","hero":true,"from_mile":3.819,"to_mile":3.963,"length_m":231.9},"geometry":{"type":"LineString","coordinates":[[81.262162,31.021352,4721.9],[81.262362,31.021549,4722.3],[81.262562,31.021746,4722.5],[81.262762,31.021943,4722.5],[81.262962,31.02214,4723.0],[81.263162,31.022337,4723.3],[81.263362,31.022534,4723.5],[81.263562,31.022731,4723.9],[81.263762,31.022928,4724.3]]}},
{"type":"Feature","properties":{"trail":"冈仁波齐转山","hero":true,"from_mile":3.963,"to_mile":4.196,"length_m":376.2},"geometry":{"type":"LineString","coordinates":[[81.263762,31.022928,4724.3],[81.263895,31.023133,4724.7],[81.264029,31.023338,4725.1],[81.264162,31.023543,4725.2],[81.264296,31.023748,4725.5],[81.264456,31.023935,4725.8],[81.264616,31.024122,4726.1],[81.264777,31.024309,4726.6],[81.264893,31.024523,4727.0],[81.26501,31.024737,4727.6],[81.265126,31.024951,4727.7],[81.265243,31.025165,4728.0],[81.26536,31.025379,4728.3],[81.265476,31.025593,4728.6],[81.265593,31.025808,4729.1],[81.265675,31.02588,4729.2]]}},
{"type":"Feature","properties":{"trail":"冈仁波齐转山","hero":true,"from_mile":4.196,"to_mile":4.315,"length_m":191.5},"geometry":{"type":"LineString","coordinates":[[81.265675,31.02588,4729.2],[81.265877,31.026055,4729.5],[81.266079,31.026231,4729.9],[81.266281,31.026406,4730.1],[81.266482,31.026581,4730.5],[81.266684,31.026757,4731.0],[81.266886,31.026932,4731.3],[81.267087,31.027108,4731.6]]}},
{"type":"Feature","properties":{"trail":"冈仁波齐转山","hero":true,"from_mile":4.315,"to_mile":4.582,"length_m":428.5},"geometry":{"type":"LineString","coordinates":[[81.267087,31.027108,4731.6],[81.26724,31.027241,4731.8],[81.267393,31.027374,4732.1],[81.267546,31.027507,4732.3],[81.267589,31.027652,4732.4],[81.267632,31.027797,4732.6],[81.267821,31.027964,4732.9],[81.268009,31.028131,4733.3],[81.268198,31.028297,4733.6],[81.268333,31.028526,4734.0],[81.268468,31.028754,4734.4],[81.268603,31.028983,4734.7],[81.268737,31.029211,4735.0],[81.268872,31.02944,4735.0],[81.269007,31.029669,4735.4],[81.269142,31.029897,4736.0],[81.269276,31.030126,4736.4],[81.269411,31.030354,4736.5]]}},
{"type":"Feature","properties":{"trail":"冈仁波齐转山","hero":true,"from_mile":4.582,"to_mile":10.835,"length_m":10063.7},"geometry":{"type":"LineString","coordinates":[[81.269411,31.030354,4736.5],[81.269603,31.030546,4736.9],[81.269796,31.030739,4737.4],[81.269988,31.030931,4737.7],[81.270181,31.031123,4738.0],[81.270373,31.031315,4738.2],[81.270565,31.031507,4738.6],[81.270758,31.0317,4739.1],[81.270957,31.031874,4739.4],[81.271157,31.032049,4739.7],[81.271357,31.032224,4740.1],[81.271556,31.032399,4740.3],[81.271756,31.032574,4740.5],[81.271956,31.032749,4741.0],[81.272129,31.032941,4741.4],[81.272302,31.033133,4741.7],[81.272475,31.033326,4742.2],[81.272616,31.033503,4742.5],[81.272757,31.03368,4742.9],[81.272898,31.033857,4743.2],[81.273039,31.034034,4743.6],[81.273181,31.034266,4744.0],[81.273323,31.034498,4744.3],[81.273465,31.03473,4744.4],[81.273607,31.034962,4744.6],[81.273749,31.035194,4745.3],[81.273859,31.035443,4745.7],[81.273969,31.035693,4746.0],[81.27408,31.035943,4746.7],[81.27419,31.036193,4747.4],[81.2743,31.036442,4748.3],[81.274411,31.036692,4749.0],[81.274521,31.036942,4749.6],[81.274631,31.037192,4749.5],[81.274742,31.037441,4749.3],[81.274852,31.037691,4749.4],[81.274962,31.037941,4749.9],[81.275073,31.038191,4750.4],[81.275154,31.038438,4750.9],[81.275235,31.038685,4751.8],[81.275317,31.038931,4753.5],[81.275398,31.039178,4755.2],[81.275479,31.039425,4756.1],[81.275561,31.039672,4757.3],[81.275642,31.039919,4758.3],[81.275724,31.040166,4758.1],[81.275825,31.040307,4758.1],[81.275927,31.040447,4758.1],[81.276146,31.040578,4758.7],[81.276366,31.04071,4760.4],[81.276428,31.040899,4759.7],[81.27649,31.041089,4759.5],[81.276553,31.041279,4760.3],[81.276662,31.04149,4761.2],[81.276772,31.0417,4763.9],[81.276881,31.041911,4766.4],[81.276887,31.042128,4768.1],[81.276892,31.042344,4770.9],[81.276898,31.042561,4774.0],[81.276953,31.042764,4777.7],[81.277007,31.042967,4779.6],[81.277061,31.04317,4781.7],[81.277116,31.043374,4784.1],[81.277114,31.043602,4784.8],[81.277113,31.043831,4784.1],[81.277112,31.04406,4781.9],[81.27711,31.044289,4779.3],[81.277234,31.044534,4778.9],[81.27723,31.044762,4776.3],[81.277361,31.044968,4775.3],[81.277492,31.045174,4773.6],[81.277666,31.045345,4774.2],[81.27784,31.045516,4773.9],[81.278014,31.045687,4774.2],[81.278189,31.045858,4774.5],[81.27829,31.046058,4773.7],[81.278392,31.046259,4774.2],[81.278494,31.04646,4774.4],[81.278596,31.046661,4773.7],[81.278661,31.046869,4774.2],[81.278726,31.047077,4774.6],[81.278791,31.047285,4774.9],[81.278918,31.047486,4775.3],[81.279044,31.047688,4775.9],[81.279171,31.047889,4775.7],[81.279298,31.048091,4776.8],[81.279425,31.048293,4777.6],[81.279532,31.04852,4778.0],[81.279638,31.048747,4778.2],[81.279745,31.048974,4778.1],[81.279852,31.049201,4779.4],[81.279959,31.049428,4779.7],[81.280066,31.049655,4780.3],[81.280173,31.049882,4781.1],[81.280173,31.050043,4779.6],[81.280173,31.050205,4779.2],[81.280074,31.050359,4778.9],[81.279976,31.050513,4779.0],[81.279921,31.050775,4780.0],[81.27993,31.051011,4781.2],[81.279939,31.051247,4782.0],[81.279948,31.051483,4782.2],[81.280011,31.051671,4782.6],[81.280075,31.05186,4782.4],[81.280239,31.052046,4782.8],[81.280402,31.052233,4782.7],[81.280565,31.052419,4782.4],[81.280728,31.052606,4782.3],[81.280754,31.052827,4781.7],[81.28078,31.053049,4782.1],[81.280806,31.05327,4782.8],[81.280772,31.053496,4783.6],[81.280739,31.053721,4784.4],[81.280705,31.053947,4784.7],[81.280672,31.054172,4784.7],[81.280676,31.0544,4785.7],[81.28068,31.054629,4786.6],[81.280684,31.054857,4787.3],[81.280688,31.055085,4787.6],[81.280692,31.055314,4787.5],[81.280618,31.055396,4786.3],[81.280705,31.055628,4788.1],[81.280793,31.05586,4788.6],[81.28088,31.056092,4789.5],[81.280967,31.056324,4789.9],[81.281055,31.056556,4790.2],[81.281142,31.056788,4790.2],[81.281229,31.05702,4790.7],[81.281317,31.057252,4792.3],[81.281302,31.057479,4794.9],[81.281286,31.057706,4798.0],[81.281271,31.057933,4800.9],[81.281256,31.05816,4803.4],[81.281241,31.058387,4805.2],[81.281226,31.058614,4806.3],[81.281229,31.058872,4807.5],[81.281232,31.059131,4808.4],[81.281236,31.05939,4808.6],[81.281239,31.059649,4808.1],[81.281242,31.059907,4807.2],[81.281337,31.060135,4807.7],[81.281431,31.060362,4807.8],[81.281525,31.060589,4808.0],[81.281555,31.060769,4807.3],[81.281585,31.060948,4805.8],[81.281705,31.061136,4804.9],[81.281824,31.061325,4803.5],[81.281894,31.061512,4802.2],[81.281964,31.061698,4801.5],[81.282034,31.061885,4800.6],[81.282063,31.062126,4798.6],[81.282092,31.062367,4797.9],[81.282054,31.062619,4797.3],[81.282017,31.062871,4797.1],[81.281979,31.063122,4798.9],[81.281942,31.063374,4802.1],[81.281904,31.063626,4804.9],[81.281866,31.063877,4806.8],[81.281829,31.064129,4807.6],[81.281844,31.064396,4808.4],[81.28186,31.064663,4808.5],[81.281876,31.06493,4808.9],[81.281891,31.065197,4809.2],[81.281874,31.06546,4809.7],[81.281857,31.065724,4811.1],[81.28184,31.065987,4812.4],[81.281823,31.06625,4813.5],[81.281806,31.066513,4814.5],[81.281789,31.066777,4815.2],[81.281772,31.06704,4815.3],[81.281755,31.067303,4815.3],[81.281738,31.067566,4815.1],[81.281818,31.067784,4817.5],[81.281899,31.068003,4817.6],[81.281979,31.068221,4817.7],[81.28206,31.068439,4818.2],[81.282141,31.068658,4818.8],[81.282318,31.068858,4820.7],[81.282389,31.069102,4821.8],[81.282459,31.069346,4822.0],[81.28253,31.06959,4822.6],[81.2826,31.069835,4824.7],[81.282592,31.070031,4825.2],[81.282584,31.070228,4826.1],[81.282576,31.070424,4827.3],[81.282479,31.070653,4826.4],[81.282381,31.070881,4827.1],[81.282429,31.071087,4828.2],[81.282477,31.071292,4829.8],[81.282525,31.071498,4832.9],[81.282493,31.071654,4834.3],[81.282461,31.071811,4835.4],[81.282507,31.071995,4838.1],[81.282553,31.072179,4840.6],[81.282474,31.072298,4840.7],[81.282396,31.072416,4840.7],[81.282347,31.072677,4843.1],[81.282298,31.072937,4846.1],[81.282249,31.073197,4848.6],[81.2822,31.073458,4849.7],[81.282151,31.073718,4849.9],[81.282167,31.073881,4850.6],[81.282183,31.074045,4849.5],[81.282316,31.074258,4850.5],[81.282449,31.074471,4851.4],[81.282582,31.074685,4851.5],[81.282642,31.074937,4852.6],[81.282701,31.075189,4855.1],[81.282761,31.075441,4857.7],[81.282821,31.075693,4858.4],[81.282944,31.075797,4860.3],[81.283068,31.0759,4862.7],[81.283153,31.076112,4863.7],[81.283411,31.076231,4866.9],[81.283518,31.07641,4866.3],[81.283649,31.076471,4868.2],[81.28379,31.076675,4868.5],[81.283931,31.07688,4867.5],[81.284073,31.077084,4865.7],[81.284161,31.077336,4863.1],[81.28425,31.077588,4862.8],[81.284339,31.077839,4865.8],[81.284361,31.078084,4868.7],[81.284384,31.078329,4871.0],[81.284406,31.078574,4872.8],[81.284429,31.078819,4874.6],[81.284451,31.079064,4876.2],[81.284474,31.079308,4877.4],[81.284497,31.079553,4878.4],[81.284519,31.079798,4879.4],[81.284542,31.080043,4879.8],[81.284564,31.080288,4879.2],[81.284668,31.080519,4880.5],[81.284772,31.08075,4881.5],[81.284875,31.080982,4882.8],[81.285012,31.081218,4884.1],[81.285149,31.081455,4884.6],[81.285286,31.081692,4884.7],[81.285422,31.081928,4885.3],[81.285559,31.082165,4885.9],[81.285696,31.082401,4886.0],[81.285833,31.082638,4886.2],[81.28597,31.082875,4885.8],[81.28622,31.083022,4886.5],[81.286318,31.083209,4886.2],[81.286417,31.083397,4885.8],[81.286636,31.083574,4885.4],[81.286855,31.083751,4885.8],[81.28692,31.083887,4885.9],[81.286986,31.084024,4886.3],[81.28704,31.084283,4887.0],[81.287095,31.084543,4888.3],[81.287149,31.084802,4890.0],[81.287204,31.085062,4891.7],[81.287258,31.085321,4893.0],[81.287313,31.085581,4894.6],[81.287367,31.08584,4896.1],[81.287422,31.0861,4897.8],[81.287476,31.086359,4900.0],[81.287531,31.086619,4902.1],[81.28761,31.086859,4903.6],[81.287688,31.087099,4904.9],[81.287767,31.08734,4906.4],[81.287845,31.08758,4908.1],[81.287924,31.087821,4909.6],[81.288086,31.088041,4911.1],[81.288248,31.088262,4912.1],[81.28841,31.088482,4914.0],[81.288573,31.088703,4916.0],[81.288735,31.088924,4917.7],[81.288897,31.089144,4919.5],[81.289059,31.089365,4920.2],[81.289221,31.089585,4921.4],[81.289383,31.089806,4922.4],[81.289546,31.090026,4923.0],[81.289708,31.090247,4924.2],[81.28987,31.090468,4925.4],[81.290077,31.090618,4926.8],[81.290285,31.090769,4927.3],[81.290492,31.09092,4927.8],[81.290699,31.091071,4928.2],[81.290907,31.091222,4928.1],[81.291111,31.091328,4927.8],[81.291315,31.091435,4927.9],[81.291519,31.091542,4928.8],[81.291724,31.091649,4929.4],[81.291879,31.09183,4930.4],[81.292035,31.092012,4931.0],[81.29219,31.092194,4931.7],[81.292346,31.092376,4932.2],[81.292501,31.092557,4932.6],[81.292657,31.092739,4933.3],[81.292731,31.092955,4933.9],[81.292805,31.09317,4934.7],[81.292931,31.093343,4935.6],[81.293057,31.093515,4936.3],[81.293183,31.093688,4937.2],[81.293379,31.093889,4938.1],[81.293575,31.094091,4939.6],[81.29377,31.094293,4941.3],[81.293966,31.094495,4942.5],[81.294162,31.094696,4943.1],[81.294358,31.094898,4944.3],[81.294554,31.0951,4945.8],[81.294661,31.095326,4946.6],[81.294768,31.095552,4947.4],[81.294875,31.095779,4948.3],[81.295033,31.095986,4949.3],[81.295191,31.096194,4950.6],[81.295349,31.096402,4951.4],[81.295508,31.09661,4952.0],[81.29558,31.096769,4952.2],[81.295653,31.096929,4952.4],[81.295849,31.09708,4953.6],[81.296046,31.097231,4954.7],[81.296243,31.097383,4955.6],[81.29644,31.097534,4956.3],[81.296637,31.097686,4957.3],[81.296875,31.097824,4958.7],[81.297112,31.097963,4960.1],[81.29735,31.098102,4960.7],[81.297588,31.09824,4961.4],[81.297826,31.098379,4962.0],[81.298064,31.098518,4961.8],[81.298361,31.098575,4962.5],[81.298659,31.098632,4963.2],[81.298918,31.098728,4964.7],[81.299177,31.098825,4965.8],[81.299437,31.098921,4966.2],[81.299696,31.099018,4967.2],[81.299956,31.099115,4967.4],[81.300215,31.099151,4969.1],[81.300474,31.099188,4970.1],[81.300733,31.099225,4971.3],[81.300993,31.099262,4972.4],[81.301264,31.099328,4973.5],[81.301535,31.099394,4974.4],[81.301806,31.09946,4975.0],[81.302077,31.099527,4976.3],[81.302338,31.099618,4976.6],[81.3026,31.099709,4976.1],[81.302861,31.0998,4976.9],[81.303123,31.099891,4977.3],[81.303384,31.099983,4977.2],[81.303646,31.100074,4978.0],[81.303908,31.100165,4978.4],[81.304169,31.100256,4979.4],[81.304431,31.100347,4981.1],[81.304727,31.100377,4982.6],[81.305024,31.100407,4983.2],[81.305321,31.100437,4984.1],[81.305618,31.100467,4984.9],[81.305914,31.100497,4985.8],[81.306211,31.100527,4986.4],[81.306508,31.100557,4986.3],[81.306804,31.100587,4987.0],[81.307101,31.100618,4988.4],[81.307398,31.100648,4989.4],[81.307695,31.100678,4989.9],[81.307991,31.100708,4990.6],[81.308288,31.100738,4991.6],[81.308585,31.100768,4993.2],[81.30876,31.100929,4992.5],[81.308916,31.10097,4993.4],[81.309073,31.101011,4994.0],[81.309314,31.101032,4995.3],[81.309556,31.101054,4996.2],[81.309798,31.101076,4996.8],[81.310036,31.101135,4997.5],[81.310274,31.101195,4999.4],[81.310512,31.101254,5000.7],[81.310751,31.101314,5001.5],[81.311043,31.101309,5003.5],[81.311335,31.101305,5005.1],[81.311627,31.101301,5007.5],[81.311919,31.101297,5009.7],[81.312153,31.101358,5011.9],[81.312387,31.101419,5015.6],[81.312621,31.10148,5019.2],[81.31287,31.101478,5021.7],[81.313119,31.101476,5023.5],[81.313368,31.101474,5026.0],[81.313513,31.101532,5027.3],[81.313658,31.10159,5028.5],[81.313918,31.101624,5030.8],[81.314178,31.101658,5032.7],[81.314439,31.101692,5034.1]]}},
{"type":"Feature","properties":{"trail":"冈仁波齐转山","hero":true,"from_mile":10.835,"to_mile":10.968,"length_m":214.4},"geometry":{"type":"LineString","coordinates":[[81.314439,31.101692,5034.1],[81.314635,31.101718,5036.7],[81.314795,31.10177,5038.0],[81.314955,31.101823,5038.9],[81.31519,31.101821,5041.3],[81.315426,31.101818,5043.9],[81.315662,31.101816,5046.7],[81.315892,31.101879,5048.2],[81.316122,31.101941,5049.5],[81.316352,31.102004,5050.0],[81.316626,31.102034,5050.0]]}},
{"type":"Feature","properties":{"trail":"冈仁波齐转山","hero":true,"from_mile":10.968,"to_mile":11.234,"length_m":427.8},"geometry":{"type":"LineString","coordinates":[[81.316626,31.102034,5050.0],[81.316925,31.102067,5051.2],[81.317225,31.1021,5052.9],[81.317524,31.102134,5055.4],[81.317823,31.102167,5057.4],[81.318123,31.1022,5058.3],[81.318369,31.102202,5058.2],[81.318616,31.102203,5059.2],[81.318862,31.102205,5060.9],[81.319087,31.10213,5062.6],[81.319312,31.102056,5064.2],[81.319576,31.102066,5065.7],[81.31984,31.102076,5068.6],[81.320104,31.102087,5071.1],[81.320368,31.102097,5072.2],[81.320598,31.102066,5073.0],[81.320828,31.102035,5073.8],[81.321058,31.102004,5074.1]]}},
{"type":"Feature","properties":{"trail":"冈仁波齐转山","hero":true,"from_mile":11.234,"to_mile":11.608,"length_m":601.9},"geometry":{"type":"LineString","coordinates":[[81.321058,31.102004,5074.1],[81.321307,31.10197,5074.8],[81.321555,31.101936,5075.6],[81.321804,31.101903,5076.5],[81.322053,31.101869,5077.5],[81.32232,31.101869,5078.2],[81.322587,31.101869,5079.2],[81.322853,31.101869,5080.5],[81.32312,31.101869,5081.6],[81.323387,31.101869,5082.0],[81.323654,31.101869,5082.0],[81.32389,31.101848,5082.8],[81.324126,31.101828,5083.3],[81.324363,31.101807,5083.6],[81.324599,31.101787,5084.1],[81.32483,31.101678,5085.9],[81.325062,31.10157,5088.1],[81.325293,31.101461,5090.0],[81.325525,31.101353,5091.5],[81.325756,31.101244,5093.1],[81.325988,31.101136,5093.8],[81.326079,31.100997,5095.3],[81.326171,31.100858,5097.1],[81.326378,31.100713,5098.5],[81.326585,31.100567,5100.2],[81.326791,31.100421,5102.1]]}},
{"type":"Feature","properties":{"trail":"冈仁波齐转山","hero":true,"from_mile":11.608,"to_mile":11.715,"length_m":172.1},"geometry":{"type":"LineString","coordinates":[[81.326791,31.100421,5102.1],[81.327031,31.100416,5102.6],[81.327276,31.100541,5102.6],[81.32752,31.100666,5104.4],[81.327764,31.100791,5108.6],[81.328009,31.100916,5110.6],[81.328219,31.10095,5111.6],[81.328429,31.100984,5112.7]]}},
{"type":"Feature","properties":{"trail":"冈仁波齐转山","hero":true,"from_mile":11.715,"to_mile":11.793,"length_m":125.0},"geometry":{"type":"LineString","coordinates":[[81.328429,31.100984,5112.7],[81.32869,31.100961,5115.5],[81.32895,31.100937,5119.1],[81.329211,31.100914,5122.3],[81.329472,31.100891,5126.0],[81.329733,31.100868,5130.6]]}},
{"type":"Feature","properties":{"trail":"冈仁波齐转山","hero":true,"from_mile":11.793,"to_mile":11.846,"length_m":85.8},"geometry":{"type":"LineString","coordinates":[[81.329733,31.100868,5130.6],[81.329852,31.100958,5133.0],[81.329971,31.101047,5135.4],[81.330175,31.101042,5139.1],[81.330278,31.100905,5140.5],[81.330381,31.100768,5142.0]]}},
{"type":"Feature","properties":{"trail":"冈仁波齐转山","hero":true,"from_mile":11.846,"to_mile":11.933,"length_m":140.5},"geometry":{"type":"LineString","coordinates":[[81.330381,31.100768,5142.0],[81.330443,31.100684,5143.0],[81.330539,31.100794,5145.0],[81.330634,31.100905,5148.0],[81.330849,31.10078,5152.4],[81.331065,31.100655,5157.2],[81.33128,31.100531,5161.5],[81.331495,31.100406,5165.9]]}},
{"type":"Feature","properties":{"trail":"冈仁波齐转山","hero":true,"from_mile":11.933,"to_mile":12.14,"length_m":332.3},"geometry":{"type":"LineString","coordinates":[[81.331495,31.100406,5165.9],[81.331599,31.100427,5168.7],[81.331542,31.100678,5171.3],[81.331484,31.100929,5174.6],[81.331426,31.10118,5177.8],[81.331421,31.101262,5179.2],[81.331491,31.101263,5182.1],[81.331649,31.10109,5184.7],[81.331806,31.100917,5187.0],[81.331964,31.100744,5189.1],[81.332208,31.100578,5194.7],[81.332451,31.100412,5197.8],[81.332695,31.100246,5200.7],[81.332939,31.10008,5205.0],[81.333182,31.099914,5209.6]]}},
{"type":"Feature","properties":{"trail":"冈仁波齐转山","hero":true,"from_mile":12.14,"to_mile":12.286,"length_m":235.2},"geometry":{"type":"LineString","coordinates":[[81.333182,31.099914,5209.6],[81.333397,31.099767,5212.1],[81.333611,31.099621,5212.7],[81.333836,31.099593,5218.2],[81.334062,31.099564,5222.3],[81.334328,31.09946,5224.4],[81.334595,31.099356,5227.7],[81.334862,31.099252,5230.7],[81.335128,31.099149,5233.0],[81.335395,31.099045,5237.4]]}},
{"type":"Feature","properties":{"trail":"冈仁波齐转山","hero":true,"from_mile":12.286,"to_mile":12.849,"length_m":906.3},"geometry":{"type":"LineString","coordinates":[[81.335395,31.099045,5237.4],[81.335635,31.098951,5241.4],[81.335875,31.098858,5245.2],[81.336115,31.098765,5249.9],[81.336355,31.098671,5253.0],[81.336595,31.098578,5254.9],[81.336848,31.098508,5257.0],[81.3371,31.098439,5258.4],[81.337353,31.09837,5259.2],[81.337606,31.0983,5260.3],[81.337858,31.098231,5262.1],[81.338076,31.098206,5264.3],[81.338293,31.098182,5266.4],[81.33851,31.098157,5268.2],[81.338774,31.09817,5270.8],[81.339039,31.098183,5272.9],[81.339339,31.098151,5273.9],[81.339639,31.098119,5275.3],[81.339939,31.098087,5277.3],[81.340239,31.098055,5278.4],[81.340539,31.098023,5280.4],[81.34084,31.09799,5284.0],[81.341046,31.097906,5285.1],[81.341253,31.097822,5285.2],[81.341459,31.097738,5286.1],[81.341736,31.097662,5288.7],[81.342013,31.097586,5290.7],[81.34229,31.097511,5292.3],[81.342566,31.097435,5295.5],[81.342843,31.097359,5298.9],[81.343077,31.097247,5300.5],[81.343311,31.097135,5303.6],[81.343544,31.097022,5307.3],[81.343778,31.09691,5309.8],[81.343992,31.096882,5312.6],[81.344206,31.096854,5315.4],[81.344421,31.096825,5318.0]]}},
{"type":"Feature","properties":{"trail":"冈仁波齐转山","hero":true,"from_mile":12.849,"to_mile":12.937,"length_m":142.0},"geometry":{"type":"LineString","coordinates":[[81.344421,31.096825,5318.0],[81.344642,31.096796,5320.5],[81.344863,31.096767,5322.7],[81.345084,31.096738,5325.0],[81.345383,31.096661,5327.7],[81.345681,31.096585,5331.0],[81.345843,31.096492,5332.2]]}},
{"type":"Feature","properties":{"trail":"冈仁波齐转山","hero":true,"from_mile":12.937,"to_mile":13.238,"length_m":484.2},"geometry":{"type":"LineString","coordinates":[[81.345843,31.096492,5332.2],[81.346097,31.096346,5335.7],[81.346352,31.0962,5339.0],[81.346606,31.096054,5342.5],[81.346799,31.095866,5344.6],[81.346993,31.095678,5347.9],[81.347186,31.095489,5351.5],[81.347379,31.095301,5354.8],[81.347454,31.095543,5356.6],[81.347529,31.095786,5360.4],[81.347777,31.095671,5364.4],[81.348025,31.095556,5367.4],[81.348157,31.095698,5371.2],[81.348084,31.095819,5371.6],[81.348012,31.095939,5372.3],[81.348108,31.096084,5376.5],[81.348205,31.096229,5379.6],[81.34812,31.096433,5381.1],[81.348035,31.096636,5384.1],[81.34795,31.09684,5386.7],[81.348015,31.096982,5389.5]]}},
{"type":"Feature","properties":{"trail":"冈仁波齐转山","hero":true,"from_mile":13.238,"to_mile":16.1,"length_m":4605.5},"geometry":{"type":"LineString","coordinates":[[81.348015,31.096982,5389.5],[81.348296,31.097072,5392.1],[81.348577,31.097163,5392.8],[81.348859,31.097253,5394.1],[81.34914,31.097343,5395.1],[81.349421,31.097433,5396.0],[81.349703,31.097523,5397.1],[81.349984,31.097614,5399.2],[81.350266,31.097704,5400.8],[81.350547,31.097794,5402.6],[81.350828,31.097884,5404.3],[81.35111,31.097974,5406.5],[81.351352,31.098118,5411.4],[81.351595,31.098262,5416.0],[81.351894,31.098289,5418.2],[81.352193,31.098317,5419.1],[81.352449,31.098426,5420.3],[81.352704,31.098536,5421.4],[81.35296,31.098646,5422.0],[81.353215,31.098756,5421.5],[81.353471,31.098865,5421.2],[81.353726,31.098975,5422.5],[81.354009,31.099018,5422.0],[81.354292,31.09906,5421.4],[81.354555,31.099159,5421.3],[81.354817,31.099258,5422.9],[81.355079,31.099357,5424.6],[81.35531,31.099471,5426.2],[81.355541,31.099585,5428.0],[81.355771,31.099699,5429.9],[81.355876,31.099862,5431.8],[81.355981,31.100025,5433.8],[81.356195,31.100058,5434.7],[81.35641,31.100091,5435.5],[81.356624,31.100124,5435.8],[81.356726,31.100225,5436.9],[81.357009,31.100302,5437.9],[81.357291,31.100379,5439.3],[81.357573,31.100456,5441.0],[81.357856,31.100532,5442.6],[81.358138,31.100609,5443.9],[81.358421,31.100686,5444.7],[81.358703,31.100763,5444.8],[81.358956,31.100851,5446.5],[81.359208,31.100939,5448.9],[81.35946,31.101028,5451.6],[81.359713,31.101116,5454.6],[81.359931,31.101054,5454.3],[81.360149,31.100992,5453.1],[81.360374,31.10101,5453.7],[81.360599,31.101029,5454.5],[81.360825,31.101047,5456.5],[81.36108,31.101004,5457.4],[81.361334,31.10096,5459.2],[81.361589,31.100917,5463.2],[81.361844,31.100873,5470.5],[81.361871,31.100634,5472.4],[81.36197,31.100437,5477.1],[81.362069,31.100239,5482.2],[81.362321,31.100106,5492.2],[81.362573,31.099973,5500.3],[81.362826,31.099839,5508.5],[81.363094,31.099904,5514.7],[81.363335,31.09975,5520.0],[81.363577,31.099596,5526.9],[81.363558,31.099426,5526.9],[81.363539,31.099256,5527.1],[81.363786,31.099215,5533.1],[81.363869,31.099084,5535.3],[81.363952,31.098953,5538.2],[81.364253,31.098884,5549.9],[81.364428,31.09872,5554.9],[81.364603,31.098556,5559.5],[81.364778,31.098392,5565.6],[81.36502,31.098347,5573.2],[81.365245,31.098197,5577.6],[81.36547,31.098048,5582.1],[81.365705,31.097984,5586.2],[81.365939,31.097919,5590.8],[81.366173,31.097855,5595.5],[81.366366,31.097701,5598.3],[81.366559,31.097547,5600.2],[81.366793,31.097504,5602.9],[81.367026,31.09746,5605.2],[81.36723,31.097299,5606.1],[81.367439,31.097283,5608.4],[81.367648,31.097267,5610.4],[81.367766,31.097037,5609.5],[81.367933,31.096959,5610.8],[81.368212,31.096969,5614.3],[81.368289,31.096842,5614.7],[81.368367,31.096716,5615.5],[81.36852,31.096626,5617.8],[81.368673,31.096537,5620.4],[81.368713,31.09638,5620.7],[81.368891,31.096228,5623.5],[81.36907,31.096075,5626.9],[81.369295,31.096132,5631.7],[81.369484,31.095984,5635.0],[81.369673,31.095836,5638.1],[81.369844,31.095631,5640.8],[81.370016,31.095426,5642.2],[81.370187,31.09522,5642.8],[81.370358,31.095015,5642.3],[81.370529,31.09481,5639.5],[81.370446,31.094626,5632.6],[81.370363,31.094442,5625.0],[81.370245,31.094465,5625.5],[81.370151,31.094385,5622.6],[81.370137,31.094176,5616.6],[81.370223,31.094116,5612.6],[81.370434,31.094133,5610.4],[81.370644,31.09415,5608.2],[81.370768,31.094077,5602.5],[81.371039,31.094051,5599.2],[81.371311,31.094025,5597.3],[81.371582,31.093999,5596.2],[81.371854,31.093973,5596.1],[81.372078,31.093867,5592.6],[81.372302,31.09376,5589.9],[81.37247,31.093742,5592.0],[81.372637,31.093723,5594.7],[81.372904,31.093589,5594.3],[81.373171,31.093454,5593.9],[81.373347,31.093327,5593.6],[81.373523,31.093199,5595.0],[81.373699,31.093071,5596.3],[81.373742,31.092923,5596.3],[81.373785,31.092775,5596.5],[81.373753,31.092589,5595.7],[81.373892,31.092513,5595.8],[81.373961,31.092361,5593.4],[81.374029,31.09221,5590.7],[81.374214,31.092108,5585.9],[81.374211,31.091951,5583.4],[81.374466,31.091933,5576.8],[81.374536,31.091881,5571.8],[81.374438,31.091796,5573.0],[81.374525,31.091789,5569.0],[81.37465,31.091877,5566.5],[81.374775,31.091965,5563.7],[81.374905,31.091869,5556.5],[81.375035,31.091773,5551.5],[81.375051,31.091663,5549.8],[81.37518,31.091563,5548.5],[81.375309,31.091463,5547.0],[81.37547,31.091241,5544.2],[81.37563,31.09102,5540.2],[81.375673,31.090834,5536.8],[81.375715,31.090649,5534.2],[81.375757,31.090464,5533.0],[81.375872,31.09028,5530.4],[81.375987,31.090096,5527.5],[81.376103,31.089913,5523.7],[81.376255,31.089735,5520.9],[81.376408,31.089558,5519.1],[81.376561,31.089381,5517.0],[81.376714,31.089204,5515.1],[81.376867,31.089026,5513.7],[81.37705,31.088924,5512.1],[81.377232,31.088822,5510.7],[81.377502,31.088767,5506.4],[81.377733,31.088623,5503.5],[81.377964,31.088478,5500.0],[81.378085,31.088293,5498.3],[81.378318,31.088277,5493.8],[81.378522,31.088132,5489.9],[81.378726,31.087986,5486.3],[81.37893,31.087841,5483.5],[81.379083,31.087795,5481.7],[81.379237,31.08775,5479.9],[81.379402,31.087616,5477.1],[81.379567,31.087482,5475.0],[81.379649,31.087304,5472.8],[81.37973,31.087125,5469.7],[81.379918,31.086974,5466.1],[81.380107,31.086822,5461.3],[81.380295,31.086671,5455.7],[81.380476,31.086589,5452.3],[81.380657,31.086506,5448.1],[81.380917,31.08646,5444.2],[81.381177,31.086414,5441.2],[81.381437,31.086368,5439.9],[81.381698,31.086322,5438.7],[81.381856,31.086136,5434.7],[81.382148,31.086072,5432.4],[81.382441,31.086008,5430.5],[81.382733,31.085943,5429.0],[81.38298,31.085799,5425.1],[81.383227,31.085654,5421.8],[81.383408,31.08546,5417.9],[81.383589,31.085266,5414.8],[81.38377,31.085072,5410.8],[81.383951,31.084878,5407.2],[81.384013,31.084695,5403.7],[81.384076,31.084513,5401.4],[81.384138,31.084331,5398.7]]}},
{"type":"Feature","properties":{"trail":"冈仁波齐转山","hero":true,"from_mile":16.1,"to_mile":16.415,"length_m":507.0},"geometry":{"type":"LineString","coordinates":[[81.384138,31.084331,5398.7],[81.384197,31.084159,5395.4],[81.384257,31.083986,5390.8],[81.384269,31.08372,5384.8],[81.384281,31.083453,5378.6],[81.384293,31.083187,5372.1],[81.384305,31.082921,5365.9],[81.384407,31.082728,5361.7],[81.384509,31.082535,5356.1],[81.384466,31.082415,5351.6],[81.38468,31.082263,5344.0],[81.38457,31.082094,5335.1],[81.384793,31.082048,5330.2],[81.384739,31.081857,5321.3],[81.384871,31.081827,5316.3],[81.384903,31.081602,5305.1],[81.385126,31.081528,5296.3],[81.385276,31.081292,5282.3],[81.385417,31.081335,5279.0],[81.38562,31.081226,5268.6],[81.385824,31.081117,5259.4],[81.386027,31.081008,5251.9],[81.386231,31.080899,5245.4]]}},
{"type":"Feature","properties":{"trail":"冈仁波齐转山","hero":true,"from_mile":16.415,"to_mile":16.479,"length_m":103.2},"geometry":{"type":"LineString","coordinates":[[81.386231,31.080899,5245.4],[81.386297,31.080673,5241.0],[81.386363,31.080448,5236.6],[81.386429,31.080222,5232.3],[81.386495,31.079996,5228.3]]}},
{"type":"Feature","properties":{"trail":"冈仁波齐转山","hero":true,"from_mile":16.479,"to_mile":18.291,"length_m":2915.6},"geometry":{"type":"LineString","coordinates":[[81.386495,31.079996,5228.3],[81.386288,31.079837,5228.2],[81.386081,31.079678,5227.2],[81.385874,31.07952,5225.9],[81.385667,31.079361,5223.3],[81.38546,31.079202,5221.3],[81.385384,31.079041,5218.9],[81.385308,31.078881,5216.0],[81.385102,31.078733,5217.5],[81.385056,31.078485,5213.7],[81.384962,31.078312,5212.3],[81.384868,31.07814,5211.5],[81.384773,31.077968,5210.1],[81.384743,31.07781,5208.3],[81.384712,31.077653,5206.4],[81.384786,31.077478,5203.6],[81.38486,31.077304,5201.7],[81.384934,31.07713,5200.0],[81.384938,31.076975,5198.5],[81.384941,31.076821,5196.9],[81.385002,31.076629,5194.8],[81.385063,31.076437,5193.3],[81.385124,31.076245,5192.1],[81.38501,31.076061,5191.0],[81.384896,31.075877,5190.0],[81.384941,31.075725,5188.9],[81.384869,31.075523,5188.0],[81.384796,31.075322,5186.9],[81.384659,31.075165,5186.5],[81.384522,31.075009,5186.7],[81.384457,31.074864,5185.5],[81.384392,31.074719,5184.4],[81.38427,31.07466,5184.9],[81.38419,31.074493,5180.9],[81.38411,31.074327,5177.4],[81.383904,31.074229,5175.9],[81.383736,31.074045,5174.1],[81.383568,31.073861,5173.3],[81.3834,31.073677,5172.6],[81.383232,31.073493,5171.1],[81.383138,31.073307,5169.2],[81.383044,31.073121,5167.8],[81.38295,31.072936,5166.2],[81.382785,31.072706,5164.2],[81.38262,31.072476,5162.1],[81.382454,31.072246,5160.4],[81.382279,31.072034,5159.7],[81.382103,31.071823,5158.8],[81.381928,31.071611,5157.9],[81.381752,31.0714,5156.3],[81.381577,31.071188,5154.7],[81.381401,31.070977,5152.9],[81.381344,31.070786,5151.9],[81.381287,31.070596,5150.8],[81.381173,31.070407,5150.0],[81.381058,31.070218,5149.1],[81.380913,31.07013,5149.0],[81.380768,31.070043,5149.1],[81.380562,31.070006,5150.6],[81.380438,31.069797,5150.6],[81.380314,31.069589,5149.5],[81.38019,31.069381,5148.2],[81.380066,31.069173,5146.6],[81.379937,31.069016,5146.4],[81.379807,31.06886,5146.1],[81.37957,31.068707,5147.4],[81.379508,31.068459,5146.1],[81.379445,31.068212,5145.7],[81.379382,31.067965,5145.6],[81.37932,31.067717,5146.4],[81.379257,31.06747,5147.4],[81.379236,31.067236,5148.2],[81.379214,31.067003,5148.5],[81.379193,31.06677,5148.2],[81.379171,31.066536,5147.0],[81.37915,31.066303,5145.5],[81.379128,31.06607,5144.3],[81.379174,31.065905,5142.9],[81.379219,31.06574,5141.8],[81.37912,31.065538,5141.6],[81.379021,31.065336,5140.0],[81.378922,31.065134,5138.6],[81.378823,31.064933,5137.5],[81.378812,31.064727,5136.0],[81.3788,31.064521,5134.1],[81.378789,31.064315,5132.4],[81.378777,31.064109,5130.9],[81.37864,31.06387,5129.3],[81.378502,31.063632,5127.9],[81.378464,31.063426,5126.7],[81.378288,31.063304,5126.6],[81.378212,31.063072,5126.0],[81.378136,31.062841,5125.0],[81.37806,31.06261,5123.4],[81.377983,31.062379,5122.6],[81.378014,31.062125,5121.7],[81.378044,31.061872,5120.6],[81.378016,31.061603,5119.8],[81.377988,31.061334,5118.9],[81.37796,31.061065,5117.0],[81.377833,31.060853,5115.5],[81.377705,31.060641,5114.4],[81.377578,31.060429,5113.5],[81.37745,31.060217,5112.0],[81.377323,31.060005,5110.2],[81.377196,31.059793,5108.3],[81.377106,31.059766,5108.2],[81.37709,31.059527,5106.3],[81.377073,31.059288,5104.7],[81.377057,31.05905,5102.9],[81.37704,31.058811,5101.0],[81.377024,31.058572,5099.0],[81.377008,31.058333,5097.1],[81.376991,31.058095,5095.3],[81.37693,31.057902,5094.0],[81.376869,31.05771,5092.7],[81.376793,31.057537,5091.3],[81.376717,31.057365,5090.4],[81.376641,31.057193,5089.6],[81.3765,31.057111,5089.2],[81.376358,31.057029,5088.8],[81.376232,31.056865,5089.0],[81.376106,31.056701,5089.7]]}},
{"type":"Feature","properties":{"trail":"冈仁波齐转山","hero":true,"from_mile":18.291,"to_mile":18.715,"length_m":683.2},"geometry":{"type":"LineString","coordinates":[[81.376106,31.056701,5089.7],[81.376116,31.056488,5088.9],[81.376126,31.056276,5088.0],[81.376136,31.056064,5086.7],[81.376145,31.055852,5084.8],[81.376103,31.055658,5083.6],[81.376061,31.055465,5082.7],[81.375954,31.05532,5083.0],[81.375963,31.05509,5080.9],[81.375972,31.054859,5079.3],[81.375981,31.054629,5077.9],[81.37599,31.054399,5076.6],[81.375998,31.054169,5075.4],[81.376007,31.053939,5075.0],[81.376126,31.053714,5074.7],[81.376244,31.05349,5074.2],[81.376362,31.053265,5073.1],[81.37648,31.053041,5072.0],[81.376549,31.052834,5070.6],[81.376618,31.052627,5068.8],[81.376686,31.052421,5066.3],[81.376644,31.052183,5064.1],[81.376602,31.051945,5062.1],[81.37656,31.051707,5060.0],[81.376518,31.051469,5057.8],[81.376419,31.051257,5056.3],[81.37632,31.051045,5055.4],[81.376324,31.050886,5054.0],[81.376328,31.050728,5052.5]]}},
{"type":"Feature","properties":{"trail":"冈仁波齐转山","hero":true,"from_mile":18.715,"to_mile":20.013,"length_m":2088.9},"geometry":{"type":"LineString","coordinates":[[81.376328,31.050728,5052.5],[81.376334,31.050493,5050.4],[81.37634,31.050259,5049.0],[81.376346,31.050024,5047.6],[81.376396,31.049799,5046.0],[81.376446,31.049574,5044.8],[81.376495,31.049349,5043.2],[81.376545,31.049124,5041.3],[81.376477,31.048864,5040.4],[81.37641,31.048604,5039.0],[81.376448,31.048349,5037.7],[81.376487,31.048095,5036.6],[81.376525,31.047841,5034.8],[81.376564,31.047586,5033.1],[81.376603,31.047332,5031.4],[81.376641,31.047078,5030.1],[81.37668,31.046824,5029.6],[81.376718,31.046569,5029.4],[81.376757,31.046315,5029.9],[81.376796,31.046061,5031.4],[81.376906,31.04594,5029.6],[81.376963,31.045709,5030.0],[81.377019,31.045478,5029.4],[81.377076,31.045247,5027.6],[81.377107,31.045002,5025.8],[81.377139,31.044758,5023.5],[81.377171,31.044513,5021.3],[81.377203,31.044269,5018.9],[81.377235,31.044025,5017.0],[81.377343,31.043862,5015.2],[81.377452,31.043699,5013.7],[81.37748,31.043464,5012.6],[81.377508,31.043229,5011.6],[81.377536,31.042994,5010.6],[81.377479,31.042738,5010.4],[81.377423,31.042482,5010.4],[81.377366,31.042226,5009.4],[81.37731,31.04197,5007.4],[81.377253,31.041714,5005.5],[81.377263,31.041454,5002.7],[81.377272,31.041194,5000.6],[81.377282,31.040934,4997.8],[81.377291,31.040674,4995.4],[81.377301,31.040414,4993.1],[81.377188,31.040168,4992.5],[81.377075,31.039923,4990.3],[81.376962,31.039678,4988.5],[81.376849,31.039433,4986.8],[81.37682,31.039223,4984.8],[81.376791,31.039013,4983.8],[81.37681,31.038781,4982.1],[81.376829,31.038549,4980.5],[81.376848,31.038317,4979.3],[81.376867,31.038085,4978.6],[81.376886,31.037853,4977.7],[81.376935,31.0376,4976.4],[81.376984,31.037347,4974.8],[81.377033,31.037094,4972.0],[81.377082,31.036841,4968.3],[81.377131,31.036589,4965.1],[81.377031,31.036338,4963.9],[81.37693,31.036087,4962.0],[81.37683,31.035837,4960.2],[81.376688,31.035689,4959.2],[81.376546,31.035541,4958.6],[81.376404,31.035394,4958.8],[81.376411,31.035222,4957.3],[81.376418,31.035049,4956.6],[81.376537,31.034898,4955.7],[81.376655,31.034747,4954.8],[81.376731,31.034575,4954.2],[81.376807,31.034403,4953.3],[81.376883,31.034232,4952.3],[81.376941,31.034002,4950.5],[81.376999,31.033773,4949.3],[81.377058,31.033544,4948.5],[81.377068,31.033283,4947.6],[81.377078,31.033022,4946.3],[81.377089,31.032762,4944.7],[81.377043,31.032602,4943.5],[81.376924,31.0325,4942.9]]}},
{"type":"Feature","properties":{"trail":"冈仁波齐转山","hero":true,"from_mile":20.013,"to_mile":20.219,"length_m":330.7},"geometry":{"type":"LineString","coordinates":[[81.376924,31.0325,4942.9],[81.376768,31.032366,4942.2],[81.376612,31.032233,4941.9],[81.376456,31.032099,4942.0],[81.376412,31.031865,4940.6],[81.376367,31.031632,4940.0],[81.376322,31.031398,4939.0],[81.376278,31.031164,4938.1],[81.376194,31.030931,4937.4],[81.37611,31.030699,4936.6],[81.376025,31.030466,4936.8],[81.37616,31.030241,4935.8],[81.376294,31.030016,4935.3],[81.376343,31.029788,4935.5]]}},
{"type":"Feature","properties":{"trail":"冈仁波齐转山","hero":true,"from_mile":20.219,"to_mile":22.433,"length_m":3563.6},"geometry":{"type":"LineString","coordinates":[[81.376343,31.029788,4935.5],[81.376393,31.029555,4935.2],[81.376444,31.029322,4935.3],[81.376527,31.029129,4935.0],[81.37661,31.028936,4934.7],[81.376693,31.028742,4934.6],[81.376776,31.028549,4934.6],[81.37695,31.028331,4933.4],[81.377124,31.028113,4930.4],[81.377298,31.027894,4927.2],[81.377284,31.02767,4926.3],[81.377271,31.027445,4925.3],[81.377257,31.027221,4924.5],[81.377182,31.027002,4924.7],[81.377108,31.026784,4924.7],[81.377033,31.026565,4924.2],[81.376959,31.026347,4923.7],[81.376961,31.026096,4922.9],[81.376962,31.025845,4921.2],[81.376964,31.025594,4919.0],[81.376965,31.025343,4917.0],[81.376967,31.025092,4915.6],[81.376968,31.024841,4913.9],[81.37697,31.02459,4912.2],[81.376971,31.024339,4910.7],[81.376973,31.024088,4909.4],[81.376974,31.023837,4908.4],[81.37701,31.023571,4907.4],[81.377046,31.023305,4906.7],[81.377083,31.023039,4907.1],[81.377119,31.022773,4906.2],[81.377155,31.022507,4904.6],[81.377191,31.022241,4903.3],[81.377227,31.021975,4903.5],[81.377263,31.021709,4904.1],[81.377299,31.021443,4905.6],[81.377406,31.021209,4905.1],[81.377513,31.020975,4903.4],[81.37762,31.020741,4902.0],[81.377727,31.020507,4902.7],[81.377834,31.020273,4902.3],[81.377892,31.020046,4901.4],[81.37795,31.019819,4899.6],[81.377888,31.019566,4900.7],[81.377826,31.019312,4902.2],[81.377764,31.019058,4902.9],[81.377702,31.018804,4901.7],[81.377639,31.01855,4900.5],[81.377577,31.018297,4900.8],[81.377515,31.018043,4899.6],[81.37752,31.01781,4897.0],[81.377525,31.017577,4895.5],[81.377531,31.017344,4894.7],[81.377536,31.017112,4894.1],[81.377541,31.016879,4893.5],[81.377546,31.016646,4893.6],[81.377551,31.016413,4891.5],[81.377343,31.01623,4892.1],[81.37735,31.016001,4891.0],[81.377357,31.015771,4890.7],[81.377364,31.015541,4889.9],[81.377371,31.015311,4889.3],[81.377378,31.015081,4888.7],[81.377385,31.014851,4887.3],[81.37732,31.014727,4887.9],[81.377256,31.014603,4887.0],[81.377244,31.014351,4883.1],[81.377232,31.014099,4879.9],[81.37722,31.013847,4875.5],[81.377209,31.013595,4870.5],[81.377197,31.013343,4864.1],[81.37706,31.013199,4861.9],[81.376923,31.013054,4859.8],[81.376883,31.012893,4856.1],[81.376843,31.012732,4852.3],[81.376677,31.01258,4849.5],[81.376623,31.012369,4845.4],[81.376503,31.012208,4842.7],[81.376383,31.012047,4840.8],[81.376263,31.011886,4839.7],[81.376171,31.011686,4838.1],[81.376078,31.011486,4837.3],[81.375985,31.011286,4836.4],[81.375892,31.011087,4835.0],[81.375769,31.010893,4833.8],[81.375646,31.0107,4832.4],[81.375523,31.010507,4830.8],[81.3754,31.010314,4829.3],[81.375239,31.010185,4829.1],[81.375131,31.009955,4827.2],[81.375024,31.009726,4825.6],[81.374916,31.009496,4824.5],[81.374809,31.009267,4823.0],[81.374701,31.009037,4821.5],[81.374594,31.008808,4820.0],[81.374433,31.008639,4819.0],[81.374273,31.008471,4817.6],[81.374113,31.008302,4816.0],[81.373953,31.008134,4814.9],[81.373793,31.007966,4814.1],[81.373676,31.007778,4813.5],[81.373559,31.00759,4813.1],[81.373442,31.007402,4812.8],[81.373213,31.007226,4813.1],[81.372985,31.00705,4813.0],[81.372756,31.006874,4812.9],[81.372528,31.006699,4813.0],[81.3723,31.006523,4813.7],[81.372079,31.00637,4814.0],[81.371859,31.006218,4814.1],[81.371638,31.006065,4814.0],[81.371418,31.005912,4813.6],[81.371174,31.005832,4813.6],[81.37093,31.005752,4813.7],[81.370693,31.005589,4812.8],[81.370457,31.005426,4811.8],[81.37022,31.005263,4811.0],[81.369984,31.0051,4810.3],[81.369726,31.004969,4810.0],[81.369469,31.004837,4809.5],[81.369212,31.004706,4808.5],[81.368954,31.004575,4808.2],[81.368732,31.004399,4807.5],[81.368509,31.004223,4806.6],[81.368287,31.004048,4806.9],[81.368065,31.003872,4807.2],[81.367842,31.003697,4806.7],[81.36756,31.0036,4807.1],[81.367277,31.003502,4807.3],[81.366995,31.003405,4807.2],[81.366712,31.003308,4806.7],[81.36643,31.003211,4806.2],[81.366148,31.003114,4806.3],[81.365934,31.002979,4805.5],[81.36572,31.002844,4804.3],[81.365507,31.002709,4802.9]]}},
{"type":"Feature","properties":{"trail":"冈仁波齐转山","hero":true,"from_mile":22.433,"to_mile":22.448,"length_m":24.8},"geometry":{"type":"LineString","coordinates":[[81.365507,31.002709,4802.9],[81.36525,31.002675,4803.3]]}},
{"type":"Feature","properties":{"trail":"冈仁波齐转山","hero":true,"from_mile":22.448,"to_mile":22.46,"length_m":18.0},"geometry":{"type":"LineString","coordinates":[[81.36525,31.002675,4803.3],[81.365094,31.002584,4802.0]]}},
{"type":"Feature","properties":{"trail":"冈仁波齐转山","hero":true,"from_mile":22.46,"to_mile":22.581,"length_m":195.7},"geometry":{"type":"LineString","coordinates":[[81.365094,31.002584,4802.0],[81.364852,31.002443,4800.3],[81.364609,31.002302,4798.8],[81.364367,31.00216,4798.0],[81.364124,31.002019,4797.7],[81.363882,31.001877,4796.2],[81.363639,31.001736,4795.1],[81.363397,31.001595,4794.2]]}},
{"type":"Feature","properties":{"trail":"冈仁波齐转山","hero":true,"from_mile":22.581,"to_mile":26.753,"length_m":6714.3},"geometry":{"type":"LineString","coordinates":[[81.363397,31.001595,4794.2],[81.363213,31.001388,4793.8],[81.36303,31.001182,4794.7],[81.362846,31.000976,4795.7],[81.362663,31.00077,4796.7],[81.362479,31.000564,4796.5],[81.362296,31.000358,4795.5],[81.362112,31.000152,4795.0],[81.361929,30.999946,4795.0],[81.361824,30.999786,4794.5],[81.361719,30.999627,4794.1],[81.361614,30.999467,4793.6],[81.361342,30.999421,4794.6],[81.361064,30.999306,4793.9],[81.360787,30.999191,4792.9],[81.36051,30.999076,4791.5],[81.36025,30.999022,4790.4],[81.359991,30.998969,4789.3],[81.359732,30.998916,4788.4],[81.359624,30.998794,4787.5],[81.359517,30.998673,4786.6],[81.359228,30.998589,4785.7],[81.358939,30.998506,4785.2],[81.358789,30.99833,4784.6],[81.358639,30.998154,4784.6],[81.358489,30.997978,4785.2],[81.358298,30.997841,4786.0],[81.358107,30.997704,4786.2],[81.357916,30.997567,4787.0],[81.357726,30.99743,4787.4],[81.357554,30.997252,4785.9],[81.357382,30.997074,4783.6],[81.35721,30.996896,4781.7],[81.357039,30.996719,4779.9],[81.356855,30.996571,4778.6],[81.356672,30.996423,4777.4],[81.356489,30.996275,4776.2],[81.356259,30.996104,4775.3],[81.356029,30.995933,4775.1],[81.3558,30.995762,4775.5],[81.35557,30.995591,4775.7],[81.35534,30.99542,4776.3],[81.35511,30.995249,4777.5],[81.35488,30.995078,4778.9],[81.354651,30.994907,4779.4],[81.35442,30.994781,4779.8],[81.35419,30.994655,4780.0],[81.353959,30.99453,4779.5],[81.353729,30.994404,4779.2],[81.353499,30.994279,4778.4],[81.353285,30.994102,4776.9],[81.353228,30.993958,4776.0],[81.353172,30.993814,4775.2],[81.352921,30.993689,4775.3],[81.352671,30.993563,4774.9],[81.352514,30.993432,4774.4],[81.352358,30.993301,4773.2],[81.352202,30.993171,4771.7],[81.352047,30.993119,4770.5],[81.351893,30.993066,4770.1],[81.351695,30.992915,4770.9],[81.351498,30.992763,4770.2],[81.3513,30.992611,4769.6],[81.351165,30.992421,4768.6],[81.35103,30.992231,4767.4],[81.350895,30.992041,4766.3],[81.35076,30.991851,4765.1],[81.350578,30.991648,4764.2],[81.350397,30.991445,4765.4],[81.350216,30.991242,4765.3],[81.350035,30.991039,4765.2],[81.349933,30.990803,4765.3],[81.349831,30.990568,4766.7],[81.34973,30.990333,4766.7],[81.349516,30.99014,4768.6],[81.349303,30.989948,4768.2],[81.349089,30.989756,4765.6],[81.348876,30.989564,4762.1],[81.348711,30.989346,4758.0],[81.348547,30.989129,4756.5],[81.348383,30.988912,4755.0],[81.348219,30.988695,4754.2],[81.348133,30.988497,4755.2],[81.348047,30.9883,4757.4],[81.347961,30.988102,4760.0],[81.347876,30.987905,4760.0],[81.348,30.987728,4756.1],[81.347965,30.987583,4752.7],[81.347684,30.987486,4753.9],[81.347402,30.987389,4752.2],[81.347121,30.987293,4750.1],[81.346907,30.987134,4746.7],[81.346693,30.986976,4744.7],[81.34648,30.986817,4744.1],[81.346266,30.986659,4742.9],[81.346053,30.986501,4742.9],[81.345812,30.986387,4742.7],[81.345572,30.986274,4743.8],[81.345282,30.986182,4743.9],[81.344992,30.986091,4742.9],[81.344702,30.986,4743.5],[81.344412,30.985909,4743.4],[81.344122,30.985818,4742.9],[81.343917,30.985713,4741.9],[81.343713,30.985609,4739.8],[81.343508,30.985505,4739.1],[81.34332,30.985296,4738.7],[81.343131,30.985087,4736.9],[81.342943,30.984878,4735.8],[81.342754,30.984669,4735.5],[81.342566,30.98446,4735.5],[81.342418,30.984384,4735.9],[81.342271,30.984309,4736.1],[81.342064,30.984137,4736.0],[81.341857,30.983966,4735.0],[81.341651,30.983795,4734.7],[81.341444,30.983624,4734.3],[81.341238,30.983453,4733.6],[81.341057,30.983279,4733.6],[81.340876,30.983106,4733.7],[81.340695,30.982932,4733.6],[81.340514,30.982759,4734.0],[81.340312,30.982632,4734.5],[81.340111,30.982505,4735.2],[81.339909,30.982379,4734.7],[81.339708,30.982252,4734.2],[81.339577,30.982079,4734.1],[81.339446,30.981906,4733.7],[81.339202,30.981746,4733.3],[81.338958,30.981586,4732.4],[81.338714,30.981426,4732.2],[81.33847,30.981266,4731.4],[81.338226,30.981106,4730.5],[81.337982,30.980946,4729.6],[81.337738,30.980786,4729.9],[81.337584,30.980586,4729.5],[81.337431,30.980386,4728.2],[81.337294,30.980306,4728.7],[81.337157,30.980226,4729.4],[81.336983,30.980042,4729.4],[81.336809,30.979859,4728.7],[81.336635,30.979676,4728.6],[81.336462,30.979493,4728.0],[81.3363,30.979287,4727.9],[81.336137,30.979081,4727.6],[81.335975,30.978875,4728.0],[81.335813,30.978668,4728.2],[81.335651,30.978462,4728.7],[81.335489,30.978256,4729.0],[81.335327,30.97805,4728.7],[81.335157,30.977979,4728.9],[81.334987,30.977908,4729.2],[81.334916,30.977655,4729.8],[81.334845,30.977403,4732.0],[81.334653,30.977238,4735.6],[81.334461,30.977074,4738.2],[81.334269,30.97691,4738.9],[81.334077,30.976745,4739.8],[81.333885,30.976581,4738.8],[81.333693,30.976417,4738.4],[81.333559,30.9762,4737.8],[81.333426,30.975984,4737.2],[81.333237,30.975788,4737.1],[81.333049,30.975592,4736.6],[81.33286,30.975396,4735.3],[81.332672,30.9752,4732.9],[81.332484,30.975004,4730.5],[81.332436,30.974839,4728.4],[81.332388,30.974674,4726.2],[81.332182,30.974498,4725.3],[81.331976,30.974323,4723.6],[81.331793,30.97412,4721.3],[81.33161,30.973917,4720.2],[81.331427,30.973714,4719.7],[81.331244,30.973512,4720.0],[81.331061,30.973309,4719.1],[81.330878,30.973106,4719.5],[81.330695,30.972904,4719.9],[81.330512,30.972701,4720.5],[81.330329,30.972498,4720.5],[81.330146,30.972295,4720.8],[81.330019,30.97205,4719.0],[81.329892,30.971805,4718.1],[81.329765,30.971559,4718.1],[81.329639,30.971314,4719.1],[81.329512,30.971069,4720.1],[81.329268,30.970907,4723.3],[81.329031,30.970861,4725.6],[81.328874,30.970658,4725.9],[81.328716,30.970456,4729.6],[81.328559,30.970254,4733.1],[81.328402,30.970052,4737.4],[81.328245,30.96985,4737.2],[81.328088,30.969647,4738.5],[81.32793,30.969445,4739.5],[81.327901,30.969234,4735.4],[81.327872,30.969022,4729.7],[81.327843,30.96881,4723.1],[81.327741,30.968623,4719.5],[81.32764,30.968437,4717.2],[81.327538,30.96825,4715.1],[81.327437,30.968063,4712.9],[81.327292,30.967888,4711.6],[81.327147,30.967713,4710.2],[81.327002,30.967538,4708.2],[81.326857,30.967363,4706.0],[81.326643,30.967164,4702.9],[81.32643,30.966966,4700.3],[81.326159,30.96683,4699.0],[81.325888,30.966695,4698.5],[81.325727,30.966576,4696.7],[81.325567,30.966458,4695.4],[81.325407,30.96634,4695.3],[81.325247,30.966162,4693.0],[81.325087,30.965984,4692.2],[81.32499,30.965791,4688.5],[81.324893,30.965598,4690.8],[81.324797,30.965406,4690.7],[81.324553,30.96525,4693.6],[81.324309,30.965095,4694.7],[81.324164,30.964871,4691.3],[81.324019,30.964647,4691.4],[81.324005,30.964441,4688.7],[81.323992,30.964236,4690.5],[81.323979,30.96403,4693.8],[81.323966,30.963825,4696.4],[81.323838,30.963629,4697.3],[81.323711,30.963434,4695.7],[81.323584,30.963239,4694.8],[81.323357,30.963116,4693.9],[81.323131,30.962993,4691.2],[81.322905,30.962871,4688.2],[81.322741,30.962823,4688.7],[81.322577,30.962776,4689.0],[81.322325,30.962785,4689.9],[81.322073,30.962795,4689.1],[81.321845,30.962671,4682.1],[81.321638,30.96264,4681.8],[81.321431,30.96261,4679.8],[81.321224,30.962579,4677.0],[81.321079,30.962623,4679.0],[81.320855,30.962504,4677.8],[81.320631,30.962386,4676.3],[81.320464,30.962425,4680.9],[81.32038,30.962305,4676.3],[81.320296,30.962186,4672.6],[81.320139,30.962141,4674.1],[81.319983,30.962097,4676.0],[81.31994,30.961885,4672.3],[81.319795,30.961699,4673.2],[81.319651,30.961514,4673.6],[81.319507,30.961328,4673.1],[81.319362,30.961142,4671.5],[81.31913,30.961104,4670.9],[81.318898,30.961067,4670.2],[81.318666,30.961029,4669.5],[81.318376,30.961036,4668.5],[81.318087,30.961043,4667.4],[81.317797,30.96105,4665.9],[81.317508,30.961057,4663.5],[81.317219,30.961064,4661.6],[81.316929,30.961071,4660.5],[81.31664,30.961078,4658.4],[81.31635,30.961085,4657.5]]}},
{"type":"Feature","properties":{"trail":"冈仁波齐转山","hero":true,"from_mile":26.753,"to_mile":27.804,"length_m":1690.2},"geometry":{"type":"LineString","coordinates":[[81.31635,30.961085,4657.5],[81.316112,30.961091,4657.1],[81.315873,30.961096,4656.6],[81.315599,30.96117,4656.1],[81.315325,30.961243,4655.7],[81.315051,30.961317,4654.8],[81.314778,30.96139,4654.1],[81.31453,30.961476,4653.6],[81.314282,30.961562,4652.9],[81.314034,30.961647,4652.0],[81.313851,30.961763,4652.1],[81.313667,30.961878,4653.1],[81.313483,30.961994,4654.0],[81.313207,30.962101,4654.2],[81.312931,30.962209,4653.5],[81.312656,30.962316,4652.5],[81.31238,30.962424,4651.5],[81.312104,30.962532,4651.0],[81.311829,30.962639,4651.1],[81.311553,30.962747,4651.7],[81.311278,30.962854,4652.8],[81.311002,30.962962,4654.0],[81.310726,30.963069,4655.3],[81.310451,30.963177,4656.6],[81.310175,30.963285,4657.4],[81.309899,30.963392,4657.4],[81.309624,30.9635,4656.6],[81.309437,30.963609,4656.2],[81.309251,30.963718,4656.0],[81.309065,30.963827,4656.1],[81.308785,30.963917,4656.4],[81.308506,30.964008,4656.4],[81.308227,30.964098,4656.5],[81.307947,30.964189,4655.6],[81.307668,30.964279,4653.5],[81.307404,30.964399,4651.8],[81.307139,30.964518,4650.3],[81.306875,30.964637,4648.8],[81.30661,30.964756,4647.8],[81.306346,30.964875,4648.1],[81.306082,30.964995,4648.5],[81.305817,30.965114,4648.7],[81.305553,30.965233,4648.2],[81.305288,30.965352,4647.2],[81.305024,30.965472,4646.0],[81.304759,30.965591,4645.6],[81.304495,30.96571,4647.0],[81.304231,30.965829,4647.9],[81.304073,30.965972,4649.0],[81.303915,30.966115,4649.9],[81.303674,30.966239,4648.4],[81.303434,30.966363,4646.6],[81.303194,30.966487,4646.2],[81.302954,30.966611,4645.3],[81.302713,30.966736,4645.2],[81.302473,30.96686,4645.4],[81.302277,30.967021,4646.2],[81.302081,30.967182,4646.7],[81.301885,30.967344,4647.5],[81.301689,30.967505,4647.4],[81.301493,30.967666,4649.1],[81.301298,30.967828,4649.9],[81.301102,30.967989,4650.6],[81.300926,30.968167,4651.1]]}},
{"type":"Feature","properties":{"trail":"冈仁波齐转山","hero":true,"from_mile":27.804,"to_mile":28.384,"length_m":934.1},"geometry":{"type":"LineString","coordinates":[[81.300926,30.968167,4651.1],[81.300788,30.968307,4651.4],[81.300649,30.968447,4652.1],[81.300511,30.968588,4652.5],[81.300343,30.968814,4653.0],[81.300175,30.969041,4653.7],[81.300007,30.969267,4654.2],[81.299809,30.969461,4655.5],[81.299611,30.969654,4656.6],[81.299413,30.969848,4657.8],[81.299215,30.970041,4659.1],[81.299016,30.970234,4660.8],[81.298818,30.970428,4661.6],[81.29862,30.970621,4662.0],[81.298422,30.970814,4663.1],[81.298224,30.971008,4663.4],[81.297978,30.971145,4662.8],[81.297733,30.971283,4662.8],[81.297488,30.97142,4663.6],[81.297243,30.971558,4663.9],[81.296997,30.971695,4664.4],[81.296752,30.971833,4664.9],[81.296507,30.971971,4665.3],[81.296222,30.972079,4664.9],[81.295937,30.972187,4663.9],[81.295652,30.972295,4662.5],[81.295419,30.97243,4661.2],[81.295187,30.972566,4660.8],[81.294954,30.972701,4661.5],[81.294721,30.972836,4662.5],[81.294488,30.972972,4663.4],[81.294255,30.973107,4663.8],[81.294023,30.973243,4663.7],[81.29379,30.973378,4663.7],[81.293557,30.973514,4664.1]]}},
{"type":"Feature","properties":{"trail":"冈仁波齐转山","hero":true,"from_mile":28.384,"to_mile":28.619,"length_m":378.7},"geometry":{"type":"LineString","coordinates":[[81.293557,30.973514,4664.1],[81.293341,30.97364,4664.1],[81.293179,30.97381,4664.5],[81.293017,30.973981,4664.8],[81.292855,30.974152,4664.3],[81.292693,30.974323,4664.2],[81.292635,30.974456,4665.0],[81.292578,30.97459,4666.1],[81.292378,30.974775,4665.0],[81.292178,30.974961,4664.8],[81.291979,30.975147,4666.1],[81.291779,30.975332,4667.1],[81.291579,30.975518,4667.8],[81.291379,30.975704,4667.8],[81.29118,30.97589,4667.9],[81.29098,30.976075,4667.6]]}},
{"type":"Feature","properties":{"trail":"冈仁波齐转山","hero":true,"from_mile":28.619,"to_mile":28.792,"length_m":277.7},"geometry":{"type":"LineString","coordinates":[[81.29098,30.976075,4667.6],[81.290769,30.976214,4667.7],[81.290558,30.976352,4668.9],[81.290347,30.97649,4671.3],[81.290137,30.976628,4673.7],[81.289926,30.976767,4675.3],[81.28969,30.976869,4676.2],[81.289455,30.976972,4678.0],[81.289219,30.977074,4679.5],[81.288984,30.977177,4681.4],[81.288729,30.977234,4682.0],[81.288474,30.977292,4680.7]]}}
]}
