tree
version=v4
num_class=1
num_tree_per_iteration=1
label_index=0
max_feature_idx=15
objective=binary sigmoid:1
feature_names=slope aspect_sin aspect_cos curvature profile_curvature plan_curvature dist_drainage twi landcover relief_150 relief_500 relief_1000 tpi_500 tpi_1000 roughness_90 slope_std_150
feature_infos=[0:64.828910827636719] [-1:1] [-1:1] [-6.2415971755981445:5.2505087852478027] [-4.4139552116394043:4.3753418922424316] [-3.1280632019042969:4.0993742942810059] [0:870.51708984375] [2.9114670753479004:22.344701766967773] -1:0:2:4:5:3:10 [0:465.47979736328125] [6.8795928955078125:993.34033203125] [13.723978042602539:1237.57421875] [-167.134765625:201.75048828125] [-286.605712890625:335.0399169921875] [0:52.763195037841797] [0:22.956085205078125]
tree_sizes=795 895 891 889 895 889 891 895 889 895 899 886 895 897 890 896 895 894 888 901 896 899 896 898 899 898 900 894 896 897 899 897 896 899 902 900 903 897 903 902 902 922 898 903 916 902 897 906 898 905 917 925 900 904 901 921 902 902 900 901 920 900 923 919 899 909 900 905 905 916 907 921 926 915 904 920 903 906 899 925 908 904 905 920 916 926 898 900 918 906 906 909 915 903 902 904 905 905 909 902 910 899 918 904 920 904 906 924 898 909 907 902 923 903 905 903 905 903 901 924 920 899 901 895 924 900 904 901 908 908 905 907 906 903 900 893 899 908 903 908 906 903 900 902 905 909 897 906 898 904 904 904 906 911 902 903 901 901 906 901 900 899 920 899 905 923 897 901 898 901 897 897 900 894 893 901 900 893 902 902 903 904 904 899 909 902 920 908 894 892 907 900 917 903 907 901 900 903 903 905 898 901 901 902 900 900 906 902 895 896 907 910 926 899 889 892 902 903 901 906 896 902 905 904 900 899 895 891 901 907 901 897 901 904 906 901 903 891 902 897 900 902 899 898 902 902 907 896 909 900 895 901 905 903 902 899 900 902 903 897 906 900 911 902 906 901 907 900 904 908 904 898 895 901 901 905 899 905 898 909 887 900 900 904 900 897 909 918 901 904 902 897 896 908 896 896 900 903 898 903 895 905 895 903 904 904 893 897 909 921 899 898 904 903 906 890 896 901 894 904 895 901 900 896 902 905 905 907 909 909 898 898 903 907 897 906 912 902 904 891 909 901 897 905 902 906 894 897 905 908 898 894 896 900 892 896 897 903 900 900 899 905 898 906 899 906 904 894 908 895 900 899 896 897 904 907 890 899 914 906 898 895 899 903 900 889 900 899 886 903 899 899 897 903 904 899 911 904 903 902

Tree=0
num_leaves=7
num_cat=0
split_feature=14 13 15 9 5 10
split_gain=2212.54 778.499 383.259 217.422 209.983 166.102
threshold=4.5723671913146982 17.864118576049808 5.333972930908204 52.140869140625007 0.20740210264921191 140.89855957031253
decision_type=2 2 2 2 2 2
left_child=3 2 -2 -1 5 -4
right_child=1 -3 4 -5 -6 -7
leaf_value=-1.1578512403075438 -1.0850888670795151 -1.1071082702984198 -1.0026303473588547 -1.1152227698204236 -1.008980560622784 -1.0632052150911528
leaf_weight=1138.875 612.75 1033.3125 137.4375 406.875 440.25 636.9375
leaf_count=6074 3268 5511 733 2170 2348 3397
internal_value=-1.09847 -1.07243 -1.05282 -1.14665 -1.03657 -1.05234
internal_weight=4406.44 2860.69 1827.38 1545.75 1214.62 774.375
internal_count=23501 15257 9746 8244 6478 4130
is_linear=0
shrinkage=1


Tree=1
num_leaves=7
num_cat=0
split_feature=9 11 3 13 0 13
split_gain=2017.43 869.384 652.321 318.221 159.638 131.046
threshold=57.679439544677741 171.14219665527347 -0.53805840015411366 12.088775634765627 12.491125106811525 0.54277420043945324
decision_type=2 2 2 2 2 2
left_child=4 -2 5 -4 -1 -3
right_child=1 2 3 -5 -6 -7
leaf_value=-0.054914039534351304 0.11661339122283142 0.06993788622046597 0.018968536992211411 -0.02066003064727269 0.0027326820273018281 0.023735177841660678
leaf_weight=1271.2701149135828 228.71113336086273 507.27791503071785 1107.3424668610096 932.05207853019238 132.51162430644035 221.87135879695415
leaf_count=6958 1189 2635 5830 4989 692 1181
internal_value=-2.92427e-05 0.0231374 0.015376 0.000856085 -0.0494743 0.0559307
internal_weight=4401.04 2997.25 2768.54 2039.39 1403.78 729.149
internal_count=23474 15824 14635 10819 7650 3816
is_linear=0
shrinkage=0.05


Tree=2
num_leaves=7
num_cat=0
split_feature=9 13 11 5 9 0
split_gain=1873.6 668.968 438.775 337.118 146.193 143.212
threshold=49.095397949218757 25.938808441162113 171.14219665527347 0.20740210264921191 80.283309936523452 8.1852102279663104
decision_type=2 2 2 2 2 2
left_child=-1 2 5 4 -4 -2
right_child=1 -3 3 -5 -6 -7
leaf_value=-0.053887189351098687 0.010701448686472777 -0.014667596290812206 -0.020018564896949826 0.054861334141668355 0.020390548066580739 0.10974745441146448
leaf_weight=1189.5767099410295 43.641678020358086 989.33717782795429 288.54508711397648 678.12801153957844 986.59963425993919 229.31194698810577
leaf_count=6682 232 5333 1532 3448 5152 1135
internal_value=-0.000301744 0.0195324 0.0347307 0.0264033 0.0112381 0.0940082
internal_weight=4405.14 3215.56 2226.23 1953.27 1275.14 272.954
internal_count=23514 16832 11499 10132 6684 1367
is_linear=0
shrinkage=0.05


Tree=3
num_leaves=7
num_cat=0
split_feature=9 11 12 3 0 3
split_gain=1726.86 672.969 537.082 191.292 159.123 141.679
threshold=58.441268920898445 162.117790222168 -0.46371459960937494 -0.58719888329505909 13.65342950820923 -0.57494437694549549
decision_type=2 2 2 2 2 2
left_child=4 -2 3 -3 -1 -4
right_child=1 2 5 -5 -6 -7
leaf_value=-0.051331511099458049 0.10638553568058005 0.057775237123431716 0.033057244260429192 0.021454255787358673 0.009984359312985587 -0.01677563929308103
leaf_weight=1248.5339421182871 216.11081080138683 553.32194840908051 164.0166944861412 1053.9860827028751 115.27470324933529 1052.5908958315849
leaf_count=7197 1027 2739 860 5458 602 5663
internal_value=0.000580787 0.0215512 0.0150236 0.033986 -0.0461453 -0.0100358
internal_weight=4403.84 3040.03 2823.92 1607.31 1363.81 1216.61
internal_count=23546 15747 14720 8197 7799 6523
is_linear=0
shrinkage=0.05


Tree=4
num_leaves=7
num_cat=0
split_feature=14 13 15 11 9 5
split_gain=1610.86 522.444 277.622 232.319 182.683 118.958
threshold=4.5723671913146982 17.864118576049808 5.3855392932891855 159.69870758056643 58.441268920898445 0.42709645628929144
decision_type=2 2 2 2 2 2
left_child=4 2 5 -4 -1 -2
right_child=1 -3 3 -5 -6 -7
leaf_value=-0.053654440785723949 -0.0011837567188750691 -0.0083512058555402242 0.10115117310276692 0.040646878724881555 -0.011504206207136398 0.052338530897283186
leaf_weight=1090.3652655035257 526.25939603149891 1006.7692679613829 184.74673621356487 1118.702781111002 337.10958671569824 128.31611581146717
leaf_count=6513 2745 5451 851 5566 1767 637
internal_value=-9.50026e-05 0.0209148 0.0359592 0.0492935 -0.0437153 0.00937202
internal_weight=4392.27 2964.79 1958.03 1303.45 1427.47 654.576
internal_count=23530 15250 9799 6417 8280 3382
is_linear=0
shrinkage=0.05


Tree=5
num_leaves=7
num_cat=0
split_feature=9 13 11 3 9 11
split_gain=1479.11 504.713 360.509 263.469 120.03 114.611
threshold=51.434051513671882 39.331466674804695 171.14219665527347 -0.53805840015411366 79.560302734375014 782.60632324218761
decision_type=2 2 2 2 2 2
left_child=-1 2 -2 -4 -5 -6
right_child=1 -3 3 4 5 -7
leaf_value=-0.049038108105813265 0.080366641319337961 -0.01739803404863632 0.0472874989046497 -0.01961306140547299 0.020919378475291704 -0.037928013031509736
leaf_weight=1148.1407871246338 292.79613451659679 798.23193788528442 665.49637028574944 286.82220052182674 1081.4439318031073 88.67843371629715
leaf_count=6979 1352 4375 3201 1542 5537 454
internal_value=-0.000350878 0.0170544 0.0284434 0.021246 0.00932659 0.016431
internal_weight=4361.61 3213.47 2415.24 2122.44 1456.94 1170.12
internal_count=23440 16461 12086 10734 7533 5991
is_linear=0
shrinkage=0.05


Tree=6
num_leaves=7
num_cat=0
split_feature=14 5 11 9 9 11
split_gain=1386.63 329.689 253.076 161.796 151.95 145.809
threshold=4.5723671913146982 0.15444625169038775 171.14219665527347 49.908721923828132 51.434051513671882 774.07891845703136
decision_type=2 2 2 2 2 2
left_child=4 2 3 -2 -1 -3
right_child=1 5 -4 -5 -6 -7
leaf_value=-0.053370322956108267 -0.016231116903843028 0.045194490177036251 -0.0011676758522132884 0.08009260560614001 -0.017200066561763868 -0.02235334463575769
leaf_weight=957.00818242132664 58.466825023293495 1018.9226685017347 1669.6118543446064 167.02388052642345 418.46839214861393 86.092307537794113
leaf_count=6101 329 4984 8769 741 2240 431
internal_value=-0.000835007 0.0182231 0.00555957 0.0551557 -0.0423865 0.0399163
internal_weight=4375.59 3000.12 1895.1 225.491 1375.48 1105.01
internal_count=23595 15254 9839 1070 8341 5415
is_linear=0
shrinkage=0.05


Tree=7
num_leaves=7
num_cat=0
split_feature=14 13 15 11 3 3
split_gain=1332.82 415.314 258.031 233.897 100.379 100.101
threshold=4.3566777706146249 52.846839904785163 5.3593320846557626 154.66131591796878 -0.32490029931068415 -0.58719888329505909
decision_type=2 2 2 2 2 2
left_child=-1 2 4 -4 -2 -5
right_child=1 -3 3 5 -6 -7
leaf_value=-0.043627924538240798 0.027424434755873663 -0.019966607725721338 0.085935667377137717 0.049041862843820457 -0.0078226051461845053 0.02077497707012203
leaf_weight=1265.0058844387531 310.26614268124104 602.70771959424019 220.39986857771873 478.61684176325798 574.5144314467907 911.40735824406147
leaf_count=7905 1539 3319 970 2214 3048 4588
internal_value=-0.00040107 0.0172586 0.0262546 0.0381667 0.00455449 0.0305362
internal_weight=4362.92 3097.91 2495.2 1610.42 884.781 1390.02
internal_count=23583 15678 12359 7772 4587 6802
is_linear=0
shrinkage=0.05


Tree=8
num_leaves=7
num_cat=0
split_feature=14 13 9 15 5 15
split_gain=1224.47 379.366 178.174 175.626 144.848 71.4443
threshold=4.9176824092864999 25.163116455078129 52.140869140625007 4.1280779838562021 0.20740210264921191 6.4729931354522714
decision_type=2 2 2 2 2 2
left_child=2 3 -1 -2 5 -5
right_child=1 -3 -4 4 -6 -7
leaf_value=-0.051060376984829917 -0.01070648356556028 -0.0091784138349040884 -0.013352497396984667 0.010998342941654946 0.053638511471441719 0.036057059711815678
leaf_weight=933.75402365624905 233.60360033810139 878.20783339440823 472.53159789741039 532.32209868729115 676.68590705096722 612.89181424677372
leaf_count=6284 1194 4809 2557 2695 3079 2922
internal_value=-6.50493e-05 0.0183219 -0.0384085 0.03007 0.0353014 0.0244289
internal_weight=4340 2933.71 1406.29 2055.5 1821.9 1145.21
internal_count=23540 14699 8841 9890 8696 5617
is_linear=0
shrinkage=0.05


Tree=9
num_leaves=7
num_cat=0
split_feature=14 13 15 14 10 14
split_gain=1115.68 324.372 174.622 116.074 92.8204 67.3166
threshold=4.5723671913146982 17.864118576049808 4.5856642723083505 2.8542857170104985 541.22250366210949 6.7670738697052011
decision_type=2 2 2 2 2 2
left_child=3 2 -2 -1 5 -4
right_child=1 -3 4 -5 -6 -7
leaf_value=-0.051472367372844989 -0.0029675393182113548 -0.0070082743914436077 0.017143301493450409 -0.020356039244232293 -0.016799639594159709 0.042547200070936458
leaf_weight=781.08261255919933 380.08900080621243 1008.2445894181728 331.37270052731037 489.17140817642212 83.022780224680901 1257.2824052423239
leaf_count=5302 1948 5500 1589 3008 397 5848
internal_value=-0.000141932 0.01621 0.0276173 -0.039515 0.034569 0.0372624
internal_weight=4330.27 3060.01 2051.77 1270.25 1671.68 1588.66
internal_count=23592 15282 9782 8310 7834 7437
is_linear=0
shrinkage=0.05


Tree=10
num_leaves=7
num_cat=0
split_feature=9 11 12 9 11 3
split_gain=1061.87 376.656 318.05 121.385 136.277 114.634
threshold=48.375547409057624 171.14219665527347 -8.7575683593749982 78.105331420898452 774.07891845703136 -0.53805840015411366
decision_type=2 2 2 2 2 2
left_child=-1 -2 3 -3 -5 -4
right_child=1 2 5 4 -6 -7
leaf_value=-0.047266118299607529 0.061846265083097318 -0.0098638062400929014 0.021904137530090777 0.03402806510257133 -0.025781643630964541 -0.015413888112783878
leaf_weight=942.42673100531101 349.11129553616047 234.54022574424744 245.29978446662426 1180.4710289239883 102.87233152985573 1252.3564929515123
leaf_count=6569 1567 1245 1223 5562 503 6859
internal_value=-0.000385626 0.0127556 0.00705369 0.0231761 0.0292174 -0.00929106
internal_weight=4307.08 3364.65 3015.54 1517.88 1283.34 1497.66
internal_count=23528 16959 15392 7310 6065 8082
is_linear=0
shrinkage=0.05


Tree=11
num_leaves=7
num_cat=0
split_feature=9 12 11 9 11 5
split_gain=998.341 327.648 225.088 199.134 153.57 137.427
threshold=48.375547409057624 31.008747100830082 171.14219665527347 80.283309936523452 782.60632324218761 0.1801826283335686
decision_type=2 2 2 2 2 2
left_child=-1 2 -2 -4 5 -5
right_child=1 -3 3 4 -6 -7
leaf_value=-0.046041450856885463 0.058697878122171004 -0.02152953167470037 -0.014999499902359898 0.01420343867060035 -0.027313363992632594 0.04197003618732946
leaf_weight=917.94653807580471 327.89885514974594 576.76918734610081 459.95474322140217 1110.1932245641947 148.63480871915817 745.30630305409431
leaf_count=6594 1440 3253 2507 5555 760 3414
internal_value=0.00015418 0.0127519 0.0198389 0.0146462 0.021454 0.0253732
internal_weight=4286.7 3368.76 2791.99 2464.09 2004.13 1855.5
internal_count=23523 16929 13676 12236 9729 8969
is_linear=0
shrinkage=0.05


Tree=12
num_leaves=7
num_cat=0
split_feature=14 13 15 11 9 11
split_gain=940.372 263.032 131.788 122.05 98.824 93.6128
threshold=4.3566777706146249 14.562538146972658 4.1502161026000985 774.07891845703136 51.434051513671882 159.69870758056643
decision_type=2 2 2 2 2 2
left_child=4 2 -2 5 -1 -4
right_child=1 -3 3 -5 -6 -7
leaf_value=-0.049515530242857951 -0.010305215057692415 -0.0065153919209069017 0.060924557446770736 -0.025942069601830577 -0.01744609662942934 0.027026626479240839
leaf_weight=778.65310624241829 246.13258782029152 1070.9358992427588 236.03931696712971 96.290615767240524 349.39929500222206 1491.0847474634647
leaf_count=5963 1290 5869 1024 474 1969 6939
internal_value=-0.000469667 0.0135964 0.0240018 0.0286358 -0.0396067 0.0316919
internal_weight=4268.54 3140.48 2069.55 1823.41 1128.05 1727.12
internal_count=23528 15596 9727 8437 7932 7963
is_linear=0
shrinkage=0.05


Tree=13
num_leaves=7
num_cat=0
split_feature=14 13 15 14 5 10
split_gain=829.544 237.639 143.614 133.428 93.7688 85.6648
threshold=4.9176824092864999 52.846839904785163 5.779496669769288 2.9565222263336186 0.41749674081802374 152.80769348144534
decision_type=2 2 2 2 2 2
left_child=3 2 4 -1 -2 -4
right_child=1 -3 5 -5 -6 -7
leaf_value=-0.048284026214875542 -0.0021704980217650571 -0.015273444991395685 0.054247867277291521 -0.01530814802437493 0.035239158893974824 0.024511788228612462
leaf_weight=723.28547236323357 761.62060701847076 558.31678333878517 308.35104838013649 534.38803617656231 213.69687633216381 1138.0265986770391
leaf_count=5477 3899 3177 1322 3312 970 5270
internal_value=-0.000259096 0.0141123 0.0208907 -0.0342958 0.00605384 0.0308843
internal_weight=4237.69 2980.01 2421.7 1257.67 975.317 1446.38
internal_count=23427 14638 11461 8789 4869 6592
is_linear=0
shrinkage=0.05


Tree=14
num_leaves=7
num_cat=0
split_feature=9 13 11 9 5 9
split_gain=823.785 286.036 182.746 157.116 129.744 83.3789
threshold=48.375547409057624 38.341033935546882 197.3490905761719 78.836410522460952 0.20295986533164981 61.653381347656257
decision_type=2 2 2 2 2 2
left_child=-1 2 5 -4 -5 -2
right_child=1 -3 3 4 -6 -7
leaf_value=-0.043798096487285262 0.014967860879861404 -0.015261194394133782 -0.016050004924358968 0.008922126867622995 0.036146912706355019 0.065185984192603699
leaf_weight=853.56409685313702 118.40962333977222 789.43828250467777 374.16884823143482 1133.210378780961 712.90658813714981 278.39287281036377
leaf_count=6649 580 4526 2058 5532 3150 1177
internal_value=9.67168e-05 0.0111049 0.019061 0.0134623 0.0194493 0.0502757
internal_weight=4260.09 3406.53 2617.09 2220.29 1846.12 396.802
internal_count=23672 17023 12497 10740 8682 1757
is_linear=0
shrinkage=0.05


Tree=15
num_leaves=7
num_cat=0
split_feature=9 13 5 14 15 10
split_gain=760.571 244.29 138.007 95.9788 78.3314 68.3346
threshold=58.441268920898445 52.846839904785163 0.18493163585662845 3.0564481019973759 4.0515885353088388 157.22941589355472
decision_type=2 2 2 2 2 2
left_child=3 2 4 -1 -2 -6
right_child=1 -3 -4 -5 5 -7
leaf_value=-0.050445963564558952 -0.021289034447558003 -0.016720699012739423 0.033360657439989838 -0.019262294027580975 0.037801097218193233 0.0085835563387651366
leaf_weight=600.27096834778786 181.46596173942089 603.12742537260056 981.40624362230301 421.69342144578695 239.81708179414272 1190.7300837337971
leaf_count=5040 974 3509 4363 2696 1068 5888
internal_value=-8.37881e-05 0.0119217 0.0185867 -0.03761 0.00957705 0.0135046
internal_weight=4218.51 3196.55 2593.42 1021.96 1612.01 1430.55
internal_count=23538 15802 12293 7736 7930 6956
is_linear=0
shrinkage=0.05


Tree=16
num_leaves=7
num_cat=0
split_feature=9 11 5 12 9 11
split_gain=701.497 234.734 215.289 166.896 111.86 96.2888
threshold=48.375547409057624 171.14219665527347 0.71030190587043773 16.694091796875004 77.326301574707045 774.07891845703136
decision_type=2 2 2 2 2 2
left_child=-1 -2 3 4 -3 -6
right_child=1 2 -4 -5 5 -7
leaf_value=-0.041984066907281001 0.048526051270351207 -0.017039918969369166 0.047173325361986346 -0.018352869189503244 0.017767739124297497 -0.02856932499157544
leaf_weight=797.63235304504633 354.65803381800652 340.90035701543093 281.51730705797672 773.17574053257704 1531.4915340691805 120.07516877353191
leaf_count=6595 1538 1910 1247 4456 7205 617
internal_value=0.00018848 0.0100862 0.00559776 0.00135022 0.00900136 0.0143836
internal_weight=4199.45 3401.82 3047.16 2765.64 1992.47 1651.57
internal_count=23568 16973 15435 14188 9732 7822
is_linear=0
shrinkage=0.05


Tree=17
num_leaves=7
num_cat=0
split_feature=14 15 12 5 14 10
split_gain=639.79 213.385 186.4 119.895 79.0292 92.1162
threshold=2.9565222263336186 4.1280779838562021 39.605316162109382 0.71030190587043773 7.3483946323394784 148.08760070800784
decision_type=2 2 2 2 2 2
left_child=-1 -2 3 4 -3 -6
right_child=1 2 -4 -5 5 -7
leaf_value=-0.046190125859296029 -0.021059327306079206 0.00127615666826629 -0.018911593133330962 0.048706514112902902 0.050743707823015322 0.015745713073069916
leaf_weight=647.91547010838985 540.22096469253302 784.70377308875322 394.66629271954298 281.34849009662867 219.0866836309433 1305.9810506552458
leaf_count=5506 3257 4097 2334 1219 934 6200
internal_value=-0.000563283 0.00783152 0.0130641 0.0179399 0.0141728 0.0208034
internal_weight=4173.92 3526.01 2985.79 2591.12 2309.77 1525.07
internal_count=23547 18041 14784 12450 11231 7134
is_linear=0
shrinkage=0.05


Tree=18
num_leaves=7
num_cat=0
split_feature=9 12 11 9 11 3
split_gain=637.275 193.487 137.786 136.4 130.406 96.2767
threshold=48.375547409057624 28.478240966796879 197.3490905761719 80.283309936523452 782.60632324218761 -0.81037393212318409
decision_type=2 2 2 2 2 2
left_child=-1 2 -2 -4 5 -5
right_child=1 -3 3 4 -6 -7
leaf_value=-0.041669235362330741 0.042430669976043424 -0.016735774536721381 -0.01601598959571271 0.039513769177659835 -0.028720037713411986 0.012862816914329778
leaf_weight=750.34848968684673 385.05625998973846 592.61787953227758 409.5795089006424 445.0598961263895 152.47867947816849 1418.281414359808
leaf_count=6552 1684 3495 2303 1893 789 6784
internal_value=8.56145e-06 0.0092077 0.0146822 0.0102612 0.0156055 0.0192462
internal_weight=4153.42 3403.07 2810.46 2425.4 2015.82 1863.34
internal_count=23500 16948 13453 11769 9466 8677
is_linear=0
shrinkage=0.05


Tree=19
num_leaves=7
num_cat=0
split_feature=14 11 3 14 11 12
split_gain=567.836 157.307 142.875 141.168 68.1437 63.8775
threshold=5.661569595336915 159.69870758056643 -0.23759460449218747 2.9565222263336186 774.07891845703136 3.7088317871093754
decision_type=2 2 2 2 2 2
left_child=3 -2 4 -1 -3 -4
right_child=1 2 5 -5 -6 -7
leaf_value=-0.044725566129821752 0.049977141508997597 0.025926926613185935 0.0083394691318997016 -0.012215920505420953 -0.020044930567293465 -0.012962550800110637
leaf_weight=608.94401282817125 255.01819732785225 1016.7165902107954 744.49331048130989 740.26163040846586 86.819748625159264 665.62628921866417
leaf_count=5475 1104 4584 3556 4507 438 3784
internal_value=-0.000324958 0.0126357 0.00882895 -0.0269109 0.0222953 -0.0017179
internal_weight=4117.88 2768.67 2513.66 1349.21 1103.54 1410.12
internal_count=23448 13466 12362 9982 5022 7340
is_linear=0
shrinkage=0.05


Tree=20
num_leaves=7
num_cat=0
split_feature=9 12 5 10 14 6
split_gain=532.569 175.627 86.6572 81.0124 80.9096 64.3114
threshold=57.679439544677741 28.478240966796879 0.71030190587043773 157.22941589355472 2.9565222263336186 101.51743698120119
decision_type=2 2 2 2 2 2
left_child=4 2 3 -2 -1 -5
right_child=1 -3 -4 5 -6 -7
leaf_value=-0.04758071187764415 0.034101920391342945 -0.015808242423229719 0.040174345791345892 0.019981498768016043 -0.017573683454161444 0.0011500249999465268
leaf_weight=495.9585717767477 339.51537969708443 568.96569953858852 297.63930010795593 694.68727679550648 413.24603359401226 1302.0507421791553
leaf_count=4913 1494 3392 1255 3247 2817 6400
internal_value=-0.00022522 0.00936344 0.0148049 0.011557 -0.0339764 0.00770843
internal_weight=4112.06 3202.86 2633.89 2336.25 909.205 1996.74
internal_count=23518 15788 12396 11141 7730 9647
is_linear=0
shrinkage=0.05


Tree=21
num_leaves=7
num_cat=0
split_feature=15 14 11 5 11 14
split_gain=510.766 156.052 137.447 115.631 83.82 60.4075
threshold=4.0515885353088388 6.6490476131439218 235.04760742187503 0.3219106793403626 708.42291259765636 3.0564481019973759
decision_type=2 2 2 2 2 2
left_child=5 -2 -3 4 -4 -1
right_child=1 2 3 -5 -6 -7
leaf_value=-0.048622065733032051 -0.0080192931860714103 0.047268283870504836 0.0089629817663770556 0.030755386164323939 -0.024060481795543761 -0.022160384546203237
leaf_weight=397.53241185098886 960.73328871279955 303.81827396154404 1178.403484031558 541.76476700603962 228.56649303436279 477.06067734956741
leaf_count=4112 5686 1308 5873 2389 1219 2942
internal_value=-0.000375465 0.00884683 0.0160407 0.0111505 0.00358494 -0.0342299
internal_weight=4087.88 3213.29 2252.55 1948.73 1406.97 874.593
internal_count=23529 16475 10789 9481 7092 7054
is_linear=0
shrinkage=0.05


Tree=22
num_leaves=7
num_cat=0
split_feature=14 15 12 14 10 5
split_gain=476.991 167.399 146.167 74.9927 58.7638 52.8918
threshold=2.9565222263336186 4.0515885353088388 39.605316162109382 7.4199674129486093 541.22250366210949 0.20740210264921191
decision_type=2 2 2 2 2 2
left_child=-1 -2 3 -3 5 -5
right_child=1 2 -4 4 -6 -7
leaf_value=-0.04343620142937743 -0.021266749896549499 0.0027684800599713775 -0.018501764550713354 0.016041942621126567 -0.012151561279729889 0.034524368672766752
leaf_weight=561.50867711752653 480.55514666438103 894.38555335998535 380.60977181792259 1027.0727200210094 127.17397582530975 623.8566642999649
leaf_count=5522 3018 4647 2326 4818 635 2654
internal_value=-0.000670969 0.00613493 0.0104535 0.0145826 0.0205202 0.0230428
internal_weight=4095.16 3533.65 3053.1 2672.49 1778.1 1650.93
internal_count=23620 18098 15080 12754 8107 7472
is_linear=0
shrinkage=0.05


Tree=23
num_leaves=7
num_cat=0
split_feature=14 5 15 12 6 14
split_gain=446.017 128.84 106.151 111.293 45.2339 37.4883
threshold=3.2701915502548222 0.45981924235820776 4.5360677242279062 39.605316162109382 51.213203430175788 7.3483946323394784
decision_type=2 2 2 2 2 2
left_child=-1 2 -2 4 -4 -6
right_child=1 -3 3 -5 5 -7
leaf_value=-0.039753889406714572 -0.016882105223077083 0.02717761942163582 0.029221233564498118 -0.020076722405108705 -0.003607455478166289 0.013133919116684885
leaf_weight=610.70537608116865 586.38367717713118 620.87034461647272 304.56104253977537 323.76319679617882 472.53214807808399 1139.8093896359205
leaf_count=6023 3568 2763 1420 2016 2427 5291
internal_value=-0.000406255 0.00657262 0.00203938 0.00699647 0.0115772 0.0082283
internal_weight=4058.63 3447.92 2827.05 2240.67 1916.9 1612.34
internal_count=23508 17485 14722 11154 9138 7718
is_linear=0
shrinkage=0.05


Tree=24
num_leaves=7
num_cat=0
split_feature=9 5 11 12 11 14
split_gain=430.19 150.119 129.275 91.4858 66.3772 65.2317
threshold=38.440979003906257 0.15444625169038775 157.42491149902347 -19.199981689453121 782.60632324218761 8.8190832138061541
decision_type=2 2 2 2 2 2
left_child=-1 2 -2 -4 5 -3
right_child=1 4 3 -5 -6 -7
leaf_value=-0.043496935607499211 0.032159429029025674 0.0092399066544107417 0.0086074047045610683 -0.014222228393276885 -0.025600062986965717 0.032188370377101469
leaf_weight=506.21818683296442 241.7482647895813 567.26350421458483 661.51951120048761 1299.4282376617193 77.673309937119484 683.84783421456814
leaf_count=5344 1211 2806 3210 7470 392 3020
internal_value=-0.000437618 0.00574526 -0.00226246 -0.00652026 0.0190112 0.021799
internal_weight=4037.7 3531.48 2202.7 1960.95 1328.78 1251.11
internal_count=23453 18109 11891 10680 6218 5826
is_linear=0
shrinkage=0.05


Tree=25
num_leaves=7
num_cat=0
split_feature=14 13 14 11 11 6
split_gain=391.939 135.643 82.8963 78.6464 71.0584 59.8832
threshold=2.9565222263336186 4.2323303222656259 8.9612083435058612 235.04760742187503 782.60632324218761 51.213203430175788
decision_type=2 2 2 2 2 2
left_child=-1 4 -3 -4 5 -2
right_child=1 2 3 -5 -6 -7
leaf_value=-0.040393156132110239 0.031256081640307742 -0.019447541657876041 0.056491170203392616 0.00010905334612570973 -0.026382394932608806 0.011306905852395915
leaf_weight=514.71357099711895 498.50237780064344 622.78079601377249 67.095106974244118 674.37954540550709 101.98270443826914 1533.5573572516441
leaf_count=5502 2349 3723 290 3741 518 7360
internal_value=0.000300142 0.00629728 -0.00601395 0.00528021 0.0141668 0.0162138
internal_weight=4013.01 3498.3 1364.26 741.475 2134.04 2032.06
internal_count=23483 17981 7754 4031 10227 9709
is_linear=0
shrinkage=0.05


Tree=26
num_leaves=7
num_cat=0
split_feature=9 11 9 11 13 14
split_gain=386.02 148.133 132.867 105.181 86.2854 66.6488
threshold=37.174640655517585 186.66416931152347 81.007766723632827 766.93811035156261 -17.935760498046871 6.293250799179078
decision_type=2 2 2 2 2 2
left_child=-1 5 -3 4 -4 -2
right_child=1 2 3 -5 -6 -7
leaf_value=-0.042897389699167975 0.010422800768810121 -0.020567145340868554 0.019477721249794914 -0.025957982182431706 0.00013205525408340903 0.048604424443014119
leaf_weight=464.47409748286009 204.80752780288458 555.2111367508769 1130.4101346582174 227.30877962708473 1174.9654166847467 259.57190489768982
leaf_count=5243 1258 3512 4941 1264 6262 1096
internal_value=-8.24124e-05 0.00552631 0.00156252 0.00641996 0.00962228 0.0318236
internal_weight=4016.75 3552.27 3087.9 2532.68 2305.38 464.379
internal_count=23576 18333 15979 12467 11203 2354
is_linear=0
shrinkage=0.05


Tree=27
num_leaves=7
num_cat=0
split_feature=9 11 13 9 15 11
split_gain=365.321 138.327 122.414 94.8295 60.8115 54.815
threshold=39.281967163085945 154.66131591796878 -33.372215270996087 109.83779907226564 5.8047509193420419 782.60632324218761
decision_type=2 2 2 2 2 2
left_child=-1 4 -3 -4 -2 -5
right_child=1 2 3 5 -6 -7
leaf_value=-0.041130095838448788 0.0028711058719893827 0.014398236926067731 -0.019621814377777196 0.0066104112465512552 0.048711711399954248 -0.029173083757371727
leaf_weight=477.4397514835 102.48657239228487 1242.532097838819 749.14503193646669 1076.6325934827328 246.0895849019289 117.83181047439575
leaf_count=5492 606 5796 4372 5571 1086 709
internal_value=-0.000125245 0.00542341 0.00214687 -0.0056887 0.0352807 0.00305898
internal_weight=4012.16 3534.72 3186.14 1943.61 348.576 1194.46
internal_count=23632 18140 16448 10652 1692 6280
is_linear=0
shrinkage=0.05


Tree=28
num_leaves=7
num_cat=0
split_feature=9 12 10 3 9 6
split_gain=338.531 98.8046 73.1258 66.0327 64.7893 38.3974
threshold=61.653381347656257 31.008747100830082 133.89868164062503 -0.78014796972274769 37.174640655517585 114.08327102661134
decision_type=2 2 2 2 2 2
left_child=4 2 -2 -4 -1 -6
right_child=1 -3 3 -5 5 -7
leaf_value=-0.04160109079023612 0.038710863732236672 -0.01260134182248682 0.02353178951053805 0.0041516549745476998 0.003073708283375966 -0.027107822770233055
leaf_weight=429.99397356808186 224.45271269977093 507.94370863586664 581.44888614118099 1793.7128480747342 185.02205505222082 243.24782222509384
leaf_count=5189 978 3149 2455 8729 1245 1722
internal_value=-0.000128032 0.00755051 0.0114913 0.00890389 -0.0279065 -0.0140919
internal_weight=3965.82 3107.56 2599.61 2375.16 858.264 428.27
internal_count=23467 15311 12162 11184 8156 2967
is_linear=0
shrinkage=0.05


Tree=29
num_leaves=7
num_cat=0
split_feature=9 11 3 9 11 12
split_gain=311.895 147.851 101.892 57.5505 55.0065 54.9791
threshold=58.441268920898445 197.3490905761719 -0.32490029931068415 33.920433044433601 182.71205139160159 5.6877059936523446
decision_type=2 2 2 2 2 2
left_child=3 -2 -3 -1 -5 -4
right_child=1 2 5 4 -6 -7
leaf_value=-0.042425337463764416 0.039591278576452497 0.015319423662276 0.0036696715219205383 0.0040592081764234565 -0.032792233015919513 -0.014227381436421063
leaf_weight=370.79151161015034 314.99512502551079 1121.2413682639599 1003.8877828940749 194.3562069684267 209.96108513325453 748.07996503263712
leaf_count=4710 1363 5009 4853 1354 1741 4502
internal_value=0.000210536 0.00712808 0.00355654 -0.0282155 -0.0151114 -0.00397602
internal_weight=3963.31 3188.2 2873.21 775.109 404.317 1751.97
internal_count=23532 15727 14364 7805 3095 9355
is_linear=0
shrinkage=0.05


Tree=30
num_leaves=7
num_cat=0
split_feature=14 5 15 11 12 11
split_gain=295.183 102.503 75.5197 90.8904 55.5763 48.6447
threshold=2.9565222263336186 0.15444625169038775 4.6577370166778573 146.29511260986331 14.434310913085939 792.96777343750011
decision_type=2 2 2 2 2 2
left_child=-1 2 -2 -4 -5 -3
right_child=1 5 3 4 -6 -7
leaf_value=-0.038077478592853278 -0.018776993537567718 0.018064670101685453 0.037765696568119345 0.0058699231271778368 -0.014969638501996209 -0.02539521933521054
leaf_weight=451.44359117746353 504.09336903691292 1250.9852708205581 170.56636177003384 1017.9780172854662 465.34896203130484 67.025297105312347
leaf_count=5496 3339 5801 800 4831 2843 349
internal_value=-8.73864e-05 0.00485609 -0.00185484 0.00331113 -0.000673539 0.015837
internal_weight=3927.44 3476 2157.99 1653.89 1483.33 1318.01
internal_count=23459 17963 11813 8474 7674 6150
is_linear=0
shrinkage=0.05


Tree=31
num_leaves=7
num_cat=0
split_feature=14 15 11 13 0 10
split_gain=280.947 99.9787 98.9428 71.023 70.7451 55.2969
threshold=2.9565222263336186 4.1280779838562021 171.14219665527347 -22.481246948242184 13.949836730957033 83.653842926025405
decision_type=2 2 2 2 2 2
left_child=-1 -2 5 -4 -5 -3
right_child=1 2 3 4 -6 -7
leaf_value=-0.037690828584933396 -0.016127668468598318 -0.0032536033235122351 0.01319512901400364 -0.026760732072469214 0.0023887012017474174 0.04288726784484706
leaf_weight=435.2887329980731 487.24640920013189 83.749547988176346 1298.4218669086695 256.60037214308977 1083.638570562005 285.96599396318197
leaf_count=5447 3241 481 5812 1555 5715 1282
internal_value=0.000141516 0.00486198 0.00826576 0.00486553 -0.003208 0.0324547
internal_weight=3930.91 3495.62 3008.38 2638.66 1340.24 369.716
internal_count=23533 18086 14845 13082 7270 1763
is_linear=0
shrinkage=0.05


Tree=32
num_leaves=7
num_cat=0
split_feature=9 14 11 11 6 13
split_gain=278.999 88.5963 103.349 73.3992 66.6732 55.0432
threshold=37.174640655517585 7.4199674129486093 774.07891845703136 235.04760742187503 63.541019439697273 2.5111503601074223
decision_type=2 2 2 2 2 2
left_child=-1 5 3 -3 -5 -2
right_child=1 2 -4 4 -6 -7
leaf_value=-0.040054702817307372 0.0020948580499965067 0.038814403319382851 -0.024952023409979419 0.030318809337400211 0.0056057280776712444 -0.019358700400008158
leaf_weight=388.42446982115507 790.892882168293 254.59850624203682 187.55781218409538 333.99598054587841 1476.8146910369396 479.53554228693247
leaf_count=5258 4371 1114 1076 1414 7250 3103
internal_value=0.000106059 0.00454355 0.0104957 0.0137252 0.0101782 -0.00601185
internal_weight=3911.82 3523.4 2252.97 2065.41 1810.81 1270.43
internal_count=23586 18328 10854 9778 8664 7474
is_linear=0
shrinkage=0.05


Tree=33
num_leaves=7
num_cat=0
split_feature=9 5 11 9 13 11
split_gain=250.174 93.3103 68.0801 59.6333 48.5283 41.9314
threshold=38.440979003906257 0.15444625169038775 157.42491149902347 81.007766723632827 79.007690429687514 792.96777343750011
decision_type=2 2 2 2 2 2
left_child=-1 2 -2 -4 -5 -3
right_child=1 5 3 4 -6 -7
leaf_value=-0.03819414290018984 0.022805144331789953 0.016421581276491889 -0.022867203781151146 0.0026763261201669681 -0.021681775728984772 -0.023509094790121497
leaf_weight=392.0271418467164 236.17455826699734 1255.4465988129377 395.65348652005196 1305.7589249014854 241.41373736411333 68.519158028066158
leaf_count=5385 1213 5815 2699 6466 1613 364
internal_value=-0.000367822 0.00387512 -0.00248633 -0.00557097 -0.00113595 0.0143389
internal_weight=3894.99 3502.97 2179 1942.83 1547.17 1323.97
internal_count=23555 18170 11991 10778 8079 6179
is_linear=0
shrinkage=0.05


Tree=34
num_leaves=7
num_cat=0
split_feature=9 11 3 14 11 12
split_gain=245.021 92.5161 83.2792 60.4869 50.3199 46.4429
threshold=58.441268920898445 154.66131591796878 -0.69165378808975209 2.7130717039108281 782.60632324218761 3.9315643310546879
decision_type=2 2 2 2 2 2
left_child=3 -2 -3 -1 5 -4
right_child=1 2 4 -5 -6 -7
leaf_value=-0.04377260245118629 0.037788513928144182 0.018082700126976582 0.0065953349008900687 -0.01418950677252811 -0.030332512202477013 -0.0085968450172641507
leaf_weight=301.1059370264411 208.69405801594257 729.57985517382622 1269.4968833476305 407.16348889842629 139.44211671501398 831.82148114591837
leaf_count=4594 912 3123 5932 3220 863 4932
internal_value=-0.000236855 0.00569008 0.0034229 -0.0268101 -0.00135619 0.000580176
internal_weight=3887.3 3179.03 2970.34 708.269 2240.76 2101.32
internal_count=23576 15762 14850 7814 11727 10864
is_linear=0
shrinkage=0.05


Tree=35
num_leaves=7
num_cat=0
split_feature=14 6 14 11 14 11
split_gain=232.461 70.9867 55.2875 78.1634 43.3407 43.4882
threshold=2.9565222263336186 101.51743698120119 7.4199674129486093 577.54113769531261 13.573512077331545 212.69443511962893
decision_type=2 2 2 2 2 2
left_child=-1 -2 -3 4 5 -4
right_child=1 2 3 -5 -6 -7
leaf_value=-0.036608492575568287 0.014430728675264596 -0.012095583992383621 0.032933860813681617 -0.0092159311641766776 0.031057583942020128 0.0010120421764528802
leaf_weight=397.45612196624279 1067.9791939258575 769.47009251266718 129.8387061432004 647.86279864609241 251.07904882729053 578.51436381042004
leaf_count=5517 5159 4706 581 3433 1199 2873
internal_value=-0.000451553 0.00372966 -0.00108281 0.00419364 0.0132487 0.00690138
internal_weight=3842.2 3444.74 2376.77 1607.29 959.432 708.353
internal_count=23468 17951 12792 8086 4653 3454
is_linear=0
shrinkage=0.05


Tree=36
num_leaves=7
num_cat=0
split_feature=9 6 5 14 12 4
split_gain=216.743 78.9228 61.7594 34.5449 34.3492 44.8945
threshold=39.281967163085945 125.48619461059572 0.42709645628929144 5.661569595336915 58.123535156250007 0.47701202332973486
decision_type=2 2 2 2 2 2
left_child=-1 3 4 -2 5 -3
right_child=1 2 -4 -5 -6 -7
leaf_value=-0.036596558954727847 -0.00088386738366062799 -0.0067722761921996891 0.016204234940958503 0.018019590940039645 -0.025846597211653718 0.019083966376180685
leaf_weight=368.71232866495848 320.14252603799105 1388.8104977458715 374.97035528719425 983.97668807208538 195.02269183844328 189.9725176692009
leaf_count=5457 1950 7606 1689 4320 1332 1007
internal_value=-0.000211124 0.00368371 -0.00220575 0.0133819 -0.00610444 -0.00365092
internal_weight=3821.61 3452.9 2148.78 1304.12 1773.81 1578.78
internal_count=23361 17904 11634 6270 9945 8613
is_linear=0
shrinkage=0.05


Tree=37
num_leaves=7
num_cat=0
split_feature=14 5 13 0 11 9
split_gain=205.042 71.2723 53.437 54.2636 45.5885 39.4537
threshold=2.8542857170104985 0.20740210264921191 5.3707618713378915 19.52772426605225 171.14219665527347 59.191429138183601
decision_type=2 2 2 2 2 2
left_child=-1 2 4 -4 -2 -6
right_child=1 -3 3 -5 5 -7
leaf_value=-0.035952326237037223 0.027900923380457507 0.013525288549723373 -0.023367690630389671 0.00080187957498753298 -0.0288738243318599 0.0038533706106747378
leaf_weight=362.66715433448553 181.93731256201863 1174.0001778826118 447.8317253626883 481.06551216542721 99.60211369395256 1087.4689093381166
leaf_count=5359 1069 5430 3011 2836 802 5054
internal_value=-0.000232153 0.00350837 -0.00161293 -0.0108631 0.00466685 0.00108538
internal_weight=3834.57 3471.91 2297.91 928.897 1369.01 1187.07
internal_count=23561 18202 12772 5847 6925 5856
is_linear=0
shrinkage=0.05


Tree=38
num_leaves=7
num_cat=0
split_feature=9 11 9 11 3 6
split_gain=182.701 78.3211 100.728 63.3185 42.944 40.6211
threshold=37.174640655517585 186.66416931152347 82.34543609619142 774.07891845703136 -0.55076003074645985 151.48529052734378
decision_type=2 2 2 2 2 2
left_child=-1 -2 5 4 -4 -3
right_child=1 2 3 -5 -6 -7
leaf_value=-0.036204137526019475 0.022574992216571416 -0.0081196963214507454 0.016923812388690309 -0.022525318487145493 0.0020791845852703578 -0.035900662766694826
leaf_weight=326.51467460021377 438.98611590266228 324.28370389714837 701.79960952699184 201.68899878114462 1589.2245486155152 221.34719647094607
leaf_count=5229 2318 2022 2957 1189 8158 1619
internal_value=-0.000502921 0.0028588 3.67456e-06 0.00426464 0.00663188 -0.0194347
internal_weight=3803.84 3477.33 3038.34 2492.71 2291.02 545.631
internal_count=23492 18263 15945 12304 11115 3641
is_linear=0
shrinkage=0.05


Tree=39
num_leaves=7
num_cat=0
split_feature=9 11 9 13 11 5
split_gain=178.149 78.4586 76.1658 83.868 77.1455 42.5881
threshold=37.174640655517585 171.14219665527347 109.83779907226564 -23.625976562499996 774.07891845703136 -0.0020672720856964584
decision_type=2 2 2 2 2 2
left_child=-1 -2 3 -3 5 -4
right_child=1 2 4 -5 -6 -7
leaf_value=-0.03598614223026627 0.023872234112639897 0.0039748821608827012 0.001230986751577884 -0.022961834065311649 -0.023739011655098757 0.016983559601190155
leaf_weight=313.80937789753079 407.67422280460596 573.31728399172425 775.94324841350317 581.10618066042662 187.48845832049847 959.26496656239033
leaf_count=5176 2122 2973 4032 3736 1119 4321
internal_value=3.53732e-05 0.00328854 0.000554628 -0.00959248 0.00664897 0.00994416
internal_weight=3798.6 3484.79 3077.12 1154.42 1922.7 1735.21
internal_count=23479 18303 16181 6709 9472 8353
is_linear=0
shrinkage=0.05


Tree=40
num_leaves=7
num_cat=0
split_feature=15 13 9 10 9 5
split_gain=158.139 49.5154 54.8945 48.7935 33.2418 32.2592
threshold=3.8889682292938237 130.79736328125003 67.297321319580092 133.89868164062503 30.108322143554691 0.71030190587043773
decision_type=2 2 2 2 2 2
left_child=4 2 -2 -4 -1 -5
right_child=1 -3 3 5 -6 -7
leaf_value=-0.041754531247771155 -0.010338669618512384 -0.027132086546761542 0.032931080520390253 0.0038385784823059023 -0.016146588413637808 0.022051173994990625
leaf_weight=196.01357103511691 496.48871163651347 124.79140570759773 178.76301415264606 2130.9691688939929 361.93084302544594 273.56849981844425
leaf_count=3638 3722 854 822 10441 2721 1139
internal_value=-0.000660174 0.00361923 0.00487366 0.00780021 -0.0252016 0.00591896
internal_weight=3762.53 3204.58 3079.79 2583.3 557.944 2404.54
internal_count=23337 16978 16124 12402 6359 11580
is_linear=0
shrinkage=0.05


Tree=41
num_leaves=7
num_cat=1
split_feature=14 6 15 13 14 8
split_gain=157.041 67.3981 56.9029 41.7232 37.3032 36.4185
threshold=2.4272441864013676 101.51743698120119 4.0515885353088388 130.79736328125003 8.9612083435058612 0
decision_type=2 2 2 2 2 9
left_child=-1 -2 -3 4 -4 -6
right_child=1 2 3 -5 5 -7
leaf_value=-0.037764609284919821 0.012426621681292056 -0.02120514810459764 -0.0055964993073853494 -0.027441239286526548 0.010884027299076289 -0.022349252535298448
leaf_weight=265.17718191817403 1084.2001983001828 349.31098666042089 836.58925737440586 123.83157343417406 1032.3883909732103 80.051510870456696
leaf_count=4494 5478 2672 4635 857 4981 395
internal_value=-0.000738723 0.00207141 -0.00256695 0.000582601 0.00237626 0.00837165
internal_weight=3771.55 3506.37 2422.17 2072.86 1949.03 1112.44
internal_count=23512 19018 13540 10868 10011 5376
cat_boundaries=0 1
cat_threshold=1
is_linear=0
shrinkage=0.05


Tree=42
num_leaves=7
num_cat=0
split_feature=9 11 5 14 11 6
split_gain=160.402 86.4929 56.9869 56.597 43.1679 43.1133
threshold=65.767089843750014 235.04760742187503 0.73383364081382763 2.7130717039108281 182.71205139160159 87.426406860351577
decision_type=2 2 2 2 2 2
left_child=3 -2 -3 -1 5 -5
right_child=1 2 -4 4 -6 -7
leaf_value=-0.039374947759632482 0.030660782121471136 -2.4877558012018678e-05 0.023942228198821705 0.036863381751056905 -0.025181469696697597 -0.00876673973587422
leaf_weight=257.10730962827802 301.56661728024483 2397.8253536969423 275.63134647905827 70.425512500107288 254.8107328787446 187.1686782091856
leaf_count=4753 1400 12252 1155 500 1948 1440
internal_value=5.85046e-05 0.00532268 0.00245414 -0.0202739 -0.0106316 0.00380272
internal_weight=3744.54 2975.02 2673.46 769.512 512.405 257.594
internal_count=23448 14807 13407 8641 3888 1940
is_linear=0
shrinkage=0.05


Tree=43
num_leaves=7
num_cat=0
split_feature=15 11 14 11 5 13
split_gain=130.821 63.0623 62.6951 44.5813 40.9263 33.0482
threshold=3.6884065866470341 774.07891845703136 7.3483946323394784 235.04760742187503 0.62344044446945202 3.8821868896484379
decision_type=2 2 2 2 2 2
left_child=-1 2 5 -4 -5 -2
right_child=1 -3 3 4 -6 -7
leaf_value=-0.02640651781793997 0.00067526991059191984 -0.026994876517449751 0.029189389929759536 0.0033837221962312197 0.025281865485570224 -0.017462145808425717
leaf_weight=447.60995632782578 747.60893690958619 172.10225600749254 246.9819764867425 1491.0704670548439 248.09072837233543 377.15345533937216
leaf_count=5718 4587 1025 1138 7196 1029 2705
internal_value=-0.00108057 0.00237939 0.00401259 0.00935246 0.00652022 -0.00541665
internal_weight=3730.62 3283.01 3110.91 1986.14 1739.16 1124.76
internal_count=23398 17680 16655 9363 8225 7292
is_linear=0
shrinkage=0.05


Tree=44
num_leaves=7
num_cat=1
split_feature=15 11 8 11 9 10
split_gain=134.355 56.0884 52.0368 56.2555 86.4053 46.4475
threshold=3.5614482164382939 782.60632324218761 0 162.117790222168 86.889892578125014 83.653842926025405
decision_type=2 2 9 2 2 2
left_child=-1 2 3 5 -5 -2
right_child=1 -3 -4 4 -6 -7
leaf_value=-0.026980147606056118 -0.0030036940765811593 -0.025443029130125312 -0.018922334857309764 -0.012351153952370957 0.0091891279130587502 0.035996671109005583
leaf_weight=397.88162811845541 106.41004463285208 156.24383473396301 200.33441314846277 603.8686359860003 2021.1968190819025 267.87268906086683
leaf_count=5378 868 951 1286 4046 9651 1399
internal_value=0.000454273 0.00371399 0.00514526 0.00679898 0.0042312 0.0249303
internal_weight=3753.81 3355.93 3199.68 2999.35 2625.07 374.283
internal_count=23579 18201 17250 15964 13697 2267
cat_boundaries=0 1
cat_threshold=1
is_linear=0
shrinkage=0.05


Tree=45
num_leaves=7
num_cat=0
split_feature=14 15 12 11 10 5
split_gain=131.11 50.4068 51.7667 43.1169 39.4412 31.5946
threshold=2.4272441864013676 4.1280779838562021 58.123535156250007 159.69870758056643 83.653842926025405 0.93585050106048595
decision_type=2 2 2 2 2 2
left_child=-1 -2 3 4 -3 -5
right_child=1 2 -4 5 -6 -7
leaf_value=-0.035471937172793906 -0.012209842440707021 -0.0055669618950599563 -0.019423982184224527 0.0030533749795040132 0.034057392319148276 0.026196205724423202
leaf_weight=240.89838112145662 493.37050076946616 84.340859729796648 201.15975660085678 2325.1104896776378 242.03109911829233 156.50179681926966
leaf_count=4462 3912 536 1396 11465 1168 654
internal_value=0.000130011 0.00258809 0.00501757 0.00677482 0.023832 0.00452283
internal_weight=3743.41 3502.51 3009.14 2807.98 326.372 2481.61
internal_count=23593 19131 15219 13823 1704 12119
is_linear=0
shrinkage=0.05


Tree=46
num_leaves=7
num_cat=0
split_feature=9 5 13 11 1 9
split_gain=121.275 57.3733 38.8654 39.1689 25.3512 24.8981
threshold=33.920433044433601 0.43706646561622625 4.2323303222656259 723.42681884765636 0.45015430450439459 70.426277160644545
decision_type=2 2 2 2 2 2
left_child=-1 2 3 -2 5 -4
right_child=1 -3 4 -5 -6 -7
leaf_value=-0.034819352459106598 0.0061188423056010343 0.015304255893224204 -0.022655857800704084 -0.02093566733301308 -0.019191984401913109 0.0010071190200127123
leaf_weight=236.46929885819554 1549.2165160737932 665.4006348028779 133.44538615271449 145.44262161850929 356.4885510802269 641.55415976792574
leaf_count=4741 7912 2973 1098 753 2261 3839
internal_value=-0.000243996 0.00210696 -0.00100458 0.00378594 -0.00817648 -0.0030913
internal_weight=3728.02 3491.55 2826.15 1694.66 1131.49 775
internal_count=23577 18836 15863 8665 7198 4937
is_linear=0
shrinkage=0.05


Tree=47
num_leaves=7
num_cat=0
split_feature=10 6 9 11 9 11
split_gain=102.485 54.5136 41.0535 63.0461 35.785 41.8892
threshold=58.925178527832038 101.51743698120119 65.767089843750014 235.04760742187503 110.56381225585939 575.01873779296886
decision_type=2 2 2 2 2 2
left_child=-1 -2 -3 -4 -5 -6
right_child=1 2 3 4 5 -7
leaf_value=-0.043119776856336826 0.010415779191148377 -0.018900149141442196 0.024220547262881885 -0.015567472953623155 0.0090664239909647084 -0.0081272315020127564
leaf_weight=133.75230344384909 1122.6180668585002 343.06184213608503 232.6287937015295 451.61868161708117 716.98005770146847 698.25759321451187
leaf_count=2652 6227 3561 1102 2580 3526 3765
internal_value=-0.000316488 0.00130098 -0.00289082 -0.000267095 -0.00332983 0.000583577
internal_weight=3698.92 3565.17 2442.55 2099.49 1866.86 1415.24
internal_count=23413 20761 14534 10973 9871 7291
is_linear=0
shrinkage=0.05


Tree=48
num_leaves=7
num_cat=0
split_feature=14 13 14 9 13 1
split_gain=109.384 45.3348 54.0472 39.7414 34.2605 23.0511
threshold=2.9565222263336186 4.2323303222656259 8.8190832138061541 221.42248535156253 130.79736328125003 0.71476092934608471
decision_type=2 2 2 2 2 2
left_child=-1 3 -3 -2 5 -4
right_child=1 2 4 -5 -6 -7
leaf_value=-0.028285979352391483 0.0091869692990576603 -0.016150652394695982 0.01403894038210147 -0.021539118072080001 -0.023789431431019525 -0.0083803149780458507
leaf_weight=300.9958675019443 2014.5243205688894 549.57394040003419 484.9234032779932 110.10235850512981 91.686148598790169 149.32243883609772
leaf_count=5450 9777 3698 2614 518 641 798
internal_value=0.000552732 0.00311324 -0.00433604 0.0075853 0.00461824 0.00875582
internal_weight=3701.13 3400.13 1275.51 2124.63 725.932 634.246
internal_count=23496 18046 7751 10295 4053 3412
is_linear=0
shrinkage=0.05


Tree=49
num_leaves=7
num_cat=0
split_feature=14 11 14 13 11 5
split_gain=104.612 48.5415 53.1157 56.0315 51.5047 32.7576
threshold=2.4272441864013676 810.99151611328136 8.8824710845947283 3.8821868896484379 246.84707641601565 0.018359664827585224
decision_type=2 2 2 2 2 2
left_child=-1 2 3 -2 -4 -6
right_child=1 -3 4 -5 5 -7
leaf_value=-0.033378059893825689 0.0035874710658274551 -0.027840508135583072 0.034330042163773035 -0.015828252537727541 -0.0014818637149296163 0.013181438733240448
leaf_weight=219.85880871117115 1066.3824117928743 129.24706143140793 184.13705708086491 569.10369316861033 708.31963443756104 822.46293494105339
leaf_count=4457 5987 830 868 4086 3631 3696
internal_value=-9.03941e-06 0.00210834 0.00327162 -0.0031742 0.00941715 0.00639994
internal_weight=3699.51 3479.65 3350.41 1635.49 1714.92 1530.78
internal_count=23555 19098 18268 10073 8195 7327
is_linear=0
shrinkage=0.05


Tree=50
num_leaves=7
num_cat=1
split_feature=10 5 11 9 8 12
split_gain=107.944 50.6967 32.4566 42.8477 29.6398 28.9475
threshold=58.925178527832038 0.1801826283335686 146.29511260986331 59.191429138183601 0 -5.1783370971679679
decision_type=2 2 2 2 9 2
left_child=-1 2 4 -4 -2 -5
right_child=1 -3 3 5 -6 -7
leaf_value=-0.044690807868112879 0.021007825590037915 0.010183647087537967 -0.025453559081457678 0.0042016471784153877 -0.02940687603679859 -0.0083442405962082626
leaf_weight=126.14165534451604 211.6428955309093 1274.377477388829 212.98932977020741 958.16672476381063 24.904588844627142 882.16714785993099
leaf_count=2703 1583 6287 2694 4485 373 5470
internal_value=0.00058007 0.00219433 -0.00225446 -0.00427687 0.015245 -0.00181351
internal_weight=3690.39 3564.25 2289.87 2053.32 236.547 1840.33
internal_count=23595 20892 14605 12649 1956 9955
cat_boundaries=0 1
cat_threshold=1
is_linear=0
shrinkage=0.05


Tree=51
num_leaves=7
num_cat=1
split_feature=10 8 11 14 11 13
split_gain=89.3142 47.0752 57.3475 43.1447 49.7947 47.5139
threshold=58.925178527832038 0 171.14219665527347 7.3483946323394784 782.60632324218761 -17.006881713867184
decision_type=2 9 2 2 2 2
left_child=-1 2 -2 5 -5 -4
right_child=1 -3 3 4 -6 -7
leaf_value=-0.042393277695972363 0.019866105811407228 -0.020436181532657971 0.001115127145853473 0.0065068702259622677 -0.023961057108087644 -0.021146424490573509
leaf_weight=122.51339278370142 410.9401140101254 231.16037937998772 545.75442445650697 1798.7201931551099 143.92225746065378 426.26830393821001
leaf_count=2720 2871 1784 3261 8528 924 3456
internal_value=-0.000594728 0.000856541 0.00239651 -6.42876e-05 0.00423846 -0.00865909
internal_weight=3679.28 3556.77 3325.61 2914.67 1942.64 972.023
internal_count=23544 20824 19040 16169 9452 6717
cat_boundaries=0 1
cat_threshold=1
is_linear=0
shrinkage=0.05


Tree=52
num_leaves=7
num_cat=0
split_feature=14 6 11 13 0 11
split_gain=87.4471 50.4547 34.1517 34.6949 27.6952 48.1324
threshold=2.4272441864013676 125.48619461059572 157.42491149902347 -33.372215270996087 16.43678188323975 575.01873779296886
decision_type=2 2 2 2 2 2
left_child=-1 2 -2 -4 -3 -6
right_child=1 4 3 -5 5 -7
leaf_value=-0.031227174412677805 0.033340172066971437 -0.01090675371733941 0.012639694675507336 -0.0058989845410615986 0.0089281160245959397 -0.0096006252704615332
leaf_weight=206.55947412550449 137.16961140930653 680.77170003205538 839.47482245787978 359.97796128317714 852.16139242053032 593.9081754386425
leaf_count=4462 947 4822 3863 1997 4200 3265
internal_value=0.000296583 0.00218512 0.0097939 0.00707562 -0.00259901 0.00131689
internal_weight=3670.02 3463.46 1336.62 1199.45 2126.84 1446.07
internal_count=23556 19094 6807 5860 12287 7465
is_linear=0
shrinkage=0.05


Tree=53
num_leaves=7
num_cat=0
split_feature=9 6 5 14 13 4
split_gain=88.9863 40.8541 36.6517 30.4154 21.0844 22.5355
threshold=33.920433044433601 51.213203430175788 0.051453301683068282 8.0852026939392108 89.185272216796889 0.44114775955677038
decision_type=2 2 2 2 2 2
left_child=-1 -2 4 -4 5 -3
right_child=1 2 3 -5 -6 -7
leaf_value=-0.032987134006213836 0.013288036579372407 -0.0076034720754302471 -0.0056531229859864314 0.010341528186719054 -0.022921977103981854 0.0087075150634611364
leaf_weight=203.23516205698252 562.8559059239924 1123.5134126506746 456.49827719479799 848.13548506051302 174.8415752761066 260.00811351835728
leaf_count=4704 2790 6505 2693 3927 1337 1418
internal_value=-0.000924948 0.000986179 -0.00143612 0.00474487 -0.00661046 -0.00453404
internal_weight=3629.09 3425.85 2863 1304.63 1558.36 1383.52
internal_count=23374 18670 15880 6620 9260 7923
is_linear=0
shrinkage=0.05


Tree=54
num_leaves=7
num_cat=0
split_feature=9 5 6 11 9 11
split_gain=82.55 45.0275 35.5889 25.7994 33.9654 22.5317
threshold=33.920433044433601 0.15444625169038775 51.213203430175788 146.29511260986331 112.71453857421876 638.89141845703136
decision_type=2 2 2 2 2 2
left_child=-1 2 -2 -4 -5 -3
right_child=1 5 3 4 -6 -7
leaf_value=-0.031605466093608023 0.014174030667917373 0.012047791867442434 0.011999993071526461 -0.016292796461241526 -0.0017480132978869246 -0.003481101517462966
leaf_weight=200.19868844375014 257.94502842053771 1031.5113971792161 186.13142612203956 669.29520421847701 1001.2023795321584 301.39064927771688
leaf_count=4754 1388 4958 1144 4489 5414 1423
internal_value=-0.000473905 0.00134258 -0.00319392 -0.00561321 -0.00758173 0.00853648
internal_weight=3647.67 3447.48 2114.57 1856.63 1670.5 1332.9
internal_count=23570 18816 12435 11047 9903 6381
is_linear=0
shrinkage=0.05


Tree=55
num_leaves=7
num_cat=1
split_feature=10 8 11 9 11 12
split_gain=83.5971 45.8716 57.6033 53.739 35.7675 29.3509
threshold=58.925178527832038 0 159.69870758056643 65.767089843750014 782.60632324218761 28.478240966796879
decision_type=2 9 2 2 2 2
left_child=-1 2 -2 -4 5 -5
right_child=1 -3 3 4 -6 -7
leaf_value=-0.041914593323648615 0.022163113907906363 -0.019476172535331186 -0.018631384825471629 0.0072254758422297801 -0.01974439332564536 -0.0075746346480432217
leaf_weight=111.60963262990117 361.76627360284328 224.80892549082637 309.40787087753415 2073.2589078769088 156.43192232400179 398.66136647760868
leaf_count=2717 2596 1774 3236 9549 1023 2624
internal_value=0.000493788 0.0018483 0.00335552 0.00104415 0.00336654 0.00483648
internal_weight=3635.94 3524.34 3299.53 2937.76 2628.35 2471.92
internal_count=23519 20802 19028 16432 13196 12173
cat_boundaries=0 1
cat_threshold=1
is_linear=0
shrinkage=0.05


Tree=56
num_leaves=7
num_cat=0
split_feature=10 11 9 9 6 12
split_gain=69.4071 44.2663 52.6772 39.6736 34.3184 31.0942
threshold=58.925178527832038 146.29511260986331 93.452117919921889 69.552032470703139 125.48619461059572 78.273498535156264
decision_type=2 2 2 2 2 2
left_child=-1 3 -3 4 -2 -4
right_child=1 2 5 -5 -6 -7
leaf_value=-0.039936828197804981 0.030007591589180333 -0.011059733897307664 0.0043980151725744182 0.041970831564371078 -0.010470580789062281 -0.025053161227966404
leaf_weight=105.78628261573613 86.078259769827127 901.59192290902138 2199.6742255315185 114.81445999443531 130.46891231834888 92.439572855830193
leaf_count=2674 783 6885 10689 575 1261 696
internal_value=-0.000223635 0.000979135 -0.000827865 0.0183453 0.00568361 0.00319986
internal_weight=3630.85 3525.07 3193.71 331.362 216.547 2292.11
internal_count=23563 20889 18270 2619 2044 11385
is_linear=0
shrinkage=0.05


Tree=57
num_leaves=7
num_cat=0
split_feature=14 6 13 9 11 9
split_gain=74.2631 34.6411 28.9491 33.7369 54.474 29.9907
threshold=2.4272441864013676 51.213203430175788 130.79736328125003 67.966827392578139 235.04760742187503 109.83779907226564
decision_type=2 2 2 2 2 2
left_child=-1 -2 3 -3 -5 -6
right_child=1 2 -4 4 5 -7
leaf_value=-0.030849228020809583 0.012750947790294202 -0.012355042307657417 -0.024399467304752179 0.024980465177253053 -0.010202938717118679 0.00365474239549341
leaf_weight=185.55995133519173 573.0831669382751 437.1287470087409 122.38419795036316 245.74713262170553 523.42958547174931 1527.0417998805642
leaf_count=4427 2817 3815 930 1196 2829 7500
internal_value=-0.000127511 0.00154359 -0.000709158 0.000360099 0.00278499 0.000114004
internal_weight=3614.37 3428.81 2855.73 2733.35 2296.22 2050.47
internal_count=23514 19087 16270 15340 11525 10329
is_linear=0
shrinkage=0.05


Tree=58
num_leaves=7
num_cat=0
split_feature=15 13 9 13 10 14
split_gain=71.9252 34.3528 27.2198 26.2088 21.791 20.4041
threshold=3.0754228830337529 170.03442382812503 81.682067871093764 39.331466674804695 139.25409698486331 2.7130717039108281
decision_type=2 2 2 2 2 2
left_child=-1 2 3 5 -4 -2
right_child=1 -3 4 -5 -6 -7
leaf_value=-0.028719424813369889 -0.023475848274641914 -0.040870128686969653 0.028560789114771092 -0.03457772612565798 0.0041578125210428403 0.00044402937180044614
leaf_weight=203.03875370509923 101.24857548438013 45.430710107088089 94.162318475544453 68.793889280408621 2393.3360622152686 695.87729003280401
leaf_count=4029 1826 361 474 659 11706 4457
internal_value=0.000114174 0.00184456 0.00243525 -0.0051957 0.00509267 -0.00261981
internal_weight=3601.89 3398.85 3353.42 865.92 2487.5 797.126
internal_count=23512 19483 19122 6942 12180 6283
is_linear=0
shrinkage=0.05


Tree=59
num_leaves=7
num_cat=0
split_feature=10 11 9 15 6 11
split_gain=74.6507 37.8792 45.1515 35.4992 35.323 32.6971
threshold=57.558624267578132 146.29511260986331 97.358200073242202 5.2673687934875497 87.426406860351577 575.01873779296886
decision_type=2 2 2 2 2 2
left_child=-1 3 -3 4 -2 -4
right_child=1 2 5 -5 -6 -7
leaf_value=-0.043918893025890589 0.041274866418376639 -0.0091758508354484371 0.0092347350082342215 0.030475610730934206 -0.019311021491953715 -0.0030198050124116884
leaf_weight=92.045151691883802 31.553548881784081 972.62172965891659 1216.2169212177396 202.71464629471302 91.231554299592972 983.94088581204414
leaf_count=2578 393 7273 5822 1072 1190 5092
internal_value=0.000283178 0.00145842 -0.000210305 0.017675 -0.00353388 0.00375545
internal_weight=3590.32 3498.28 3172.78 325.5 122.785 2200.16
internal_count=23420 20842 18187 2655 1583 10914
is_linear=0
shrinkage=0.05


Tree=60
num_leaves=7
num_cat=1
split_feature=10 11 9 6 8 5
split_gain=67.8549 35.3956 46.2561 31.5755 26.9441 25.0964
threshold=58.925178527832038 146.29511260986331 80.283309936523452 51.213203430175788 0 0.85537862777709972
decision_type=2 2 2 2 9 2
left_child=-1 4 -3 -4 -2 -5
right_child=1 2 3 5 -6 -7
leaf_value=-0.041175759496106586 0.021281039438256794 -0.012450522554169527 0.015708959313594378 -0.00093564468335989083 -0.025327536810895741 0.022045428455335289
leaf_weight=95.037718461826444 294.9769072458148 617.44931222312152 397.98845868557692 2040.4096665680408 26.86195251904428 125.13929241895676
leaf_count=2724 2162 5475 1696 10535 420 534
internal_value=0.000288026 0.00142444 -0.000176482 0.00278353 0.0171992 0.000401911
internal_weight=3597.86 3502.83 3180.99 2563.54 321.839 2165.55
internal_count=23546 20822 18240 12765 2582 11069
cat_boundaries=0 1
cat_threshold=1
is_linear=0
shrinkage=0.05


Tree=61
num_leaves=7
num_cat=0
split_feature=9 6 13 10 2 14
split_gain=53.1289 30.8542 25.2519 18.9117 24.6572 25.2411
threshold=61.653381347656257 114.08327102661134 170.03442382812503 548.15600585937511 -0.91210421919822682 6.6490476131439218
decision_type=2 2 2 2 2 2
left_child=1 -1 3 4 5 -2
right_child=2 -3 -4 -5 -6 -7
leaf_value=-0.0017025500609335017 -0.0077354306282171924 -0.025224387122059717 -0.034281660416534791 -0.013333197105362227 0.001817325202722556 0.022681554515213871
leaf_weight=254.11952523700893 88.631121233105659 308.28389783017337 45.940818384289742 172.65640699118376 2423.3645380586386 288.92864593118429
leaf_count=3260 489 4820 376 1027 12084 1377
internal_value=-0.00052245 -0.014618 0.0021069 0.00268043 0.00367196 0.0155397
internal_weight=3581.92 562.403 3019.52 2973.58 2800.92 377.56
internal_count=23433 8080 15353 14977 13950 1866
is_linear=0
shrinkage=0.05


Tree=62
num_leaves=7
num_cat=1
split_feature=10 8 11 9 11 13
split_gain=53.9553 38.854 47.9107 35.4983 34.8451 29.6387
threshold=58.925178527832038 0 146.29511260986331 65.767089843750014 821.47601318359386 -33.372215270996087
decision_type=2 9 2 2 2 2
left_child=-1 2 -2 -4 5 -5
right_child=1 -3 3 4 -6 -7
leaf_value=-0.038373649662465925 0.021604496164712099 -0.019232811323586868 -0.015192860711861872 0.0096652200982613855 -0.026543687059602274 -0.0012418329665103561
leaf_weight=89.32886672578752 287.62914076074958 216.27501437813044 329.10595256648958 1071.4613180533051 100.48323138058186 1485.2315561920404
leaf_count=2686 2125 1760 3595 4655 685 8038
internal_value=-0.000220853 0.000766353 0.00214515 0.000271461 0.0021918 0.0033311
internal_weight=3579.52 3490.19 3273.91 2986.28 2657.18 2556.69
internal_count=23544 20858 19098 16973 13378 12693
cat_boundaries=0 1
cat_threshold=1
is_linear=0
shrinkage=0.05


Tree=63
num_leaves=7
num_cat=1
split_feature=15 8 11 10 9 13
split_gain=60.3759 25.1609 32.002 37.8338 33.8524 33.8255
threshold=2.7864011526107793 0 197.3490905761719 83.653842926025405 109.83779907226564 -36.484504699707024
decision_type=2 9 2 2 2 2
left_child=-1 2 3 -2 5 -4
right_child=1 -3 4 -5 -6 -7
leaf_value=-0.032480826496201154 -0.0088385774796658195 -0.014939387551725575 0.0034435186698653728 0.023055053012273247 0.0046551461538306858 -0.015231296659867333
leaf_weight=135.19562821649015 126.18118764460087 208.22533104009926 435.78169203922153 347.71876538731158 1756.7111866250634 544.76923897862434
leaf_count=3264 1477 1648 2380 2107 8641 3938
internal_value=0.000166073 0.00146598 0.0025726 0.0145623 0.000501667 -0.00693668
internal_weight=3554.58 3419.39 3211.16 473.9 2737.26 980.551
internal_count=23455 20191 18543 3584 14959 6318
cat_boundaries=0 1
cat_threshold=1
is_linear=0
shrinkage=0.05


Tree=64
num_leaves=7
num_cat=0
split_feature=15 6 1 0 11 11
split_gain=50.2733 33.414 27.5682 27.5559 47.1842 28.6968
threshold=2.7864011526107793 101.51743698120119 0.52262595295906078 30.232268333435062 595.72775268554699 266.76844787597662
decision_type=2 2 2 2 2 2
left_child=-1 -2 3 5 -5 -3
right_child=1 2 -4 4 -6 -7
leaf_value=-0.030830844256231227 0.007844911793982166 0.010423669597101575 -0.01112826410104335 0.033690401686457552 -0.0047543433901993046 -0.0065751242026223207
leaf_weight=129.63674720935524 1123.046566279605 329.96669095940888 678.41165933012962 155.05852942168713 162.91005273163319 993.03569069132209
leaf_count=3244 6205 2660 4092 737 935 5705
internal_value=-0.000385635 0.000769507 -0.00265831 0.000847986 0.0140402 -0.00233083
internal_weight=3572.07 3442.43 2319.38 1640.97 317.969 1323
internal_count=23578 20334 14129 10037 1672 8365
is_linear=0
shrinkage=0.05


Tree=65
num_leaves=7
num_cat=0
split_feature=14 5 11 14 12 10
split_gain=57.6608 34.1224 28.3247 23.846 24.8848 19.3846
threshold=2.4272441864013676 0.8178185522556306 774.07891845703136 15.678966522216799 39.605316162109382 58.925178527832038
decision_type=2 2 2 2 2 2
left_child=-1 2 3 4 5 -2
right_child=1 -3 -4 -5 -6 -7
leaf_value=-0.029461639509041144 -0.034948662110634125 0.018258191335713155 -0.021232090228811038 0.013170041097446978 -0.016109737353334333 0.00096408765853116035
leaf_weight=164.83888065256178 37.178244205191731 255.73725129291415 158.44619444012642 324.59940165281296 251.15611190907657 2378.0453480388969
leaf_count=4469 687 1120 1085 1579 1816 12825
internal_value=-0.000671628 0.000730294 -0.000698337 0.000396165 -0.00116325 0.000397037
internal_weight=3570 3405.16 3149.43 2990.98 2666.38 2415.22
internal_count=23581 19112 17992 16907 15328 13512
is_linear=0
shrinkage=0.05


Tree=66
num_leaves=7
num_cat=0
split_feature=9 11 10 13 13 13
split_gain=51.5524 31.8273 34.1411 29.422 26.392 26.0762
threshold=33.920433044433601 246.84707641601565 205.93325805664065 130.79736328125003 -20.622901916503903 -5.1369171142578116
decision_type=2 2 2 2 2 2
left_child=5 -2 4 -4 -3 -1
right_child=1 2 3 -5 -6 -7
leaf_value=-0.0027956507776061195 0.01232237499293367 -0.002580172112348217 0.0024575759004284354 -0.02319125330352079 -0.033542724300641549 -0.043936215968168969
leaf_weight=64.69840364344418 578.11107635684311 145.67476996034384 2413.4863884821534 116.24059533327818 129.76745495200157 94.701973693445325
leaf_count=1728 3632 911 12258 935 1020 3021
internal_value=0.000337969 0.0016506 -0.000552324 0.00127032 -0.0172359 -0.0273594
internal_weight=3542.68 3383.28 2805.17 2529.73 275.442 159.4
internal_count=23505 18756 15124 13193 1931 4749
is_linear=0
shrinkage=0.05


Tree=67
num_leaves=7
num_cat=0
split_feature=15 11 0 13 11 1
split_gain=41.5306 30.1806 30.7862 40.9367 31.1042 25.2579
threshold=2.7864011526107793 810.99151611328136 30.232268333435062 4.2323303222656259 592.37945556640636 0.45015430450439459
decision_type=2 2 2 2 2 2
left_child=-1 2 3 -2 5 -4
right_child=1 -3 4 -5 -6 -7
leaf_value=-0.028789359801563941 0.0038560004527095093 -0.024425522997888166 0.034153982616414488 -0.0088514740839268965 -0.00032861027765118716 0.0019776021592741752
leaf_weight=123.39485773257911 1803.6299749612808 115.19852611422539 190.95324349403381 975.8342926427722 249.24276851117611 89.583073288202286
leaf_count=3222 10126 792 883 6792 1267 428
internal_value=-0.000409812 0.000620911 0.00149992 -0.00060701 0.0125342 0.0239227
internal_weight=3547.84 3424.44 3309.24 2779.46 529.779 280.536
internal_count=23510 20288 19496 16918 2578 1311
is_linear=0
shrinkage=0.05


Tree=68
num_leaves=7
num_cat=0
split_feature=10 11 0 13 4 13
split_gain=42.9894 28.6896 37.5552 36.5385 23.4343 17.9901
threshold=58.925178527832038 638.89141845703136 30.654456138610843 4.2323303222656259 0.47701202332973486 130.79736328125003
decision_type=2 2 2 2 2 2
left_child=-1 2 3 -2 -5 -3
right_child=1 5 -4 4 -6 -7
leaf_value=-0.036424679409317699 0.0053475410697919456 -0.006101805432059992 0.018918910260645794 -0.010877798127444736 0.012470589366109678 -0.03654314140623955
leaf_weight=79.080796126276255 1565.1083824858069 649.70707887411118 323.19117760658264 735.13321901299059 124.97960974834859 51.534247983247042
leaf_count=2677 9121 3381 1524 5452 833 443
internal_value=-0.000208363 0.000632184 0.00293579 0.000798922 -0.00747459 -0.00838779
internal_weight=3528.73 3449.65 2748.41 2425.22 860.113 701.241
internal_count=23431 20754 16930 15406 6285 3824
is_linear=0
shrinkage=0.05


Tree=69
num_leaves=7
num_cat=1
split_feature=8 14 11 5 11 9
split_gain=45.8639 32.8316 35.2509 22.9758 20.5473 19.6059
threshold=0 6.6490476131439218 238.73895263671878 0.3219106793403626 708.42291259765636 112.71453857421876
decision_type=9 2 2 2 2 2
left_child=1 5 -3 4 -4 -1
right_child=-2 2 3 -5 -6 -7
leaf_value=-0.008757666042246183 -0.020845740561008345 0.02192938914630092 0.00167146420812293 0.010996736990532234 -0.014847764416576457 0.011228959836717222
leaf_weight=891.01829689182341 238.50152397714555 262.49552688747644 1233.4488568156958 568.69505725800991 221.11516696214676 141.39258400350809
leaf_count=8619 2943 1331 6120 2484 1384 733
internal_value=-0.000170228 0.00138035 0.00472657 0.00248496 -0.000848177 -0.0060122
internal_weight=3556.67 3318.17 2285.75 2023.26 1454.56 1032.41
internal_count=23614 20671 11319 9988 7504 9352
cat_boundaries=0 1
cat_threshold=1
is_linear=0
shrinkage=0.05


Tree=70
num_leaves=7
num_cat=0
split_feature=10 6 9 5 2 1
split_gain=37.8396 30.8318 25.7981 20.1076 17.7212 17.6263
threshold=57.558624267578132 125.48619461059572 65.767089843750014 0.89564219117164623 0.89258152246475231 0.50888288021087658
decision_type=2 2 2 2 2 2
left_child=-1 4 -3 5 -2 -4
right_child=1 2 3 -5 -6 -7
leaf_value=-0.035590028914903656 0.0089797755077462797 -0.017654348128435259 0.0009290388913531704 0.020251553815443982 -0.0069352827792042455 -0.010128220796804199
leaf_weight=72.751718105748296 1133.9423729516566 267.3219819907099 1219.0396913290024 103.44754980504513 206.01315191015601 510.62063734978437
leaf_count=2628 6416 3248 6719 450 1194 2849
internal_value=-0.000153426 0.000606054 -0.00317411 -0.00105398 0.00652955 -0.00233919
internal_weight=3513.14 3440.39 2100.43 1833.11 1339.96 1729.66
internal_count=23504 20876 13266 10018 7610 9568
is_linear=0
shrinkage=0.05


Tree=71
num_leaves=7
num_cat=1
split_feature=10 11 9 8 12 11
split_gain=38.2427 26.7474 33.8448 32.5612 29.7871 27.1294
threshold=58.925178527832038 204.71413421630862 109.83779907226564 0 -22.085342407226559 575.01873779296886
decision_type=2 2 2 9 2 2
left_child=-1 3 4 -2 -3 -4
right_child=1 2 5 -5 -6 -7
leaf_value=-0.035315472531086238 0.014861068196557838 0.0021600642023689299 0.0087942155620554224 -0.027587963797661388 -0.015131134019859167 -0.0031838418490681628
leaf_weight=73.742918679490685 479.96824429370463 412.72338462807238 969.76296216994524 40.484628651291132 626.26982336863875 920.65380695462227
leaf_count=2701 3622 2187 4602 641 5012 4831
internal_value=6.8501e-05 0.00083487 -0.00102202 0.0112684 -0.00826701 0.00296217
internal_weight=3523.61 3449.86 2929.41 520.453 1038.99 1890.42
internal_count=23596 20895 16632 4263 7199 9433
cat_boundaries=0 1
cat_threshold=1
is_linear=0
shrinkage=0.05


Tree=72
num_leaves=7
num_cat=1
split_feature=14 8 5 14 6 4
split_gain=40.6316 20.8751 18.9544 16.6624 15.9071 15.944
threshold=2.3374314308166508 0 -0.082564081996679292 7.6831090450286874 51.213203430175788 0.47701202332973486
decision_type=2 9 2 2 2 2
left_child=-1 2 4 -4 -2 -6
right_child=1 -3 3 -5 5 -7
leaf_value=-0.026429280555181484 0.013302290540841087 -0.014642181369383611 -0.00095069489610680701 0.0084596610570500577 -0.008492116133295171 0.0064962443574529648
leaf_weight=140.11816772446036 129.90133768320084 190.82685684040189 756.06112694367766 1243.1807781532407 806.21998974680901 226.61586350947618
leaf_count=4276 682 1301 4873 5866 5013 1416
internal_value=-0.000147197 0.000958719 0.00194472 0.00490221 -0.00312362 -0.0052004
internal_weight=3492.92 3352.81 3161.98 1999.24 1162.74 1032.84
internal_count=23427 19151 17850 10739 7111 6429
cat_boundaries=0 1
cat_threshold=1
is_linear=0
shrinkage=0.05


Tree=73
num_leaves=7
num_cat=1
split_feature=15 11 9 8 10 11
split_gain=37.5031 21.3116 31.7752 22.2871 19.5783 18.0396
threshold=2.7864011526107793 171.14219665527347 61.653381347656257 0 58.925178527832038 708.42291259765636
decision_type=2 2 2 9 2 2
left_child=-1 3 -3 4 -2 -4
right_child=1 2 5 -5 -6 -7
leaf_value=-0.027855198117618531 -0.02427410528643581 -0.0183847276545402 0.0029091972929217442 -0.023250515150708324 0.018556484863715202 -0.0091176707314257789
leaf_weight=112.37597237899899 27.936117978766561 219.52111268788576 2390.3913215585053 33.232469849288464 364.07147625274956 357.5515503063798
leaf_count=3234 659 2599 11980 536 2401 2094
internal_value=0.000433293 0.00137822 -0.000123413 0.0118328 0.0150668 0.00134156
internal_weight=3505.08 3392.7 2967.46 425.24 392.008 2747.94
internal_count=23503 20269 16673 3596 3060 14074
cat_boundaries=0 1
cat_threshold=1
is_linear=0
shrinkage=0.05


Tree=74
num_leaves=7
num_cat=0
split_feature=15 11 14 12 11 9
split_gain=37.9131 22.6199 27.9065 27.3283 20.4853 18.4618
threshold=2.7864011526107793 782.60632324218761 10.491908073425295 29.303771972656254 575.01873779296886 185.77212524414065
decision_type=2 2 2 2 2 2
left_child=-1 2 3 -2 5 -4
right_child=1 -3 4 -5 -6 -7
leaf_value=-0.027908736282593289 0.00083602700234204478 -0.017542659117702378 0.0098881448916069009 -0.018191151431931667 0.00083712109650086071 0.030141291499258267
leaf_weight=111.42811409942806 1805.760159606114 146.57673678919673 573.5844634026289 209.72812072560191 519.21813337504864 139.64678978919983
leaf_count=3252 11696 1015 2704 1663 2534 659
internal_value=0.000657791 0.00160346 0.00247264 -0.00115195 0.00839624 0.0138902
internal_weight=3505.94 3394.51 3247.94 2015.49 1232.45 713.231
internal_count=23523 20271 19256 13359 5897 3363
is_linear=0
shrinkage=0.05


Tree=75
num_leaves=7
num_cat=1
split_feature=8 14 11 10 9 11
split_gain=31.3817 19.8992 23.4236 28.1106 24.3465 18.854
threshold=0 1.8879044055938723 235.04760742187503 90.323875427246108 78.105331420898452 821.47601318359386
decision_type=9 2 2 2 2 2
left_child=1 -1 3 -3 -4 -6
right_child=-2 2 4 -5 5 -7
leaf_value=-0.026401604191705914 -0.016962917521954252 -0.0065792542403120373 -0.012226376519270292 0.018722493954896051 0.0030195918352392977 -0.019729760080561324
leaf_weight=61.043461814522743 232.584896678105 151.89893946237862 339.74309029057622 390.90543353185058 2221.3944077938795 93.977421618998051
leaf_count=1825 2990 1801 2816 2419 10922 690
internal_value=0.000352842 0.00164046 0.00218895 0.0116429 0.000252545 0.00208811
internal_weight=3491.55 3258.96 3197.92 542.804 2655.11 2315.37
internal_count=23463 20473 18648 4220 14428 11612
cat_boundaries=0 1
cat_threshold=1
is_linear=0
shrinkage=0.05


Tree=76
num_leaves=7
num_cat=0
split_feature=15 6 1 11 11 13
split_gain=32.2737 27.7305 21.4989 18.0002 24.9044 21.2199
threshold=2.7864011526107793 125.48619461059572 0.47271177172660833 146.29511260986331 111.71349716186525 1.162712097167969
decision_type=2 2 2 2 2 2
left_child=-1 3 -3 4 -2 -5
right_child=1 2 -4 5 -6 -7
leaf_value=-0.027337676227499032 -0.0070856166562035753 0.00018307351472896725 -0.010844551049746203 0.0063768378913628965 0.041830947411960251 -0.016093331273639221
leaf_weight=107.33247208036482 39.376668123528361 1424.3119154740125 639.79733063280582 1097.3936401437968 74.256878161802888 115.22510908730328
leaf_count=3265 515 8920 3950 5618 533 739
internal_value=-0.000472742 0.000385562 -0.00323868 0.00602433 0.0249663 0.00423018
internal_weight=3497.69 3390.36 2064.11 1326.25 113.634 1212.62
internal_count=23540 20275 12870 7405 1048 6357
is_linear=0
shrinkage=0.05


Tree=77
num_leaves=7
num_cat=0
split_feature=10 6 13 2 5 11
split_gain=28.477 26.6393 27.7237 22.4049 20.7376 19.1278
threshold=57.558624267578132 63.541019439697273 -105.10650634765624 0.88794475793838512 0.15444625169038775 144.09914398193362
decision_type=2 2 2 2 2 2
left_child=-1 3 -3 5 -4 -2
right_child=1 2 4 -5 -6 -7
leaf_value=-0.033402928971611665 0.045386312397971293 -0.026126453035632699 -0.0040974204301103502 -0.011449513058465229 0.0052614178438322706 0.010217078405869308
leaf_weight=62.108807891607285 40.514099135994911 111.46205053478479 1661.4542534537613 114.19137295335531 918.19509002193809 589.81212934479117
leaf_count=2598 375 514 11444 672 4811 3142
internal_value=-0.000120071 0.000491156 -0.00182524 0.00885514 -0.000765507 0.0125459
internal_weight=3497.74 3435.63 2691.11 744.518 2579.65 630.326
internal_count=23556 20958 16769 4189 16255 3517
is_linear=0
shrinkage=0.05


Tree=78
num_leaves=7
num_cat=0
split_feature=15 12 2 5 11 10
split_gain=30.9633 25.5717 18.393 18.3916 17.4186 17.4167
threshold=3.7439332008361821 -3.7798843383789058 -0.37187235057353968 0.93585050106048595 146.29511260986331 103.13814926147462
decision_type=2 2 2 2 2 2
left_child=1 2 -1 4 5 -2
right_child=3 -3 -4 -5 -6 -7
leaf_value=-0.020541171170160574 0.0021543130764380687 -0.026021954189650337 0.014791591161383622 0.017515297043857531 -0.0003097491463173776 0.027530692998557635
leaf_weight=58.61774530261755 160.81743289716542 191.7557206004858 95.385234516113997 176.01594379916787 2684.2174618113786 115.90319964848459
leaf_count=722 1348 4018 1205 778 14793 657
internal_value=0.000293069 -0.0138852 0.00129722 0.00185974 0.000923479 0.012844
internal_weight=3482.71 345.759 154.003 3136.95 2960.94 276.721
internal_count=23521 5945 1927 17576 16798 2005
is_linear=0
shrinkage=0.05


Tree=79
num_leaves=7
num_cat=1
split_feature=8 6 13 9 14 13
split_gain=24.3635 18.7603 27.7129 23.4713 17.4278 19.9688
threshold=0 63.541019439697273 -111.01580810546874 65.767089843750014 16.510452270507816 146.26402282714847
decision_type=9 2 2 2 2 2
left_child=1 -1 -3 -4 5 -5
right_child=-2 2 3 4 -6 -7
leaf_value=0.0080477658056934947 -0.015724531548468496 -0.028447803723442851 -0.011735130198657472 0.0011498493483298997 0.014396087194863608 -0.030686211194638238
leaf_weight=718.25147963594645 224.83369152806699 88.369288846850395 367.53464149683714 1789.5936184562743 246.9304918423295 49.648582398891449
leaf_count=4105 2957 409 4940 9379 1305 431
internal_value=-0.000204592 0.000915571 -0.00109837 -0.000102201 0.00195189 0.000274257
internal_weight=3485.16 3260.33 2542.08 2453.71 2086.17 1839.24
internal_count=23526 20569 16464 16055 11115 9810
cat_boundaries=0 1
cat_threshold=1
is_linear=0
shrinkage=0.05


Tree=80
num_leaves=7
num_cat=0
split_feature=14 11 13 0 10 11
split_gain=24.8563 18.5099 24.2071 21.5003 19.7593 19.3085
threshold=2.3374314308166508 186.66416931152347 -36.484504699707024 13.949836730957033 57.558624267578132 611.35473632812511
decision_type=2 2 2 2 2 2
left_child=-1 4 5 -4 -2 -3
right_child=1 2 3 -5 -6 -7
leaf_value=-0.02133424519991782 -0.029371005892817915 0.0094258314643697882 -0.015084718841009599 -0.0014225842440823019 0.013203488373736373 -0.0044278283345352935
leaf_weight=129.62634649965912 28.239715158939362 791.45694620162249 363.91544819157571 1366.9308463297784 413.42556649632752 367.73748522438109
leaf_count=4259 691 3692 2999 7428 2675 1687
internal_value=6.13645e-05 0.000899953 -0.000558202 -0.00430214 0.0104211 0.00503093
internal_weight=3461.33 3331.71 2890.04 1730.85 441.665 1159.19
internal_count=23431 19172 15806 10427 3366 5379
is_linear=0
shrinkage=0.05


Tree=81
num_leaves=7
num_cat=0
split_feature=15 12 11 14 12 14
split_gain=26.9291 24.1234 19.295 21.9653 21.1535 16.9107
threshold=3.7175353765487675 -3.7798843383789058 708.42291259765636 16.703247070312504 20.765380859375004 4.9176824092864999
decision_type=2 2 2 2 2 2
left_child=1 -1 3 4 -2 -6
right_child=2 -3 -4 -5 5 -7
leaf_value=0.001462696926206219 0.0033228919724949662 -0.025990476354108769 -0.010360782468669063 0.018194289453600982 -0.032315898541959515 -0.0046168773182190372
leaf_weight=142.13015397731215 2150.7806584425271 181.81028627324849 325.78890849091113 204.9710973277688 62.992231698706746 400.51074029877782
leaf_count=1849 11573 4022 1926 977 668 2530
internal_value=-0.000274301 -0.0139779 0.00114116 0.00247351 0.00123445 -0.00844277
internal_weight=3468.98 323.94 3145.04 2819.25 2614.28 463.503
internal_count=23545 5871 17674 15748 14771 3198
is_linear=0
shrinkage=0.05


Tree=82
num_leaves=7
num_cat=0
split_feature=10 11 14 10 13 2
split_gain=24.5711 19.2332 28.7404 27.35 24.9079 20.5257
threshold=58.925178527832038 246.84707641601565 1.428783714771271 207.9407653808594 -20.622901916503903 -0.21378448605537412
decision_type=2 2 2 2 2 2
left_child=-1 2 -2 4 -3 -4
right_child=1 3 5 -5 -6 -7
leaf_value=-0.030999095543445373 -0.042414138222178474 -0.0021427301627939929 0.00011022882076748889 0.00089636454090884644 -0.031157093808452791 0.01904311560726904
leaf_weight=60.276589141227305 25.123446440324187 166.04996025748551 244.22787955962121 2502.9988389182836 132.62189902365208 344.94739171862602
leaf_count=2702 732 1239 1813 13280 1259 2552
internal_value=0.00038269 0.000945348 0.00895003 -0.000812338 -0.0150872 0.0112084
internal_weight=3476.25 3415.97 614.299 2801.67 298.672 589.175
internal_count=23577 20875 5097 15778 2498 4365
is_linear=0
shrinkage=0.05


Tree=83
num_leaves=7
num_cat=1
split_feature=10 13 8 11 9 6
split_gain=25.1166 22.8089 16.7233 23.0101 22.6471 21.4073
threshold=58.925178527832038 130.79736328125003 0 162.117790222168 92.675735473632827 125.48619461059572
decision_type=2 2 9 2 2 2
left_child=-1 2 3 5 -5 -2
right_child=1 -3 -4 4 -6 -7
leaf_value=-0.032029768141279884 0.030115721770055989 -0.022628941545225129 -0.013044995795630093 -0.0072043179074202414 0.0031250022343447441 0.0046163309840081502
leaf_weight=59.920357430353761 129.00981544144452 103.56765680015087 186.11299171112478 716.31502195447683 2038.2254718765616 225.55918825790286
leaf_count=2704 974 892 1642 5714 9862 1729
internal_value=-0.000208927 0.000361327 0.00109055 0.00197622 0.000437235 0.0139529
internal_weight=3458.71 3398.79 3295.22 3109.11 2754.54 354.569
internal_count=23517 20813 19921 18279 15576 2703
cat_boundaries=0 1
cat_threshold=1
is_linear=0
shrinkage=0.05


Tree=84
num_leaves=7
num_cat=1
split_feature=8 5 15 12 14 1
split_gain=25.8255 21.462 18.0227 13.624 15.4528 14.4073
threshold=0 0.14616611599922183 2.248516440391541 20.765380859375004 11.213648796081545 0.27942800521850591
decision_type=9 2 2 2 2 2
left_child=1 2 -1 -4 -5 -6
right_child=-2 -3 3 4 5 -7
leaf_value=-0.040054904073986 -0.037468911909291455 0.0054080526204298741 8.0628074446103837e-05 -0.017575604849083461 0.01142822281396225 -0.016359261168477766
leaf_weight=30.765705659985542 34.390511226840317 1349.3565567312762 1599.8735033227131 263.17031042836607 122.49621272087097 73.964066684246063
leaf_count=1366 903 7256 10528 2198 822 513
internal_value=2.30734e-07 0.000493109 -0.0026784 -0.00210089 -0.00967797 0.000936824
internal_weight=3474.02 3439.63 2090.27 2059.5 459.631 196.46
internal_count=23586 22683 15427 14061 3533 1335
cat_boundaries=0 1
cat_threshold=5
is_linear=0
shrinkage=0.05


Tree=85
num_leaves=7
num_cat=1
split_feature=8 5 10 6 1 11
split_gain=24.2118 19.5381 18.2699 17.7824 19.9554 19.4287
threshold=0 0.8178185522556306 133.89868164062503 125.48619461059572 0.52262595295906078 157.42491149902347
decision_type=9 2 2 2 2 2
left_child=1 3 -2 5 -5 -1
right_child=2 -3 -4 4 -6 -7
leaf_value=0.022823013186762518 -0.041741217775777363 0.014762247610187927 -0.0083302880297460771 -0.00012154728113539004 -0.011780908639615974 0.0022478830918713426
leaf_weight=127.78281080536544 53.998886136338115 231.49393253028393 162.71360168978572 1311.7883322341368 508.54807299468666 1054.9161640917882
leaf_count=1353 1833 1033 1071 8975 3454 5715
internal_value=-0.000311996 0.000795684 -0.0160707 -0.000282859 -0.00338351 0.00448829
internal_weight=3451.24 3234.53 216.712 3003.04 1820.34 1182.7
internal_count=23434 20530 2904 19497 12429 7068
cat_boundaries=0 1
cat_threshold=1
is_linear=0
shrinkage=0.05


Tree=86
num_leaves=7
num_cat=0
split_feature=14 5 6 10 6 12
split_gain=21.7541 18.5446 15.3434 25.7676 12.6711 14.0436
threshold=6.6490476131439218 0.3219106793403626 223.43824005126956 324.01483154296881 51.213203430175788 -34.91319274902343
decision_type=2 2 2 2 2 2
left_child=2 4 -1 -4 5 -2
right_child=1 -3 3 -5 -6 -7
leaf_value=-0.0017551916197339878 0.022739827738449445 0.0098926765590282087 -0.021194711833518474 0.015296767559316757 -0.0014481021685113869 -0.0046118718013532832
leaf_weight=733.48285187873989 118.73647722601891 665.13738216459751 271.32186551764607 58.066739769652486 1538.663173276931 76.702364794909954
leaf_count=7388 493 2978 3679 422 8236 362
internal_value=0.000163816 0.00280169 -0.00578774 -0.0147349 7.77153e-05 0.0120365
internal_weight=3462.11 2399.24 1062.87 329.389 1734.1 195.439
internal_count=23558 12069 11489 4101 9091 855
is_linear=0
shrinkage=0.05


Tree=87
num_leaves=7
num_cat=0
split_feature=15 13 14 11 2 11
split_gain=20.9951 17.3052 15.2531 14.7131 12.8368 15.9044
threshold=2.7864011526107793 130.79736328125003 17.548320770263675 782.60632324218761 0.013202057685703041 598.92575073242199
decision_type=2 2 2 2 2 2
left_child=-1 2 3 -2 -3 -6
right_child=1 4 -4 -5 5 -7
leaf_value=-0.02293782835214999 0.0012387600535995224 -0.037355858006190866 0.014652381735438669 -0.017693063035014504 0.026745306203904751 -0.026246420720661842
leaf_weight=94.624792811460793 2942.7679927190766 49.36816830560565 204.51829001307487 105.33431490510702 24.783430177718401 30.416304431855679
leaf_count=3252 17663 447 1033 693 195 275
internal_value=0.000164105 0.000821886 0.00146808 0.000578938 -0.0191017 -0.00240179
internal_weight=3451.81 3357.19 3252.62 3048.1 104.568 55.1997
internal_count=23558 20306 19389 18356 917 470
is_linear=0
shrinkage=0.05


Tree=88
num_leaves=7
num_cat=1
split_feature=8 0 5 6 1 11
split_gain=21.7458 15.1707 18.1228 16.6083 19.6903 16.1484
threshold=0 34.157501220703132 0.73383364081382763 157.26276397705081 0.74332195520401012 577.54113769531261
decision_type=9 2 2 2 2 2
left_child=1 2 3 -1 -5 -3
right_child=-2 5 -4 4 -6 -7
leaf_value=0.0023396806899674285 -0.034683978807157734 0.02503507088896913 0.012034952225456653 -0.0024719992522171386 -0.01714195675064811 0.0016076224675110322
leaf_weight=1367.8446483397856 33.235493038780987 124.16514725983143 264.8840574901551 1177.2386636845767 283.04076818749309 178.75399031490088
leaf_count=8938 916 580 1203 8701 2096 995
internal_value=0.00014844 0.000599789 -0.000445719 -0.00161851 -0.00532521 0.0112612
internal_weight=3429.16 3395.93 3093.01 2828.12 1460.28 302.919
internal_count=23429 22513 20938 19735 10797 1575
cat_boundaries=0 1
cat_threshold=5
is_linear=0
shrinkage=0.05


Tree=89
num_leaves=7
num_cat=0
split_feature=15 6 1 14 11 11
split_gain=19.5793 13.3113 18.695 15.523 17.532 14.8644
threshold=2.3503797054290776 101.51743698120119 0.52262595295906078 15.383927345275881 577.54113769531261 266.76844787597662
decision_type=2 2 2 2 2 2
left_child=-1 -2 3 5 -5 -3
right_child=1 2 -4 4 -6 -7
leaf_value=-0.031135060899446471 0.0045693487601020707 0.0079732951488687993 -0.0092324251091331164 0.027761756134415824 0.00083831096134181961 -0.0042334290322488533
leaf_weight=50.098504554480314 1097.3942062389106 326.59074717666954 657.83805496618152 104.19490537047386 142.35712068527937 1044.0391707839444
leaf_count=2315 6339 2992 4233 485 825 6201
internal_value=-0.000416598 4.88303e-05 -0.00213277 0.000759155 0.0122826 -0.00132114
internal_weight=3422.51 3372.41 2275.02 1617.18 246.552 1370.63
internal_count=23390 21075 14736 10503 1310 9193
is_linear=0
shrinkage=0.05


Tree=90
num_leaves=7
num_cat=0
split_feature=10 13 15 0 4 9
split_gain=20.5694 12.6697 13.2859 13.6597 12.4101 13.7712
threshold=57.558624267578132 170.03442382812503 13.37655019760132 37.784631729125984 0.47701202332973486 111.88244628906251
decision_type=2 2 2 2 2 2
left_child=-1 2 3 4 -2 -6
right_child=1 -3 -4 -5 5 -7
leaf_value=-0.031030380898959393 -0.00057945681876627527 -0.027491505529384855 -0.029961423269836529 0.017735109513101744 8.3083115300977632e-05 0.020641532596957654
leaf_weight=51.759019512683153 2878.5020577544346 39.145519599318504 33.817412920296192 117.80138178914785 174.21511691994965 152.00437369197607
leaf_count=2642 17855 381 167 610 1144 821
internal_value=-5.01014e-05 0.000431143 0.000764901 0.00108656 0.000469241 0.00969625
internal_weight=3447.24 3395.49 3356.34 3322.52 3204.72 326.219
internal_count=23620 20978 20597 20430 19820 1965
is_linear=0
shrinkage=0.05


Tree=91
num_leaves=7
num_cat=0
split_feature=10 6 5 4 2 2
split_gain=19.2495 16.8932 17.407 17.3017 15.5542 11.8079
threshold=57.558624267578132 51.213203430175788 0.35520118474960333 0.09645793586969377 0.88794475793838512 1.0000000180025095e-35
decision_type=2 2 2 2 2 2
left_child=-1 4 3 -3 -2 -5
right_child=1 2 -4 5 -6 -7
leaf_value=-0.030341315089203316 0.011712389309940757 -0.0068254000999520741 0.0067059614076866898 -0.0035433533489436747 -0.010766911589498745 0.0075816366720986451
leaf_weight=49.903856018558145 503.47054428048432 1268.8742975676432 581.49296293966472 470.43845440912992 89.992861986160278 481.89220804255456
leaf_count=2611 2797 8480 2810 3133 531 3229
internal_value=0.000178055 0.000635312 -0.000988189 -0.00300457 0.00829125 0.00208809
internal_weight=3446.07 3396.16 2802.7 2221.2 593.463 952.331
internal_count=23591 20980 17652 14842 3328 6362
is_linear=0
shrinkage=0.05


Tree=92
num_leaves=7
num_cat=1
split_feature=9 11 11 8 10 13
split_gain=17.9099 19.6092 17.5484 20.9385 16.5993 16.5154
threshold=81.007766723632827 635.28466796875011 182.71205139160159 0 122.3334083557129 5.3707618713378915
decision_type=2 2 2 9 2 2
left_child=2 -2 3 4 5 -1
right_child=1 -3 -4 -5 -6 -7
leaf_value=0.010773365609689363 0.0049123548796852733 -0.0050041385020002382 -0.012252679635134602 -0.026067983332012698 0.030971264572895507 -0.01449993235487438
leaf_weight=178.10674241092056 1882.2605987265706 677.09466892108321 490.42498006019741 46.410681367851794 57.467906070873141 100.1543648308143
leaf_count=2191 9296 3751 4769 1741 373 1357
internal_value=0.000178794 0.00228795 -0.00600319 0.00202823 0.0065575 0.00165741
internal_weight=3431.92 2559.36 872.565 382.14 335.729 278.261
internal_count=23478 13047 10431 5662 3921 3548
cat_boundaries=0 1
cat_threshold=1
is_linear=0
shrinkage=0.05


Tree=93
num_leaves=7
num_cat=0
split_feature=15 11 14 12 11 1
split_gain=18.1214 12.7994 13.7013 18.7908 16.8995 15.9252
threshold=2.2960788011550908 782.60632324218761 14.613253116607668 13.465156555175783 577.54113769531261 0.34173436462879186
decision_type=2 2 2 2 2 2
left_child=-1 2 3 -2 5 -4
right_child=1 -3 4 -5 -6 -7
leaf_value=-0.031662434553844904 0.0019532688495134762 -0.013795813055137999 0.028071246447768525 -0.0079956604498124736 -0.00038670203484307493 0.0013977696668048215
leaf_weight=43.4338652305305 2169.8273401511833 149.19400450587273 151.47705284506083 606.40319717861712 244.09587269276381 88.573442578315735
leaf_count=2235 13567 1085 696 4453 1215 425
internal_value=6.23427e-05 0.000475644 0.00113273 -0.000221941 0.00888525 0.0182759
internal_weight=3453 3409.57 3260.38 2776.23 484.146 240.05
internal_count=23676 21441 20356 18020 2336 1121
is_linear=0
shrinkage=0.05


Tree=94
num_leaves=7
num_cat=0
split_feature=15 12 12 6 11 10
split_gain=21.0595 15.8904 15.3 15.4841 15.2285 23.312
threshold=2.7864011526107793 -2.5763015747070308 58.123535156250007 480.46829223632818 146.29511260986331 103.13814926147462
decision_type=2 2 2 2 2 2
left_child=1 -1 3 4 5 -2
right_child=2 -3 -4 -5 -6 -7
leaf_value=0.0012572571659397148 -6.3282511762195455e-05 -0.041775642710520207 -0.01410294192935832 0.017585622126510408 -0.0010031919424828156 0.028610011093913024
leaf_weight=35.745059521868825 186.12368546519428 52.437488338910043 178.23141808435321 132.39998804684728 2716.3593093333766 113.48722987435758
leaf_count=1010 2079 2267 1473 915 15008 701
internal_value=-0.00053585 -0.0245136 0.000106935 0.000915589 0.000178194 0.0108567
internal_weight=3414.78 88.1825 3326.6 3148.37 3015.97 299.611
internal_count=23453 3277 20176 18703 17788 2780
is_linear=0
shrinkage=0.05


Tree=95
num_leaves=7
num_cat=0
split_feature=9 11 2 4 13 11
split_gain=15.9971 22.0922 16.3008 15.2288 14.44 14.0192
threshold=67.966827392578139 139.16780090332034 0.21418783813714984 -0.47299873828887934 -100.17794799804686 575.01873779296886
decision_type=2 2 2 2 2 2
left_child=2 -2 -1 -3 5 -5
right_child=1 3 -4 4 -6 -7
leaf_value=-0.014944220645223834 0.027026684876487551 0.0085632479132149372 0.0015717957003446564 0.0031564899385831745 8.2261822912940621e-05 -0.024697866077553143
leaf_weight=334.74701731000096 80.451295629143715 491.63801915198565 268.85027784015983 72.025145500898361 2054.9194399155676 119.2422224804759
leaf_count=5146 477 2183 3773 309 11109 541
internal_value=-0.000217212 0.00136554 -0.00759733 0.000601894 -0.0011437 -0.0142469
internal_weight=3421.87 2818.28 603.597 2737.82 2246.19 191.267
internal_count=23538 14619 8919 14142 11959 850
is_linear=0
shrinkage=0.05


Tree=96
num_leaves=7
num_cat=0
split_feature=5 4 9 6 0 11
split_gain=18.7527 17.0139 15.7875 15.3375 12.4916 27.1666
threshold=0.030433431267738346 0.024410034529864792 81.007766723632827 51.213203430175788 18.265682220458988 631.71600341796886
decision_type=2 2 2 2 2 2
left_child=2 4 -1 -4 -2 -6
right_child=1 -3 3 -5 5 -7
leaf_value=-0.011851958537384634 -0.0047271882106979862 0.011992819443418973 0.01556286670650996 -0.0027760628139249298 0.011517132494637362 -0.0094721561573626305
leaf_weight=446.07969471346587 584.22784176003188 447.49399740248919 126.24319013208151 1095.5782533884048 502.40255299955606 221.33629014343023
leaf_count=6011 4623 2826 546 6203 2252 1078
internal_value=-1.71407e-05 0.00358902 -0.00381249 -0.000870038 0.000706869 0.0050939
internal_weight=3423.36 1755.46 1667.9 1221.82 1307.97 723.739
internal_count=23539 10779 12760 6749 7953 3330
is_linear=0
shrinkage=0.05


Tree=97
num_leaves=7
num_cat=0
split_feature=9 6 13 11 9 11
split_gain=17.1245 14.7892 28.7179 14.2703 13.3798 23.2737
threshold=25.384708404541019 63.541019439697273 -107.69389343261717 142.33039855957034 111.88244628906251 276.32403564453131
decision_type=2 2 2 2 2 2
left_child=-1 3 -3 -2 5 -4
right_child=1 2 4 -5 -6 -7
leaf_value=-0.027081686096421795 0.032564380604132075 -0.02722154307346359 0.0029215784451397313 0.0044184096475777335 0.002416318302214354 -0.011968209127443168
leaf_weight=58.393894179724157 47.249248276464641 105.21429025568068 494.32021753489971 686.11976861953735 1461.2573428824544 557.69263576157391
leaf_count=3247 421 496 4100 3559 7650 4008
internal_value=-0.000468677 2.89675e-06 -0.00175511 0.00627366 -0.000678588 -0.00497566
internal_weight=3410.25 3351.85 2618.48 733.369 2513.27 1052.01
internal_count=23481 20234 16254 3980 15758 8108
is_linear=0
shrinkage=0.05


Tree=98
num_leaves=7
num_cat=0
split_feature=10 13 0 13 11 9
split_gain=15.0537 13.4132 12.8155 16.3685 11.0356 21.9014
threshold=58.925178527832038 -5.1369171142578116 34.157501220703132 92.082214355468764 182.71205139160159 56.92488098144532
decision_type=2 2 2 2 2 2
left_child=1 -1 3 4 -2 -6
right_child=2 -3 -4 -5 5 -7
leaf_value=0.012217897631395139 0.0082460125377721103 -0.043305917085077375 0.010593614606532045 -0.014151180513392321 -0.018633656666530909 0.00072567233617220955
leaf_weight=15.092139616608618 421.12223259732127 34.804285657592118 302.64450830966234 195.10177176259458 155.03265478741378 2292.6868210360408
leaf_count=726 3610 1984 1586 1598 2485 11563
internal_value=0.000387866 -0.0266016 0.000795659 -0.000175286 0.000779775 -0.00050761
internal_weight=3416.48 49.8964 3366.59 3063.94 2868.84 2447.72
internal_count=23552 2710 20842 19256 17658 14048
is_linear=0
shrinkage=0.05


Tree=99
num_leaves=7
num_cat=0
split_feature=10 13 6 6 4 9
split_gain=16.5731 12.6246 11.3765 14.7163 16.572 13.6512
threshold=58.925178527832038 170.03442382812503 471.95796203613287 125.48619461059572 0.47701202332973486 49.095397949218757
decision_type=2 2 2 2 2 2
left_child=-1 2 3 -2 5 -5
right_child=1 -3 -4 4 -6 -7
leaf_value=-0.028465491466984578 0.00441119093427498 -0.028458708041966735 0.012771781231157195 -0.023698278054703491 0.01065577281275399 -0.0031655318240751858
leaf_weight=47.878296536393464 1335.2201212607324 35.319671902805567 198.01672298833728 84.637668917886913 209.47260636650026 1492.3935895077884
leaf_count=2673 7602 351 1502 1818 1258 8214
internal_value=0.000439803 0.000860654 0.00118107 0.000441992 -0.00252537 -0.00428182
internal_weight=3402.94 3355.06 3319.74 3121.72 1786.5 1577.03
internal_count=23418 20745 20394 18892 11290 10032
is_linear=0
shrinkage=0.05


Tree=100
num_leaves=7
num_cat=0
split_feature=11 15 0 12 9 1
split_gain=14.0855 16.4661 13.2523 11.4375 19.8787 11.418
threshold=821.47601318359386 2.248516440391541 34.157501220703132 31.008747100830082 149.03767395019534 -0.85811966657638539
decision_type=2 2 2 2 2 2
left_child=1 -1 3 5 -5 -3
right_child=-2 2 -4 4 -6 -7
leaf_value=-0.032760968405537778 -0.019342541158225618 0.0078055507467515318 0.011165253369377105 -0.018018846288696846 0.0061402695273328374 -0.00068335490504186746
leaf_weight=36.188676686026156 92.618242997676134 483.54728217422962 275.88080077618361 218.45892399549484 138.46602378040552 2169.8566330661997
leaf_count=2174 716 3081 1360 1782 951 13558
internal_value=-0.000215764 0.000323092 0.000697278 -0.000265446 -0.00865555 0.000865992
internal_weight=3415.02 3322.4 3286.21 3010.33 356.925 2653.4
internal_count=23622 22906 20732 19372 2733 16639
is_linear=0
shrinkage=0.05


Tree=101
num_leaves=7
num_cat=0
split_feature=9 11 11 10 4 13
split_gain=16.233 16.5456 12.5302 16.2 11.0601 10.9011
threshold=81.007766723632827 139.16780090332034 182.71205139160159 85.248794555664077 0.50167682766914379 -5.1369171142578116
decision_type=2 2 2 2 2 2
left_child=2 -2 3 5 -4 -1
right_child=1 -3 4 -5 -6 -7
leaf_value=0.0051628457957198547 0.031628347744354621 0.0011737901462903 -0.0092095940817829066 0.0095043840014374763 -0.036066203273394166 -0.021496930030439735
leaf_weight=61.35355737991631 44.40611968934536 2515.3817221298814 438.16080010868609 216.33813236001879 41.224531892687082 99.810498627834022
leaf_count=1154 272 12785 4466 1708 341 2814
internal_value=-0.000280037 0.00171425 -0.00623264 0.000582482 -0.0115894 -0.0113786
internal_weight=3416.68 2559.79 856.888 377.502 479.385 161.164
internal_count=23540 13057 10483 5676 4807 3968
is_linear=0
shrinkage=0.05


Tree=102
num_leaves=7
num_cat=1
split_feature=8 5 10 11 2 11
split_gain=17.0469 11.7211 10.8376 12.5998 11.9831 10.8089
threshold=0 0.73383364081382763 148.08760070800784 480.80278015136724 0.12564498931169513 631.71600341796886
decision_type=9 2 2 2 2 2
left_child=1 5 -2 4 -4 -1
right_child=2 -3 3 -5 -6 -7
leaf_value=0.0016390083070965946 -0.033308801101012996 0.010772916045753339 -0.012360736519922932 -0.018173918337056821 0.03262824298150116 -0.0059337532952043531
leaf_weight=2317.6374014765024 53.117080621886998 281.21206255070865 27.634289926849306 96.842995285987854 29.899600444361567 590.39373016450554
leaf_count=15893 1952 1283 220 588 202 3389
internal_value=0.000119144 0.00104096 -0.013394 -0.00723358 0.0111774 0.000100061
internal_weight=3396.74 3189.24 207.494 154.377 57.5339 2908.03
internal_count=23527 20565 2962 1010 422 19282
cat_boundaries=0 1
cat_threshold=1
is_linear=0
shrinkage=0.05


Tree=103
num_leaves=7
num_cat=0
split_feature=6 13 15 15 11 10
split_gain=15.051 17.3742 16.687 14.003 13.6934 24.0132
threshold=63.541019439697273 -105.10650634765624 4.0515885353088388 10.771838665008547 235.04760742187503 203.49319458007815
decision_type=2 2 2 2 2 2
left_child=3 -2 -3 -1 -4 -6
right_child=1 2 4 -5 5 -7
leaf_value=0.0075358652381381404 -0.021153389701986457 -0.011308227429572937 0.0088481178635900389 -0.02451800434187975 -0.019109006743514664 0.00047695755925755267
leaf_weight=709.845693285577 112.74024393968284 349.35022619087249 395.91206953302026 34.826302532106638 172.23592611402273 1618.9533054828644
leaf_count=4534 536 5641 2611 162 1237 8785
internal_value=-0.000269577 -0.00203518 -0.00117741 0.00600592 0.00044523 -0.00141599
internal_weight=3393.86 2649.19 2536.45 744.672 2187.1 1791.19
internal_count=23506 18810 18274 4696 12633 10022
is_linear=0
shrinkage=0.05


Tree=104
num_leaves=7
num_cat=1
split_feature=8 14 12 11 9 4
split_gain=11.2275 10.8222 14.1672 11.7502 16.4587 11.1112
threshold=0 19.493299484252933 58.123535156250007 652.78167724609386 149.03767395019534 0.47701202332973486
decision_type=9 2 2 2 2 2
left_child=1 2 5 4 -4 -1
right_child=-2 -3 3 -5 -6 -7
leaf_value=-0.00021579151555662846 -0.025964899980231628 0.015338819931353243 -0.022510704033885998 -0.035911127089174454 0.016245105846921012 0.0099398416010857971
leaf_weight=2772.1657223342918 29.34273161040619 118.64847782254219 62.13995167799294 45.010336585342884 47.456609904766083 297.31098803412169
leaf_count=18730 881 624 555 429 343 1843
internal_value=0.000257357 0.000571179 2.49027e-05 -0.0146936 -0.00573383 0.000770805
internal_weight=3372.07 3342.73 3224.08 154.607 109.597 3069.48
internal_count=23405 22524 21900 1327 898 20573
cat_boundaries=0 1
cat_threshold=5
is_linear=0
shrinkage=0.05


Tree=105
num_leaves=7
num_cat=0
split_feature=13 15 0 13 9 1
split_gain=10.6813 10.9617 12.2574 12.6329 19.5433 19.4671
threshold=170.03442382812503 13.37655019760132 32.71974182128907 4.6524581909179696 49.095397949218757 0.71476092934608471
decision_type=2 2 2 2 2 2
left_child=1 2 3 -1 -5 -6
right_child=-2 -3 -4 4 5 -7
leaf_value=0.0024005924553994916 -0.02647520299483427 -0.026828555119802262 0.0099159466150002453 -0.028646717552854702 0.0012770645259155907 -0.016317788481180876
leaf_weight=1968.5445052161813 35.237189259380102 34.481563225388527 352.33083314448595 76.226389836519957 737.28094464167953 198.76974682323635
leaf_count=13014 369 172 1803 2216 4706 1274
internal_value=0.000526203 0.000816507 0.00111046 6.66784e-05 -0.0044699 -0.00247262
internal_weight=3402.87 3367.63 3333.15 2980.82 1012.28 936.051
internal_count=23554 23185 23013 21210 8196 5980
is_linear=0
shrinkage=0.05


Tree=106
num_leaves=7
num_cat=0
split_feature=5 15 4 12 9 0
split_gain=14.7371 13.7314 11.8966 11.7973 9.16705 12.7877
threshold=0.15444625169038775 2.3503797054290776 0.024410034529864792 56.165557861328132 113.55134582519533 14.35882616043091
decision_type=2 2 2 2 2 2
left_child=1 -1 -2 4 -3 -6
right_child=2 3 -4 -5 5 -7
leaf_value=-0.033710804046369315 0.0017759127505868816 -0.0042643712991839826 0.013157852187784036 -0.015950722435244216 0.022727047513254831 0.00096240561020196735
leaf_weight=33.472182925790548 1017.2355903876014 972.5526015162468 295.65187236387283 138.01434839516878 72.196074798703194 866.98245242983103
leaf_count=2063 5533 8352 1643 1256 381 4350
internal_value=0.000200002 -0.00241442 0.0043471 -0.00188716 -0.000864057 0.00265788
internal_weight=3396.11 2083.22 1312.89 2049.75 1911.73 939.179
internal_count=23578 16402 7176 14339 13083 4731
is_linear=0
shrinkage=0.05


Tree=107
num_leaves=7
num_cat=1
split_feature=11 2 8 10 14 12
split_gain=11.1505 12.1537 12.1116 13.4352 13.3923 13.5043
threshold=782.60632324218761 -0.27843581140041346 0 133.89868164062503 14.613253116607668 13.465156555175783
decision_type=2 2 9 2 2 2
left_child=2 -2 4 -4 5 -1
right_child=1 -3 3 -5 -6 -7
leaf_value=0.0019251431387581665 -0.030457215380379495 -0.0012531080817153632 -0.035240480011947781 -0.0043682669780685558 0.009337986636001409 -0.0068288460249350431
leaf_weight=2044.2552747973241 60.252081666141748 85.367348734289408 45.245373020879924 149.64449589978904 453.85524930804968 560.50400960631669
leaf_count=13196 448 637 1864 1011 2169 4238
internal_value=2.61335e-05 -0.013462 0.000633784 -0.0111116 0.00141725 3.9522e-05
internal_weight=3399.12 145.619 3253.5 194.89 3058.61 2604.76
internal_count=23563 1085 22478 2875 19603 17434
cat_boundaries=0 1
cat_threshold=1
is_linear=0
shrinkage=0.05


Tree=108
num_leaves=7
num_cat=0
split_feature=13 10 11 6 10 6
split_gain=11.3065 11.4623 12.3636 13.7565 12.1784 12.209
threshold=170.03442382812503 58.925178527832038 146.29511260986331 477.17082214355474 103.13814926147462 240.93386840820315
decision_type=2 2 2 2 2 2
left_child=1 -1 4 -4 -3 -6
right_child=-2 2 3 -5 5 -7
leaf_value=-0.024316677079908949 -0.027901894949844158 0.0022276408640178338 -0.0007237129976788608 0.013652363265691787 0.035148043008450945 0.0024972975907997502
leaf_weight=44.06780148204416 33.839197877794504 170.76178272813559 2841.8593201655895 175.75160477962345 75.480771736241877 46.021453071385622
leaf_count=2698 367 1784 16593 1294 508 313
internal_value=0.00043552 0.000729659 0.00107037 0.000117823 0.0108714 0.0229022
internal_weight=3387.78 3353.94 3309.87 3017.61 292.264 121.502
internal_count=23557 23190 20492 17887 2605 821
is_linear=0
shrinkage=0.05


Tree=109
num_leaves=7
num_cat=0
split_feature=15 6 2 13 9 11
split_gain=14.4281 10.0679 23.4084 19.0963 15.2086 17.3815
threshold=2.6178411245346074 51.213203430175788 0.88794475793838512 -137.98153686523435 67.297321319580092 139.16780090332034
decision_type=2 2 2 2 2 2
left_child=-1 2 -2 -3 -5 -6
right_child=1 3 -4 4 5 -7
leaf_value=-0.024584811467081306 0.010243821755483993 -0.030291668659150783 -0.01730487611996091 -0.00986300525424905 0.024601753962857197 -4.7040638630423423e-05
leaf_weight=60.57241096207872 482.85967959556729 55.088774660602212 90.791726813651621 395.07935132086277 72.896837785840034 2224.8536571450531
leaf_count=2843 2736 261 520 4803 447 11936
internal_value=-0.000602365 -0.000157752 0.00586117 -0.00141593 -0.000814174 0.000745312
internal_weight=3382.14 3321.57 573.651 2747.92 2692.83 2297.75
internal_count=23546 20703 3256 17447 17186 12383
is_linear=0
shrinkage=0.05


Tree=110
num_leaves=7
num_cat=0
split_feature=5 14 11 1 14 7
split_gain=11.1023 15.9906 16.4112 12.0844 11.7436 9.76213
threshold=0.0045844926498830327 8.9612083435058612 429.69168090820318 -0.12961624562740323 2.4272441864013676 13.466137886047365
decision_type=2 2 2 2 2 2
left_child=4 5 -3 -4 -1 -2
right_child=1 2 3 -5 -6 -7
leaf_value=-0.025361534574567236 -0.0028946143056438538 0.019025762260738016 0.010252550278388903 -0.002832022251350908 -0.0020257639079724887 0.024758743151972802
leaf_weight=54.959224464837462 866.29799617268145 230.01188687980175 349.12315482273698 355.08149539679289 1485.064464060124 32.138775783590972
leaf_count=2249 7024 1104 1661 1674 9495 287
internal_value=0.000253953 0.00288298 0.00745966 0.00366025 -0.00287447 -0.00187897
internal_weight=3372.68 1832.65 934.217 704.205 1540.02 898.437
internal_count=23494 11750 4439 3335 11744 7311
is_linear=0
shrinkage=0.05


Tree=111
num_leaves=7
num_cat=0
split_feature=6 2 4 9 11 10
split_gain=10.2508 16.7269 15.6591 13.1108 9.89173 17.1903
threshold=125.48619461059572 0.96931394934654247 0.2691610604524613 32.823272705078132 146.29511260986331 103.13814926147462
decision_type=2 2 2 2 2 2
left_child=1 4 3 -2 5 -1
right_child=2 -3 -4 -5 -6 -7
leaf_value=0.0060300598053277237 -0.034453936748025146 -0.016492366953802125 0.0050880409847433843 -0.004669969944918171 0.0028190283135559342 0.049585142246517583
leaf_weight=80.523228331934661 36.890630064532161 104.68081580847502 459.99137567495927 1541.0299107870087 1125.5899730343372 30.711790358647704
leaf_count=1459 2255 695 3232 9368 6220 229
internal_value=-0.000788123 0.00260482 -0.00302179 -0.00538768 0.00423316 0.0183902
internal_weight=3379.42 1341.51 2037.91 1577.92 1236.82 111.235
internal_count=23458 8603 14855 11623 7908 1688
is_linear=0
shrinkage=0.05


Tree=112
num_leaves=7
num_cat=1
split_feature=8 5 13 1 13 15
split_gain=14.4978 11.1493 12.5729 10.0407 12.6527 12.5025
threshold=0 0.93585050106048595 -151.76852416992185 0.79671216011047374 10.623428344726564 8.7495861053466815
decision_type=9 2 2 2 2 2
left_child=1 2 -1 -4 5 -5
right_child=-2 -3 3 4 -6 -7
leaf_value=-0.02030627033725551 -0.029517825098799133 0.012674116750414336 0.0017818365919649534 0.0041771951958351084 -0.016229112854131152 -0.021129712241036401
leaf_weight=73.49502937309444 29.212574576027691 182.33859944716096 2557.0251325778663 288.21946956356987 186.26899417024106 57.71185977011919
leaf_count=337 925 825 17755 1951 1445 278
internal_value=0.000328947 0.000684515 -8.33878e-06 0.000480979 -0.00576078 -9.35013e-05
internal_weight=3374.27 3345.06 3162.72 3089.23 532.2 345.931
internal_count=23516 22591 21766 21429 3674 2229
cat_boundaries=0 1
cat_threshold=5
is_linear=0
shrinkage=0.05


Tree=113
num_leaves=7
num_cat=0
split_feature=14 11 9 13 2 11
split_gain=15.054 14.4618 21.0177 25.4545 18.1754 14.4609
threshold=2.9565222263336186 204.71413421630862 109.83779907226564 -36.484504699707024 -0.62688001990318287 681.69326782226574
decision_type=2 2 2 2 2 2
left_child=-1 -2 3 -3 5 -4
right_child=1 2 4 -5 -6 -7
leaf_value=-0.01356705871846718 0.0099534905409490813 0.0030754975632119458 0.015583352468670972 -0.013653143940142201 9.2229833831376247e-05 -0.0040662481881373882
leaf_weight=173.96071630530059 435.41806020680815 417.17459414713085 405.95412879437208 498.06347505003214 1319.9622639790177 121.14831603318453
leaf_count=5449 3073 2069 1957 3543 6690 719
internal_value=0.000714371 0.0014953 0.000158928 -0.00603303 0.00322871 0.011068
internal_weight=3371.68 3197.72 2762.3 915.238 1847.06 527.102
internal_count=23500 18051 14978 5612 9366 2676
is_linear=0
shrinkage=0.05


Tree=114
num_leaves=7
num_cat=0
split_feature=10 0 12 4 5 5
split_gain=11.7575 10.5229 13.0554 10.7444 12.8959 10.3712
threshold=58.925178527832038 37.784631729125984 58.123535156250007 0.23306488245725634 0.8178185522556306 0.0089821773581206816
decision_type=2 2 2 2 2 2
left_child=-1 2 3 4 -2 -5
right_child=1 -3 -4 5 -6 -7
leaf_value=-0.025482789913914006 -0.0017093530995438662 0.014138955010218597 -0.014172059031905382 0.002758864559007096 0.011054635849279669 0.017054821553764532
leaf_weight=41.926080770324916 2183.7459277529269 141.64625347778201 148.39878557249904 450.22717944439501 216.59962270408869 175.92250648047775
leaf_count=2658 13842 748 1308 2880 973 981
internal_value=0.000517625 0.000853891 0.00025692 0.000968867 -0.000553447 0.00679623
internal_weight=3358.47 3316.54 3174.89 3026.5 2400.35 626.15
internal_count=23390 20732 19984 18676 14815 3861
is_linear=0
shrinkage=0.05


Tree=115
num_leaves=7
num_cat=0
split_feature=5 15 4 14 11 1
split_gain=9.43957 13.5017 15.1633 11.0736 13.4211 10.6296
threshold=0.01582377124577761 3.5614482164382939 -0.14195789396762845 8.8824710845947283 367.41334533691412 -0.98597097396850575
decision_type=2 2 2 2 2 2
left_child=1 2 -1 -2 -5 -6
right_child=3 -3 -4 4 5 -7
leaf_value=0.022829935215583429 -0.0014066340612073039 -0.0012894951191852477 -0.026270831468446387 0.01994409117733827 0.026963208451551382 0.002318521404341356
leaf_weight=17.800658735446632 860.41302333865315 1457.2299352167174 100.75474608549848 153.02128430455923 45.541336938738823 736.00639654695988
leaf_count=417 6900 9203 2583 773 216 3449
internal_value=0.000207442 -0.00261567 -0.0187692 0.00268588 0.00645114 0.00378721
internal_weight=3370.77 1575.79 118.555 1794.98 934.569 781.548
internal_count=23541 12203 3000 11338 4438 3665
is_linear=0
shrinkage=0.05


Tree=116
num_leaves=7
num_cat=0
split_feature=11 6 2 10 2 11
split_gain=14.6074 14.2481 15.8828 11.1651 19.3793 27.3541
threshold=708.42291259765636 403.05049133300787 -0.14389856904745099 278.52706909179693 -0.075491763651370988 575.01873779296886
decision_type=2 2 2 2 2 2
left_child=3 -2 -3 -1 -5 -6
right_child=1 2 -4 4 5 -7
leaf_value=-0.0022961716580034868 -0.013932886257287109 -0.01590780851497588 0.037747785426421106 0.0095685516799882478 0.0058865305542799527 -0.012521058850527317
leaf_weight=1413.1966593335383 303.81475100386888 24.267426760867238 29.68481108918786 761.90094935707748 506.44647801667452 334.1149468626827
leaf_count=13267 1745 215 251 3842 2545 1705
internal_value=-0.000191704 -0.00972948 0.0137635 0.000942673 0.00379863 -0.00143649
internal_weight=3373.43 357.767 53.9522 3015.66 1602.46 840.561
internal_count=23570 2211 466 21359 8092 4250
is_linear=0
shrinkage=0.05


Tree=117
num_leaves=7
num_cat=0
split_feature=5 0 4 9 10 10
split_gain=11.4198 9.61202 9.82219 9.74197 7.57821 7.54409
threshold=0.71030190587043773 37.784631729125984 1.1319741606712344 221.42248535156253 58.925178527832038 391.26892089843756
decision_type=2 2 2 2 2 2
left_child=1 2 3 4 -1 -2
right_child=5 -3 -4 -5 -6 -7
leaf_value=-0.023106425473521455 0.0024826356598713567 0.012303998860078501 0.019793949961341165 -0.015695844693218532 -0.001256401832055439 0.018346751689647833
leaf_weight=39.275576577987522 189.45576035417616 124.70387199521065 50.670645320788026 126.83782310038805 2719.7015012633055 123.38917896896601
leaf_count=2638 899 665 318 751 17758 544
internal_value=-0.000305492 -0.00123638 -0.00181539 -0.00220154 -0.00157571 0.00877812
internal_weight=3374.03 3061.19 2936.49 2885.81 2758.98 312.845
internal_count=23573 22130 21465 21147 20396 1443
is_linear=0
shrinkage=0.05


Tree=118
num_leaves=7
num_cat=0
split_feature=5 14 11 13 2 11
split_gain=12.0412 8.69361 8.51825 10.2453 11.5269 8.27282
threshold=0.47290398180484777 8.6153912544250506 204.71413421630862 -31.755126953124996 0.15019919723272326 774.07891845703136
decision_type=2 2 2 2 2 2
left_child=5 2 -2 4 -4 -1
right_child=1 -3 3 -5 -6 -7
leaf_value=-0.00084811108761630139 0.020130339322271706 0.01123032145482239 0.019091688987691247 -0.019534774414254261 -0.012324354741399968 -0.014225098709209686
leaf_weight=2631.9739948012866 37.977647686377168 362.45983247458935 59.455077115446329 76.664436060003936 55.530388051643968 119.89745246618986
leaf_count=19668 279 1634 276 396 253 971
internal_value=-4.36767e-05 0.00641851 -0.00119255 -0.00550049 0.00394436 -0.00143589
internal_weight=3343.96 592.087 229.628 191.65 114.985 2751.87
internal_count=23477 2838 1204 925 529 20639
is_linear=0
shrinkage=0.05


Tree=119
num_leaves=7
num_cat=1
split_feature=8 11 2 10 11 1
split_gain=16.0434 13.5913 19.6825 20.0573 28.2737 18.506
threshold=0 246.84707641601565 -0.69534099102020253 511.10586547851568 520.01693725585949 0.62348425388336193
decision_type=9 2 2 2 2 2
left_child=1 5 3 4 -3 -1
right_child=-2 2 -4 -5 -6 -7
leaf_value=0.013101914238241148 -0.013255343600841178 -0.00044481866768410666 -0.002969881675393238 -0.017799924718786577 0.021586025452862437 -0.0078828102649322589
leaf_weight=436.38930090004578 196.01546948682517 303.31352391093969 1931.2050263974816 71.314151842147112 279.06946042459458 137.53185720741749
leaf_count=4417 2925 1843 11050 434 1419 1410
internal_value=0.000232184 0.00111149 -0.000431333 0.00706133 0.0101309 0.00806827
internal_weight=3354.84 3158.82 2584.9 653.697 582.383 573.921
internal_count=23498 20573 14746 3696 3262 5827
cat_boundaries=0 1
cat_threshold=1
is_linear=0
shrinkage=0.05


Tree=120
num_leaves=7
num_cat=1
split_feature=13 8 11 6 2 10
split_gain=9.94975 9.9974 13.5106 14.482 13.6156 12.9588
threshold=170.03442382812503 0 146.29511260986331 477.17082214355474 0.50972247123718273 90.323875427246108
decision_type=2 9 2 2 2 2
left_child=1 2 5 -4 -5 -1
right_child=-2 -3 3 4 -6 -7
leaf_value=-0.00024190152320778177 -0.026491739571423874 -0.010476437718967085 -0.00088648630424000723 0.0031927323224946735 0.032672823927265178 0.020856982932621317
leaf_weight=133.22866582032293 33.814832054078579 188.53052747761831 2660.8970080423169 104.64487910922617 61.833342177793384 159.32605754584074
leaf_count=2361 374 2867 15541 776 425 1096
internal_value=9.84892e-05 0.000378183 0.0010674 1.07847e-05 0.0142719 0.0112805
internal_weight=3342.28 3308.46 3119.93 2827.38 166.478 292.555
internal_count=23440 23066 20199 16742 1201 3457
cat_boundaries=0 1
cat_threshold=1
is_linear=0
shrinkage=0.05


Tree=121
num_leaves=7
num_cat=0
split_feature=13 9 13 14 15 4
split_gain=10.1202 10.2719 17.3808 16.257 13.8613 13.7681
threshold=170.03442382812503 112.71453857421876 4.2323303222656259 4.9615538120269784 10.145278453826906 0.47701202332973486
decision_type=2 2 2 2 2 2
left_child=1 2 4 -3 -1 -5
right_child=-2 3 -4 5 -6 -7
leaf_value=0.0024928088963027829 -0.027393039837249028 0.034298161677290287 -0.010442971685972588 0.00092859071334810972 -0.022478282603723723 0.015665916513718976
leaf_weight=1005.0121808429249 31.659503132104874 39.978746898472309 467.69192317826673 1555.2488057427108 57.82546866312623 175.48282424360514
leaf_count=8710 351 221 5129 7683 325 932
internal_value=0.000303458 0.000577288 -0.00242179 0.00316947 0.00111436 0.00243103
internal_weight=3332.9 3301.24 1530.53 1770.71 1062.84 1730.73
internal_count=23351 23000 14164 8836 9035 8615
is_linear=0
shrinkage=0.05


Tree=122
num_leaves=7
num_cat=0
split_feature=6 9 6 11 11 13
split_gain=11.9611 16.6269 17.1983 15.535 25.2344 15.9898
threshold=181.24143981933597 65.767089843750014 307.40502929687506 146.29511260986331 130.45964813232425 -33.372215270996087
decision_type=2 2 2 2 2 2
left_child=3 -2 -3 4 -1 -5
right_child=1 2 -4 5 -6 -7
leaf_value=0.0040456301010799636 -0.017200371764268689 -0.0068680568801767483 0.004189504819831557 0.0051040767535284358 0.045404056768657143 -0.0052748073981358458
leaf_weight=115.85761271417141 183.23500071000308 687.87363302707672 717.38500867038965 1030.673911084421 53.259376584552228 578.60155191132799
leaf_count=2097 3657 3643 4615 5178 476 3924
internal_value=7.55247e-05 -0.00307674 -0.0012242 0.00289133 0.0172608 0.00137148
internal_weight=3366.89 1588.49 1405.26 1778.39 169.117 1609.28
internal_count=23590 11915 8258 11675 2573 9102
is_linear=0
shrinkage=0.05


Tree=123
num_leaves=7
num_cat=0
split_feature=11 4 14 13 15 4
split_gain=10.1498 9.50658 7.88314 13.8983 16.666 14.6392
threshold=782.60632324218761 -0.25513809919357294 2.2522799968719487 -5.8360481262207022 3.1440529823303227 -0.11369691044092177
decision_type=2 2 2 2 2 2
left_child=2 -2 3 4 5 -1
right_child=1 -3 -4 -5 -6 -7
leaf_value=0.13382558483798193 0.0046335824858656583 -0.022322626626362446 0.0012390057751473162 -0.033160676751669914 -0.01111100086251476 0.015172658435466982
leaf_weight=3.0602748068049541 50.11876268684864 91.565068628638983 3112.5902754892595 44.895916289184242 37.483611632138491 8.083885836414991
leaf_count=188 308 779 18330 2552 785 572
internal_value=0.000226944 -0.0128216 0.000807399 -0.0134182 0.00511012 0.0560924
internal_weight=3347.8 141.684 3206.11 93.5237 48.6278 11.1442
internal_count=23514 1087 22427 4097 1545 760
is_linear=0
shrinkage=0.05


Tree=124
num_leaves=7
num_cat=1
split_feature=8 11 9 12 14 15
split_gain=10.6788 11.0944 13.3721 15.1415 12.2562 10.9544
threshold=0 810.99151611328136 149.03767395019534 29.303771972656254 8.2084717750549334 4.1280779838562021
decision_type=9 2 2 2 2 2
left_child=1 2 3 -1 -4 -6
right_child=-2 -3 4 -5 5 -7
leaf_value=0.00048892257185877239 -0.010971979324157333 -0.015585104575607267 0.028682535202554423 -0.013646179607722931 -0.011679621223788499 0.0067892477952580235
leaf_weight=1956.9779323264956 197.34759001759812 100.06625231727958 56.626275472342968 208.75797737948596 88.890689350664616 756.5613919198513
leaf_count=13689 2940 794 293 1744 505 3628
internal_value=-5.92904e-06 0.000712838 0.00125167 -0.000879247 0.00636296 0.00483593
internal_weight=3365.23 3167.88 3067.81 2165.74 902.078 845.452
internal_count=23593 20653 19859 15433 4426 4133
cat_boundaries=0 1
cat_threshold=1
is_linear=0
shrinkage=0.05


Tree=125
num_leaves=7
num_cat=0
split_feature=5 9 11 14 11 2
split_gain=11.2621 9.98912 9.00129 9.88698 11.7634 14.7864
threshold=0.006859428947791458 60.092262268066413 821.47601318359386 8.9612083435058612 429.69168090820318 0.6055358648300172
decision_type=2 2 2 2 2 2
left_child=1 -1 3 -2 5 -5
right_child=2 -3 -4 4 -6 -7
leaf_value=-0.013092188280918259 -0.00041871339211919538 -0.0014338037923044952 -0.018225153858000075 0.0073215209920823648 0.0036631093569295839 0.033861776826569219
leaf_weight=212.39316999353468 885.07434308994561 1324.5090950839221 48.786885723471642 148.68990571051836 669.37654395401478 80.75821129232645
leaf_count=4179 7228 7683 344 732 3072 382
internal_value=0.000103071 -0.00305241 0.0027495 0.00333301 0.0070237 0.0167692
internal_weight=3369.59 1536.9 1832.69 1783.9 898.825 229.448
internal_count=23620 11862 11758 11414 4186 1114
is_linear=0
shrinkage=0.05


Tree=126
num_leaves=7
num_cat=0
split_feature=13 6 6 1 0 13
split_gain=8.95496 18.2379 9.53839 24.0815 14.9308 13.4299
threshold=-132.10540771484372 63.541019439697273 181.24143981933597 0.52262595295906078 38.405511856079109 -77.411132812499986
decision_type=2 2 2 2 2 2
left_child=1 -1 -2 4 5 -4
right_child=2 -3 3 -5 -6 -7
leaf_value=0.00044279372428362128 0.0032717860085768346 -0.037116069158847097 -0.031549701600122382 -0.011988121379196569 0.026597832899664105 0.0013706477799670885
leaf_weight=96.781912975013256 1632.7968950094655 47.510455721989274 30.934217751026154 446.87499010516331 56.252314914017916 1036.0543608670123
leaf_count=435 11018 231 145 3352 306 8029
internal_value=4.65152e-05 -0.0120944 0.000597071 -0.00218473 0.00172268 0.000387571
internal_weight=3347.21 144.292 3202.91 1570.12 1123.24 1066.99
internal_count=23516 666 22850 11832 8480 8174
is_linear=0
shrinkage=0.05


Tree=127
num_leaves=7
num_cat=0
split_feature=5 11 12 6 2 13
split_gain=7.96027 7.88453 11.4765 10.5364 26.8592 9.71
threshold=0.93585050106048595 575.01873779296886 -57.337280273437493 471.95796203613287 0.50972247123718273 4.2323303222656259
decision_type=2 2 2 2 2 2
left_child=1 2 -1 5 -5 -4
right_child=-2 -3 3 4 -6 -7
leaf_value=0.015343415777036724 0.010714116947587095 -0.0039071442473453287 0.0021953513085269899 -0.003430229434346769 0.04252031886324107 -0.0052839755575185389
leaf_weight=140.11400654911995 179.31328985281289 945.1868830639869 1282.9835343714803 82.881420604418963 50.465837636496872 654.47705025970936
leaf_count=607 823 5339 9840 743 383 5726
internal_value=0.000496359 -8.73699e-05 0.00154664 0.000606177 0.014147 -0.000332599
internal_weight=3335.42 3156.11 2210.92 2070.81 133.347 1937.46
internal_count=23461 22638 17299 16692 1126 15566
is_linear=0
shrinkage=0.05


Tree=128
num_leaves=7
num_cat=0
split_feature=11 10 2 11 14 2
split_gain=12.565 22.2046 18.0139 15.3041 17.5464 14.1437
threshold=575.01873779296886 278.52706909179693 0.94457432627677929 246.84707641601565 1.3834560513496401 -0.24176267534494397
decision_type=2 2 2 2 2 2
left_child=1 3 -2 4 -1 -6
right_child=2 -3 -4 -5 5 -7
leaf_value=-0.03387337486932724 -0.0024386767757456334 0.0079646883849939041 -0.024558582027807356 -0.0067852822458824005 -0.0037482376054473682 0.011915734572364684
leaf_weight=28.524283044040203 916.77402677107602 931.32706934027374 101.35553302802145 758.90466286288574 240.47913153283298 357.19995797052979
leaf_count=1993 5074 4683 567 5375 2341 3435
internal_value=-3.5774e-05 0.00199899 -0.00466267 -0.00201511 0.00376753 0.00561752
internal_weight=3334.56 2316.44 1018.13 1385.11 626.203 597.679
internal_count=23468 17827 5641 13144 7769 5776
is_linear=0
shrinkage=0.05


Tree=129
num_leaves=7
num_cat=0
split_feature=15 13 13 12 13 4
split_gain=7.80569 8.66175 7.85092 7.48901 12.1379 9.93519
threshold=2.248516440391541 -3.3213043212890621 -151.76852416992185 -57.337280273437493 -95.028762817382798 -0.47299873828887934
decision_type=2 2 2 2 2 2
left_child=1 -1 -2 5 -5 -4
right_child=2 -3 3 4 -6 -7
leaf_value=0.0069621128019005099 -0.015235802030674345 -0.046953912654760566 0.020328478733380798 -0.015726762276208405 0.00039590013083640402 0.00049647776189907004
leaf_weight=12.120826052036138 80.785321028903127 17.42164311837405 105.40529507398605 120.71265251375735 2855.0151268141344 155.48048854619265
leaf_count=714 378 1428 453 613 19302 683
internal_value=-0.00016798 -0.0253293 6.3655e-05 0.000450115 -0.000263191 0.0085562
internal_weight=3346.94 29.5425 3317.4 3236.61 2975.73 260.886
internal_count=23571 2142 21429 21051 19915 1136
is_linear=0
shrinkage=0.05


Tree=130
num_leaves=7
num_cat=0
split_feature=4 9 6 15 2 10
split_gain=10.306 10.6038 14.7747 10.2282 8.77052 14.2456
threshold=0.75635975599288952 57.679439544677741 63.541019439697273 4.8744339942932138 -0.94760528206825245 474.30239868164068
decision_type=2 2 2 2 2 2
left_child=1 2 3 -1 5 -3
right_child=-2 4 -4 -5 -6 -7
leaf_value=0.019211774468673351 0.012439395115396372 0.013452710992614157 -0.015435013197959547 -0.010237626851888247 -0.00030977876002358869 -0.018184389499126975
leaf_weight=65.008558128029108 163.22736811218783 245.6380181722343 244.36024659313262 52.423172054812312 2525.7089944947511 40.688534140586853
leaf_count=1446 1031 1275 5684 436 13438 239
internal_value=0.000225914 -0.000405935 -0.00845091 0.00608971 0.000631755 0.00890927
internal_weight=3337.05 3173.83 361.792 117.432 2812.04 286.327
internal_count=23549 22518 7566 1882 14952 1514
is_linear=0
shrinkage=0.05


Tree=131
num_leaves=7
num_cat=0
split_feature=7 2 14 13 11 2
split_gain=7.62466 9.54866 7.13695 10.6445 10.4348 20.9932
threshold=11.898890018463137 0.56042924523353588 2.2926245927810673 -5.489147186279296 246.84707641601565 1.0000000180025095e-35
decision_type=2 2 2 2 2 2
left_child=2 -2 3 -1 5 -4
right_child=1 -3 4 -5 -6 -7
leaf_value=0.0017634667164010656 0.026941666407658806 -0.0093505518829785743 -0.0046762391659810575 -0.033934164052787895 -0.0021816901928310311 0.014943680805610994
leaf_weight=42.54819006100297 51.26334972307086 27.11327223200351 264.38069239864126 39.834098508581519 2630.4568104585633 279.71646221680567
leaf_count=1358 505 224 2139 2443 14659 2201
internal_value=-0.000884437 0.0144273 -0.00125722 -0.0156973 -0.000877664 0.00541913
internal_weight=3335.31 78.3766 3256.94 82.3823 3174.55 544.097
internal_count=23529 729 22800 3801 18999 4340
is_linear=0
shrinkage=0.05


Tree=132
num_leaves=7
num_cat=0
split_feature=6 13 2 13 10 5
split_gain=7.96827 14.9364 12.7985 12.7227 15.9806 14.0939
threshold=51.213203430175788 -137.98153686523435 0.88794475793838512 -59.792144775390618 144.49749755859378 0.089758146554231658
decision_type=2 2 2 2 2 2
left_child=2 -2 3 -1 5 -5
right_child=1 -3 -4 4 -6 -7
leaf_value=0.015993677970700362 -0.027105210500885005 -8.9498303115054598e-05 -0.011382083753284276 -0.0013388800188577101 -0.0087771714609974037 0.042440889131205438
leaf_weight=279.34453884139657 51.155219987034798 2688.3713764240965 91.529805448371917 38.716085047926754 158.03917529061437 33.902386071160436
leaf_count=1322 251 19437 590 711 838 359
internal_value=0.000541099 -0.00060367 0.00574701 0.00883742 0.000138994 0.0193988
internal_weight=3341.06 2739.53 601.532 510.002 230.658 72.6185
internal_count=23508 19688 3820 3230 1908 1070
is_linear=0
shrinkage=0.05


Tree=133
num_leaves=7
num_cat=0
split_feature=6 0 15 12 15 2
split_gain=7.58749 15.2812 13.5375 9.74214 8.61078 8.10715
threshold=469.09463500976568 35.472923278808601 13.37655019760132 56.165557861328132 6.2887260913848886 0.88794475793838512
decision_type=2 2 2 2 2 2
left_child=2 -2 3 5 -5 -1
right_child=1 -3 -4 4 -6 -7
leaf_value=0.0011027815294158698 0.0034961853100079579 0.041893936882344184 -0.03284428860935068 0.0062010003756627951 -0.025562845805086762 -0.0060476823400680982
leaf_weight=2498.6046186359599 194.97861263016239 28.925537247210741 31.79514629393816 30.249703250825405 68.783271262422204 470.11931140068918
leaf_count=17375 1660 196 165 258 561 3178
internal_value=-0.000246957 0.0086209 -0.000890124 -0.000548346 -0.0158956 -3.12023e-05
internal_weight=3323.46 223.904 3099.55 3067.76 99.033 2968.72
internal_count=23393 1856 21537 21372 819 20553
is_linear=0
shrinkage=0.05


Tree=134
num_leaves=7
num_cat=0
split_feature=13 6 2 0 13 10
split_gain=8.67427 7.1517 13.6942 12.5875 8.72187 10.0093
threshold=170.03442382812503 477.17082214355474 0.50972247123718273 20.974375724792484 77.13736724853517 313.42523193359381
decision_type=2 2 2 2 2 2
left_child=1 4 -3 -4 -1 -6
right_child=-2 2 3 -5 5 -7
leaf_value=1.6273163446490834e-05 -0.025490625303810278 -0.00082049832865627192 0.001306061772896537 0.044196895987629381 -0.032881450613136902 -0.0046253621290133782
leaf_weight=2937.073459490668 32.812219303101301 122.76662100898102 28.911117908544838 41.116463586688042 40.889459796249866 126.19584611803293
leaf_count=20333 377 1010 270 229 342 926
internal_value=-0.000294486 -3.60736e-05 0.00928269 0.026757 -0.00061765 -0.0116947
internal_weight=3329.77 3296.95 192.794 70.0276 3104.16 167.085
internal_count=23487 23110 1509 499 21601 1268
is_linear=0
shrinkage=0.05


Tree=135
num_leaves=7
num_cat=0
split_feature=11 13 15 13 9 0
split_gain=7.69591 16.9711 18.9809 25.8944 13.8912 15.674
threshold=139.16780090332034 -21.234901428222653 5.3593320846557626 -5.489147186279296 109.83779907226564 10.475378513336183
decision_type=2 2 2 2 2 2
left_child=1 -1 3 -3 -2 -6
right_child=4 2 -4 -5 5 -7
leaf_value=-0.023615199313523946 -0.0046822710299801928 0.03578485387580075 0.026971275177950907 -0.016149392564202145 0.029786321975080906 0.00148109322368
leaf_weight=35.199479226954281 1181.9962798100896 32.604183433111757 120.48821605369449 82.999470760580152 49.270808987319469 1812.8757206760347
leaf_count=283 9230 813 765 2785 281 9208
internal_value=0.000275177 0.00832863 0.0131707 -0.00132088 -0.000445039 0.00224561
internal_weight=3315.43 271.291 236.092 115.604 3044.14 1862.15
internal_count=23365 4646 4363 3598 18719 9489
is_linear=0
shrinkage=0.05


Tree=136
num_leaves=7
num_cat=0
split_feature=14 13 15 11 11 10
split_gain=7.7983 13.4495 11.6268 11.8542 7.52145 22.948
threshold=2.4272441864013676 -5.8360481262207022 3.1440529823303227 103.97169494628908 310.40373229980474 207.9407653808594
decision_type=2 2 2 2 2 2
left_child=1 2 3 -1 -2 -6
right_child=4 -3 -4 -5 5 -7
leaf_value=0.11257000732978913 0.005116397230439728 -0.032409633349167064 -0.0088635783074125195 0.010986950713857573 -0.019942490511108857 0.00054933193993558218
leaf_weight=3.2884331028908482 734.0767354820855 47.816527615766972 45.666549096815288 9.4713035826571268 144.00088959187269 2363.8248068746179
leaf_count=253 5445 2806 889 558 1092 12612
internal_value=0.000230022 -0.0130355 0.00309903 0.0434454 0.000668642 -0.000634801
internal_weight=3348.15 106.243 58.4263 12.7597 3241.9 2507.83
internal_count=23655 4506 1700 811 19149 13704
is_linear=0
shrinkage=0.05


Tree=137
num_leaves=7
num_cat=0
split_feature=10 11 12 9 1 11
split_gain=8.25295 14.9181 17.0607 13.2048 10.9083 9.9775
threshold=82.200119018554702 204.71413421630862 -26.419586181640621 59.191429138183601 0.39350670576095587 127.31655502319337
decision_type=2 2 2 2 2 2
left_child=5 2 -2 -3 -4 -1
right_child=1 3 4 -5 -6 -7
leaf_value=-0.0041108621778789944 -0.027657679158094795 -0.015867151305189273 0.018814662333510607 -0.00029005575558129843 2.3837154969305697e-05 -0.033959336230506731
leaf_weight=105.63941295817494 27.600051843561232 142.33791460841894 230.99900750257075 2676.8955762721598 115.77874327311292 37.264263064600527
leaf_count=3157 162 2237 1823 14232 892 995
internal_value=-0.000363191 0.000164543 0.00952842 -0.00108186 0.0125591 -0.0120762
internal_weight=3336.51 3193.61 374.378 2819.23 346.778 142.904
internal_count=23498 19346 2877 16469 2715 4152
is_linear=0
shrinkage=0.05


Tree=138
num_leaves=7
num_cat=0
split_feature=11 13 15 9 0 0
split_gain=11.1764 8.8581 13.8897 10.9016 19.2784 13.374
threshold=821.47601318359386 130.79736328125003 13.37655019760132 109.83779907226564 13.65342950820923 16.600113868713382
decision_type=2 2 2 2 2 2
left_child=1 2 3 5 -5 -1
right_child=-2 -3 -4 4 -6 -7
leaf_value=-0.0059943547771294861 -0.018012705949450779 -0.016214891125249941 -0.033421832937583336 0.022319515610013566 0.0017812114827626376 0.0043251972319515728
leaf_weight=967.01983919017948 89.499013174325228 83.062338251620531 29.364710412919521 122.30179253220558 1561.2809265479445 463.81753862276673
leaf_count=11321 735 777 145 607 7459 2422
internal_value=-0.000682918 -0.000196832 0.000231405 0.000559335 0.00328555 -0.0026485
internal_weight=3316.35 3226.85 3143.78 3114.42 1683.58 1430.84
internal_count=23466 22731 21954 21809 8066 13743
is_linear=0
shrinkage=0.05


Tree=139
num_leaves=7
num_cat=0
split_feature=2 13 4 6 9 13
split_gain=7.75307 8.89871 8.87617 7.28651 14.1015 12.5762
threshold=0.980410397052765 -62.147674560546868 -0.12696156650781629 101.51743698120119 33.353691101074226 -95.028762817382798
decision_type=2 2 2 2 2 2
left_child=3 -2 -3 -1 -5 -6
right_child=1 2 -4 4 5 -7
leaf_value=0.0041716746741139663 -0.027736704602357599 -0.017238032164380031 0.0057964334564259423 -0.028618141138106647 -0.019179827794701523 0.00047816053472260315
leaf_weight=1036.1899759238586 48.039130121469498 69.354769750963897 102.2696595271118 44.094383402960375 83.92625742405653 1936.8152510225773
leaf_count=6658 233 460 839 2804 408 12063
internal_value=0.000108274 -0.0089474 -0.00355791 0.000752417 -0.000964647 -0.000347366
internal_weight=3320.69 219.664 171.624 3101.03 2064.84 2020.74
internal_count=23465 1532 1299 21933 15275 12471
is_linear=0
shrinkage=0.05


Tree=140
num_leaves=7
num_cat=0
split_feature=5 6 9 2 13 4
split_gain=7.78526 8.15776 12.8248 10.5656 10.6224 9.58208
threshold=0.93585050106048595 125.48619461059572 61.653381347656257 0.96611210703849804 -63.493621826171868 0.47701202332973486
decision_type=2 2 2 2 2 2
left_child=1 3 -3 -1 -5 -4
right_child=-2 2 5 4 -6 -7
leaf_value=0.0034453021565136487 0.0094979492041537411 -0.01494295371206361 -0.0031717291439259175 -0.033057218781970273 -0.00042444951606383812 0.0081718230486773555
leaf_weight=1126.4928639195859 181.03003570623696 205.82237905985676 1488.8071381635964 39.880247237160802 64.013231307268143 211.78346131369472
leaf_count=7470 842 4630 8555 194 525 1320
internal_value=-0.000555163 -0.00113819 -0.00318598 0.00203476 -0.0131465 -0.00175508
internal_weight=3317.83 3136.8 1906.41 1230.39 103.893 1700.59
internal_count=23536 22694 14505 8189 719 9875
is_linear=0
shrinkage=0.05


Tree=141
num_leaves=7
num_cat=0
split_feature=9 13 4 15 2 11
split_gain=10.271 14.5521 15.5246 15.1501 10.6559 9.60819
threshold=67.966827392578139 5.3707618713378915 -0.43265572190284723 4.9526884555816659 -0.93936449289321888 313.70526123046881
decision_type=2 2 2 2 2 2
left_child=1 2 3 -1 -2 -4
right_child=4 -3 5 -5 -6 -7
leaf_value=0.009917341158638765 0.010205802116939293 -0.019249491803018548 0.010233681796367987 -0.032952452961540264 0.00040858259129053449 -0.0087740753652716247
leaf_weight=30.132843006867915 312.26046067103744 148.83740527229384 214.39362804428674 61.685152905061841 2434.8022507987916 95.278767312411219
leaf_count=385 1611 2883 4130 373 12886 1126
internal_value=0.000276088 -0.00595228 -0.000987258 -0.0189282 0.00152555 0.00437603
internal_weight=3297.39 550.328 401.49 91.818 2747.06 309.672
internal_count=23394 8897 6014 758 14497 5256
is_linear=0
shrinkage=0.05


Tree=142
num_leaves=7
num_cat=0
split_feature=1 6 6 7 11 10
split_gain=9.12411 15.4297 12.8011 11.2508 11.063 16.0383
threshold=0.47271177172660833 157.26276397705081 480.46829223632818 6.821599245071412 209.02355957031253 115.990779876709
decision_type=2 2 2 2 2 2
left_child=2 -2 4 -3 5 -1
right_child=1 3 -4 -5 -6 -7
leaf_value=0.00066745826007886362 0.002802154493677377 -0.013401765633903863 0.016173646936560464 0.0047427282804294963 -0.00053126118644234745 0.022763350667357331
leaf_weight=212.35874756122939 473.55446815211326 412.92572405282408 148.06652001407929 107.10492100869305 1822.3781708334573 132.97784400079399
leaf_count=3877 2968 2928 1211 966 10622 899
internal_value=0.000280816 -0.00372502 0.00200038 -0.00966282 0.00102526 0.00921702
internal_weight=3309.37 993.585 2315.78 520.031 2167.71 345.337
internal_count=23471 6862 16609 3894 15398 4776
is_linear=0
shrinkage=0.05


Tree=143
num_leaves=7
num_cat=0
split_feature=10 11 0 10 2 5
split_gain=8.69597 12.068 13.7423 12.0402 10.9285 11.342
threshold=82.200119018554702 246.84707641601565 6.0271778106689462 148.08760070800784 -0.013386521022766827 -0.039623027667403214
decision_type=2 2 2 2 2 2
left_child=-1 2 -2 -3 -4 -6
right_child=1 3 4 -5 5 -7
leaf_value=-0.01236717686654587 -0.015222493894077458 -0.023065973095568421 0.0022612919209989766 -0.00050713403505311624 0.005105677398441982 0.028215950921129274
leaf_weight=141.05102402367629 56.877244423143566 59.504244952928275 197.51669976022094 2642.1014944817871 92.3241798132658 125.63320450764149
leaf_count=4184 1116 754 1243 14866 576 749
internal_value=-0.000263974 0.00027762 0.00764216 -0.00101235 0.0108013 0.0184947
internal_weight=3315.01 3173.96 472.351 2701.61 415.474 217.957
internal_count=23488 19304 3684 15620 2568 1325
is_linear=0
shrinkage=0.05


Tree=144
num_leaves=7
num_cat=0
split_feature=5 6 12 7 4 1
split_gain=7.57932 12.198 17.0958 10.0572 9.34149 9.05633
threshold=-0.082564081996679292 51.213203430175788 -34.91319274902343 13.466137886047365 0.079480115324258818 0.79671216011047374
decision_type=2 2 2 2 2 2
left_child=1 2 -1 4 -2 -6
right_child=3 -3 -4 -5 5 -7
leaf_value=0.026705220983947366 -0.0009974371335675599 -0.0055826175751294126 -0.0073570190087288634 0.026252670344284426 0.0099082526722367968 -0.0079397354147691095
leaf_weight=73.239901017397642 1599.7167440201156 1028.3664810657501 72.443447236903012 38.747262457851321 411.95561706437729 85.064494945807382
leaf_count=331 11127 7644 561 357 2846 615
internal_value=-0.000437722 -0.00366307 0.00983253 0.0013364 0.000863657 0.00684378
internal_weight=3309.53 1174.05 145.683 2135.48 2096.74 497.02
internal_count=23481 8536 892 14945 14588 3461
is_linear=0
shrinkage=0.05


Tree=145
num_leaves=7
num_cat=0
split_feature=13 9 13 14 13 6
split_gain=10.0743 6.95986 12.781 15.8192 12.7769 11.1652
threshold=170.03442382812503 151.00547790527347 -5.1369171142578116 10.565145969390871 4.2323303222656259 186.10977172851565
decision_type=2 2 2 2 2 2
left_child=1 4 3 -3 -1 -5
right_child=-2 2 -4 5 -6 -7
leaf_value=0.00090380367207912446 -0.0277611471415595 0.014610424366873466 0.0092444088156315475 -9.7448420013381445e-06 -0.0071484820173715992 -0.016998659088486672
leaf_weight=1574.2265787830111 32.244141466915607 110.46635421365499 480.76823208481073 247.23034313321114 715.90285137947649 157.84914281219244
leaf_count=11359 380 492 2760 1118 6669 745
internal_value=-0.000374847 -9.77902e-05 0.00338869 -0.00207933 -0.00161539 -0.00665545
internal_weight=3318.69 3286.44 996.314 515.546 2290.13 405.079
internal_count=23523 23143 5115 2355 18028 1863
is_linear=0
shrinkage=0.05


Tree=146
num_leaves=7
num_cat=0
split_feature=11 6 6 10 10 11
split_gain=10.2346 14.5656 16.58 9.66062 13.9873 11.9942
threshold=708.42291259765636 403.05049133300787 497.94392395019537 411.98567199707037 511.10586547851568 569.66552734375011
decision_type=2 2 2 2 2 2
left_child=3 -2 -3 5 -5 -1
right_child=1 2 -4 4 -6 -7
leaf_value=0.001442097060816259 -0.012104343355669893 0.040503488126182124 -0.014287918730610576 0.011578312538232537 -0.010462610910628301 -0.0087592085555999611
leaf_weight=2149.0535524880979 293.35853382945061 29.629243951290846 24.416190879419446 408.87323720380664 86.49399796128273 331.72707441542298
leaf_count=17084 1730 240 240 2024 441 1786
internal_value=0.000400299 -0.00770821 0.0159404 0.00134907 0.00771651 7.50107e-05
internal_weight=3323.55 347.404 54.0454 2976.15 495.367 2480.78
internal_count=23545 2210 480 21335 2465 18870
is_linear=0
shrinkage=0.05


Tree=147
num_leaves=7
num_cat=0
split_feature=6 1 9 12 14 13
split_gain=9.12124 12.6674 9.99186 13.0967 16.9658 12.2102
threshold=157.26276397705081 0.78952133655548107 172.71829223632815 -36.311950683593743 15.678966522216799 -10.128664016723631
decision_type=2 2 2 2 2 2
left_child=-1 2 3 -2 -5 -4
right_child=1 -3 5 4 -6 -7
leaf_value=0.0029678025912560197 -0.0290729183969206 -0.011499290819243578 -0.0063760679261667778 -0.0030168096963500007 0.031219878558178482 0.012251535368127757
leaf_weight=1594.1756393641699 44.755272172391415 305.23829192807898 128.08869913965464 937.69314692239277 36.638630542904139 276.34610337018967
leaf_count=10506 199 2380 618 8048 187 1638
internal_value=0.000240816 -0.00227414 -0.000289351 -0.00292821 -0.00169869 0.0063508
internal_weight=3322.94 1728.76 1423.52 1019.09 974.332 404.435
internal_count=23576 13070 10690 8434 8235 2256
is_linear=0
shrinkage=0.05


Tree=148
num_leaves=7
num_cat=0
split_feature=13 15 13 9 11 0
split_gain=8.48727 7.15564 7.1564 13.0827 18.4211 17.4994
threshold=170.03442382812503 13.37655019760132 -39.697219848632805 139.51362609863284 204.71413421630862 16.308424949646
decision_type=2 2 2 2 2 2
left_child=1 2 -1 4 -4 -5
right_child=-2 -3 3 5 -6 -7
leaf_value=0.003703251497540758 -0.02640393468771975 -0.022281851888201851 0.0038158084830718789 0.036814599052527132 -0.0083027619645257063 0.0022788737393021371
leaf_weight=1111.9554960774258 29.234880283474922 33.990897417068481 477.93335713259876 37.661023337393999 908.25418964121491 719.97280060127378
leaf_count=5559 351 175 6613 220 6708 3896
internal_value=-3.37153e-05 0.000208579 0.000450153 -0.0012381 -0.00412475 0.00404187
internal_weight=3319 3289.77 3255.78 2143.82 1386.19 757.634
internal_count=23522 23171 22996 17437 13321 4116
is_linear=0
shrinkage=0.05


Tree=149
num_leaves=7
num_cat=0
split_feature=11 15 13 13 13 10
split_gain=7.4351 16.7968 19.6707 11.3293 11.2554 8.60204
threshold=146.29511260986331 5.8047509193420419 -3.3213043212890621 -11.896194458007811 -20.622901916503903 137.23854827880862
decision_type=2 2 2 2 2 2
left_child=1 2 4 -3 -1 -2
right_child=5 3 -4 -5 -6 -7
leaf_value=-0.019763935292669777 -0.011721934264821132 -0.0013423654361669275 -0.019824021300449149 0.027889695844998386 0.026726342093074357 -0.00060770775668538913
leaf_weight=16.42540584737435 184.52888231049292 48.376156343147159 90.07011479511857 103.66730804182589 52.236965210642666 2827.1371227391064
leaf_count=181 2363 321 2722 647 1169 16161
internal_value=-0.000531834 0.00681873 -0.00455099 0.0186408 0.0154809 -0.00129236
internal_weight=3322.44 310.776 158.732 152.043 68.6624 3011.67
internal_count=23564 5040 4072 968 1350 18524
is_linear=0
shrinkage=0.05


Tree=150
num_leaves=7
num_cat=0
split_feature=4 5 14 9 9 11
split_gain=8.86469 11.2114 8.92059 9.67611 6.42183 9.27468
threshold=0.12681792676448825 -0.10544539615511893 17.105197906494144 226.44560241699222 50.664741516113288 296.54769897460943
decision_type=2 2 2 2 2 2
left_child=2 -2 3 -1 -3 -6
right_child=1 4 -4 -5 5 -7
leaf_value=-0.0018862089343777125 -0.00061897103292574412 -0.0098559883306341949 0.0094848167835099653 -0.022736217637650068 0.025369164139965841 0.0075747768584598424
leaf_weight=2068.0328265058342 578.36123798694462 37.173576932866126 168.09317030757666 56.197738353163004 94.192088007926941 324.515983492136
leaf_count=15040 4250 780 848 327 541 1819
internal_value=0.000164245 0.00400467 -0.00156946 -0.00244825 0.00985904 0.0116287
internal_weight=3326.57 1034.24 2292.32 2124.23 455.882 418.708
internal_count=23605 7390 16215 15367 3140 2360
is_linear=0
shrinkage=0.05


Tree=151
num_leaves=7
num_cat=0
split_feature=15 13 6 2 11 13
split_gain=7.02967 10.5495 10.0203 9.55954 9.22814 9.16798
threshold=13.37655019760132 170.03442382812503 469.09463500976568 0.87713038921356212 407.80488586425787 77.13736724853517
decision_type=2 2 2 2 2 2
left_child=1 2 5 4 -4 -1
right_child=-2 -3 3 -5 -6 -7
leaf_value=-0.00028113478444584844 -0.023050351887514073 -0.029145221078438643 -0.014879874136709459 0.034947729760883083 0.012405928212059408 -0.012422383176962579
leaf_weight=2900.7764245602302 33.951815269887447 30.848244950175285 40.290236320812255 32.705857591237873 123.87156136799604 163.29404196236283
leaf_count=20237 177 380 480 235 857 1254
internal_value=-0.000744841 -0.00050785 -0.00022809 0.0106773 0.00565963 -0.000932022
internal_weight=3325.74 3291.79 3260.94 196.868 164.162 3064.07
internal_count=23620 23443 23063 1572 1337 21491
is_linear=0
shrinkage=0.05


Tree=152
num_leaves=7
num_cat=0
split_feature=4 12 6 14 9 4
split_gain=6.32719 8.25348 16.4817 14.8732 9.7638 10.9067
threshold=0.75635975599288952 18.205963134765629 377.68612670898443 17.329881668090824 226.44560241699222 0.024410034529864792
decision_type=2 2 2 2 2 2
left_child=1 4 -3 -4 5 -1
right_child=-2 2 3 -5 -6 -7
leaf_value=-0.0014449482290126619 0.0092439309900121443 -0.014493137405859736 -0.0021958270439069671 0.031323197080732994 -0.013747293835236044 0.0055946992206752887
leaf_weight=1632.4399783739354 158.59968977281824 298.92639332963154 241.98718144884333 37.319963794201612 117.83121323212981 828.72388256224804
leaf_count=11175 1010 2196 2015 244 609 6329
internal_value=-0.0004693 -0.000960005 -0.00635345 0.00237863 0.000251245 0.000926754
internal_weight=3315.83 3157.23 578.234 279.307 2579 2461.16
internal_count=23578 22568 4455 2259 18113 17504
is_linear=0
shrinkage=0.05


Tree=153
num_leaves=7
num_cat=1
split_feature=8 10 11 11 1 5
split_gain=10.9252 8.7033 9.52593 6.00322 14.125 10.0313
threshold=0 178.97448730468753 472.78317260742193 204.71413421630862 0.47271177172660833 0.22916276752948764
decision_type=9 2 2 2 2 2
left_child=3 -2 -3 4 5 -1
right_child=1 2 -4 -5 -6 -7
leaf_value=0.00685217119907865 -0.028468370816337379 0.013024887756450821 -0.01433820198457967 9.0313587476970676e-05 -0.0069681315324480438 0.027137152249976815
leaf_weight=244.52554609486833 53.515437166206539 47.890626217238605 90.276803245767951 2656.6396083571017 140.61758492328227 80.684116481337696
leaf_count=2875 2058 323 576 15556 1513 641
internal_value=0.000280033 -0.0109724 -0.00482836 0.001006 0.00623838 0.0119526
internal_weight=3314.15 191.683 138.167 3122.47 465.827 325.21
internal_count=23542 2957 899 20585 5029 3516
cat_boundaries=0 1
cat_threshold=1
is_linear=0
shrinkage=0.05


Tree=154
num_leaves=7
num_cat=0
split_feature=11 9 11 2 5 11
split_gain=6.30972 15.4322 17.0482 12.5687 12.1079 8.29338
threshold=575.01873779296886 180.99981689453128 530.95599365234386 0.71355417370796215 0.051453301683068282 723.42681884765636
decision_type=2 2 2 2 2 2
left_child=1 -1 4 -2 -3 -5
right_child=3 2 -4 5 -6 -7
leaf_value=-0.00036456406748619578 -0.00090659893846020993 -0.014050041683180962 0.034953475673422753 -0.019963903543630215 0.019302680673302122 0.0015782993354073811
leaf_weight=2113.3402327073272 777.51089474372566 53.18888147175312 65.812863133847713 167.03206144738942 53.683881208300591 60.670028403401375
leaf_count=17048 4353 260 313 880 234 398
internal_value=-0.000639176 0.000812723 0.0151396 -0.00393857 0.00272719 -0.0142423
internal_weight=3291.24 2286.03 172.686 1005.21 106.873 227.702
internal_count=23486 17855 807 5631 494 1278
is_linear=0
shrinkage=0.05


Tree=155
num_leaves=7
num_cat=0
split_feature=13 12 4 0 13 2
split_gain=8.2403 11.4743 8.39424 7.61107 8.44467 9.16214
threshold=-132.10540771484372 -73.383895874023423 -1.5158569812774656 37.784631729125984 89.185272216796889 0.35328654944896704
decision_type=2 2 2 2 2 2
left_child=1 -1 -2 4 -4 -6
right_child=2 -3 3 -5 5 -7
leaf_value=-0.0023926506847858908 -0.025609533321547258 -0.032433951524959474 0.00050655722152908114 0.011852457614843945 -0.0181191672397699 0.0030116283322904279
leaf_weight=98.479911521077156 30.576445952057838 46.060058115050197 2814.0077682849951 135.39297143369913 128.97047318704426 84.332901984453201
leaf_count=441 143 235 20283 711 1140 703
internal_value=-0.000487727 -0.0121229 4.25544e-05 0.00029857 -0.000221907 -0.0097897
internal_weight=3337.82 144.54 3193.28 3162.7 3027.31 213.303
internal_count=23656 676 22980 22837 22126 1843
is_linear=0
shrinkage=0.05


Tree=156
num_leaves=7
num_cat=0
split_feature=10 2 7 10 12 9
split_gain=6.51819 31.7285 9.02228 8.69512 10.5731 13.1709
threshold=548.15600585937511 -0.075491763651370988 5.3318467140197763 411.98567199707037 31.008747100830082 180.99981689453128
decision_type=2 2 2 2 2 2
left_child=3 -2 -3 4 -1 -6
right_child=1 2 -4 -5 5 -7
leaf_value=-3.7204792150627549e-05 -0.03311736414102006 -0.008572241296890137 0.023861912980882829 0.0053981526538788155 -0.014716590310464552 0.01939479645278358
leaf_weight=2248.199786438141 77.323740631341934 35.571717705577612 51.453925587236881 634.13094915822148 232.25568098574877 31.329854022711515
leaf_count=16998 534 273 315 3298 1919 185
internal_value=-0.000337204 -0.0100135 0.0106577 0.000171328 -0.00114987 -0.0106041
internal_weight=3310.27 164.349 87.0256 3145.92 2511.79 263.586
internal_count=23522 1122 588 22400 19102 2104
is_linear=0
shrinkage=0.05


Tree=157
num_leaves=7
num_cat=0
split_feature=4 7 0 2 14 14
split_gain=6.78649 18.2753 7.43256 6.69182 12.9619 8.34157
threshold=0.23306488245725634 5.742218255996705 35.472923278808601 -0.93053624033927906 7.2797133922576913 12.138552665710451
decision_type=2 2 2 2 2 2
left_child=2 -2 3 4 -1 -6
right_child=1 -3 -4 -5 5 -7
leaf_value=-0.0089641074214551805 -0.0012086291971637924 0.01554392367451308 0.0091033923397135577 -0.0029612860074081856 0.021595273740272317 -0.00036981245492430002
leaf_weight=102.55195151106454 513.14735543774441 237.35290303779766 159.96256817877293 2120.438626389252 111.85235921666026 70.002010934054852
leaf_count=1129 3342 1843 826 15542 551 358
internal_value=-7.5622e-05 0.00410316 -0.00129952 -0.00199498 0.00519459 0.0131844
internal_weight=3315.31 750.5 2564.81 2404.84 284.406 181.854
internal_count=23591 5185 18406 17580 2038 909
is_linear=0
shrinkage=0.05


Tree=158
num_leaves=7
num_cat=0
split_feature=1 13 5 11 9 4
split_gain=9.29327 9.29575 8.33857 7.63048 7.25959 12.1457
threshold=-0.50217267870903004 -151.76852416992185 0.53543701767921459 782.60632324218761 60.092262268066413 -0.70910266041755665
decision_type=2 2 2 2 2 2
left_child=1 -1 3 4 5 -2
right_child=2 -3 -4 -5 -6 -7
leaf_value=-0.023177694437145221 -0.045248596864735841 0.0044311771274575685 0.0058133850529191429 -0.020262254739211605 -0.0011714042727585031 -0.006859595421705552
leaf_weight=30.315186507999897 21.87257167045027 1179.6147255576216 307.36560153588653 61.45211193151772 1488.9340368546546 214.67860646056943
leaf_count=140 176 8446 1480 540 8064 4654
internal_value=0.00023393 0.00372086 -0.00178137 -0.00309024 -0.00246729 -0.0105847
internal_weight=3304.23 1209.93 2094.3 1786.94 1725.49 236.551
internal_count=23500 8586 14914 13434 12894 4830
is_linear=0
shrinkage=0.05


Tree=159
num_leaves=7
num_cat=0
split_feature=9 11 1 11 2 10
split_gain=9.47474 10.2124 9.34711 9.17336 9.18073 20.1213
threshold=112.71453857421876 592.37945556640636 -0.74587523937225331 352.42878723144537 -0.69534099102020253 478.13302612304693
decision_type=2 2 2 2 2 2
left_child=1 -1 -3 -2 5 -5
right_child=3 2 -4 4 -6 -7
leaf_value=-0.0016434855253872696 0.014854818009896055 0.0048991125605081978 -0.025087857144502991 0.014070030926895034 -0.00072513086789077741 -0.01107997529062163
leaf_weight=1382.619407632621 137.36342218518257 36.074185505509377 89.343473429791629 317.61123609170318 1235.3897548913956 105.15238576754928
leaf_count=13518 655 212 573 1557 6360 632
internal_value=3.22801e-05 -0.0028885 -0.0164921 0.00248566 0.00145264 0.00780318
internal_weight=3303.55 1508.04 125.418 1795.52 1658.15 422.764
internal_count=23507 14303 785 9204 8549 2189
is_linear=0
shrinkage=0.05


Tree=160
num_leaves=7
num_cat=0
split_feature=1 13 12 11 4 10
split_gain=6.83089 7.25549 5.89202 5.2145 5.32486 5.19496
threshold=-0.98943281173706044 -171.5668029785156 -51.205993652343743 324.16394042968756 -0.15359072387218473 278.52706909179693
decision_type=2 2 2 2 2 2
left_child=2 -2 -1 4 -4 -3
right_child=1 5 3 -5 -6 -7
leaf_value=0.030917640860439605 -0.021990982997004464 -0.0026168955257675946 0.041041881062951799 -0.001043659023884384 0.0052100464596246893 0.0015259273728217475
leaf_weight=26.941814340651035 37.769707512110472 1310.129662334919 16.720445703715086 92.978713548742235 25.819474194897339 1788.534489793703
leaf_count=118 179 12563 153 568 357 9537
internal_value=2.4198e-05 -0.000494982 0.00998911 0.00563241 0.019913 -0.000225957
internal_weight=3298.89 3136.43 162.46 135.519 42.5399 3098.66
internal_count=23475 22279 1196 1078 510 22100
is_linear=0
shrinkage=0.05


Tree=161
num_leaves=7
num_cat=0
split_feature=12 13 10 6 7 6
split_gain=8.21117 13.4621 8.75487 9.74907 7.37826 6.84228
threshold=-57.337280273437493 -117.87841796874999 497.84179687500006 75.967426300048842 7.1992704868316659 480.46829223632818
decision_type=2 2 2 2 2 2
left_child=2 -2 3 4 -1 -3
right_child=1 5 -4 -5 -6 -7
leaf_value=0.023944740526058605 -0.029449505455622849 -0.0010313114404027089 -0.011979402306098298 -0.0052435262504651392 0.0052657664575166373 0.008333130351547419
leaf_weight=124.37929959595203 39.315412886440754 2709.8027103333734 48.587180815637112 70.953582890331745 92.627115365117788 209.1903309810441
leaf_count=537 211 20011 233 309 414 1744
internal_value=8.87389e-05 -0.00075403 0.00747711 0.0107901 0.0160325 -0.000357583
internal_weight=3294.86 2958.31 336.547 287.96 217.006 2918.99
internal_count=23459 21966 1493 1260 951 21755
is_linear=0
shrinkage=0.05


Tree=162
num_leaves=7
num_cat=1
split_feature=11 8 10 11 13 15
split_gain=8.44382 13.7543 13.6935 11.006 11.4848 15.4614
threshold=142.33039855957034 0 108.10821533203126 130.45964813232425 -20.095527648925778 5.3593320846557626
decision_type=2 9 2 2 2 2
left_child=1 3 -2 4 -1 -6
right_child=2 -3 -4 -5 5 -7
leaf_value=-0.025407481883576385 -0.021633269343117913 -0.021663098659939473 -0.00062127232770962774 0.028553634100928756 -0.0055852227449097076 0.024949776141073448
leaf_weight=25.200297906063497 78.635416599921882 26.337110690539703 2948.7532535102218 69.660570584703237 79.52383121335879 84.924152669496834
leaf_count=194 1412 1546 17345 582 1992 538
internal_value=-0.000397773 0.00780454 -0.00117402 0.0112685 0.00539402 0.0102391
internal_weight=3313.03 285.646 3027.39 259.309 189.648 164.448
internal_count=23609 4852 18757 3306 2724 2530
cat_boundaries=0 1
cat_threshold=1
is_linear=0
shrinkage=0.05


Tree=163
num_leaves=7
num_cat=0
split_feature=11 12 15 2 3 5
split_gain=7.84656 8.88664 8.65646 10.6282 7.00202 6.27616
threshold=708.42291259765636 -46.799499511718743 6.4729931354522714 -0.179676279425621 1.8851920366287234 0.24000883847475055
decision_type=2 2 2 2 2 2
left_child=4 -2 3 -3 -1 -5
right_child=1 2 -4 5 -6 -7
leaf_value=-0.00029201652974510112 -0.021945316529721592 -0.0096105034515736164 -0.015165208275518906 0.0056927739330792544 0.021524235530921341 0.034093728498189181
leaf_weight=2922.49507651967 84.74764271825552 77.644605558365583 96.106989035382867 55.276283015497029 36.247874496504664 29.452587593346834
leaf_count=21111 422 539 675 429 225 156
internal_value=-0.000848808 -0.00799357 -0.00335228 0.00368968 -1.75613e-05 0.0158478
internal_weight=3301.97 343.228 258.48 162.373 2958.74 84.7289
internal_count=23557 2221 1799 1124 21336 585
is_linear=0
shrinkage=0.05


Tree=164
num_leaves=7
num_cat=0
split_feature=13 10 13 6 2 9
split_gain=9.56728 7.29925 8.22697 6.57878 9.17193 13.8201
threshold=170.03442382812503 58.925178527832038 -3.6424179077148433 477.17082214355474 -0.14389856904745099 192.43719482421878
decision_type=2 2 2 2 2 2
left_child=1 2 -1 -3 -5 -6
right_child=-2 3 -4 4 5 -7
leaf_value=0.0058162493398065231 -0.028861187433911584 -0.00056579067987830029 -0.041970093613993717 -0.0031489214233572545 0.0077250129037545294 0.048746951475043904
leaf_weight=14.951887726318089 28.496025422587991 3048.3395047136582 20.851755728945136 84.574513661675155 75.848056631162763 27.412859566509724
leaf_count=851 362 19050 1829 658 601 152
internal_value=-0.000512405 -0.00025677 -0.0223983 -4.96197e-06 0.0090514 0.0189783
internal_weight=3300.47 3271.98 35.8036 3236.17 187.835 103.261
internal_count=23503 23141 2680 20461 1411 753
is_linear=0
shrinkage=0.05


Tree=165
num_leaves=7
num_cat=1
split_feature=8 0 11 9 2 9
split_gain=7.24541 6.91312 8.06213 15.9845 12.5846 17.0673
threshold=0 37.784631729125984 246.84707641601565 57.679439544677741 -0.013386521022766827 81.682067871093764
decision_type=9 2 2 2 2 2
left_child=1 2 4 -4 5 -1
right_child=-2 -3 3 -5 -6 -7
leaf_value=-0.01086462437598954 -0.0094477319711621325 0.011878423723680392 -0.020935588418883821 -0.00047553423304700813 0.012595601074161758 0.017226751635120042
leaf_weight=182.53974737366661 187.49151117983274 124.99245034903288 98.550292929634452 2325.306491125375 286.98678913479671 75.669048942625523
leaf_count=2348 2950 651 1680 12398 2989 424
internal_value=-0.00018737 0.00040587 -7.95768e-05 -0.0013157 0.00540838 -0.00259764
internal_weight=3281.54 3094.04 2969.05 2423.86 545.196 258.209
internal_count=23440 20490 19839 14078 5761 2772
cat_boundaries=0 1
cat_threshold=1
is_linear=0
shrinkage=0.05


Tree=166
num_leaves=7
num_cat=0
split_feature=14 11 0 12 9 10
split_gain=6.24156 11.9265 5.44432 7.84668 7.21306 6.36526
threshold=1.3834560513496401 300.53248596191412 38.405511856079109 0.64997863769531261 223.6991882324219 593.37084960937511
decision_type=2 2 2 2 2 2
left_child=1 -1 4 -4 -2 -6
right_child=2 -3 3 -5 5 -7
leaf_value=-0.035286650710458022 0.00050728601485898548 0.034050369030230808 -0.001558240184268225 0.023706077708000619 -0.016983180832038064 0.0071519304345889767
leaf_weight=27.654467155225575 2984.0122616919689 7.0557849453762165 63.099821858108044 58.703307062387466 107.4938049428165 35.877425596117973
leaf_count=2106 19660 231 292 349 572 279
internal_value=0.000156492 -0.0206332 0.000384863 0.0107118 -2.06401e-05 -0.0109359
internal_weight=3283.9 34.7103 3249.19 121.803 3127.38 143.371
internal_count=23489 2337 21152 641 20511 851
is_linear=0
shrinkage=0.05


Tree=167
num_leaves=7
num_cat=0
split_feature=5 13 11 4 2 14
split_gain=6.53316 6.70293 7.05386 6.62149 7.9157 6.25294
threshold=0.73383364081382763 2.8236885070800786 545.35299682617199 0.75635975599288952 0.6055358648300172 17.329881668090824
decision_type=2 2 2 2 2 2
left_child=3 -2 -3 5 -5 -1
right_child=1 2 -4 4 -6 -7
leaf_value=-0.0023464539068881116 0.011504688606293093 -0.019470756390084266 0.0088791575651214968 -0.00012312418020221305 0.023218692668800566 0.006840007956193531
leaf_weight=2660.3041610938963 206.86612439341843 42.028858424630016 43.902029521763325 93.105038818903267 58.54264245275408 198.13452892750502
leaf_count=20195 967 204 200 607 369 1038
internal_value=-0.000471962 0.00664514 -0.00505128 -0.00116623 0.00898091 -0.00170752
internal_weight=3302.88 292.797 85.9309 3010.09 151.648 2858.44
internal_count=23580 1371 404 22209 976 21233
is_linear=0
shrinkage=0.05


Tree=168
num_leaves=7
num_cat=0
split_feature=13 6 2 11 15 15
split_gain=7.83202 11.6317 9.14916 16.3515 8.89424 8.36209
threshold=130.79736328125003 471.95796203613287 0.13753146678209308 589.44564819335949 13.37655019760132 4.4377050399780282
decision_type=2 2 2 2 2 2
left_child=1 4 -2 -4 -1 -3
right_child=2 5 3 -5 -6 -7
leaf_value=9.1685284830962548e-06 -0.030547871555176367 -0.0074555967923349425 0.030961140981510555 -0.027079764000505283 -0.026767889050860458 0.019715338909642388
leaf_weight=3016.8855022825301 43.815647859126329 36.093493936117738 22.549067590385675 24.036777541041374 30.333616659045219 123.22249818500131
leaf_count=21250 478 466 182 260 153 768
internal_value=1.32091e-05 0.00042446 -0.0144189 0.00107418 -0.000266078 0.0135516
internal_weight=3296.94 3206.54 90.4015 46.5858 3047.22 159.316
internal_count=23557 22637 920 442 21403 1234
is_linear=0
shrinkage=0.05


Tree=169
num_leaves=7
num_cat=0
split_feature=14 5 4 3 0 3
split_gain=6.2965 6.13672 6.65795 6.28778 6.21227 6.96928
threshold=1.3419134616851809 -0.10184558853507041 -0.36592191457748408 -0.34909395873546595 3.6680124998092656 -0.12285863235592841
decision_type=2 2 2 2 2 2
left_child=-1 2 3 -2 5 -3
right_child=1 4 -4 -5 -6 -7
leaf_value=-0.021094395194800667 -0.0029269512594655767 0.038711880548722599 -0.0035046996509070015 0.02097797808054936 0.0020457317152814268 -0.011389730417957777
leaf_weight=32.070581245468929 52.685532577335835 22.307334902929146 988.6240963221062 56.073904423043132 2130.9504374919925 9.3435488413088006
leaf_count=2254 272 513 7059 331 12779 311
internal_value=0.000613436 0.000833394 -0.00221068 0.00947673 0.00237838 0.0240257
internal_weight=3292.06 3259.98 1097.38 108.759 2162.6 31.6509
internal_count=23519 21265 7662 603 13603 824
is_linear=0
shrinkage=0.05


Tree=170
num_leaves=7
num_cat=0
split_feature=5 11 10 9 11 1
split_gain=10.1241 7.83422 19.008 12.9015 15.5125 8.87592
threshold=1.4987013936042788 575.01873779296886 399.02056884765631 180.99981689453128 530.95599365234386 -0.13954412937164304
decision_type=2 2 2 2 2 2
left_child=1 3 -3 -1 5 -5
right_child=-2 2 -4 4 -6 -7
leaf_value=0.00021866260253907538 0.024753270003144767 -0.014411796518095181 0.0005204107687746801 0.016816359197149248 0.032600594288921834 -0.012044290843880714
leaf_weight=2087.2924180801492 39.744430439546704 304.12259383779019 706.61123199947178 51.399719305336475 68.936261802911758 53.215127825737
leaf_count=16921 178 1687 4027 233 324 251
internal_value=-1.68382e-05 -0.000325227 -0.00398239 0.00131078 0.0143692 0.00216058
internal_weight=3311.32 3271.58 1010.73 2260.84 173.551 104.615
internal_count=23621 23443 5714 17729 808 484
is_linear=0
shrinkage=0.05


Tree=171
num_leaves=7
num_cat=0
split_feature=5 11 5 9 4 0
split_gain=5.74998 7.18888 8.0497 8.77646 6.66198 6.85022
threshold=0.1209523268043995 577.54113769531261 0.17592902481555941 115.87667846679689 -1.347395062446594 30.654456138610843
decision_type=2 2 2 2 2 2
left_child=-1 4 -3 -4 -2 -6
right_child=1 2 3 -5 5 -7
leaf_value=-0.0017888299028115337 -0.016886273574534729 0.018523162718447488 -0.022703824594774987 -0.0018377266841833528 0.0042499158118023657 0.018495820735142676
leaf_weight=1891.7196074340027 32.835347086191177 39.758401351049542 57.607980644330382 361.21049425005913 819.91375524760224 93.253196217119694
leaf_count=15469 155 228 290 1732 5238 428
internal_value=1.02216e-05 0.00243277 -0.00270095 -0.00475508 0.00492158 0.00572336
internal_weight=3296.3 1404.58 458.577 418.818 946.002 913.167
internal_count=23540 8071 2250 2022 5821 5666
is_linear=0
shrinkage=0.05


Tree=172
num_leaves=7
num_cat=0
split_feature=4 9 11 6 12 14
split_gain=4.8422 11.3605 16.1313 6.22981 11.8574 12.0836
threshold=0.75635975599288952 111.2718963623047 226.5970153808594 130.7216491699219 -32.436378479003899 2.4272441864013676
decision_type=2 2 2 2 2 2
left_child=3 2 -2 -1 -5 -6
right_child=1 -3 -4 4 5 -7
leaf_value=0.0021260687230222545 0.016665674068997761 0.020894645800412712 -0.029350302187761874 -0.013834045479334532 -0.026815533593007604 -0.00024787755253018455
leaf_weight=1308.0007986656856 38.186799800489098 84.21159503236413 36.11399539001286 200.53653077594936 42.99661054648459 1572.6100452789105
leaf_count=8672 272 493 245 933 2503 10392
internal_value=-7.02453e-05 0.00842714 -0.0057932 -0.000503943 -0.00239823 -0.00097108
internal_weight=3282.66 158.512 74.3008 3124.14 1816.14 1615.61
internal_count=23510 1010 517 22500 13828 12895
is_linear=0
shrinkage=0.05


Tree=173
num_leaves=7
num_cat=0
split_feature=6 7 7 7 13 4
split_gain=7.75001 20.1659 11.1943 10.7483 9.65045 9.97433
threshold=51.213203430175788 7.3642671108245858 9.7523164749145526 13.466137886047365 -137.98153686523435 -1.0382909178733823
decision_type=2 2 2 2 2 2
left_child=1 -1 4 -3 -2 -6
right_child=2 3 -4 -5 5 -7
leaf_value=0.013119825972955438 -0.022881363998285512 -0.010463323267531832 0.025655006554338 0.017554557095526651 -0.020307085693286316 -0.00057108852032626892
leaf_weight=338.62481856835075 50.700955137610435 201.75507950386964 37.53266358631663 40.243506583850831 64.667279925197363 2553.3357920693234
leaf_count=1945 253 1431 683 359 324 18544
internal_value=2.179e-05 0.00525828 -0.00110323 -0.00575098 -0.00148902 -0.00106615
internal_weight=3286.86 580.623 2706.24 241.999 2668.7 2618
internal_count=23539 3735 19804 1790 19121 18868
is_linear=0
shrinkage=0.05


Tree=174
num_leaves=7
num_cat=0
split_feature=1 6 7 6 15 9
split_gain=6.32024 13.3993 10.8539 8.3469 12.514 10.0737
threshold=0.79671216011047374 157.26276397705081 7.4933230876922616 420.53503417968756 3.972817182540894 221.42248535156253
decision_type=2 2 2 2 2 2
left_child=3 -2 -3 5 -5 -1
right_child=1 2 -4 4 -6 -7
leaf_value=0.00111140358394387 0.0034115898939580461 -0.015586608703442551 0.011944365141199785 -0.017018413322692518 0.013280809919786946 -0.012911529318192292
leaf_weight=2275.1199024079833 278.99426457751542 258.11741639859974 40.785965598188341 38.456857165554538 254.06433169590309 134.7076146453619
leaf_count=16269 1765 1957 370 584 1787 745
internal_value=0.000277039 -0.0044644 -0.0118027 0.00129227 0.00925306 0.000322501
internal_weight=3280.25 577.898 298.903 2702.35 292.521 2409.83
internal_count=23477 4092 2327 19385 2371 17014
is_linear=0
shrinkage=0.05


Tree=175
num_leaves=7
num_cat=0
split_feature=15 5 5 9 6 7
split_gain=6.09793 6.85254 5.14735 6.10531 5.26149 10.4566
threshold=2.3503797054290776 0.3219106793403626 0.8178185522556306 109.00611877441408 157.26276397705081 8.3873867988586444
decision_type=2 2 2 2 2 2
left_child=1 -1 4 -4 -2 -6
right_child=2 -3 3 -5 5 -7
leaf_value=-0.030435893835576468 0.0013786890258146568 0.035712998041691854 -0.0065878553400465492 0.011505996572112088 -0.0036986714118990697 0.015758685877085728
leaf_weight=28.059376541525129 1441.0866346191615 3.667817903449758 62.361582214012742 177.49129732698202 1498.3980299711693 71.406300276517868
leaf_count=2290 8786 65 314 795 10502 712
internal_value=-0.000456226 -0.0219312 -0.000239951 0.00679379 -0.000802341 -0.00280414
internal_weight=3282.47 31.7272 3250.74 239.853 3010.89 1569.8
internal_count=23464 2355 21109 1109 20000 11214
is_linear=0
shrinkage=0.05


Tree=176
num_leaves=7
num_cat=0
split_feature=10 13 6 13 13 1
split_gain=5.7881 10.5214 12.1588 5.74636 4.17291 7.42208
threshold=58.925178527832038 -5.1369171142578116 101.51743698120119 -171.5668029785156 130.79736328125003 1.0000000180025095e-35
decision_type=2 2 2 2 2 2
left_child=1 2 -1 -2 -5 -6
right_child=3 -3 -4 4 5 -7
leaf_value=-0.020885904758169309 -0.017460195461943242 -0.040129588427000769 0.072668233452578224 0.0013379222611903635 0.004030770938248586 -0.024470748388591503
leaf_weight=8.2484113029204291 41.569594267755747 21.639175523072481 4.6278268210589877 3131.6746707996354 47.653190022334456 42.449176002293825
leaf_count=401 199 1971 325 19728 464 461
internal_value=0.000572373 -0.0195042 0.015552 0.000790626 0.00103146 -0.00951813
internal_weight=3297.86 34.5154 12.8762 3263.35 3221.78 90.1024
internal_count=23549 2697 726 20852 20653 925
is_linear=0
shrinkage=0.05


Tree=177
num_leaves=7
num_cat=0
split_feature=13 6 2 0 9 6
split_gain=5.52371 6.8455 6.91298 7.57947 6.28653 5.88933
threshold=160.45532226562503 471.95796203613287 0.50972247123718273 23.974374771118168 171.47894287109378 455.46438598632818
decision_type=2 2 2 2 2 2
left_child=1 5 -3 -4 -2 -1
right_child=4 2 3 -5 -6 -7
leaf_value=0.00018860224058702939 -0.035698678491519288 0.002328985516091675 0.0043907688216780144 0.036909591785277619 0.0045957266411911259 -0.020653277630533061
leaf_weight=2999.2991662670393 21.3931884188205 121.83966503269039 33.822624298045412 37.852075345814228 16.688744463026524 33.282044250285253
leaf_count=21193 277 1013 296 195 189 279
internal_value=0.000310157 0.000536343 0.00962913 0.0218358 -0.0183746 -4.68665e-05
internal_weight=3264.18 3226.1 193.514 71.6747 38.0819 3032.58
internal_count=23442 22976 1504 491 466 21472
is_linear=0
shrinkage=0.05


Tree=178
num_leaves=7
num_cat=0
split_feature=13 5 9 0 12 5
split_gain=5.1176 5.00389 7.18724 8.27482 8.16627 8.01675
threshold=-171.5668029785156 -0.10184558853507041 155.28425598144534 21.44875526428223 23.284729003906254 -0.12316338717937468
decision_type=2 2 2 2 2 2
left_child=-1 2 4 -4 5 -2
right_child=1 -3 3 -5 -6 -7
leaf_value=-0.01720075666598455 -0.00091319145911553524 0.0018847815138456408 0.027333925471999407 0.0012669861759736385 -0.015679695357150109 -0.023301793705836973
leaf_weight=40.380131971091032 592.8144691165071 2169.758701980114 33.071470007300377 287.17649857886136 141.39810744393617 41.883948812261224
leaf_count=195 4422 15486 217 1685 1290 373
internal_value=0.000272643 0.000493872 -0.00225807 0.00403558 -0.00485692 -0.00242495
internal_weight=3306.48 3266.1 1096.34 320.248 776.097 634.698
internal_count=23668 23473 7987 1902 6085 4795
is_linear=0
shrinkage=0.05


Tree=179
num_leaves=7
num_cat=0
split_feature=4 1 7 5 9 10
split_gain=6.48639 10.5032 7.28498 6.96869 6.15275 5.60186
threshold=0.32286393642425543 -0.35913199186325068 6.0780749320983896 0.93585050106048595 223.6991882324219 582.33795166015636
decision_type=2 2 2 2 2 2
left_child=3 2 -2 4 -1 -6
right_child=1 -3 -4 -5 5 -7
leaf_value=-0.00058968283296708356 0.0092942716112525397 -0.00012080172777942517 0.032245614215810882 0.0091714988800367624 -0.017059310124375251 0.0043074448544296968
leaf_weight=2391.0700560326222 177.69544870499521 344.27886546682566 42.426631621783599 171.73778244666755 107.07844081521034 42.349490437656641
leaf_count=17964 1161 2384 313 795 555 314
internal_value=0.000468672 0.00534037 0.0138438 -0.000546696 -0.001207 -0.0110154
internal_weight=3276.64 564.401 220.122 2712.24 2540.5 149.428
internal_count=23486 3858 1474 19628 18833 869
is_linear=0
shrinkage=0.05


Tree=180
num_leaves=7
num_cat=0
split_feature=5 2 11 6 13 11
split_gain=7.65491 6.61105 23.1446 12.7726 10.2274 10.8792
threshold=1.4987013936042788 0.74532604217529308 313.70526123046881 361.86961364746099 130.79736328125003 422.18919372558599
decision_type=2 2 2 2 2 2
left_child=1 4 -3 -4 5 -1
right_child=-2 2 3 -5 -6 -7
leaf_value=-0.0029189097296322079 0.021691904416265659 0.010297073638587693 -0.012966468169172397 0.0060640010847505827 -0.018662101144223248 0.0039928415831646255
leaf_weight=928.09738012449816 38.370169121772051 197.1028058626689 478.33645456330851 107.41511043487117 64.812489041127264 1469.4970811759122
leaf_count=9392 173 2123 2618 724 705 7803
internal_value=-0.000223059 -0.000488772 -0.00448807 -0.00947227 0.000784 0.00131723
internal_weight=3283.63 3245.26 782.854 585.752 2462.41 2397.59
internal_count=23538 23365 5465 3342 17900 17195
is_linear=0
shrinkage=0.05


Tree=181
num_leaves=7
num_cat=0
split_feature=6 2 15 13 4 12
split_gain=7.02563 18.1173 11.8382 11.0245 10.9173 10.2198
threshold=51.213203430175788 0.88794475793838512 9.9134254455566424 -137.98153686523435 -1.1675333380699155 -34.91319274902343
decision_type=2 2 2 2 2 2
left_child=1 2 5 -2 -5 -1
right_child=3 -3 -4 4 -6 -7
leaf_value=0.01721027876274597 -0.025014540126676241 -0.016260634166183278 -0.019953485208701091 -0.024973836110642196 -0.00038842070272895548 0.0021584303503596721
leaf_weight=257.33403787203133 46.896556350402534 85.66626972425729 33.064536489546299 44.945742685347795 2624.6629185471684 200.71693022502586
leaf_count=1186 238 561 163 224 19401 1812
internal_value=-0.00017393 0.00483303 0.00853801 -0.00123842 -0.000811539 0.0106337
internal_weight=3293.29 576.782 491.116 2716.51 2669.61 458.051
internal_count=23585 3722 3161 19863 19625 2998
is_linear=0
shrinkage=0.05


Tree=182
num_leaves=7
num_cat=0
split_feature=4 15 12 14 7 10
split_gain=5.38823 17.0951 9.03732 14.3782 14.7003 8.77375
threshold=1.0000000180025095e-35 3.8889682292938237 20.765380859375004 8.8190832138061541 5.8550240993499765 371.12094116210943
decision_type=2 2 2 2 2 2
left_child=-1 -2 -3 5 -5 -4
right_child=1 2 3 4 -6 -7
leaf_value=-0.0021702126169104224 -0.01406010640288043 0.0063980400866304526 -0.02329810525717679 -0.0009746374603920656 0.034437532918918705 0.011120012518054764
leaf_weight=1846.2296224641614 148.69378026714548 921.87797259679064 98.394706454128027 195.82729524746537 33.453736934810877 22.119232576340437
leaf_count=12528 3026 5229 949 1346 196 215
internal_value=-0.000389564 0.00192487 0.00380353 -0.00303298 0.00431936 -0.0169414
internal_weight=3266.6 1420.37 1271.67 349.795 229.281 120.514
internal_count=23489 10961 7935 2706 1542 1164
is_linear=0
shrinkage=0.05


Tree=183
num_leaves=7
num_cat=0
split_feature=13 6 2 13 12 14
split_gain=6.09549 11.5482 13.6864 6.43023 6.14345 7.3018
threshold=130.79736328125003 439.87564086914068 0.13753146678209308 114.5441131591797 39.605316162109382 9.2385792732238787
decision_type=2 2 2 2 2 2
left_child=3 -2 -3 4 -1 -6
right_child=1 2 -4 -5 5 -7
leaf_value=0.0012742171752112685 -0.043562195542390186 -0.024981741544119685 0.020096370469918051 0.018635876728440522 -0.022009990692024178 -0.00080653293248394726
leaf_weight=2960.0595055674203 21.146943857893348 31.654807169921696 33.770930116996169 49.969081923365593 61.777973324991763 115.17416086047888
leaf_count=20910 235 358 321 372 599 741
internal_value=0.000661364 -0.0123529 -0.00176143 0.00101865 0.000732181 -0.00829122
internal_weight=3273.55 86.5727 65.4257 3186.98 3137.01 176.952
internal_count=23536 914 679 22622 22250 1340
is_linear=0
shrinkage=0.05


Tree=184
num_leaves=7
num_cat=0
split_feature=14 13 7 4 3 13
split_gain=8.52377 9.24866 7.30822 5.52217 5.05631 6.18984
threshold=1.3834560513496401 -39.697219848632805 13.466137886047365 -1.5158569812774656 -1.516391336917877 -132.10540771484372
decision_type=2 2 2 2 2 2
left_child=1 -1 3 -2 -5 -6
right_child=2 -3 -4 4 5 -7
leaf_value=0.024368676888433888 -0.019196242314460082 -0.038992975314526973 0.021921474096487203 0.008797016157770142 -0.012489356408718233 -0.00019335046903481935
leaf_weight=6.6142989248037329 37.649958744645119 25.565710638416931 36.057165005244315 148.39643780142069 105.0950979180634 2901.2371747619472
leaf_count=151 175 2164 237 695 508 19470
internal_value=-0.000414481 -0.0256277 -0.000155306 -0.000411445 -0.000181247 -0.000627203
internal_weight=3260.62 32.18 3228.44 3192.38 3154.73 3006.33
internal_count=23400 2315 21085 20848 20673 19978
is_linear=0
shrinkage=0.05


Tree=185
num_leaves=7
num_cat=0
split_feature=1 7 6 7 7 10
split_gain=5.65326 5.02841 6.84783 9.54247 6.2562 5.65004
threshold=-0.98943281173706044 13.466137886047365 1.0000000180025095e-35 9.0696983337402362 11.589677810668947 241.04820251464847
decision_type=2 2 2 2 2 2
left_child=-1 2 4 -4 -2 -5
right_child=1 -3 3 5 -6 -7
leaf_value=0.008568414041205008 -0.021791506939126428 0.017302757015556572 -0.0012106971620994456 0.0004791813334689789 0.0016814030030845089 0.023533291722777235
leaf_weight=164.58496795478277 73.332761566154659 36.443760309601203 2868.2628736803308 45.88144227094017 45.706791343633085 62.301153132691979
leaf_count=1216 352 349 19997 1052 310 323
internal_value=-0.000435561 -0.00091131 -0.00113127 -0.00065884 -0.0128399 0.0138497
internal_weight=3296.51 3131.93 3095.49 2976.45 119.04 108.183
internal_count=23599 22383 22034 21372 662 1375
is_linear=0
shrinkage=0.05


Tree=186
num_leaves=7
num_cat=1
split_feature=8 10 11 2 11 10
split_gain=6.37798 9.90104 12.8345 7.78263 6.15114 15.144
threshold=0 148.08760070800784 472.78317260742193 0.13753146678209308 246.84707641601565 280.86973571777349
decision_type=9 2 2 2 2 2
left_child=4 -2 3 -3 -1 -6
right_child=1 2 -4 -5 5 -7
leaf_value=0.0054521226646611042 -0.030681462704452413 -0.0037357041962199503 -0.01415777110755248 0.033670207459415367 -0.006356844048471086 0.0021389604856254527
leaf_weight=554.55437161028385 40.199549497570843 25.873436998110265 93.168828259222209 28.614950554911047 741.96863793698139 1783.1091887447983
leaf_count=5835 1931 221 605 202 5196 9435
internal_value=0.000128996 -0.00855155 -0.00293609 0.016161 0.000686641 -0.000358974
internal_weight=3267.49 187.857 147.657 54.4884 3079.63 2525.08
internal_count=23425 2959 1028 423 20466 14631
cat_boundaries=0 1
cat_threshold=1
is_linear=0
shrinkage=0.05


Tree=187
num_leaves=7
num_cat=0
split_feature=11 10 13 2 11 10
split_gain=6.42008 13.4446 12.9567 10.896 18.9574 15.8484
threshold=171.14219665527347 137.23854827880862 -39.697219848632805 0.75433129072189342 491.18971252441412 450.49801635742193
decision_type=2 2 2 2 2 2
left_child=2 -2 -1 -3 -5 -6
right_child=1 3 -4 4 5 -7
leaf_value=-0.039229382786207218 -0.018718086499081448 0.0010396357675639294 0.0070073926018135273 0.0026998621480044372 -0.021209709427024336 0.0013797234179240001
leaf_weight=14.764600444585083 106.92574788280763 2105.9360236790963 397.41638368973508 314.2771741063334 245.62951954826713 113.15146523714066
leaf_count=109 1615 12179 5911 1876 1335 641
internal_value=-0.000569407 -0.00140356 0.00526022 -0.000730862 -0.00626391 -0.0141015
internal_weight=3298.1 2885.92 412.181 2778.99 673.058 358.781
internal_count=23666 17646 6020 16031 3852 1976
is_linear=0
shrinkage=0.05


Tree=188
num_leaves=7
num_cat=0
split_feature=11 10 6 2 12 12
split_gain=6.70022 13.8915 8.2285 7.37088 10.5808 7.28448
threshold=146.29511260986331 103.13814926147462 151.48529052734378 0.21418783813714984 -13.878273010253904 -2.3818454742431636
decision_type=2 2 2 2 2 2
left_child=1 3 -3 -1 -5 -6
right_child=-2 2 -4 4 5 -7
leaf_value=-0.0099208723824852213 -0.0012529224269183844 0.037825130187992106 0.0094309896038339055 -0.032701584358565662 0.036912226826420189 0.0044358872315111344
leaf_weight=109.6982262537349 2960.0198486857116 42.430995694827288 64.133650273550302 11.718337369151412 26.928648832486942 46.075108860852197
leaf_count=2580 18453 333 465 100 481 1077
internal_value=-0.000529513 0.0065654 0.0209833 -0.00140417 0.00961034 0.0167522
internal_weight=3261 300.985 106.565 194.42 84.7221 73.0038
internal_count=23489 5036 798 4238 1658 1558
is_linear=0
shrinkage=0.05


Tree=189
num_leaves=7
num_cat=0
split_feature=10 6 0 1 15 6
split_gain=6.46861 10.9415 12.4132 10.9621 10.4819 10.4737
threshold=411.98567199707037 296.22529602050787 18.768726348876957 -0.2590250670909881 5.6291911602020273 186.10977172851565
decision_type=2 2 2 2 2 2
left_child=-1 5 -3 4 -4 -2
right_child=1 2 3 -5 -6 -7
leaf_value=-0.0010360045643258873 0.004819201349598342 0.041440010089241572 0.0028793177688535374 -0.0017980861774742835 0.033121239839064502 -0.010236274742292557
leaf_weight=2486.6870249668136 352.10469164513052 31.15891638584435 52.647368606179953 127.49278624728322 62.413555812090635 170.68569696694613
leaf_count=19142 1704 235 352 819 378 936
internal_value=0.000220278 0.00413878 0.012218 0.00830931 0.0194278 -0.000106415
internal_weight=3283.19 796.503 273.713 242.554 115.061 522.79
internal_count=23566 4424 1784 1549 730 2640
is_linear=0
shrinkage=0.05


Tree=190
num_leaves=7
num_cat=0
split_feature=15 11 10 2 13 4
split_gain=5.12046 6.15405 7.53944 9.77208 9.68475 9.03564
threshold=2.2960788011550908 821.47601318359386 391.26892089843756 0.95691967010498058 4.2323303222656259 0.49042026698589331
decision_type=2 2 2 2 2 2
left_child=-1 2 4 -4 -2 -6
right_child=1 -3 3 -5 5 -7
leaf_value=-0.020889095360947942 0.0014130394955664928 -0.012857167933954916 0.0062677745512948304 -0.012695245540317325 -0.0077663574281067772 0.0069560793756189626
leaf_weight=27.926076830131933 1546.0871357875876 86.282958624884486 778.87177644111216 73.49214168637991 653.6582721224986 123.14106291579083
leaf_count=2240 9853 731 4031 380 5470 927
internal_value=5.50784e-05 0.000240756 0.000600609 0.00461979 -0.00087555 -0.00542656
internal_weight=3289.46 3261.53 3175.25 852.364 2322.89 776.799
internal_count=23632 21392 20661 4411 16250 6397
is_linear=0
shrinkage=0.05


Tree=191
num_leaves=7
num_cat=0
split_feature=11 10 14 1 2 7
split_gain=6.83971 12.2619 9.61731 10.1988 9.71593 12.7986
threshold=204.71413421630862 140.89855957031253 1.428783714771271 0.63302543759346019 -0.1131959594786167 6.025855779647828
decision_type=2 2 2 2 2 2
left_child=2 -2 -1 4 5 -4
right_child=1 -3 3 -5 -6 -7
leaf_value=-0.026355330769293459 -0.020973563501321183 -0.00036605328231275236 0.014264602496193919 -0.0060266625936829911 0.01878890985547426 -0.013660049093413021
leaf_weight=21.68183097220026 73.158361569512635 2714.7091779182665 94.220726245082915 113.35299249272794 191.22628553514369 71.122699987376109
leaf_count=1953 1167 15577 797 1178 1951 948
internal_value=4.52359e-05 -0.000914156 0.00547671 0.00699826 0.0111441 0.00224287
internal_weight=3279.47 2787.87 491.605 469.923 356.57 165.343
internal_count=23571 16744 6827 4874 3696 1745
is_linear=0
shrinkage=0.05


Tree=192
num_leaves=7
num_cat=1
split_feature=9 6 11 15 8 2
split_gain=5.41584 11.498 8.95393 16.0038 13.9777 12.8486
threshold=65.767089843750014 307.40502929687506 182.71205139160159 3.0754228830337529 0 -0.9261975586414336
decision_type=2 2 2 2 9 2
left_child=1 2 4 -4 5 -1
right_child=-2 -3 3 -5 -6 -7
leaf_value=-0.024558497540452695 0.00092921269041815061 -0.023925133110512756 0.035567765007821474 -0.013852108138689052 -0.025006977758453633 0.014210008493769284
leaf_weight=23.252763614291325 2766.3473722599447 66.493004812858999 17.036154261091724 182.02142574079335 23.913279344327748 183.46171873272397
leaf_count=355 14829 1629 670 2174 1365 2440
internal_value=6.60218e-05 -0.00473872 -0.001721 -0.00946591 0.00497572 0.00930389
internal_weight=3262.53 496.178 429.685 199.058 230.628 206.714
internal_count=23462 8633 7004 2844 4160 2795
cat_boundaries=0 1
cat_threshold=1
is_linear=0
shrinkage=0.05


Tree=193
num_leaves=7
num_cat=0
split_feature=3 4 6 13 12 5
split_gain=5.21112 4.32786 13.4267 5.76474 7.03547 4.75758
threshold=1.8851920366287234 -1.0382909178733823 87.426406860351577 -132.10540771484372 -75.966293334960923 0.1801826283335686
decision_type=2 2 2 2 2 2
left_child=1 2 -1 4 -3 -5
right_child=-2 3 -4 5 -6 -7
leaf_value=0.0050588102827443049 0.01765015371138719 -0.00019336482239079561 -0.026583632834488474 -0.0004087917329146794 -0.025601690258655524 0.0037560902025327034
leaf_weight=78.143798129633069 42.754377378616482 67.821615431457758 57.375183701515198 1914.1941774394363 44.554804609157145 1067.2330155589152
leaf_count=362 275 312 292 16119 233 5966
internal_value=0.000510436 0.000278122 -0.00843437 0.000662361 -0.0104042 0.00108283
internal_weight=3272.08 3229.32 135.519 3093.8 112.376 2981.43
internal_count=23559 23284 654 22630 545 22085
is_linear=0
shrinkage=0.05


Tree=194
num_leaves=7
num_cat=0
split_feature=4 5 15 1 9 9
split_gain=4.9714 15.7518 7.59905 9.69565 6.61677 9.02066
threshold=-0.0025422397302463646 -0.044931156560778611 3.7439332008361821 0.74332195520401012 149.97171020507815 218.74942016601565
decision_type=2 2 2 2 2 2
left_child=-1 2 -2 -4 -3 -6
right_child=1 4 3 -5 5 -7
leaf_value=-0.0018700707375529188 -0.018117104919142125 0.0047098934351569423 0.0018480979491832907 -0.01228612142437204 0.022540595188383462 -0.0027473981305984095
leaf_weight=1850.4183157868683 69.21029316005297 410.62669556867331 616.71238913619891 149.99542638100684 137.37471677362919 47.056678634136915
leaf_count=12463 1533 3581 3991 1037 695 259
internal_value=-0.000159064 0.00205323 -0.00237247 -0.000929462 0.00826385 0.0161085
internal_weight=3281.39 1430.98 835.918 766.708 595.058 184.431
internal_count=23559 11096 6561 5028 4535 954
is_linear=0
shrinkage=0.05


Tree=195
num_leaves=7
num_cat=0
split_feature=10 11 2 10 13 2
split_gain=5.97847 7.75595 6.46715 5.19549 10.7031 9.50979
threshold=653.89044189453136 810.99151611328136 0.36645963788032537 58.925178527832038 -5.1369171142578116 0.4545044749975205
decision_type=2 2 2 2 2 2
left_child=1 3 -3 4 5 -1
right_child=-2 2 -4 -5 -6 -7
leaf_value=-0.015981392445171421 0.020539775938691641 -0.028611377364445103 0.0031122227497170315 0.00026599617272596418 -0.041106611136604083 0.067527264871159037
leaf_weight=8.3738539395853859 33.766240116208792 42.484075389802456 25.191571302711964 3136.5059735649265 20.368765233550221 4.4400581889785817
leaf_count=491 276 367 200 20008 2003 212
internal_value=-8.39888e-05 -0.000305374 -0.0169292 5.47869e-05 -0.019333 0.0157483
internal_weight=3271.13 3237.36 67.6756 3169.69 33.1827 12.8139
internal_count=23557 23281 567 22714 2706 703
is_linear=0
shrinkage=0.05


Tree=196
num_leaves=7
num_cat=0
split_feature=1 10 4 15 7 4
split_gain=4.64507 8.10237 7.96858 6.69667 10.0279 6.34646
threshold=0.92038515210151683 119.27905273437501 -0.18494071811437604 5.6548891067504892 6.8873503208160409 -0.48481218516826624
decision_type=2 2 2 2 2 2
left_child=-1 2 -2 4 -3 -5
right_child=1 3 -4 5 -6 -7
leaf_value=0.00056109230581861101 -0.060738599372243574 -0.0029469798774114115 -0.010776024559869601 0.0081401571817323153 0.030340488925515569 -0.013288389261050613
leaf_weight=2920.0135495907161 11.301731441169975 74.04043210670352 24.352555035846308 44.045523278415203 31.485458442009985 150.20841694809496
leaf_count=20921 161 511 485 199 220 862
internal_value=-7.97151e-05 -0.00564314 -0.0278382 -0.0029196 0.00717649 -0.00841283
internal_weight=3255.45 335.434 35.6543 299.78 105.526 194.254
internal_count=23359 2438 646 1792 731 1061
is_linear=0
shrinkage=0.05


Tree=197
num_leaves=7
num_cat=0
split_feature=9 13 14 13 12 15
split_gain=5.10471 12.2649 11.8843 11.3646 8.82146 8.67989
threshold=151.00547790527347 5.3707618713378915 10.565145969390871 -4.0010681152343741 -2.0036921501159664 4.3094146251678476
decision_type=2 2 2 2 2 2
left_child=1 -1 -2 4 -4 -5
right_child=2 -3 3 5 -6 -7
leaf_value=0.0014227540969653969 0.014582304641671108 -0.0065784162868249979 -0.0025867375550703599 -0.010147119209138307 -0.02561885740125442 0.009540232994528608
leaf_weight=1579.6883307329845 187.76867444813251 686.20417686412111 365.86695738136768 65.572777947410941 45.951238293200731 355.34357781894505
leaf_count=11609 967 6661 1690 461 234 2018
internal_value=0.00032036 -0.00100216 0.00325494 0.000686373 -0.00521253 0.00645644
internal_weight=3286.4 2265.89 1020.5 832.735 411.818 420.916
internal_count=23640 18270 5370 4403 1924 2479
is_linear=0
shrinkage=0.05


Tree=198
num_leaves=7
num_cat=0
split_feature=6 7 5 15 11 10
split_gain=5.11653 8.8208 6.43453 4.46181 10.2367 11.0325
threshold=1.0000000180025095e-35 11.898890018463137 0.76001131534576427 6.2887260913848886 310.40373229980474 245.49763488769534
decision_type=2 2 2 2 2 2
left_child=1 -1 -3 -2 -5 -6
right_child=3 2 -4 4 5 -7
leaf_value=-0.019765464213011428 0.0025050129701208739 -0.0071321145713989596 0.022905986193340035 0.0060228651133450196 -0.017056027454643775 -0.0018104276088682437
leaf_weight=82.20163718983531 1602.0069967748132 48.152861472219229 27.014780703932047 363.38467006664723 133.42966702952981 1015.0199812799692
leaf_count=402 14345 487 126 2104 749 5311
internal_value=0.000221425 -0.0085457 0.00382239 0.000667105 -0.00128079 -0.003595
internal_weight=3271.21 157.369 75.1676 3113.84 1511.83 1148.45
internal_count=23524 1015 613 22509 8164 6060
is_linear=0
shrinkage=0.05


Tree=199
num_leaves=7
num_cat=0
split_feature=6 11 7 10 11 2
split_gain=5.54447 15.7254 12.7778 10.2908 12.4996 13.236
threshold=125.48619461059572 157.42491149902347 7.6649744510650644 234.89346313476565 271.25834655761724 -0.179676279425621
decision_type=2 2 2 2 2 2
left_child=1 -1 -3 4 5 -2
right_child=3 2 -4 -5 -6 -7
leaf_value=0.018618611934106737 -0.013213488717596259 0.0037099985632079026 -0.0081948968860258813 0.00067938521102377562 -0.018347839789015961 0.0054461258283065262
leaf_weight=135.47846492240205 161.60166185093112 890.16991526051424 300.70892094448209 1380.6033743727021 175.86754850065336 227.80318765691482
leaf_count=2030 2173 4842 1831 8097 1628 2924
internal_value=5.06729e-05 0.0025425 0.000699539 -0.00164825 -0.00732436 -0.00231156
internal_weight=3272.23 1326.36 1190.88 1945.88 565.272 389.405
internal_count=23525 8703 6673 14822 6725 5097
is_linear=0
shrinkage=0.05


Tree=200
num_leaves=7
num_cat=0
split_feature=10 10 0 2 0 2
split_gain=6.78095 10.8791 11.8989 10.0166 13.163 9.82462
threshold=278.52706909179693 292.52777099609381 7.7910044193267831 -0.1131959594786167 23.974374771118168 -0.87972694635391224
decision_type=2 2 2 2 2 2
left_child=3 -2 -3 4 -1 -6
right_child=1 2 -4 -5 5 -7
leaf_value=-0.010552255168627872 0.016299668893431579 0.025032998436383493 0.00051450338824124582 0.0014309468540454472 0.02792953190898502 -0.0037218221253099929
leaf_weight=497.84157702280208 127.07024960592389 49.935356381349266 1738.0281833540648 753.82425952027552 40.518300831317902 59.381931409239769
leaf_count=5331 666 395 9180 7404 215 313
internal_value=0.000308596 0.00222194 0.00121288 -0.00240205 -0.00723024 0.00926515
internal_weight=3266.6 1915.03 1787.96 1351.57 597.742 99.9002
internal_count=23504 10241 9575 13263 5859 528
is_linear=0
shrinkage=0.05


Tree=201
num_leaves=7
num_cat=0
split_feature=11 10 9 1 2 6
split_gain=5.70109 14.7747 10.3903 10.2866 9.93713 11.1545
threshold=569.66552734375011 393.75167846679693 185.77212524414065 -0.1518282666802406 -0.61780554056167591 181.24143981933597
decision_type=2 2 2 2 2 2
left_child=2 4 -1 -4 -2 -6
right_child=1 -3 3 -5 5 -7
leaf_value=7.8017948968033435e-05 0.0023807406708449535 0.00027854760990180796 0.028453110227021679 0.001729256464878826 -0.0096915176192344226 -0.033123370276527064
leaf_weight=2088.7629885394126 78.471500707324594 743.06115275062621 65.177357248961926 79.293906338512897 140.19737120065838 79.814228132367134
leaf_count=16986 416 4186 295 376 698 554
internal_value=-0.000446904 -0.0034999 0.000977892 0.0138983 -0.0128757 -0.0183034
internal_weight=3274.78 1041.54 2233.23 144.471 298.483 220.012
internal_count=23511 5854 17657 671 1668 1252
is_linear=0
shrinkage=0.05


Tree=202
num_leaves=7
num_cat=0
split_feature=6 1 13 0 9 13
split_gain=4.83429 11.7566 11.0436 8.44464 8.04704 8.92426
threshold=420.53503417968756 0.86562395095825206 77.13736724853517 36.765024185180671 221.42248535156253 -3.6424179077148433
decision_type=2 2 2 2 2 2
left_child=2 3 4 -2 -1 -6
right_child=1 -3 -4 -5 5 -7
leaf_value=-7.9386524992996059e-05 0.0054045098401398822 -0.019639084647758896 -0.015962478056698228 0.032434032662256099 -0.02126547788918013 0.0030417480214444351
leaf_weight=2651.9633763451129 273.3713849063497 42.023245164891705 123.29549793340266 31.415126357227564 94.827089853584766 61.946721814572811
leaf_count=18852 2264 416 1012 186 485 348
internal_value=-0.000717033 0.00485685 -0.00137776 0.00828747 -0.000732079 -0.0117025
internal_weight=3278.84 346.81 2932.03 304.787 2808.74 156.774
internal_count=23563 2866 20697 2450 19685 833
is_linear=0
shrinkage=0.05


Tree=203
num_leaves=7
num_cat=0
split_feature=13 9 10 2 10 13
split_gain=5.96082 5.25111 7.35545 13.0905 6.54812 9.82379
threshold=-171.5668029785156 286.17385864257818 548.15600585937511 -0.33516879379749293 411.98567199707037 4.2323303222656259
decision_type=2 2 2 2 2 2
left_child=-1 2 4 -4 5 -2
right_child=1 -3 3 -5 -6 -7
leaf_value=-0.019064845847718438 0.0018451314901036656 0.02100731191557435 -0.0299203132614029 0.0013245909531432072 0.0053717581402744925 -0.0048508285060932313
leaf_weight=38.804309885948896 1607.4120341367088 29.629728700965643 54.31117588467896 84.894405450671911 605.12334004044533 829.66276495717466
leaf_count=187 11513 167 389 588 3151 7462
internal_value=0.000165406 0.000403661 0.00020523 -0.0109921 0.000721043 -0.000435455
internal_weight=3249.84 3211.03 3181.4 139.206 3042.2 2437.07
internal_count=23457 23270 23103 977 22126 18975
is_linear=0
shrinkage=0.05


Tree=204
num_leaves=7
num_cat=0
split_feature=11 4 2 14 13 2
split_gain=7.66753 14.0725 14.5589 16.272 10.1713 9.30074
threshold=310.40373229980474 -1.1675333380699155 0.46537829935550695 13.573512077331545 26.719055175781254 -0.70487982034683216
decision_type=2 2 2 2 2 2
left_child=1 -1 3 4 -3 -2
right_child=5 2 -4 -5 -6 -7
leaf_value=-0.03126102373478893 0.0046753531213218295 0.0013061659528348874 0.015373449137359755 0.033805075376126884 -0.021557191260472109 -0.0023132302995789379
leaf_weight=24.676552874036133 640.00303499167785 385.05698362644762 281.63076170766726 34.079004891216755 54.663950888672844 1849.4377990658395
leaf_count=138 3662 5192 3075 199 593 10677
internal_value=0.000840503 0.00516252 0.00639206 0.00103232 -0.00157856 -0.0005154
internal_weight=3269.55 780.107 755.431 473.8 439.721 2489.44
internal_count=23536 9197 9059 5984 5785 14339
is_linear=0
shrinkage=0.05


Tree=205
num_leaves=7
num_cat=0
split_feature=2 2 12 11 10 13
split_gain=6.42734 6.33473 6.34038 5.17489 11.2835 7.69574
threshold=0.980410397052765 0.99567580223083507 -12.474861145019529 642.41934204101574 488.85006713867193 -137.98153686523435
decision_type=2 2 2 2 2 2
left_child=3 2 -2 4 -1 -5
right_child=1 -3 -4 5 -6 -7
leaf_value=0.0017785039800554681 -0.027645825254435315 0.0016320063145716466 -0.0043422863275513488 -0.021848021313193147 0.025009131505818023 -0.0011967389062449419
leaf_weight=2388.878242296516 55.169389463961124 99.521962475962937 61.693965618964285 48.0532006919384 52.450278365984559 563.50653631752357
leaf_count=18170 287 719 528 242 255 3361
internal_value=0.000666256 -0.00764096 -0.0154847 0.00125737 0.00228763 -0.00285243
internal_weight=3269.27 216.385 116.863 3052.89 2441.33 611.56
internal_count=23562 1534 815 22028 18425 3603
is_linear=0
shrinkage=0.05


Tree=206
num_leaves=7
num_cat=0
split_feature=4 5 6 11 14 9
split_gain=5.08424 9.83048 5.89956 8.56606 7.67049 8.81642
threshold=0.09645793586969377 -0.10906003043055533 157.26276397705081 713.67465209960949 15.858423233032228 226.44560241699222
decision_type=2 2 2 2 2 2
left_child=2 -2 3 -1 5 -4
right_child=1 -3 4 -5 -6 -7
leaf_value=0.0023298839087124087 -0.0018379390595818453 0.0075875605424761787 -0.0052556337228955629 -0.01262339678450562 0.0055373761794336174 -0.032732896456120035
leaf_weight=982.86326816002838 607.36014445661567 506.55385477491654 864.8589396502357 105.10685165040195 164.33292556367815 29.266392309218645
leaf_count=6760 4593 3578 6995 555 875 180
internal_value=-0.000288227 0.00245128 -0.00171041 0.000875009 -0.00436623 -0.00619058
internal_weight=3260.34 1113.91 2146.43 1087.97 1058.46 894.125
internal_count=23536 8171 15365 7315 8050 7175
is_linear=0
shrinkage=0.05


Tree=207
num_leaves=7
num_cat=0
split_feature=9 6 14 2 10 13
split_gain=6.08349 10.6448 10.0207 10.0415 12.4762 11.4774
threshold=99.617553710937514 165.63028717041018 5.0794463157653817 -0.69534099102020253 605.82901000976574 8.7105979919433612
decision_type=2 2 2 2 2 2
left_child=1 -1 -2 5 -5 -4
right_child=2 -3 3 4 -6 -7
leaf_value=0.0010832309787905047 0.018706126854222418 -0.0087192015840407682 0.0013783266285512222 -0.0018932018819435435 0.021840229375375383 0.016749027577755912
leaf_weight=728.35776662663557 83.680789444595575 445.68971662409604 325.47811370715499 1415.0889906287193 56.628491155803204 192.93567450344563
leaf_count=6767 480 5923 1481 7193 414 1185
internal_value=0.000232463 -0.0026422 0.00186039 0.00114302 -0.000965781 0.00712
internal_weight=3247.86 1174.05 2073.81 1990.13 1471.72 518.414
internal_count=23443 12690 10753 10273 7607 2666
is_linear=0
shrinkage=0.05


Tree=208
num_leaves=7
num_cat=0
split_feature=12 13 3 11 0 9
split_gain=4.69765 11.8683 13.293 8.87431 7.11308 6.39263
threshold=-60.150726318359368 -95.028762817382798 -0.20433214306831357 708.42291259765636 26.819949150085453 137.5914001464844
decision_type=2 2 2 2 2 2
left_child=3 2 -2 4 5 -1
right_child=1 -3 -4 -5 -6 -7
leaf_value=0.0094295830297069921 0.0020013567852712301 0.00060415061039012681 -0.028405507539532818 -0.011934702799175266 -0.0037712185393051776 0.030329432997368816
leaf_weight=121.83522714674473 67.647433920763433 2807.313235792215 75.395421402528882 52.225228179246187 62.354615822434425 52.275024473667145
leaf_count=539 330 21374 409 263 268 228
internal_value=0.000482683 -0.000113852 -0.0141115 0.00655851 0.0106759 0.0158419
internal_weight=3239.05 2950.36 143.043 288.69 236.465 174.11
internal_count=23411 22113 739 1298 1035 767
is_linear=0
shrinkage=0.05


Tree=209
num_leaves=7
num_cat=0
split_feature=11 4 2 11 10 9
split_gain=5.37717 9.62521 5.8679 15.3247 16.1467 8.89632
threshold=810.99151611328136 -0.25513809919357294 0.74532604217529308 491.18971252441412 481.69598388671881 69.552032470703139
decision_type=2 2 2 2 2 2
left_child=2 -2 5 -4 -5 -1
right_child=1 -3 3 4 -6 -7
leaf_value=-0.0044201577334007612 0.01176325518551938 -0.022027013179559598 0.00335035406600017 -0.016044244779141802 0.01192064540994445 0.0035752611114623976
leaf_weight=421.39829834585544 30.45319739729166 63.864207120612264 436.04735078453086 274.64820713642985 62.736529551446438 1974.2757668979466
leaf_count=7017 203 605 3563 1493 328 10353
internal_value=0.0005936 -0.0111079 0.000945248 -0.00283888 -0.0108243 0.00216761
internal_weight=3263.42 94.3174 3169.11 773.432 337.385 2395.67
internal_count=23562 808 22754 5384 1821 17370
is_linear=0
shrinkage=0.05


Tree=210
num_leaves=7
num_cat=0
split_feature=13 15 13 4 0 13
split_gain=4.44207 8.76747 14.6241 8.44846 8.28456 9.14044
threshold=-36.484504699707024 7.8072397708892831 -80.759643554687486 -0.46285805106163019 19.660962104797367 -77.411132812499986
decision_type=2 2 2 2 2 2
left_child=1 2 3 -1 5 -3
right_child=-2 4 -4 -5 -6 -7
leaf_value=0.0096884286945054937 -0.0021981707681621595 -0.0020237852190779951 0.009653316410980578 -0.0092471758248976639 0.0012794489642146984 -0.027286436517101331
leaf_weight=79.297822333872318 2083.5881211964879 74.906570576131344 512.6721902010031 220.81464730016887 220.46867268532515 67.899097785353661
leaf_count=361 17570 349 2824 1127 972 328
internal_value=-0.000811836 0.00164407 0.00452877 -0.00422832 -0.00480482 -0.0141415
internal_weight=3259.65 1176.06 812.785 300.112 363.274 142.806
internal_count=23531 5961 4312 1488 1649 677
is_linear=0
shrinkage=0.05


Tree=211
num_leaves=7
num_cat=0
split_feature=11 4 1 6 13 14
split_gain=4.67753 7.43468 5.76982 4.47397 9.80984 9.01816
threshold=821.47601318359386 -0.25513809919357294 -0.62504047155380238 157.26276397705081 -50.079711914062493 2.474981546401978
decision_type=2 2 2 2 2 2
left_child=3 -2 -3 -1 -5 -6
right_child=1 2 -4 4 5 -7
leaf_value=0.0018024165158463613 0.010273124749272257 -0.003323786535165971 -0.035090440142028563 -0.013550564404937472 -0.024928077418597563 -3.5788457910953008e-05
leaf_weight=1543.4262893768027 25.346649993211031 24.907741632312536 33.283419795334339 162.91729036252946 36.322827204596251 1448.8861758606508
leaf_count=10272 172 221 334 796 2199 9607
internal_value=-0.000439004 -0.0120475 -0.0217791 -0.000131477 -0.00194251 -0.000660927
internal_weight=3275.09 83.5378 58.1912 3191.55 1648.13 1485.21
internal_count=23601 727 555 22874 12602 11806
is_linear=0
shrinkage=0.05


Tree=212
num_leaves=7
num_cat=1
split_feature=5 5 11 8 10 13
split_gain=6.31081 5.62536 6.03801 11.74 9.82089 17.4932
threshold=-0.91063162684440602 0.93585050106048595 246.84707641601565 0 216.66461181640628 -38.117340087890618
decision_type=2 2 2 9 2 2
left_child=-1 2 3 -2 5 -4
right_child=1 -3 4 -5 -6 -7
leaf_value=-0.015003438941750989 0.0066141307632949968 0.009136063204717151 0.0054512212123665185 -0.018920156152257634 0.00011755485001692335 -0.019147114818877941
leaf_weight=65.844495224300772 532.16060833237134 177.80926301982254 118.34409078769386 38.876216902397573 2134.2538289632648 183.22355632367544
leaf_count=453 5740 839 884 1861 11799 1940
internal_value=0.000201081 0.000520052 7.68001e-06 0.00463059 -0.00107754 -0.00950789
internal_weight=3250.51 3184.67 3006.86 571.037 2435.82 301.568
internal_count=23516 23063 22224 7601 14623 2824
cat_boundaries=0 1
cat_threshold=1
is_linear=0
shrinkage=0.05


Tree=213
num_leaves=7
num_cat=0
split_feature=11 12 15 4 0 12
split_gain=4.38143 12.2509 9.07579 8.98494 12.9882 9.18011
threshold=139.16780090332034 -13.878273010253904 7.4477727413177499 -0.10627211630344389 11.971216201782228 -7.6959838867187491
decision_type=2 2 2 2 2 2
left_child=1 -1 3 4 -3 -5
right_child=-2 2 -4 5 -6 -7
leaf_value=-0.01906089749423312 -0.00090874802241861722 0.039379401400405092 0.027732714467829541 0.032651854899022295 -0.009017611402397185 -0.0099073586897285848
leaf_weight=40.562076500616968 2991.0578859527595 34.15270932961721 56.002793721854687 13.686092151794581 22.369797810912132 91.82918541925028
leaf_count=330 18822 1080 387 207 142 2495
internal_value=-0.000368235 0.00586289 0.0105653 0.00449828 0.0204016 -0.0041324
internal_weight=3249.66 258.603 218.041 162.038 56.5225 105.515
internal_count=23463 4641 4311 3924 1222 2702
is_linear=0
shrinkage=0.05


Tree=214
num_leaves=7
num_cat=0
split_feature=4 9 11 7 1 5
split_gain=4.55297 8.20643 12.8041 10.5557 10.4391 8.18756
threshold=0.47701202332973486 111.88244628906251 157.42491149902347 5.0809783935546884 0.7616814672946931 -0.4557544589042663
decision_type=2 2 2 2 2 2
left_child=-1 2 3 -2 -3 -4
right_child=1 4 5 -5 -6 -7
leaf_value=-0.00096368655221299143 -0.0088261525814702386 0.017964062214366895 0.0078409015514069209 0.03349753546899456 -0.010294106118067938 -0.021714661825955169
leaf_weight=2904.7610937702702 24.972582682967186 152.63206380419433 32.66336063016206 33.766694500576705 40.802941923961043 78.2213169420138
leaf_count=21176 160 847 232 353 256 564
internal_value=-0.00030337 0.00496782 -0.00305322 0.0156574 0.011981 -0.0130162
internal_weight=3267.82 363.059 169.624 58.7393 193.435 110.885
internal_count=23588 2412 1309 513 1103 796
is_linear=0
shrinkage=0.05


Tree=215
num_leaves=7
num_cat=0
split_feature=6 7 7 10 6 6
split_gain=5.88234 9.06294 8.36257 7.5793 8.55342 6.096
threshold=101.51743698120119 9.1641998291015643 7.4269456863403329 243.22821044921878 196.66992950439456 51.213203430175788
decision_type=2 2 2 2 2 2
left_child=2 -2 5 4 -3 -1
right_child=1 3 -4 -5 -6 -7
leaf_value=0.010328067643690417 -0.0024676088088816531 0.024841915368389179 -0.0042195964621164154 0.032469974434387858 -0.027596338674508027 0.0014004255469709751
leaf_weight=345.40994492685422 2108.8184830326354 14.195515172090383 318.40665482636541 33.650400636717677 14.933946358039973 427.60989361116663
leaf_count=2004 15536 325 2481 182 390 2657
internal_value=-0.000402303 -0.00190709 0.00259076 0.0166646 -0.00206552 0.00539777
internal_weight=3263.02 2171.6 1091.43 62.7799 29.1295 773.02
internal_count=23575 16433 7142 897 715 4661
is_linear=0
shrinkage=0.05


Tree=216
num_leaves=7
num_cat=0
split_feature=13 2 15 3 13 3
split_gain=4.55631 8.27409 6.66324 5.16008 5.08911 4.69741
threshold=130.79736328125003 0.4545044749975205 13.37655019760132 1.8851920366287234 114.5441131591797 0.58811441063880932
decision_type=2 2 2 2 2 2
left_child=2 5 3 4 -1 -2
right_child=1 -3 -4 -5 -6 -7
leaf_value=-0.0005065163048991639 -0.033812230274060988 0.0073447670593190075 -0.022252656073533984 0.018440361405988478 0.015582978723066902 -0.0023630129012976765
leaf_weight=3056.0991058868822 36.327671926002949 34.361417194828391 33.084140282124281 36.381124086678028 48.950264460407197 17.64484596811235
leaf_count=21888 397 321 171 214 360 226
internal_value=-0.000577755 -0.0117141 -0.000264284 -2.57047e-05 -0.000247934 -0.0237608
internal_weight=3262.85 88.3339 3174.51 3141.43 3105.05 53.9725
internal_count=23577 944 22633 22462 22248 623
is_linear=0
shrinkage=0.05


Tree=217
num_leaves=7
num_cat=0
split_feature=11 2 6 2 6 1
split_gain=4.188 10.6953 9.65646 10.253 9.76076 8.74696
threshold=313.70526123046881 0.77391061186790477 290.03535461425787 0.72963684797286998 196.66992950439456 -0.18678212165832517
decision_type=2 2 2 2 2 2
left_child=1 -1 3 4 -2 -4
right_child=2 -3 5 -5 -6 -7
leaf_value=-0.00075358960434099807 0.00081102595920897781 0.012929063226903454 0.009155904828067437 -0.010359214121477087 -0.0093265928388380475 -0.0020651047169642895
leaf_weight=596.73198823793791 1047.6009424887598 186.7192345499061 333.21501537086442 427.82017491711304 305.97659030556679 360.93362086592242
leaf_count=7273 5432 1982 2226 2345 1778 2476
internal_value=-0.000664308 0.00251971 -0.00167258 -0.00362144 -0.00148578 0.00332678
internal_weight=3259 783.451 2475.55 1781.4 1353.58 694.149
internal_count=23512 9255 14257 9555 7210 4702
is_linear=0
shrinkage=0.05


Tree=218
num_leaves=7
num_cat=0
split_feature=14 10 4 1 15 10
split_gain=5.5343 7.5034 4.62475 4.53569 12.1813 8.13236
threshold=1.3419134616851809 148.08760070800784 -0.1722006872296333 0.40409190952777868 10.93230724334717 214.24372863769534
decision_type=2 2 2 2 2 2
left_child=1 2 -1 -2 5 -5
right_child=3 -3 -4 4 -6 -7
leaf_value=0.022141927925366119 0.0013605676449742711 0.020517098110732691 -0.044535516513791035 -0.0092664239683363323 -0.026263254637539115 0.0011750750589858807
leaf_weight=2.3791820382466602 2171.8489193611313 7.1236545168794683 18.730357730994001 246.89096852624789 50.881949491798878 752.03041731845587
leaf_count=190 14330 194 1857 2479 287 4209
internal_value=-0.000140172 -0.0217974 -0.036359 5.63274e-05 -0.00264063 -0.00141231
internal_weight=3249.89 28.2332 21.1095 3221.65 1049.8 998.921
internal_count=23546 2241 2047 21305 6975 6688
is_linear=0
shrinkage=0.05


Tree=219
num_leaves=7
num_cat=0
split_feature=13 12 12 13 4 4
split_gain=5.85009 14.6784 8.51041 7.86 18.3598 7.32326
threshold=-39.697219848632805 -29.139984130859371 -15.769638061523436 -95.028762817382798 -0.47299873828887934 0.079480115324258818
decision_type=2 2 2 2 2 2
left_child=2 -2 3 4 -1 -5
right_child=1 -3 -4 5 -6 -7
leaf_value=0.013273038223492737 -0.017055539459716412 -0.00081762921179100948 -0.011243531481363348 0.0040098957808297657 -0.010699099673034639 0.016080615801814559
leaf_weight=123.10666391067207 148.64680203609169 1990.7191935320152 100.88149970164523 486.0309054069221 223.15517044253647 168.98184974491596
leaf_count=552 693 17223 626 2428 1112 837
internal_value=-0.000428966 -0.00195331 0.00252898 0.00392644 -0.00216259 0.0071437
internal_weight=3241.52 2139.37 1102.16 1001.27 346.262 655.013
internal_count=23471 17916 5555 4929 1664 3265
is_linear=0
shrinkage=0.05


Tree=220
num_leaves=7
num_cat=0
split_feature=13 9 6 14 13 9
split_gain=4.2212 6.72605 4.01277 11.6862 8.24215 7.23781
threshold=146.26402282714847 162.5649108886719 420.53503417968756 4.8581471443176278 77.13736724853517 192.43719482421878
decision_type=2 2 2 2 2 2
left_child=2 -2 4 -4 -1 -6
right_child=1 -3 3 -5 5 -7
leaf_value=0.00060613860230694097 -0.032251621808125741 0.0023914773165196589 -0.024011672664923597 0.0092957647345485814 -0.020775684513467577 0.0079029864762158886
leaf_weight=2786.6082359489519 24.373704875819385 31.002886870875955 28.167756411712617 273.75214764848351 81.931828197557479 29.334926228970289
leaf_count=19580 323 328 672 1713 667 205
internal_value=0.000404863 -0.0131581 0.000643625 0.00611932 7.12166e-05 -0.0132116
internal_weight=3255.17 55.3766 3199.79 301.92 2897.87 111.267
internal_count=23488 651 22837 2385 20452 872
is_linear=0
shrinkage=0.05


Tree=221
num_leaves=7
num_cat=0
split_feature=1 13 2 15 9 13
split_gain=7.01475 6.76205 8.06103 7.1335 6.2549 5.40292
threshold=-0.98943281173706044 130.79736328125003 0.74532604217529308 13.37655019760132 161.31555175781253 114.5441131591797
decision_type=2 2 2 2 2 2
left_child=4 3 -3 5 -1 -2
right_child=1 2 -4 -5 -6 -7
leaf_value=0.0043013780309501051 -0.00045171667726474598 -0.024853061993460032 0.0095871565797202435 -0.023552584605058876 0.027459775735456205 0.015889086863260238
leaf_weight=120.72664381098002 2955.7927091936581 57.795191066805273 23.26626687310636 31.982324667274952 37.658300193026662 50.465587533079088
leaf_count=978 21069 653 216 165 205 365
internal_value=-0.000286141 -0.000808674 -0.0149717 -0.000425998 0.00994536 -0.000172214
internal_weight=3277.69 3119.3 81.0615 3038.24 158.385 3006.26
internal_count=23651 22468 869 21599 1183 21434
is_linear=0
shrinkage=0.05


Tree=222
num_leaves=7
num_cat=0
split_feature=10 11 1 15 9 13
split_gain=6.24474 10.1475 8.20039 7.30055 12.0779 13.9055
threshold=104.93647766113283 154.66131591796878 0.97879353165626537 6.7823712825775155 129.4222106933594 -2.3437232971191402
decision_type=2 2 2 2 2 2
left_child=2 -2 -1 -3 5 -5
right_child=1 3 -4 4 -6 -7
leaf_value=-0.0051209368540185698 0.014204599676393155 0.0021853863581729033 -0.04288078115202619 -0.0036281884178106789 0.0015792822871094486 -0.022102778099393702
leaf_weight=240.68829406995792 132.56551220966503 1708.9547106428072 14.331311788875608 374.01649313233793 650.10193330794573 139.24663542024791
leaf_count=5162 981 11007 306 1778 3305 1018
internal_value=9.41058e-05 0.000732549 -0.00740212 0.00010605 -0.0029477 -0.00867352
internal_weight=3259.9 3004.89 255.02 2872.32 1163.37 513.263
internal_count=23557 18089 5468 17108 6101 2796
is_linear=0
shrinkage=0.05


Tree=223
num_leaves=7
num_cat=0
split_feature=11 10 0 11 5 4
split_gain=5.24003 7.08103 7.73142 12.4335 7.99082 9.27951
threshold=774.07891845703136 411.98567199707037 18.447730064392093 642.41934204101574 0.39134140312671667 1.0000000180025095e-35
decision_type=2 2 2 2 2 2
left_child=1 -1 3 -3 5 -4
right_child=-2 2 4 -5 -6 -7
leaf_value=-0.00092633342174419328 -0.0092849603712117212 0.034620496146565087 -0.008838247294795272 0.00085018994486028723 0.01233832709766838 0.0063959147918936886
leaf_weight=2448.9036669369088 148.16029052436352 51.454251814633608 198.59779071062803 56.845312606543303 148.69307428598404 199.27026322484016
leaf_count=19106 1200 268 982 312 649 1092
internal_value=-0.000130782 0.000309049 0.00492323 0.0170648 0.00249064 -0.00121139
internal_weight=3251.92 3103.76 654.861 108.3 546.561 397.868
internal_count=23609 22409 3303 580 2723 2074
is_linear=0
shrinkage=0.05


Tree=224
num_leaves=7
num_cat=0
split_feature=15 0 11 10 11 14
split_gain=4.67244 9.17722 10.8094 7.53979 16.9448 11.1975
threshold=7.7306797504425058 30.445499420166019 159.69870758056643 103.13814926147462 182.71205139160159 5.4787464141845712
decision_type=2 2 2 2 2 2
left_child=3 2 -2 -1 5 -5
right_child=1 -3 -4 4 -6 -7
leaf_value=-0.0075770067057381128 0.010467716699622093 0.0049748193142653621 -0.0089783034614125453 0.035530757700530678 0.001281310782640497 0.0051566483303648741
leaf_weight=208.4721123696072 82.229754472151399 261.00192240998149 509.69909134320915 60.332053789868951 2061.3966324371286 60.839105896651745
leaf_count=5160 541 1330 2740 595 12798 345
internal_value=0.000352201 -0.00282291 -0.0062638 0.00148553 0.00235423 0.0204472
internal_weight=3243.97 852.931 591.929 2391.04 2182.57 121.171
internal_count=23509 4611 3281 18898 13738 940
is_linear=0
shrinkage=0.05


Tree=225
num_leaves=7
num_cat=0
split_feature=4 0 0 2 13 12
split_gain=4.14498 5.88628 12.4628 6.95435 4.69679 12.3626
threshold=0.75635975599288952 32.71974182128907 24.326555252075199 0.59600749611854564 -39.697219848632805 -45.831207275390618
decision_type=2 2 2 2 2 2
left_child=4 2 3 -2 -1 -6
right_child=1 -3 -4 -5 5 -7
leaf_value=0.0018020899041667178 -0.0092026286060134712 -0.010801639555568237 0.036937531725183471 0.019752335567949184 -0.030034268799376276 -0.0017369724407117493
leaf_weight=1072.8273043595254 52.298293222207576 33.58651240170002 35.784064002335072 32.957920675165951 38.365327060222626 1995.2386273267912
leaf_count=5422 382 189 212 229 173 16973
internal_value=-0.000474915 0.00748833 0.0126104 0.00208987 -0.000873579 -0.00228532
internal_weight=3261.06 154.627 121.04 85.2562 3106.43 2033.6
internal_count=23580 1012 823 611 22568 17146
is_linear=0
shrinkage=0.05


Tree=226
num_leaves=7
num_cat=0
split_feature=4 9 11 14 7 3
split_gain=6.19366 6.98115 10.047 5.79809 4.46549 8.75619
threshold=0.75635975599288952 161.31555175781253 266.76844787597662 9.5179805755615252 5.4369168281555185 -1.278428792953491
decision_type=2 2 2 2 2 2
left_child=4 2 -2 -4 5 -1
right_child=1 -3 3 -5 -6 -7
leaf_value=-0.027365807594441072 0.020063980121838503 0.027178349852909657 -0.02424475206394636 0.0053828663228272242 0.0009253470922870391 -0.0022236410722644233
leaf_weight=34.907776363193989 49.53217314532958 41.216757893562317 32.332566387951374 32.136172149330378 2086.904878000496 984.21591410320252
leaf_count=168 348 240 242 174 16448 5964
internal_value=8.89298e-05 0.00980354 0.00334001 -0.00961943 -0.000399538 -0.00311081
internal_weight=3261.25 155.218 114.001 64.4687 3106.03 1019.12
internal_count=23584 1004 764 416 22580 6132
is_linear=0
shrinkage=0.05


Tree=227
num_leaves=7
num_cat=0
split_feature=15 12 6 0 9 13
split_gain=5.03746 5.7979 8.6736 6.01613 8.22139 7.34311
threshold=12.709012985229494 56.165557861328132 316.05679321289068 35.472923278808601 218.74942016601565 5.3707618713378915
decision_type=2 2 2 2 2 2
left_child=1 3 -3 -1 -5 -6
right_child=-2 2 -4 4 5 -7
leaf_value=0.001215759332531149 -0.013961126618243742 -0.03443279293403835 -0.0028909571129674808 0.021682597594427908 -0.014468632240907667 0.013783722223971617
leaf_weight=2859.1971084983088 54.200127217918634 24.879413718357682 139.61798004666343 85.948440279811621 43.517890408635139 46.580370899289846
leaf_count=20873 289 224 1317 397 215 257
internal_value=0.00101569 0.00127367 -0.00784073 0.00177005 0.0107146 0.00012867
internal_weight=3253.94 3199.74 164.497 3035.24 176.047 90.0983
internal_count=23572 23283 1541 21742 869 472
is_linear=0
shrinkage=0.05


Tree=228
num_leaves=7
num_cat=0
split_feature=10 2 10 10 10 10
split_gain=5.60189 14.7818 24.114 10.3939 8.76894 10.3219
threshold=280.86973571777349 -0.70487982034683216 511.10586547851568 294.41328430175787 416.86901855468756 426.34095764160162
decision_type=2 2 2 2 2 2
left_child=-1 2 -2 -3 -5 -6
right_child=1 3 -4 4 5 -7
leaf_value=-0.0022233368768389684 0.014058604856871113 0.01557842481767956 -0.017573240037920018 -0.005195147444453152 0.023182191550543307 0.00074558024079759782
leaf_weight=1350.2927920386428 416.25603588763624 91.886357692070305 69.541905432939529 766.81152654718608 56.057610327377915 505.2970057502389
leaf_count=13311 2139 481 467 4018 284 2851
internal_value=0.000239579 0.0019848 0.00950371 -0.000592283 -0.0017219 0.00302337
internal_weight=3256.14 1905.85 485.798 1420.05 1328.17 561.355
internal_count=23551 10240 2606 7634 7153 3135
is_linear=0
shrinkage=0.05


Tree=229
num_leaves=7
num_cat=0
split_feature=6 7 7 14 4 4
split_gain=4.38184 9.0479 7.57693 7.37456 7.07543 3.9459
threshold=1.0000000180025095e-35 11.898890018463137 9.8795886039733904 2.0279005765914921 -0.11369691044092177 0.024410034529864792
decision_type=2 2 2 2 2 2
left_child=1 -1 3 -2 -4 -5
right_child=2 -3 4 5 -6 -7
leaf_value=-0.019944111351918377 -0.019859067470929401 0.0043123532695124936 0.037470735295888749 -0.0015327670498354916 -0.0043873140182244903 0.0021328489587764186
leaf_weight=81.423864464275539 46.422286213608459 71.495206165825948 24.661955075571314 1739.9998009793926 16.328070154995658 1268.4942786623724
leaf_count=404 2859 602 318 10286 450 8615
internal_value=-0.000414904 -0.008649 -5.52852e-06 -0.000295384 0.0210895 1.29897e-05
internal_weight=3248.83 152.919 3095.91 3054.92 40.99 3008.49
internal_count=23534 1006 22528 21760 768 18901
is_linear=0
shrinkage=0.05


Tree=230
num_leaves=7
num_cat=0
split_feature=13 4 5 4 10 14
split_gain=4.23994 5.29514 4.42663 8.04335 9.1551 6.79007
threshold=-171.5668029785156 -1.5158569812774656 -0.10544539615511893 -0.3181296437978744 232.33827209472659 7.8108015060424814
decision_type=2 2 2 2 2 2
left_child=-1 -2 3 4 -3 -4
right_child=1 2 5 -5 -6 -7
leaf_value=-0.015304724485247782 -0.017534481264078694 -0.0094391666939267135 -0.001171105954798611 -0.0032728114781036977 0.020513767632436519 0.0045856595190488401
leaf_weight=40.917577840387821 38.322602309286594 37.231499447254464 863.971995597356 931.05784146208316 76.834657510742545 1255.9129627235234
leaf_count=199 178 278 9127 7107 395 6250
internal_value=0.000494607 0.000701132 0.000927401 -0.00173463 0.01074 0.00224001
internal_weight=3244.25 3203.33 3165.01 1045.12 114.066 2119.88
internal_count=23534 23335 23157 7780 673 15377
is_linear=0
shrinkage=0.05


Tree=231
num_leaves=7
num_cat=0
split_feature=13 15 6 2 2 15
split_gain=5.7558 9.09725 7.68655 6.99504 3.93847 18.9101
threshold=130.79736328125003 13.37655019760132 469.09463500976568 0.53049170970916759 -0.93936449289321888 8.9595923423767108
decision_type=2 2 2 2 2 2
left_child=1 4 -2 -4 5 -1
right_child=2 -3 3 -5 -6 -7
leaf_value=0.0010898537091229784 -0.0339637900523014 -0.026437751591329231 -0.016112957974753008 0.018683833475215485 0.00014350620936896645 0.034803723477290487
leaf_weight=298.28035062062554 27.275454800575972 30.029723521322012 34.867413907311857 23.189400307834148 2784.6382026011124 47.345877960324287
leaf_count=2199 319 159 401 207 19989 246
internal_value=0.000154581 0.000502386 -0.012583 -0.00213319 0.000769192 0.00579526
internal_weight=3245.63 3160.29 85.3323 58.0568 3130.26 345.626
internal_count=23520 22593 927 608 22434 2445
is_linear=0
shrinkage=0.05


Tree=232
num_leaves=7
num_cat=0
split_feature=13 10 10 2 13 12
split_gain=5.63312 5.59233 6.6171 7.57953 6.71213 18.8283
threshold=-171.5668029785156 86.875759124755874 77.412143707275405 -0.9261975586414336 -9.2624950408935529 -12.856048583984373
decision_type=2 2 2 2 2 2
left_child=-1 2 3 -2 5 -5
right_child=1 -3 -4 4 -6 -7
leaf_value=-0.018182017812999308 -0.03292673323490769 0.0012219049429405737 -0.024252007535663072 -0.030981057556993277 -0.0051733959247725067 0.051320143608644619
leaf_weight=38.781314454972744 15.635690375231205 3058.2507937627379 45.598951601190493 9.8028371096588689 66.276693016989157 19.103596848202869
leaf_count=192 503 18933 561 133 2750 522
internal_value=0.000518035 0.000749214 -0.0084418 -0.00177762 0.00362836 0.0233072
internal_weight=3253.45 3214.67 156.418 110.819 95.1831 28.9064
internal_count=23594 23402 4469 3908 3405 655
is_linear=0
shrinkage=0.05


Tree=233
num_leaves=7
num_cat=0
split_feature=11 2 13 13 10 4
split_gain=6.59597 9.56851 12.7485 14.4557 13.3796 12.2544
threshold=246.84707641601565 -0.040844270959496491 -25.003356933593746 -5.489147186279296 85.248794555664077 -0.23361399024724958
decision_type=2 2 2 2 2 2
left_child=1 -1 -3 5 -5 -4
right_child=-2 2 3 4 -6 -7
leaf_value=-0.0020287379323823077 -0.00090625392735871357 -0.0097761960598028216 0.0066228631307801676 -0.016057644720882541 0.015369460886818738 0.045326479762049898
leaf_weight=268.13536456797738 2669.6668909173459 60.566578178200871 32.028038175776601 45.449423884623684 124.68297709152102 57.545263833133504
leaf_count=3590 15882 444 297 1594 1046 796
internal_value=0.000150352 0.00493769 0.0107582 0.0155662 0.0069292 0.0317134
internal_weight=3258.07 588.408 320.272 259.706 170.132 89.5733
internal_count=23649 7767 4177 3733 2640 1093
is_linear=0
shrinkage=0.05


Tree=234
num_leaves=7
num_cat=0
split_feature=11 2 10 11 15 15
split_gain=4.69744 9.76186 5.00976 11.7462 10.5933 9.55563
threshold=782.60632324218761 -0.16868217289447782 82.200119018554702 122.42956161499025 4.8744339942932138 5.9751367568969735
decision_type=2 2 2 2 2 2
left_child=2 -2 3 5 -5 -1
right_child=1 -3 -4 4 -6 -7
leaf_value=-0.0094267030714936181 -0.023602929224528335 0.0036984051581873973 0.0013501578165221258 -0.0068628393599343227 -0.059670058866869907 0.024449744087677684
leaf_weight=67.855919832829386 59.006250835955143 71.555153971537948 2962.4188493152615 20.580907064722851 17.119415292982012 28.83751564566046
leaf_count=2917 508 571 18169 890 186 176
internal_value=0.000527894 -0.00872585 0.000920722 -0.00848531 -0.0317644 0.000823344
internal_weight=3227.37 130.561 3096.81 134.394 37.7003 96.6934
internal_count=23417 1079 22338 4169 1076 3093
is_linear=0
shrinkage=0.05


Tree=235
num_leaves=7
num_cat=0
split_feature=11 10 15 13 2 13
split_gain=5.57653 9.72773 9.55521 16.8446 15.0469 9.07058
threshold=142.33039855957034 135.36204528808597 4.8744339942932138 -14.390098571777342 0.44204172492027288 -34.161224365234368
decision_type=2 2 2 2 2 2
left_child=5 2 3 4 -2 -1
right_child=1 -3 -4 -5 -6 -7
leaf_value=-0.034325530029342015 0.003961902631307598 0.00043080667375006729 -0.019863182641331984 -0.016620888643026754 0.084045403884010841 0.0090441896171784344
leaf_weight=11.655572678893803 14.491979443235325 2789.4943029931746 117.25753135606647 36.318997348658741 8.975191025529055 265.93135589559097
leaf_count=80 342 16219 883 1011 183 4776
internal_value=0.000342801 -0.000292274 -0.0116235 0.00459762 0.0367736 0.00710647
internal_weight=3244.12 2966.54 177.044 59.7862 23.4672 277.587
internal_count=23494 18638 2419 1536 525 4856
is_linear=0
shrinkage=0.05


Tree=236
num_leaves=7
num_cat=0
split_feature=10 12 10 10 10 2
split_gain=4.09168 6.36742 6.20416 3.74131 6.45268 16.3395
threshold=58.925178527832038 -2.3818454742431636 41.398971557617195 653.89044189453136 548.15600585937511 -0.179676279425621
decision_type=2 2 2 2 2 2
left_child=1 2 -1 4 -2 -6
right_child=3 -3 -4 -5 5 -7
leaf_value=0.054486898895467921 -6.3450383025880731e-05 -0.037316399520397031 -0.013834997701132903 0.015815738421343529 -0.031578996488244269 0.0040623458071400468
leaf_weight=3.7452017266768989 3057.7857241684105 17.628335548914038 10.19334578886628 34.404366038739681 55.781862407922745 73.691848555579782
leaf_count=325 19749 1872 451 281 376 480
internal_value=-0.000527091 -0.0181611 0.0069412 -0.000348726 -0.000528116 -0.0114175
internal_weight=3253.23 31.5669 13.9385 3221.66 3187.26 129.474
internal_count=23534 2648 776 20886 20605 856
is_linear=0
shrinkage=0.05


Tree=237
num_leaves=7
num_cat=0
split_feature=6 15 1 12 13 1
split_gain=3.45438 5.3222 7.18682 9.18331 5.91993 5.63179
threshold=471.95796203613287 4.3834731578826913 0.40409190952777868 39.605316162109382 103.43966674804689 -0.68958711624145497
decision_type=2 2 2 2 2 2
left_child=-1 -2 3 -3 -4 -5
right_child=1 2 4 5 -6 -7
leaf_value=8.3773017417412143e-05 -0.010465155305749979 0.031067252078695557 -0.021120438713504858 -0.012381606346177894 0.011293854923478952 0.015666467785341913
leaf_weight=3026.7006588708609 37.407313539762981 57.691428548656404 27.511627759318799 29.089809330180287 26.937577684409916 43.313885452225804
leaf_count=21677 516 314 180 235 272 353
internal_value=0.000526244 0.00653267 0.010016 0.0163626 -0.00516969 0.00438237
internal_weight=3248.65 221.952 184.544 130.095 54.4492 72.4037
internal_count=23547 1870 1354 902 452 588
is_linear=0
shrinkage=0.05


Tree=238
num_leaves=7
num_cat=0
split_feature=11 10 4 12 11 5
split_gain=6.79749 10.6766 10.2063 9.90788 9.65484 9.32776
threshold=638.89141845703136 377.34817504882818 0.43037812411785131 20.765380859375004 558.60650634765636 0.48382779955863958
decision_type=2 2 2 2 2 2
left_child=1 3 5 -1 -5 -3
right_child=-2 2 -4 4 -6 -7
leaf_value=0.001599213872931474 -0.0040421238816701838 0.0018026144371525697 0.029078429567774178 -0.00506977240558575 -0.034381504264202931 0.019750562404699117
leaf_weight=1804.5733065333916 651.6990195796825 322.84923408180475 52.440169587731361 290.07428718358278 30.183790987357497 92.407068334519863
leaf_count=14672 3864 1623 282 2364 257 410
internal_value=0.000518902 0.00166655 0.00849713 0.000159783 -0.00793078 0.00583443
internal_weight=3244.23 2592.53 467.696 2124.83 320.258 415.256
internal_count=23472 19608 2315 17293 2621 2033
is_linear=0
shrinkage=0.05


Tree=239
num_leaves=7
num_cat=0
split_feature=15 3 11 13 13 15
split_gain=2.56035 8.07534 2.97347 9.02217 6.4676 16.9313
threshold=2.3940495252609257 -0.48345947265624994 142.33039855957034 -20.622901916503903 3.8821868896484379 5.7515585422515878
decision_type=2 2 2 2 2 2
left_child=1 -1 3 -2 -5 -6
right_child=2 -3 -4 4 5 -7
leaf_value=0.039514002371971862 -0.016637758743252417 -0.025054330731609238 0.00019638915055252891 0.0173717661618055 -0.021700487801232928 0.018772428836610094
leaf_weight=4.981463433243337 37.496974987909198 25.669413686497137 2964.9848557421938 120.70718451682478 46.530112132197246 55.626489865593612
leaf_count=123 295 2236 18065 1535 935 351
internal_value=0.000508447 -0.0136436 0.000647123 0.00575968 0.00958556 0.000306235
internal_weight=3256 30.6509 3225.35 260.361 222.864 102.157
internal_count=23540 2359 21181 3116 2821 1286
is_linear=0
shrinkage=0.05


Tree=240
num_leaves=7
num_cat=0
split_feature=11 13 15 10 11 10
split_gain=4.93142 9.66701 12.1183 11.0277 9.70026 16.9054
threshold=246.84707641601565 2.1614151000976567 5.8047509193420419 98.141941070556655 137.75869750976565 139.25409698486331
decision_type=2 2 2 2 2 2
left_child=1 -1 3 -3 -4 -6
right_child=-2 2 4 -5 5 -7
leaf_value=0.008705197394930881 -0.0015941781816885753 -0.035865031955397905 0.022402416800535317 -0.0032965387591956312 -0.030482701373716989 0.016910154493478852
leaf_weight=350.99166531022638 2660.9305804332253 43.341069565154612 52.021792744286358 63.357137491228059 34.752978774253279 38.783260146155953
leaf_count=4391 15805 1847 338 721 217 219
internal_value=-0.000681372 0.00347869 -0.0044232 -0.0167361 0.00608978 -0.00559602
internal_weight=3244.18 583.248 232.256 106.698 125.558 73.5362
internal_count=23538 7733 3342 2568 774 436
is_linear=0
shrinkage=0.05


Tree=241
num_leaves=7
num_cat=0
split_feature=15 14 2 9 12 13
split_gain=5.33353 11.3081 10.555 7.93026 7.49553 13.2911
threshold=7.7306797504425058 14.13988780975342 -0.87972694635391224 162.5649108886719 -25.437942504882809 -59.792144775390618
decision_type=2 2 2 2 2 2
left_child=-1 3 -3 4 5 -2
right_child=1 2 -4 -5 -6 -7
leaf_value=0.0011602563195339834 -0.0091175273522400065 0.028299202699832583 0.00077779936467221649 0.0055220363724395637 -0.004313549124407211 -0.036542350328881819
leaf_weight=2393.5681129738223 156.85929519310594 39.74810728430748 240.63840172439814 96.735781231895089 256.1882791807875 61.081722369417548
leaf_count=18928 715 208 1234 518 1661 298
internal_value=-4.87379e-05 -0.00344559 0.00476599 -0.00748007 -0.0101389 -0.0169356
internal_weight=3244.82 851.252 280.387 570.865 474.129 217.941
internal_count=23562 4634 1442 3192 2674 1013
is_linear=0
shrinkage=0.05


Tree=242
num_leaves=7
num_cat=0
split_feature=11 10 4 12 7 10
split_gain=4.36337 6.06808 9.1737 8.36467 8.27875 11.1382
threshold=635.28466796875011 371.12094116210943 0.43037812411785131 31.008747100830082 5.2238018512725839 315.61425781250006
decision_type=2 2 2 2 2 2
left_child=1 3 -3 -1 5 -5
right_child=-2 2 -4 4 -6 -7
leaf_value=0.0015180625851936736 -0.0027989099396268655 0.004156475445959546 0.025156293785245795 0.013352973013070372 -0.019455219993871332 -0.022966292206072183
leaf_weight=1880.1219781845575 679.04294427391142 448.98056459799409 57.928089451044798 62.436290521174669 98.450274734292179 30.640523083508015
leaf_count=15466 4021 2194 307 475 922 239
internal_value=0.000764315 0.00170338 0.00660108 0.000502367 -0.00942428 0.00127978
internal_weight=3257.6 2578.56 506.909 2071.65 191.527 93.0768
internal_count=23624 19603 2501 17102 1636 714
is_linear=0
shrinkage=0.05


Tree=243
num_leaves=7
num_cat=0
split_feature=15 15 15 11 4 0
split_gain=6.1419 9.49664 8.36216 9.01454 9.62339 7.97245
threshold=7.1197683811187753 7.3357784748077401 7.4477727413177499 149.94429016113284 -0.18068279325962064 30.445499420166019
decision_type=2 2 2 2 2 2
left_child=-1 -2 -3 4 -4 -5
right_child=1 2 3 5 -6 -7
leaf_value=0.0013704182955609958 -0.017800689299591731 0.018272900722991328 -0.010993607106594342 -0.0075201238618845014 0.023229752825038197 0.0027902380385748373
leaf_weight=2122.1940301988507 100.39762229286134 48.613929150626063 29.827385623008013 605.91322731412947 61.679851572960615 270.67726764455438
leaf_count=17411 549 260 210 3266 439 1340
internal_value=-0.00020911 -0.00320831 -0.00175128 -0.00277463 0.0120762 -0.0043369
internal_weight=3239.3 1117.11 1016.71 968.098 91.5072 876.59
internal_count=23475 6064 5515 5255 649 4606
is_linear=0
shrinkage=0.05


Tree=244
num_leaves=7
num_cat=0
split_feature=4 13 13 7 3 13
split_gain=4.83775 7.09653 7.77712 6.87103 10.1178 16.9987
threshold=0.12681792676448825 -22.481246948242184 -20.622901916503903 5.4369168281555185 0.66891139745712291 -10.536117553710936
decision_type=2 2 2 2 2 2
left_child=1 -1 -3 -2 -5 -6
right_child=3 2 -4 4 5 -7
leaf_value=0.00040659069395118186 -0.0020743289580215699 -0.03079674892105759 -0.0045281926368801809 0.002366291109469407 -0.0016989478657625343 0.039336366051872212
leaf_weight=1134.2530400282703 536.88308312697336 27.972774422727525 1079.1016542536672 372.0953748060856 47.171322289854288 53.078322789631784
leaf_count=6021 3476 204 9993 3014 303 572
internal_value=-0.0010792 -0.00237324 -0.00521912 0.00179416 0.0061863 0.0202016
internal_weight=3250.56 2241.33 1107.07 1009.23 472.345 100.25
internal_count=23583 16218 10197 7365 3889 875
is_linear=0
shrinkage=0.05


Tree=245
num_leaves=7
num_cat=0
split_feature=10 10 15 9 15 11
split_gain=2.97766 9.66879 4.92053 5.90951 3.43996 8.43966
threshold=548.15600585937511 564.72009277343761 7.4072165489196786 206.56439208984378 7.0517385005950937 154.66131591796878
decision_type=2 2 2 2 2 2
left_child=4 -2 3 -3 -1 -6
right_child=1 2 -4 -5 5 -7
leaf_value=0.0010022566998558009 -0.032703165345231766 -0.025773034416643078 0.015457467415993804 0.0010416526173591444 0.01072613159258568 -0.0039308893876139209
leaf_weight=1984.8593851680635 29.231328688561916 28.127916879951954 31.92713687941432 69.499373530969024 108.03376728575677 991.65608743578196
leaf_count=16514 181 208 214 517 763 5171
internal_value=-0.000585371 -0.00724075 -0.00128918 -0.00686705 -0.000240531 -0.00248254
internal_weight=3243.33 158.786 129.554 97.6273 3084.55 1099.69
internal_count=23568 1120 939 725 22448 5934
is_linear=0
shrinkage=0.05


Tree=246
num_leaves=7
num_cat=0
split_feature=7 12 13 12 5 10
split_gain=4.57184 8.34926 13.4745 9.62508 7.05129 6.87387
threshold=5.4493708610534677 -58.817779541015618 -86.054702758789048 -29.712570190429684 -0.10544539615511893 368.87600708007818
decision_type=2 2 2 2 2 2
left_child=1 -1 -3 -4 5 -5
right_child=-2 2 3 4 -6 -7
leaf_value=0.014804101567737036 0.0014836313374953839 -0.026267303936393573 0.011504559062162058 -0.011395264152519303 0.0017619793062989089 0.00036598220722372141
leaf_weight=65.014463149011135 2101.6844473070232 60.376938171684742 113.72810246050358 362.34965779772028 341.47463684063405 188.68453878723085
leaf_count=297 16588 285 509 2450 2044 1304
internal_value=0.000104187 -0.0024568 -0.0035218 -0.00213228 -0.00388089 -0.00737462
internal_weight=3233.31 1131.63 1066.61 1006.24 892.509 551.034
internal_count=23477 6889 6592 6307 5798 3754
is_linear=0
shrinkage=0.05


Tree=247
num_leaves=7
num_cat=0
split_feature=12 9 2 2 6 14
split_gain=3.62419 5.42211 5.84063 7.75101 9.58305 4.94061
threshold=56.165557861328132 188.90071105957034 -0.72422990202903736 0.22671411931514743 420.53503417968756 16.904137611389164
decision_type=2 2 2 2 2 2
left_child=-1 2 -2 -4 -5 -3
right_child=1 5 3 4 -6 -7
leaf_value=-0.00029371626316926786 0.0063638915550692085 -0.010352265778454706 -0.038124278914728589 -0.032962487918887298 0.0097179279965968358 0.019298529452766729
leaf_weight=3034.8102055917261 26.61606467794627 26.138750441372395 34.810610730201006 21.216550186276436 31.430044850334525 28.254111364483833
leaf_count=21725 263 233 383 188 302 210
internal_value=-0.000691177 -0.00780719 -0.0139621 -0.02015 -0.00777607 0.00512004
internal_weight=3203.28 168.466 114.073 87.4572 52.6466 54.3929
internal_count=23304 1579 1136 873 490 443
is_linear=0
shrinkage=0.05


Tree=248
num_leaves=7
num_cat=0
split_feature=4 13 12 13 4 9
split_gain=4.15754 3.90655 3.78567 7.85078 8.08668 6.07844
threshold=-1.5158569812774656 -171.5668029785156 -60.150726318359368 -90.288986206054673 -0.29980342090129847 119.11300659179689
decision_type=2 2 2 2 2 2
left_child=-1 -2 5 4 -4 -3
right_child=1 2 3 -5 -6 -7
leaf_value=-0.016777895218125439 -0.017002210385030071 0.016763969318591303 0.0054465822116718009 -0.0002732246771322895 -0.018802897185500839 -8.302356431241469e-05
leaf_weight=39.187451094388962 34.873285196721554 80.151938151568174 48.558727655559778 2769.2435407583835 113.69337916001678 157.33550409972668
leaf_count=182 176 360 232 21276 609 701
internal_value=-0.000795441 -0.00059478 -0.000408916 -0.000901465 -0.0115566 0.00564928
internal_weight=3243.04 3203.86 3168.98 2931.5 162.252 237.487
internal_count=23536 23354 23178 22117 841 1061
is_linear=0
shrinkage=0.05


Tree=249
num_leaves=7
num_cat=0
split_feature=9 13 2 11 2 10
split_gain=4.42701 6.53311 13.4563 3.35168 10.8268 12.9945
threshold=24.83817291259766 -7.6541290283203116 0.4545044749975205 569.66552734375011 0.72963684797286998 463.88696289062506
decision_type=2 2 2 2 2 2
left_child=1 2 -1 -2 -5 -6
right_child=3 -3 -4 4 5 -7
leaf_value=-0.028907147546827845 0.0016552022334920644 -0.036161052633068701 0.059050879473570822 0.00095435102559252114 -0.02085271214236821 0.0034000161130433291
leaf_weight=10.009985061362388 2168.8600942294579 19.023436781251803 6.1993431793525806 795.51835145428777 139.60880369879305 90.550664499402046
leaf_count=600 14527 2293 257 4514 800 538
internal_value=0.000344718 -0.0170345 0.00620944 0.000541666 -0.00181229 -0.0113376
internal_weight=3229.77 35.2328 16.2093 3194.54 1025.68 230.159
internal_count=23529 3150 857 20379 5852 1338
is_linear=0
shrinkage=0.05


Tree=250
num_leaves=7
num_cat=0
split_feature=4 15 4 3 6 2
split_gain=3.45995 9.42215 6.27338 7.6536 5.89299 13.0884
threshold=0.024410034529864792 3.9153809547424321 0.04879287630319596 0.021825154311954979 434.73637390136724 0.50972247123718273
decision_type=2 2 2 2 2 2
left_child=-1 -2 3 -3 -4 -6
right_child=1 2 4 -5 5 -7
leaf_value=-0.00086057295878251463 -0.010120239370792162 0.036392362305612727 0.0017645519704526155 0.0014071879241040986 0.00057066580255540206 0.034595381595887813
leaf_weight=1916.4399983672192 132.1761294468306 31.052414941601455 983.95436428044923 30.679908109363168 74.425742403138429 44.60381581261754
leaf_count=13385 2614 174 5970 228 656 339
internal_value=0.000489028 0.00248248 0.00392014 0.0193049 0.00304237 0.0135027
internal_weight=3213.33 1296.89 1164.72 61.7323 1102.98 119.03
internal_count=23366 9981 7367 402 6965 995
is_linear=0
shrinkage=0.05


Tree=251
num_leaves=7
num_cat=0
split_feature=0 14 4 13 3 13
split_gain=6.56649 10.4379 9.74286 11.7761 6.52793 5.36812
threshold=5.0088076591491708 2.2926245927810673 -0.15359072387218473 -5.8360481262207022 -0.62365722656249989 -102.48361206054686
decision_type=2 2 2 2 2 2
left_child=1 2 3 -1 -3 -2
right_child=5 4 -4 -5 -6 -7
leaf_value=0.051709991971562799 -0.0070628941833130931 0.0080261230170822258 -0.01055447801727242 -0.025381401289348876 0.046814450822961227 0.0002327474199322771
leaf_weight=14.906458010431381 275.75949624367058 19.455619040876627 56.977579602389596 6.4691974642919368 24.995602717855945 2833.3807684755884
leaf_count=380 1301 166 3282 444 389 17521
internal_value=3.31407e-05 0.0113257 0.000264904 0.0282872 0.0303875 -0.000416389
internal_weight=3231.94 122.804 78.3532 21.3757 44.4512 3109.14
internal_count=23483 4661 4106 824 555 18822
is_linear=0
shrinkage=0.05


Tree=252
num_leaves=7
num_cat=0
split_feature=6 12 9 2 3 15
split_gain=3.92844 11.4245 7.88078 7.25361 6.47516 6.72383
threshold=257.19493103027349 17.168090820312504 75.676406860351577 -0.1131959594786167 -0.26363117992877955 9.8121252059936541
decision_type=2 2 2 2 2 2
left_child=1 -1 3 -2 -4 -6
right_child=2 -3 4 -5 5 -7
leaf_value=-0.0007494707491083639 -0.022656910580912251 -0.014942548615172264 -0.0015964603241737511 0.00082018162318004274 0.0054341621213066403 0.02518598734919535
leaf_weight=2065.2849325715797 56.616736231721006 151.24496666574851 343.7419936992228 76.54040376492776 488.17074943892658 46.407525198534131
leaf_count=14176 1227 1096 1745 1467 3460 325
internal_value=-0.000546142 -0.00172424 0.00203466 -0.00925646 0.00375503 0.00719267
internal_weight=3228.01 2216.53 1011.48 133.157 878.32 534.578
internal_count=23496 15272 8224 2694 5530 3785
is_linear=0
shrinkage=0.05


Tree=253
num_leaves=7
num_cat=0
split_feature=13 2 2 2 0 6
split_gain=6.30817 5.84965 5.45875 5.07877 4.75304 4.32299
threshold=-171.5668029785156 0.980410397052765 0.97209852933883678 0.99567580223083507 15.330423355102541 121.84658432006837
decision_type=2 2 2 2 2 2
left_child=-1 2 -2 4 -3 -5
right_child=1 3 -4 5 -6 -7
leaf_value=-0.020800969326494449 -0.00029884656841698321 -0.030638255550485494 0.018546459811358568 -0.014864926813946243 -0.008618059754629542 0.0069318918057768436
leaf_weight=38.220063280314207 2944.128535357886 35.931037353933789 37.934121411060914 33.264714394696057 76.576027985662222 66.680593704688363
leaf_count=189 21467 416 276 237 388 478
internal_value=-0.000870236 -0.000625344 -5.29829e-05 -0.00862134 -0.0158585 -0.000398116
internal_weight=3232.74 3194.52 2982.06 212.452 112.507 99.9453
internal_count=23451 23262 21743 1519 804 715
is_linear=0
shrinkage=0.05


Tree=254
num_leaves=7
num_cat=2
split_feature=8 8 4 14 9 1
split_gain=4.34409 5.49163 5.70167 7.98919 7.9507 7.15498
threshold=0 1 -0.38902331888675684 8.3967161178588885 112.71453857421876 0.55888450145721447
decision_type=9 9 2 2 2 2
left_child=-1 2 -2 4 5 -4
right_child=1 -3 3 -5 -6 -7
leaf_value=0.00066124489093053102 -0.019318852272035662 -0.025781986278545672 -0.0059416989691650603 -0.0091415371764070538 0.052240614311758131 0.041152650485195674
leaf_weight=3053.5441679998767 39.138660015538335 22.919365187291987 30.874679838772863 64.871569480746984 11.279705408960579 9.8268508639885095
leaf_count=20557 276 914 1000 407 73 254
internal_value=0.000207817 -0.00713201 -0.00287402 0.00250733 0.016943 0.00614279
internal_weight=3232.45 178.911 155.991 116.853 51.9812 40.7015
internal_count=23481 2924 2010 1734 1327 1254
cat_boundaries=0 1 2
cat_threshold=1 4
is_linear=0
shrinkage=0.05


Tree=255
num_leaves=7
num_cat=0
split_feature=10 2 10 10 4 6
split_gain=6.44616 15.1094 13.9407 6.80101 11.5925 8.71713
threshold=541.22250366210949 -0.37187235057353968 573.35260009765636 485.29437255859381 -0.0025422397302463646 263.19895935058599
decision_type=2 2 2 2 2 2
left_child=3 -2 -3 -1 -5 -6
right_child=1 2 -4 4 5 -7
leaf_value=-0.000413936504324116 -0.028821603955247251 -0.023584148733751743 0.014349850188813983 -0.0015018771970374972 0.008933881790125827 0.041929843174708839
leaf_weight=2876.3841791281011 63.785250850021839 35.28888345323503 71.841237908229232 106.79213798232377 46.634501364082098 35.032782074064016
leaf_count=21242 470 222 509 540 244 239
internal_value=-0.000338095 -0.00975943 0.00175176 0.000190311 0.00936622 0.0234241
internal_weight=3235.76 170.915 107.13 3064.84 188.459 81.6673
internal_count=23466 1201 731 22265 1023 483
is_linear=0
shrinkage=0.05


Tree=256
num_leaves=7
num_cat=0
split_feature=7 11 12 7 15 0
split_gain=5.21325 7.27258 7.21814 7.27274 5.90562 8.29892
threshold=4.6956474781036386 759.86416625976574 -44.639617919921868 4.55446481704712 7.7701644897460946 19.660962104797367
decision_type=2 2 2 2 2 2
left_child=1 2 -1 -4 -2 -6
right_child=4 -3 3 -5 5 -7
leaf_value=0.02690472152218773 0.00083697149467889555 -0.015975827762156183 0.00080936040410714441 0.018218703770654418 -0.011827343174504675 -0.00022589296199305401
leaf_weight=42.556295350193977 2165.8744563164655 34.369109405204654 239.6471188403666 79.065374355763197 245.47031731065363 411.6291184425354
leaf_count=181 17549 328 1356 469 1451 2097
internal_value=0.000330968 0.00569859 0.00779898 0.0051717 -0.000423052 -0.00457119
internal_weight=3218.61 395.638 361.269 318.712 2822.97 657.099
internal_count=23431 2334 2006 1825 21097 3548
is_linear=0
shrinkage=0.05


Tree=257
num_leaves=7
num_cat=0
split_feature=6 1 7 12 4 12
split_gain=4.42504 6.4305 5.95595 10.7718 5.97022 6.47754
threshold=477.17082214355474 0.82082402706146251 5.0668187141418466 -46.799499511718743 -0.19938583672046659 3.1970176696777348
decision_type=2 2 2 2 2 2
left_child=2 -2 3 -1 -5 -6
right_child=1 -3 -4 4 5 -7
leaf_value=0.012727579399735954 0.010225871501781036 -0.01433964203845399 0.000480908617823318 -0.017975429735746361 0.0013179846250146977 -0.010260588172570695
leaf_weight=75.971328862011433 184.41455847630277 30.211272295098752 2360.4267296498874 104.17887397110462 227.90316570363939 255.52826656401157
leaf_count=340 1468 328 17957 548 1155 1759
internal_value=-0.000202899 0.0067175 -0.000696126 -0.00487738 -0.00717126 -0.00481067
internal_weight=3238.63 214.626 3024.01 663.582 587.61 483.431
internal_count=23555 1796 21759 3802 3462 2914
is_linear=0
shrinkage=0.05


Tree=258
num_leaves=7
num_cat=0
split_feature=10 11 13 6 4 4
split_gain=3.55615 4.60428 4.00625 12.2766 6.26698 6.18989
threshold=633.77304077148449 821.47601318359386 -105.10650634765624 63.541019439697273 -1.347395062446594 -0.48481218516826624
decision_type=2 2 2 2 2 2
left_child=1 2 3 5 -4 -1
right_child=-2 -3 4 -5 -6 -7
leaf_value=0.013376867900895631 0.013767775236027428 -0.015104422676544056 -0.019861518768997655 -0.019986968195082885 0.0010265185297486611 -0.0062270904045115157
leaf_weight=72.535633139312267 46.543286312371492 48.722688294947147 35.369231588207185 94.26800592802465 2844.8107731356286 88.087124595418572
leaf_count=319 363 444 171 466 21353 418
internal_value=0.00019412 -8.57164e-06 0.000230777 -0.00576494 0.000763204 0.00265385
internal_weight=3230.34 3183.79 3135.07 254.891 2880.18 160.623
internal_count=23534 23171 22727 1203 21524 737
is_linear=0
shrinkage=0.05


Tree=259
num_leaves=7
num_cat=0
split_feature=2 11 2 3 10 6
split_gain=3.80521 9.56984 9.26248 8.07726 8.50986 5.86798
threshold=0.86514490842819225 317.26184082031256 0.91777059435844432 0.85800510644912731 481.69598388671881 559.23925781250011
decision_type=2 2 2 2 2 2
left_child=5 2 -2 4 -3 -1
right_child=1 3 -4 -5 -6 -7
leaf_value=0.0015569217296214273 -0.014420590388716731 -0.012329117081135857 0.014614284946589451 0.01371234120764976 0.0092148411221574054 -0.013370011850074505
leaf_weight=2617.8960064171115 35.35901438142173 331.56342976959422 112.48125025921036 41.148272834718227 52.418072508648038 66.544136641314253
leaf_count=19024 350 1893 1209 259 303 610
internal_value=0.000392356 -0.00330312 0.00761977 -0.00711056 -0.00937181 0.00118206
internal_weight=3257.41 572.97 147.84 425.13 383.982 2684.44
internal_count=23648 4014 1559 2455 2196 19634
is_linear=0
shrinkage=0.05


Tree=260
num_leaves=7
num_cat=0
split_feature=13 12 13 2 13 10
split_gain=3.44249 5.23832 8.96625 6.40331 5.45871 4.83169
threshold=-171.5668029785156 -75.966293334960923 -111.01580810546874 0.31723915040493017 -127.12521362304686 411.98567199707037
decision_type=2 2 2 2 2 2
left_child=-1 4 3 -3 -2 -4
right_child=1 2 5 -5 -6 -7
leaf_value=-0.01508548692772739 0.021497421294318218 -0.023231996155228214 -0.0010083864858464013 0.00043719177536168433 -0.000741234642055734 0.0037804010370209094
leaf_weight=37.577972512692213 55.519963406026363 71.23888533283025 2276.5623282827437 47.213683912530541 53.79099015891552 684.19418078102171
leaf_count=187 246 361 18280 239 241 3903
internal_value=-0.000238938 -5.92906e-05 -0.000442674 -0.0138731 0.0106465 9.91458e-05
internal_weight=3226.1 3188.52 3079.21 118.453 109.311 2960.76
internal_count=23457 23270 22783 600 487 22183
is_linear=0
shrinkage=0.05


Tree=261
num_leaves=7
num_cat=0
split_feature=10 11 13 11 2 9
split_gain=4.60572 11.4599 8.30445 7.21622 6.9922 7.14109
threshold=122.3334083557129 162.117790222168 -40.445739746093743 251.37127685546878 0.68713644146919262 94.227325439453139
decision_type=2 2 2 2 2 2
left_child=2 -2 -1 4 5 -4
right_child=1 -3 3 -5 -6 -7
leaf_value=-0.043278473428331118 0.019095378591158139 -0.00040137501996757527 -0.0089155832959248327 -0.036333262889485129 0.009491965947263389 0.029315089198740641
leaf_weight=13.25065580755472 76.457419844344258 2794.9777560960501 235.47709934192244 15.75701283267699 86.273861415567808 11.916669674217699
leaf_count=142 541 16471 4516 362 1411 81
internal_value=-0.000547127 0.00012423 -0.00584824 -0.00430938 -0.00269305 -0.00696345
internal_weight=3234.11 2871.44 362.675 349.425 333.668 247.394
internal_count=23524 17012 6512 6370 6008 4597
is_linear=0
shrinkage=0.05


Tree=262
num_leaves=7
num_cat=0
split_feature=7 6 10 4 2 14
split_gain=4.00542 5.29505 4.95638 11.4586 8.46253 7.5775
threshold=13.466137886047365 1.0000000180025095e-35 104.93647766113283 -0.49386499822139734 -0.93936449289321888 2.7130717039108281
decision_type=2 2 2 2 2 2
left_child=1 -1 3 -3 -5 -6
right_child=-2 2 -4 4 5 -7
leaf_value=-0.010548573865497037 0.015277532279248572 -0.031335660693120417 0.00070148241131783278 -0.031234123380829155 -0.018159927493057396 0.0069879413951236327
leaf_weight=119.76065722107887 40.926917160861194 38.675183482351713 2857.7506640162319 20.894261344335973 36.956509362789802 141.18940633186139
leaf_count=667 362 383 17333 550 2872 1453
internal_value=-7.69758e-05 -0.000277114 0.000123557 -0.00679794 -0.00189724 0.00169875
internal_weight=3256.15 3215.23 3095.47 237.715 199.04 178.146
internal_count=23620 23258 22591 5258 4875 4325
is_linear=0
shrinkage=0.05


Tree=263
num_leaves=7
num_cat=0
split_feature=6 15 13 10 15 11
split_gain=5.10616 7.79248 7.25846 7.62914 7.08687 6.87464
threshold=466.20787048339849 4.4377050399780282 66.805511474609389 311.30261230468756 13.37655019760132 645.46682739257824
decision_type=2 2 2 2 2 2
left_child=2 -2 4 -4 -1 -5
right_child=1 -3 3 5 -6 -7
leaf_value=-7.6499447478720582e-05 -0.012771828609565617 0.010927208628084608 -0.026461021768692555 0.0046431146463937643 -0.023982225716730643 -0.016774333184414136
leaf_weight=2752.1685731023317 41.45260441233404 190.97146240668371 51.892678909935057 88.370956547558308 30.355335373431444 63.63702498935163
leaf_count=19692 554 1397 481 622 157 576
internal_value=-0.000458391 0.0066639 -0.00101474 -0.010097 -0.000345816 -0.00437417
internal_weight=3218.85 232.424 2986.42 203.901 2782.52 152.008
internal_count=23479 1951 21528 1679 19849 1198
is_linear=0
shrinkage=0.05


Tree=264
num_leaves=7
num_cat=0
split_feature=10 2 2 3 12 13
split_gain=3.50848 7.49066 6.52778 5.71078 3.21745 9.05895
threshold=58.925178527832038 0.80319726467132579 0.94457432627677929 -0.16716766357421872 -57.337280273437493 -97.368408203124986
decision_type=2 2 2 2 2 2
left_child=1 3 -3 -1 -2 -6
right_child=4 2 -4 -5 5 -7
leaf_value=-0.00019799141145475011 0.0053661009322012133 0.073586379852059972 -0.017120674247421995 -0.047401481386932849 -0.014024038853196469 0.00075607556798431858
leaf_weight=10.99018717964646 336.32880891114473 2.9765168080339199 3.3530848246300593 14.394594127195885 106.68274306319654 2782.7266662595794
leaf_count=649 1528 209 243 1596 580 18857
internal_value=0.000580242 -0.0157121 0.0297546 -0.0277471 0.000745242 0.000205701
internal_weight=3257.45 31.7144 6.3296 25.3848 3225.74 2889.41
internal_count=23662 2697 452 2245 20965 19437
is_linear=0
shrinkage=0.05


Tree=265
num_leaves=7
num_cat=0
split_feature=15 2 0 0 6 6
split_gain=4.20043 7.71119 6.31046 8.55152 5.74701 5.53631
threshold=7.7306797504425058 -0.88636246323585499 7.5274114608764657 19.660962104797367 462.31849670410162 130.7216491699219
decision_type=2 2 2 2 2 2
left_child=-1 -2 -3 -4 5 -5
right_child=1 2 3 4 -6 -7
leaf_value=0.00071641021547147509 0.0075117860976865493 0.012825609504055894 -0.015753716359159335 0.0016839284322553165 0.013347142343890631 -0.0098197307523586255
leaf_weight=2404.9663965791697 135.08295309916139 43.186987845227122 186.37330721318722 180.87859300896525 46.707715189084411 246.15079986676574
leaf_count=18988 749 343 1036 850 303 1322
internal_value=-0.000346183 -0.00339155 -0.00549345 -0.00670954 -0.00312578 -0.00495453
internal_weight=3243.35 838.38 703.297 660.11 473.737 427.029
internal_count=23591 4603 3854 3511 2475 2172
is_linear=0
shrinkage=0.05


Tree=266
num_leaves=7
num_cat=0
split_feature=12 13 6 15 15 2
split_gain=4.46879 8.12998 6.25182 6.08066 4.71708 9.14942
threshold=-57.337280273437493 -95.028762817382798 51.213203430175788 6.4391369819641122 7.9715948104858407 -0.90214025974273671
decision_type=2 2 2 2 2 2
left_child=2 -2 3 -1 -3 -6
right_child=1 4 -4 -5 5 -7
leaf_value=-0.0017756847403319577 -0.013391832343768978 0.0010285391597186313 -0.0021817917026834082 0.017852290596532979 0.011243270607168471 -0.0066634277916672998
leaf_weight=57.178535304963589 117.58323996048421 2201.2635024761548 144.25395299121737 125.11984775960445 82.546810339204967 489.45231053978205
leaf_count=259 636 18055 668 556 463 2812
internal_value=5.58106e-05 -0.000571153 0.00559089 0.0117198 -2.29394e-05 -0.00406415
internal_weight=3217.4 2890.85 326.552 182.298 2773.26 571.999
internal_count=23449 21966 1483 815 21330 3275
is_linear=0
shrinkage=0.05


Tree=267
num_leaves=7
num_cat=0
split_feature=10 14 5 13 6 1
split_gain=4.09808 10.8754 9.11352 12.3469 11.1568 9.42441
threshold=411.98567199707037 7.4199674129486093 0.53543701767921459 -9.7026977539062482 223.43824005126956 -0.16252305358648297
decision_type=2 2 2 2 2 2
left_child=-1 -2 3 4 -3 -5
right_child=1 2 -4 5 -6 -7
leaf_value=-0.0015257207540907262 0.020415015258700469 -0.0037131815637893705 0.011434907600275322 0.01446274338943033 -0.026395396713908299 -0.0037251841499544207
leaf_weight=2457.6699778353795 76.388089107349515 203.79750411584973 153.46562384068966 136.44122667424381 73.074672672897577 147.16506121866405
leaf_count=19181 442 995 704 895 377 991
internal_value=-0.000518593 0.00261121 0.000680409 -0.00227942 -0.00977313 0.00504499
internal_weight=3248 790.332 713.944 560.478 276.872 283.606
internal_count=23585 4404 3962 3258 1372 1886
is_linear=0
shrinkage=0.05


Tree=268
num_leaves=7
num_cat=0
split_feature=4 1 3 4 1 11
split_gain=4.10267 5.40053 3.97185 10.1925 7.44843 4.19243
threshold=0.92544713616371166 -0.044884452596306794 0.94645860791206371 0.47701202332973486 -0.60637485980987538 292.41171264648443
decision_type=2 2 2 2 2 2
left_child=2 -2 5 -4 -5 -1
right_child=1 -3 3 4 -6 -7
leaf_value=0.0041563659152182731 0.02200031465584221 -0.00083375698901609965 -0.022214730046193218 0.02244288453221871 -0.0059379885550582033 -0.00043163360303923536
leaf_weight=632.9562433748506 49.205069494433701 53.331548997201025 67.840934966923669 31.502695509698242 79.144203161122277 2319.7057865383103
leaf_count=8128 302 358 482 213 555 13415
internal_value=0.000437991 0.0102305 0.00011415 -0.00710758 0.00227108 0.000552961
internal_weight=3233.69 102.537 3131.15 178.488 110.647 2952.66
internal_count=23453 660 22793 1250 768 21543
is_linear=0
shrinkage=0.05


Tree=269
num_leaves=7
num_cat=0
split_feature=9 15 0 15 14 13
split_gain=3.09422 12.2504 12.2013 11.7734 11.1526 11.4557
threshold=109.83779907226564 10.145278453826906 18.144069671630863 7.1197683811187753 7.8108015060424814 -31.755126953124996
decision_type=2 2 2 2 2 2
left_child=1 4 3 -2 -1 -6
right_child=2 -3 -4 -5 5 -7
leaf_value=-0.0041667558744033651 0.016699666761193829 -0.023912356709443465 -0.001239508069006477 -0.0019525821234069628 0.017298017371157076 -0.00099121361691233991
leaf_weight=966.0315443383297 207.19242410361767 62.164295330643654 1497.3276158049703 142.19318391755223 139.40086130797863 219.17717478983104
leaf_count=11636 1067 389 7755 775 621 1316
internal_value=-0.000615065 -0.00239908 0.000725198 0.00912465 -0.00137218 0.00614724
internal_weight=3233.49 1386.77 1846.71 349.386 1324.61 358.578
internal_count=23559 13962 9597 1842 13573 1937
is_linear=0
shrinkage=0.05


Tree=270
num_leaves=7
num_cat=0
split_feature=10 11 15 13 10 9
split_gain=3.72541 8.29829 8.05972 15.8729 7.75129 8.90012
threshold=104.93647766113283 204.71413421630862 8.7495861053466815 26.719055175781254 140.89855957031253 52.140869140625007
decision_type=2 2 2 2 2 2
left_child=-1 2 3 -2 5 -3
right_child=1 4 -4 -5 -6 -7
leaf_value=-0.0060815143765964247 0.021232603789347566 0.0081729678298879584 -0.0060220296645071896 -0.01687886260922768 -0.00012596451051982059 -0.034456274617833044
leaf_weight=247.14865941810422 150.28215872403234 18.472511351574212 64.964419219642878 32.552924162941054 2693.7587065356784 33.506771506741643
leaf_count=5506 1100 437 419 292 15614 242
internal_value=-0.000194297 0.000293624 0.00903756 0.0143921 -0.000498508 -0.0194383
internal_weight=3240.69 2993.54 247.8 182.835 2745.74 51.9793
internal_count=23610 18104 1811 1392 16293 679
is_linear=0
shrinkage=0.05


Tree=271
num_leaves=7
num_cat=0
split_feature=4 15 12 11 11 4
split_gain=3.75231 9.36423 10.038 10.0972 8.88789 7.66013
threshold=0.010235657915472986 3.3442863225936894 -1.8037872314453123 642.41934204101574 703.86035156250011 -0.090572327375411973
decision_type=2 2 2 2 2 2
left_child=1 2 3 5 -4 -1
right_child=-2 -3 4 -5 -6 -7
leaf_value=0.048707264739554237 0.0013436373733611423 -0.0029098886052359111 -0.017408641245243061 -0.018084058618672197 0.045861495312692693 0.0024346845292359627
leaf_weight=33.065631371806376 1363.3717344794422 1780.9415391494986 31.298391829710454 9.721672058105467 5.7183341663330784 12.276119188172741
leaf_count=713 10591 10260 1405 68 54 455
internal_value=-0.0006513 -0.00210336 0.0133596 0.026714 -0.00668543 0.036502
internal_weight=3236.39 1873.02 92.0801 55.0634 37.0167 45.3418
internal_count=23546 12955 2695 1236 1459 1168
is_linear=0
shrinkage=0.05


Tree=272
num_leaves=7
num_cat=0
split_feature=6 13 9 12 12 14
split_gain=4.49754 7.81913 6.44352 5.70809 7.25435 5.28152
threshold=477.17082214355474 86.420257568359389 188.90071105957034 9.8772068023681658 27.56538009643555 17.329881668090824
decision_type=2 2 2 2 2 2
left_child=1 -1 -3 -2 -5 -6
right_child=3 2 -4 4 5 -7
leaf_value=-0.00010965709111877657 -0.011304762573885 -0.020608496338735405 0.0031624793214522825 0.029273971053556776 0.00025632283606236622 0.025793663417439085
leaf_weight=2877.1669333239552 34.72285462229047 84.824215970933437 42.329153034836054 39.316096901311539 108.96070909034461 23.872783549129963
leaf_count=20520 278 788 327 326 998 152
internal_value=-0.000156022 -0.000647948 -0.0127322 0.00695676 0.0106842 0.00500432
internal_weight=3211.19 3004.32 127.153 206.872 172.15 132.833
internal_count=23389 21635 1115 1754 1476 1150
is_linear=0
shrinkage=0.05


Tree=273
num_leaves=7
num_cat=0
split_feature=11 9 0 11 0 3
split_gain=3.84285 8.05663 7.37816 8.56216 8.59478 6.90061
threshold=310.40373229980474 131.29437255859378 5.0088076591491708 401.12373352050787 11.439111709594728 0.027038574218750003
decision_type=2 2 2 2 2 2
left_child=1 -1 -2 4 -4 -6
right_child=2 -3 3 -5 5 -7
leaf_value=0.001772572673446482 0.019151917490202577 0.024148077624806332 -0.023813407370402041 -0.00019498794625604713 0.002083243910287766 -0.01406984708030129
leaf_weight=718.96629341784865 43.458173037273809 41.631247207522392 72.941498377360404 2085.3298591878265 160.37228187546134 111.23839775472879
leaf_count=8982 758 195 688 11424 791 675
internal_value=-7.8361e-05 0.00302739 -0.00103427 -0.00140303 -0.00869275 -0.00455961
internal_weight=3233.94 760.598 2473.34 2429.88 344.552 271.611
internal_count=23513 9177 14336 13578 2154 1466
is_linear=0
shrinkage=0.05


Tree=274
num_leaves=7
num_cat=0
split_feature=1 15 5 1 9 15
split_gain=3.10259 5.84382 7.57357 4.47516 6.75914 7.14012
threshold=-0.82933184504508961 3.5011453628540044 0.071659781038761153 -0.96326199173927296 180.99981689453128 4.9526884555816659
decision_type=2 2 2 2 2 2
left_child=1 2 -1 4 5 -3
right_child=-2 3 -4 -5 -6 -7
leaf_value=-0.030215137392725369 -0.0010712420907296014 0.012316107050790994 0.0077489235387898925 0.0080911278143586274 0.017603948457041989 -0.0085715044674139849
leaf_weight=28.210075529641472 2562.8313229162013 51.812887481879443 23.270945417345501 328.99087189836428 42.323875684291124 181.27279059775174
leaf_count=820 18592 418 371 1968 220 998
internal_value=-0.000285811 0.00278019 -0.0132336 0.0041638 -0.000539893 -0.00389559
internal_weight=3218.71 655.881 51.481 604.4 275.41 233.086
internal_count=23387 4795 1191 3604 1636 1416
is_linear=0
shrinkage=0.05


Tree=275
num_leaves=7
num_cat=0
split_feature=11 10 12 4 2 9
split_gain=4.16959 13.369 10.8527 10.0636 12.4949 13.5909
threshold=310.40373229980474 205.93325805664065 -17.928438186645504 -1.1675333380699155 -0.1131959594786167 124.94891357421876
decision_type=2 2 2 2 2 2
left_child=3 2 -2 -1 5 -5
right_child=1 -3 -4 4 -6 -7
leaf_value=-0.028815298825120291 0.0005280784821944021 -0.00046126636661931845 -0.028168113189725525 -0.0063096350731045277 0.0095842132318815654 0.033213964489550135
leaf_weight=23.288632860407233 55.302402144297957 2318.4128807317466 80.377199773443863 301.38401638669893 419.25295028288383 22.445644460618496
leaf_count=128 405 12840 1004 3901 5094 106
internal_value=-0.000351914 -0.00135733 -0.0165534 0.00286524 0.00389551 -0.00347631
internal_weight=3220.46 2454.09 135.68 766.371 743.083 323.83
internal_count=23478 14249 1409 9229 9101 4007
is_linear=0
shrinkage=0.05


Tree=276
num_leaves=7
num_cat=0
split_feature=6 11 10 7 4 1
split_gain=4.64772 7.96938 6.42106 5.33061 7.05938 5.6847
threshold=1.0000000180025095e-35 496.08987426757818 163.94250488281253 9.7523164749145526 -0.11369691044092177 -0.35038824379444117
decision_type=2 2 2 2 2 2
left_child=1 2 -1 -2 -5 -6
right_child=3 -3 -4 4 5 -7
leaf_value=0.0010233543058207522 0.00015819458098870803 0.0022750969969595925 -0.030544727144705849 0.032103931565351546 -0.037158074572104058 0.01585363919398039
leaf_weight=23.684242274379358 3030.6491370610893 81.791278671473265 48.941601723432541 28.634479527012445 7.7493245090590817 11.070756360539233
leaf_count=342 21676 384 272 359 184 305
internal_value=-4.51599e-06 -0.00844073 -0.0203759 0.000421302 0.0168744 -0.00674784
internal_weight=3232.52 154.417 72.6258 3078.1 47.4546 18.8201
internal_count=23522 998 614 22524 848 489
is_linear=0
shrinkage=0.05


Tree=277
num_leaves=7
num_cat=0
split_feature=5 13 11 3 2 11
split_gain=3.18404 4.07247 6.28392 4.94057 3.97686 16.7322
threshold=1.4987013936042788 -132.10540771484372 674.20703125000011 -0.70471021533012379 -0.63736796379089344 510.92079162597662
decision_type=2 2 2 2 2 2
left_child=1 2 3 -1 5 -3
right_child=-2 4 -4 -5 -6 -7
leaf_value=0.011716117601311412 0.013931528234080124 -0.003026938097456305 -0.024201712879607092 -0.011342629171034907 -0.00069207043563220439 0.011086438365246488
leaf_weight=40.987534686923027 40.845902407541871 465.18403312843293 42.099485527724028 51.008272051811218 2209.4261837647064 381.34450832754374
leaf_count=181 188 4100 229 245 16525 2101
internal_value=0.000228929 4.91678e-05 -0.00844634 -0.00105359 0.000424592 0.00333644
internal_weight=3230.9 3190.05 134.095 91.9958 3055.95 846.529
internal_count=23569 23381 655 426 22726 6201
is_linear=0
shrinkage=0.05


Tree=278
num_leaves=7
num_cat=0
split_feature=10 2 10 15 10 11
split_gain=4.35176 15.2884 9.45183 5.87156 5.723 8.89524
threshold=548.15600585937511 0.57927578687667858 633.77304077148449 5.2460896968841562 485.29437255859381 631.71600341796886
decision_type=2 2 2 2 2 2
left_child=4 2 3 -2 -1 -6
right_child=1 -3 -4 -5 5 -7
leaf_value=-0.00022233071928832581 -0.010632767199720941 0.016185673821532121 0.0057796507376271311 -0.03808055820755514 0.027835107823907149 0.0027972215946353123
leaf_weight=2855.9416308510117 34.431845001876354 45.058991603553295 30.106438156217337 47.219907002523541 44.881360251456499 157.60707749053836
leaf_count=21233 253 291 251 312 215 888
internal_value=-6.28414e-05 -0.00815944 -0.0180315 -0.0267747 0.000354833 0.00845636
internal_weight=3215.25 156.817 111.758 81.6518 3058.43 202.488
internal_count=23443 1107 816 565 22336 1103
is_linear=0
shrinkage=0.05


Tree=279
num_leaves=7
num_cat=0
split_feature=4 13 2 12 12 4
split_gain=4.75418 5.49165 8.86635 9.04054 8.70371 8.4004
threshold=0.92544713616371166 -17.935760498046871 -0.94356581568717945 2.0891227722167973 -12.474861145019529 -0.2095462083816528
decision_type=2 2 2 2 2 2
left_child=1 2 -1 -4 5 -3
right_child=-2 4 3 -5 -6 -7
leaf_value=0.012673733590764402 0.010825361743942292 -0.021478386784781017 0.0012940908943685858 -0.022059917108447492 -0.00077205841489373477 -0.0021870038682688959
leaf_weight=169.00075170397758 99.575905320933089 106.66648333054036 1333.9541883366182 41.767418404575437 1356.2528011136455 119.11525182146579
leaf_count=904 628 545 7295 249 13227 673
internal_value=0.000125289 -0.000218822 0.00190115 0.000569546 -0.00228869 -0.0113554
internal_weight=3226.33 3126.76 1544.72 1375.72 1582.03 225.782
internal_count=23521 22893 8448 7544 14445 1218
is_linear=0
shrinkage=0.05


Tree=280
num_leaves=7
num_cat=0
split_feature=6 13 9 13 10 2
split_gain=4.25428 10.0156 9.09655 7.74218 7.682 8.93185
threshold=186.10977172851565 1.162712097167969 29.137649536132816 -5.489147186279296 79.004268646240249 0.4545044749975205
decision_type=2 2 2 2 2 2
left_child=1 2 3 4 5 -1
right_child=-2 -3 -4 -5 -6 -7
leaf_value=0.027835266873263039 -0.0016984398114448245 -0.0074903150162895539 0.002856527698062143 -0.018888592836348826 0.011440074626790614 0.10984813609008531
leaf_weight=8.8892273274250346 1477.9130390064092 241.40736420173198 1472.2846517688595 6.3834966787835574 13.664961618836967 5.4183280039578667
leaf_count=476 11653 2218 7944 610 427 184
internal_value=0.000275659 0.00194471 0.00346044 0.0285274 0.0396265 0.064041
internal_weight=3225.96 1748.05 1506.64 34.356 27.9725 14.3076
internal_count=23512 11859 9641 1697 1087 660
is_linear=0
shrinkage=0.05


Tree=281
num_leaves=7
num_cat=0
split_feature=11 11 11 15 13 14
split_gain=6.5079 8.42572 6.76565 5.12053 10.3323 4.75946
threshold=569.66552734375011 555.81958007812511 550.41287231445324 9.5198655128479022 -82.44857025146483 16.510452270507816
decision_type=2 2 2 2 2 2
left_child=1 2 5 -2 -5 -1
right_child=3 -3 -4 4 -6 -7
leaf_value=0.00090161852218877722 -0.0018616889542921681 0.016629117922572437 -0.019941259526777749 0.0051480829235499206 -0.026338392644866745 0.011309114471994676
leaf_weight=1968.2319630457787 927.46494889794849 90.171799388714135 36.515901209786534 43.805651761591434 62.295828884467483 115.36392258107662
leaf_count=16473 5318 455 190 206 397 548
internal_value=0.000214032 0.00174535 0.00110478 -0.00305921 -0.013412 0.00148301
internal_weight=3243.85 2210.28 2120.11 1033.57 106.101 2083.6
internal_count=23587 17666 17211 5921 603 17021
is_linear=0
shrinkage=0.05


Tree=282
num_leaves=7
num_cat=0
split_feature=15 15 10 0 0 13
split_gain=3.53342 6.63667 7.02575 6.78004 8.58768 7.58707
threshold=7.7306797504425058 7.3357784748077401 421.93157958984381 29.834448814392093 28.77874851226807 -24.303989410400387
decision_type=2 2 2 2 2 2
left_child=1 3 -3 4 -1 -5
right_child=-2 2 -4 5 -6 -7
leaf_value=0.0012968273399973219 -0.0022722768783550178 0.0055231545206747288 0.029975274358216949 -0.017459522346860459 0.02200421803796172 -0.00054423638427962648
leaf_weight=1883.7130204403074 837.78514892235398 132.43290820717812 37.001735778525472 99.297701559960842 50.443365499377251 195.71527274698019
leaf_count=16180 4589 718 201 476 266 1148
internal_value=0.00052142 0.00149774 0.0110076 0.000770304 0.00184797 -0.00627746
internal_weight=3236.39 2398.6 169.435 2229.17 1934.16 295.013
internal_count=23578 18989 919 18070 16446 1624
is_linear=0
shrinkage=0.05


Tree=283
num_leaves=7
num_cat=0
split_feature=10 1 4 5 3 11
split_gain=6.41818 9.70802 6.67215 6.31544 4.8108 6.55003
threshold=103.13814926147462 0.8983808457851411 -0.49386499822139734 -0.042121719568967812 0.027038574218750003 110.01386642456056
decision_type=2 2 2 2 2 2
left_child=1 2 -1 -3 5 -4
right_child=-2 3 4 -5 -6 -7
leaf_value=-0.023827989758337314 0.00069352709926607994 -0.005708323113501966 0.024739796755005442 -0.054360503885263048 -0.0074956644914775938 -0.0039121611721370164
leaf_weight=34.6488562093582 2987.188922585221 11.33336363383569 35.209914705483243 16.161944785038941 97.867020200006664 43.897018682910129
leaf_count=352 18189 256 1334 392 2039 999
internal_value=6.15752e-05 -0.00780311 -0.00409332 -0.0352105 -0.000117391 0.00899025
internal_weight=3226.31 239.118 211.623 27.4953 176.974 79.1069
internal_count=23561 5372 4724 648 4372 2333
is_linear=0
shrinkage=0.05


Tree=284
num_leaves=7
num_cat=0
split_feature=9 0 4 15 0 15
split_gain=4.29268 11.6621 7.62485 7.05481 7.50544 6.9323
threshold=109.83779907226564 16.743168830871586 -0.47299873828887934 10.024483680725099 23.974374771118168 8.2730803489685076
decision_type=2 2 2 2 2 2
left_child=3 5 -3 -1 -5 -2
right_child=1 2 -4 4 -6 -7
leaf_value=-0.0011922413416419553 0.016421897091079076 0.007523447792903936 -0.0015698644684332325 -0.032559833003726293 -0.0002536185756265789 -0.0016477561652378317
leaf_weight=1308.6421198061435 189.33847001194954 278.8572246208787 1306.9024355374277 36.957086518406868 34.185820057988167 73.366871971637011
leaf_count=13455 972 1278 6919 224 218 413
internal_value=7.71796e-05 0.00165207 3.29361e-05 -0.00203233 -0.0172546 0.0113884
internal_weight=3228.25 1848.47 1585.76 1379.79 71.1429 262.705
internal_count=23479 9582 8197 13897 442 1385
is_linear=0
shrinkage=0.05


Tree=285
num_leaves=7
num_cat=0
split_feature=0 12 9 0 13 13
split_gain=3.26204 14.941 12.9007 5.71704 5.45412 10.7356
threshold=7.6566510200500497 16.257690429687504 76.432708740234389 7.1633224487304696 -6.2939147949218741 -18.943908691406246
decision_type=2 2 2 2 2 2
left_child=1 2 3 4 5 -1
right_child=-2 -3 -4 -5 -6 -7
leaf_value=-0.0046574829754761583 -0.0008355028439503816 -0.026775144182871437 0.0273101354413702 0.027440013701305877 -0.013743003758905326 0.029956547336807571
leaf_weight=76.225406800862402 2948.6013423134573 32.153965964447707 68.244240533560514 18.582117780577391 55.426000874256715 30.601951597025618
leaf_count=1304 16815 659 384 243 3188 984
internal_value=-0.000344231 0.00479123 0.00895694 0.00191866 -0.00115436 0.00544397
internal_weight=3229.84 281.234 249.08 180.835 162.253 106.827
internal_count=23577 6762 6103 5719 5476 2288
is_linear=0
shrinkage=0.05


Tree=286
num_leaves=7
num_cat=0
split_feature=4 6 6 2 7 0
split_gain=3.31806 5.59096 4.45032 6.13158 5.21742 5.07685
threshold=-0.93468686938285817 151.48529052734378 1.0000000180025095e-35 -0.19030962139368054 9.7523164749145526 5.9106490612030038
decision_type=2 2 2 2 2 2
left_child=1 -1 3 -2 5 -4
right_child=2 -3 4 -5 -6 -7
leaf_value=-0.00020378335450836569 0.0037081991177430867 -0.019685952942527219 -0.0096214770943869304 -0.017982936806601398 0.017874964975768123 0.0012882061778770159
leaf_weight=114.60805849451572 58.536659194389358 53.275681666098535 109.90108360955492 71.663842431502417 44.825735141523182 2777.1092514302582
leaf_count=545 382 281 4190 513 817 16701
internal_value=0.000356838 -0.00646615 0.000732914 -0.00827692 0.00113572 0.000869715
internal_weight=3229.92 167.884 3062.04 130.201 2931.84 2887.01
internal_count=23429 826 22603 895 21708 20891
is_linear=0
shrinkage=0.05


Tree=287
num_leaves=7
num_cat=1
split_feature=6 7 11 11 12 8
split_gain=4.29613 6.15992 6.08318 4.10076 3.63401 3.31501
threshold=1.0000000180025095e-35 11.898890018463137 478.30453491210943 535.34927368164074 -33.025085449218743 0
decision_type=2 2 2 2 2 9
left_child=1 3 4 -1 -3 -2
right_child=5 2 -4 -5 -6 -7
leaf_value=-0.028627605710672573 0.0010846825172115342 -0.024716168494308594 0.017970162425074276 -0.0060808136726114232 0.0042242391521681907 -0.0058814340085883206
leaf_weight=39.460371155291796 2897.1300819377648 20.472596921026707 33.821604056516662 41.58020331710577 21.41882813652046 170.66189656709321
leaf_count=214 19701 113 167 190 332 2786
internal_value=0.000266154 -0.00778096 0.00247327 -0.0172745 -0.0101656 0.000679735
internal_weight=3224.55 156.754 75.713 81.0406 41.8914 3067.79
internal_count=23503 1016 612 404 445 22487
cat_boundaries=0 1
cat_threshold=1
is_linear=0
shrinkage=0.05


Tree=288
num_leaves=7
num_cat=0
split_feature=2 9 10 7 13 9
split_gain=4.69227 8.28051 10.4665 9.67998 7.87506 8.36865
threshold=0.63399958610534679 76.432708740234389 450.49801635742193 5.5899562835693368 130.79736328125003 94.227325439453139
decision_type=2 2 2 2 2 2
left_child=4 -2 -3 -4 5 -1
right_child=1 2 3 -5 -6 -7
leaf_value=-0.0028448561421227543 0.0056838822605136613 -0.0083907144887831395 -0.0076817004770023817 0.018335690265958195 -0.017229370594078319 0.0037295117148773171
leaf_weight=713.04429368174169 211.40231844596565 602.30677140690386 64.289345357567072 78.337274439632893 55.878614318557084 1502.337372303009
leaf_count=8479 2761 3119 398 400 668 7635
internal_value=-9.48884e-05 -0.00303105 -0.00550854 0.00663645 0.0011422 0.00161315
internal_weight=3227.6 956.336 744.933 142.627 2271.26 2215.38
internal_count=23460 6678 3917 798 16782 16114
is_linear=0
shrinkage=0.05


Tree=289
num_leaves=7
num_cat=0
split_feature=14 12 3 0 14 13
split_gain=3.79824 12.7201 12.9553 8.49713 8.07352 6.34621
threshold=5.661569595336915 18.205963134765629 -0.62365722656249989 9.1785488128662127 4.3566777706146249 -90.288986206054673
decision_type=2 2 2 2 2 2
left_child=1 2 3 -1 -3 -4
right_child=-2 4 5 -5 -6 -7
leaf_value=-0.0029274665598705537 0.0015026013819810025 -0.035736947489270053 -0.013765264155251703 -0.027051279275084269 -0.0050261388520404481 0.0057934146388124649
leaf_weight=88.769346674205735 2520.8243918381631 42.696154948789626 44.952915424481034 61.327112409751862 42.68764223344624 428.75375710858498
leaf_count=776 13510 770 314 344 429 7447
internal_value=0.000593162 -0.00263703 -0.000146666 -0.0128979 -0.020619 0.00391228
internal_weight=3230.01 709.187 623.803 150.096 85.3838 473.707
internal_count=23590 10080 8881 1120 1199 7761
is_linear=0
shrinkage=0.05


Tree=290
num_leaves=7
num_cat=0
split_feature=11 2 9 10 13 13
split_gain=3.79167 12.3656 11.1038 10.8477 20.2273 8.65571
threshold=310.40373229980474 -0.29085703194141382 124.94891357421876 205.93325805664065 -28.929199218749996 23.0490837097168
decision_type=2 2 2 2 2 2
left_child=1 2 5 4 -2 -1
right_child=3 -3 -4 -5 -6 -7
leaf_value=-0.004539404857125306 0.0021087022797113869 0.0076890113471799739 0.02938419616945295 -0.00041091649206875368 -0.036487001636261236 -0.030625595889048996
leaf_weight=229.44001006975304 77.037384165916592 481.45382640778553 20.264040477573872 2321.5559047483839 59.546436087228358 36.022198008722626
leaf_count=3003 674 5704 95 12851 749 431
internal_value=-0.000261736 0.00280472 -0.0054235 -0.00121952 -0.0148608 -0.00818085
internal_weight=3225.32 767.18 285.726 2458.14 136.584 265.462
internal_count=23507 9233 3529 14274 1423 3434
is_linear=0
shrinkage=0.05


Tree=291
num_leaves=7
num_cat=0
split_feature=10 10 10 11 5 15
split_gain=3.69743 5.90128 14.7582 5.40079 9.4885 7.19851
threshold=58.925178527832038 32.788139343261726 29.294464111328129 142.33039855957034 0.22916276752948764 5.3855392932891855
decision_type=2 2 2 2 2 2
left_child=1 2 -1 4 5 -2
right_child=3 -3 -4 -5 -6 -7
leaf_value=-0.037293308085432138 -0.0096932583642668647 -0.02629926831919506 0.1174100013744873 -0.00052999034918243019 0.024504109654838437 0.010252317223957336
leaf_weight=2.8361441249726367 79.322314951801673 26.075781532214023 1.6738639308605341 2958.6905213533901 58.893206245731562 102.59226674679667
leaf_count=644 1289 1850 184 18443 466 693
internal_value=-0.000111015 -0.0171342 0.0310119 5.70218e-05 0.00724173 0.00154977
internal_weight=3230.08 30.5858 4.51001 3199.5 240.808 181.915
internal_count=23569 2678 828 20891 2448 1982
is_linear=0
shrinkage=0.05


Tree=292
num_leaves=7
num_cat=0
split_feature=1 10 9 4 3 10
split_gain=4.84644 5.14935 10.7848 7.02997 5.87752 4.873
threshold=-0.98943281173706044 414.59097290039068 120.78181457519533 -0.10280669853091239 0.20489840954542163 88.600959777832045
decision_type=2 2 2 2 2 2
left_child=1 2 3 -1 -5 -2
right_child=5 -3 -4 4 -6 -7
leaf_value=0.029845208970393607 -0.0091354969396203415 0.024951178824122556 -0.016616163600913541 -0.016966100066754013 0.018698899879159219 7.5175580789952452e-05
leaf_weight=37.384602912003174 150.05475739901885 35.82781301625073 42.338893808424473 22.489996221032925 21.730742704123259 2909.3606855114922
leaf_count=291 4258 204 203 272 211 17981
internal_value=6.5121e-05 0.00852682 0.00361743 0.0141892 0.000586153 -0.000379417
internal_weight=3219.19 159.772 123.944 81.6053 44.2207 3059.42
internal_count=23420 1181 977 774 483 22239
is_linear=0
shrinkage=0.05


Tree=293
num_leaves=7
num_cat=0
split_feature=5 10 3 10 4 4
split_gain=4.51304 5.05463 6.02693 5.15104 10.8897 4.25333
threshold=1.4987013936042788 541.22250366210949 0.42498439550399786 488.85006713867193 -0.060494471341371529 -0.11369691044092177
decision_type=2 2 2 2 2 2
left_child=1 3 5 -1 -5 -3
right_child=-2 2 -4 4 -6 -7
leaf_value=-0.00056304995598944606 0.016343951459755268 -0.011766093985322896 -0.026217670063160232 -0.0048855442292228849 0.020563879652506976 0.0065451797019822943
leaf_weight=2852.0701640154002 39.129834603518248 70.897607937455177 38.028782367706299 79.737244106829166 87.163648776710033 55.869526453316212
leaf_count=21250 181 443 317 402 504 403
internal_value=-0.000319172 -0.000529036 -0.00902903 -6.22124e-05 0.00844868 -0.00370778
internal_weight=3222.9 3183.77 164.796 3018.97 166.901 126.767
internal_count=23500 23319 1163 22156 906 846
is_linear=0
shrinkage=0.05


Tree=294
num_leaves=7
num_cat=0
split_feature=13 11 15 10 2 15
split_gain=4.57575 8.12025 7.06452 6.57978 3.74932 11.7489
threshold=130.79736328125003 503.31605529785162 13.37655019760132 485.29437255859381 -0.93936449289321888 8.8924441337585467
decision_type=2 2 2 2 2 2
left_child=2 -2 4 -3 5 -1
right_child=1 3 -4 -5 -6 -7
leaf_value=0.0020081400972944011 0.01734747010941735 -0.030359915219073132 -0.023062597326979226 0.0038136161728591442 0.00029513800795215393 0.028385553186277501
leaf_weight=288.9815356049221 18.448322720825672 43.537860142998397 30.06042355298996 20.301103742793202 2770.7796434143092 48.476130513474345
leaf_count=2187 178 483 156 251 19969 256
internal_value=0.000358489 -0.0112088 0.000665262 -0.0196014 0.000902082 0.00586995
internal_weight=3220.59 82.2873 3138.3 63.839 3108.24 337.458
internal_count=23480 912 22568 734 22412 2443
is_linear=0
shrinkage=0.05


Tree=295
num_leaves=7
num_cat=0
split_feature=11 9 11 5 10 2
split_gain=5.19367 11.7705 10.9862 9.85181 8.02182 11.9237
threshold=575.01873779296886 182.598503112793 535.34927368164074 0.040991371497511871 404.24188232421881 -0.76588401198387135
decision_type=2 2 2 2 2 2
left_child=1 -1 3 -3 5 -2
right_child=4 2 -4 -5 -6 -7
leaf_value=0.00047553036945830916 0.0087677892739580036 -0.010457508925481607 0.030985119151344106 0.019302901424811572 0.00017980665672729659 -0.014760642754443493
leaf_weight=2066.6023741515819 68.647386099211872 54.327918514609337 60.766504343599081 55.003181926906109 691.19323620572686 239.55971473874524
leaf_count=17072 366 262 283 240 3970 1397
internal_value=0.000180341 0.00151919 0.0141222 0.00455385 -0.00281457 -0.00950872
internal_weight=3236.1 2236.7 170.098 109.331 999.4 308.207
internal_count=23590 17857 785 502 5733 1763
is_linear=0
shrinkage=0.05


Tree=296
num_leaves=7
num_cat=0
split_feature=13 4 11 0 10 0
split_gain=3.03445 10.1354 9.56762 5.55675 4.61132 8.95843
threshold=-105.10650634765624 -0.47299873828887934 615.15270996093761 23.974374771118168 391.26892089843756 19.08537578582764
decision_type=2 2 2 2 2 2
left_child=1 -1 -3 -4 -2 -6
right_child=4 2 3 -5 5 -7
leaf_value=0.0069941501214207938 -0.0010489149127595561 -0.001128853954814551 -0.038425243069971304 -0.011587418550126155 0.014839826570949134 0.000963762902777713
leaf_weight=99.827509608119726 2140.3149738849606 81.076010649092495 40.012538705021143 38.732345890253782 139.89773201011121 667.65439534559846
leaf_count=454 17704 405 210 203 814 3738
internal_value=-0.000291255 -0.00546238 -0.0132381 -0.0255353 0.000165916 0.00338299
internal_weight=3207.52 259.648 159.821 78.7449 2947.87 807.552
internal_count=23528 1272 818 413 22256 4552
is_linear=0
shrinkage=0.05


Tree=297
num_leaves=7
num_cat=0
split_feature=10 2 11 10 10 10
split_gain=3.4587 7.5156 12.9097 12.7148 12.5034 11.9837
threshold=275.18927001953131 -0.69534099102020253 488.24169921875006 346.15020751953131 511.10586547851568 301.42239379882818
decision_type=2 2 2 2 2 2
left_child=-1 4 3 5 -2 -3
right_child=1 2 -4 -5 -6 -7
leaf_value=-0.0020327154861726998 0.0097324905732399727 0.01358506599944051 -0.0031726939897822729 0.024999455983835937 -0.01316118973890228 -0.0081646048814407787
leaf_weight=1283.5836384029826 431.60940438695252 122.49802804924548 1089.2386237550527 82.194080166518688 68.287961166352034 129.05031316541135
leaf_count=13033 2212 629 6023 410 462 665
internal_value=-2.36964e-05 0.00131775 -0.000536009 0.00805314 0.00658509 0.00243882
internal_weight=3206.46 1922.88 1422.98 333.742 499.897 251.548
internal_count=23434 10401 7727 1704 2674 1294
is_linear=0
shrinkage=0.05


Tree=298
num_leaves=7
num_cat=0
split_feature=10 2 10 2 12 5
split_gain=3.61983 9.47147 5.2323 5.65689 4.04826 7.8367
threshold=605.82901000976574 -0.24176267534494397 548.15600585937511 0.21418783813714984 -39.251831054687493 -0.28752748668193812
decision_type=2 2 2 2 2 2
left_child=2 -2 4 -4 5 -1
right_child=1 -3 3 -5 -6 -7
leaf_value=0.01848347430938416 -0.012242237410691394 0.02442304332938218 -0.024213854413914444 0.0022221615699047985 -0.00066398614421508766 0.00169638161372891
leaf_weight=78.770773656666279 27.065227104350924 46.946268372237682 44.831988008692861 35.956456903368235 2456.8859374369495 543.31289228890091
leaf_count=362 232 332 308 234 19610 2503
internal_value=0.00017484 0.0110305 -8.28424e-05 -0.0125647 0.000248639 0.00384828
internal_weight=3233.77 74.0115 3159.76 80.7884 3078.97 622.084
internal_count=23581 564 23017 542 22475 2865
is_linear=0
shrinkage=0.05


Tree=299
num_leaves=7
num_cat=0
split_feature=5 13 5 3 3 6
split_gain=2.58847 9.52178 2.99812 5.22945 6.86267 6.38633
threshold=-0.91063162684440602 -0.64686584472656239 -0.41397334635257715 0.94645860791206371 1.2255316972732546 114.08327102661134
decision_type=2 2 2 2 2 2
left_child=1 -1 3 5 -5 -2
right_child=2 -3 -4 4 -6 -7
leaf_value=0.011068417648840784 0.021714033578152065 -0.026275406106946255 -0.00035847303160457968 -0.014764372760365308 0.0082723737974647101 0.0029303482329227459
leaf_weight=30.051014411263168 70.963471673661843 37.237146477214992 2844.3590441840934 62.893217717995867 64.515844786074013 122.92653141065966
leaf_count=156 412 310 20863 462 425 956
internal_value=-4.84244e-05 -0.00967973 0.000159287 0.00472975 -0.00312573 0.00988129
internal_weight=3232.95 67.2882 3165.66 321.299 127.409 193.89
internal_count=23584 466 23118 2255 887 1368
is_linear=0
shrinkage=0.05


Tree=300
num_leaves=7
num_cat=0
split_feature=10 13 2 10 11 13
split_gain=2.66519 8.74976 6.41685 3.37242 9.94762 2.78055
threshold=58.925178527832038 -5.1369171142578116 0.2516897320747376 70.138847351074233 106.15957260131837 -10.536117553710936
decision_type=2 2 2 2 2 2
left_child=1 2 5 4 -2 -1
right_child=3 -3 -4 -5 -6 -7
leaf_value=-0.042696656879475381 0.031315394523675093 -0.037107406842346417 0.048762776513233665 0.00054004857387338545 -0.01690157804657148 0.013628612312524963
leaf_weight=3.5393768211361021 28.870364944916219 16.756177067174576 6.3065856175962836 3144.0502830571495 15.872164806816725 3.5261294362135249
leaf_count=196 380 2006 258 20119 376 253
internal_value=0.000594421 -0.0139657 0.0155968 0.000736322 0.0142151 -0.0163823
internal_weight=3218.92 30.1283 13.3721 3188.79 44.7425 7.06551
internal_count=23588 2713 707 20875 756 449
is_linear=0
shrinkage=0.05


Tree=301
num_leaves=7
num_cat=0
split_feature=5 11 3 12 12 4
split_gain=3.84113 3.9562 3.79679 8.91908 11.19 7.51772
threshold=0.93585050106048595 508.57095336914068 -0.96844229102134693 -13.169250488281248 -47.915100097656243 -0.7975446581840514
decision_type=2 2 2 2 2 2
left_child=2 -2 3 4 -1 -4
right_child=1 -3 5 -5 -6 -7
leaf_value=0.0012972820656782392 -0.0021609862502396863 0.013243574192179317 0.023851904880127249 0.0068262868170538386 -0.020607718080551906 -0.00010689343120747548
leaf_weight=105.43891951441765 68.284412881359458 104.9848732855171 32.146871890872717 102.47258146386594 129.10496114939451 2675.3977365688188
leaf_count=465 339 484 158 595 625 20851
internal_value=-2.43346e-05 0.00719516 -0.000437432 -0.00543391 -0.0107967 0.000186272
internal_weight=3217.83 173.269 3044.56 337.016 234.544 2707.54
internal_count=23517 823 22694 1685 1090 21009
is_linear=0
shrinkage=0.05


Tree=302
num_leaves=7
num_cat=0
split_feature=2 13 0 13 11 5
split_gain=4.26255 7.49939 5.12202 6.46209 6.18047 5.37001
threshold=0.97757658362388622 -62.147674560546868 14.493298053741457 -0.90967941284179676 503.31605529785162 0.018359664827585224
decision_type=2 2 2 2 2 2
left_child=-1 -2 5 -4 -5 -3
right_child=1 2 3 4 -6 -7
leaf_value=0.00056297607948606549 -0.023705034747382909 -0.030300346556780294 0.015921547896616529 0.0090928123930472116 -0.020251997206290492 0.0017123794469728632
leaf_weight=2983.826748393476 48.696270016022027 26.229765949188732 57.502514727413654 33.022179026156664 37.184942323714495 25.049720510607585
leaf_count=21901 244 394 279 192 230 275
internal_value=5.89434e-05 -0.00652 -0.00173887 0.0036321 -0.0065157 -0.0149287
internal_weight=3211.51 227.685 178.989 127.71 70.2071 51.2795
internal_count=23515 1614 1370 701 422 669
is_linear=0
shrinkage=0.05


Tree=303
num_leaves=7
num_cat=0
split_feature=1 15 13 0 10 13
split_gain=3.95815 7.63431 7.70679 12.5415 10.0225 8.30804
threshold=0.50888288021087658 3.3442863225936894 -58.721527099609368 25.457063674926761 481.69598388671881 -95.028762817382798
decision_type=2 2 2 2 2 2
left_child=-1 -2 3 5 -4 -3
right_child=1 2 4 -5 -6 -7
leaf_value=0.00043357647818679569 0.017765797497294202 -0.0014744180507024101 -0.0095093953643136126 -0.012546699152889485 0.0092929021838009645 0.022016947114818958
leaf_weight=2293.8177646165714 39.614080117316917 66.367430735379457 572.17439531267155 79.755428224802017 80.066212337464094 85.587712053209543
leaf_count=16866 1159 324 3860 364 509 426
internal_value=-0.00067948 -0.00344141 -0.0044108 0.00341134 -0.00719061 0.0118144
internal_weight=3217.38 923.565 883.951 231.711 652.241 151.955
internal_count=23508 6642 5483 1114 4369 750
is_linear=0
shrinkage=0.05


Tree=304
num_leaves=7
num_cat=0
split_feature=11 11 4 13 1 9
split_gain=2.97539 7.94295 8.7166 6.65499 7.06934 6.29519
threshold=491.18971252441412 508.57095336914068 -0.039598166942596429 -53.211233139038079 0.52262595295906078 182.598503112793
decision_type=2 2 2 2 2 2
left_child=3 2 -2 -1 5 -5
right_child=1 -3 -4 4 -6 -7
leaf_value=0.0087096410858496058 -0.026591530068248544 -6.2149768200624102e-05 0.00075507424974928863 0.0018753312952985728 -0.0054189624648451791 0.022489479443037887
leaf_weight=298.84132679086179 60.383257056586444 1457.5253537008539 55.370845509693027 956.1446437506238 369.04364237259142 37.544456981122494
leaf_count=1586 313 8118 329 9548 3534 172
internal_value=0.000490661 -0.00106738 -0.0136159 0.00196567 0.00048144 0.00267602
internal_weight=3234.85 1573.28 115.754 1661.57 1362.73 993.689
internal_count=23600 8760 642 14840 13254 9720
is_linear=0
shrinkage=0.05


Tree=305
num_leaves=7
num_cat=0
split_feature=9 13 11 5 10 13
split_gain=4.43519 10.4667 4.72479 4.89705 4.96784 12.3536
threshold=221.42248535156253 3.8821868896484379 821.47601318359386 -0.91063162684440602 481.69598388671881 -77.411132812499986
decision_type=2 2 2 2 2 2
left_child=2 -2 3 -1 -5 -6
right_child=1 -3 -4 4 5 -7
leaf_value=-0.013049622847214021 -0.018434916542411566 0.0034515261203061005 -0.015065191942229099 0.00084877222414835832 -0.014650251051365521 0.015806244140567052
leaf_weight=58.843733558896929 99.032047495245934 119.76979958079755 44.849218122661114 2715.360855422332 41.816080655902624 150.54783647879958
leaf_count=400 523 759 403 20510 197 817
internal_value=0.000363578 -0.00649331 0.000863772 0.00110958 0.00140051 0.00914408
internal_weight=3230.22 218.802 3011.42 2966.57 2907.72 192.364
internal_count=23609 1282 22327 21924 21524 1014
is_linear=0
shrinkage=0.05


Tree=306
num_leaves=7
num_cat=0
split_feature=6 13 11 10 7 3
split_gain=5.91356 6.57786 9.36218 9.63034 7.83866 8.66489
threshold=125.48619461059572 1.162712097167969 167.60195922851565 95.023811340332045 4.6956474781036386 0.29726834595203405
decision_type=2 2 2 2 2 2
left_child=1 4 3 -3 -1 -6
right_child=-2 2 -4 -5 5 -7
leaf_value=0.016611788926795806 -0.00184012375919935 -0.015193802872021931 -0.015552681346404952 0.038628837504234868 0.0045421055619789558 -0.0071427027450143002
leaf_weight=106.09097645804286 1927.4852760416688 14.084850145620296 99.729710394050926 17.895207817666233 869.79905398725532 193.06796302075963
leaf_count=492 14960 333 741 150 5695 1262
internal_value=-8.25296e-05 0.0025215 -0.00803191 0.015182 0.00371643 0.00241486
internal_weight=3228.15 1300.67 131.71 31.9801 1168.96 1062.87
internal_count=23633 8673 1224 483 7449 6957
is_linear=0
shrinkage=0.05


Tree=307
num_leaves=7
num_cat=0
split_feature=11 14 10 12 10 9
split_gain=3.64987 8.56649 7.64554 8.8633 6.92208 10.0368
threshold=296.54769897460943 1.3834560513496401 32.788139343261726 -2.7708950042724605 123.88109588623048 45.855522155761726
decision_type=2 2 2 2 2 2
left_child=1 2 3 -1 5 -3
right_child=-2 4 -4 -5 -6 -7
leaf_value=0.12756497351627277 -0.00113183387996091 0.0099671662641980744 -0.038026025374167528 -0.028736275184620848 0.0087750710611358054 -0.0078194103561790764
leaf_weight=0.687219315208495 2490.3876727184979 125.12535130872857 18.978293765569106 1.3407553135184596 353.68369605811313 212.73598966747522
leaf_count=86 14623 3086 1507 501 2326 1368
internal_value=-0.000228896 0.00292406 -0.027798 0.0488662 0.00389606 -0.00122226
internal_weight=3202.94 712.551 21.0063 2.02797 691.545 337.861
internal_count=23497 8874 2094 587 6780 4454
is_linear=0
shrinkage=0.05


Tree=308
num_leaves=7
num_cat=0
split_feature=5 2 13 12 1 9
split_gain=5.30151 7.48415 2.78203 12.9414 7.02192 6.90167
threshold=-0.91063162684440602 0.047619696706533439 20.450263977050785 20.765380859375004 0.71476092934608471 221.42248535156253
decision_type=2 2 2 2 2 2
left_child=1 -1 3 5 -4 -2
right_child=2 -3 4 -5 -6 -7
leaf_value=0.0030679700174066783 0.0010165323041720381 -0.030623247253819059 0.0055631031619079625 -0.024697458828886742 -0.0059284230768291988 -0.011853943890283887
leaf_weight=32.964250959921628 2163.9200268632267 31.642467083409429 650.57610478403512 51.562738995999098 166.13256418902893 108.42686345055699
leaf_count=240 15734 224 4980 326 1406 567
internal_value=0.000419166 -0.0136483 0.000712804 -0.000169725 0.00322114 0.000397463
internal_weight=3205.23 64.6067 3140.62 2323.91 816.709 2272.35
internal_count=23477 464 23013 16627 6386 16301
is_linear=0
shrinkage=0.05


Tree=309
num_leaves=7
num_cat=1
split_feature=8 11 14 11 1 14
split_gain=4.79864 7.69256 14.2391 4.67834 4.87797 9.10521
threshold=0 243.00782775878909 8.3967161178588885 235.04760742187503 0.47271177172660833 10.565145969390871
decision_type=9 2 2 2 2 2
left_child=3 -2 -3 4 5 -1
right_child=1 2 -4 -5 -6 -7
leaf_value=0.0047886085673078732 -0.028235914151781741 0.020521057195092299 -0.013381324020819325 -0.00026292636227672383 -0.0024910356553990184 0.027050451130607858
leaf_weight=313.65796221967321 36.260013176244684 44.31906832032837 96.890034580603242 2539.5638247630559 155.08907121152151 52.961556196212769
leaf_count=3620 1896 484 587 15064 1638 351
internal_value=0.000147444 -0.00759792 -0.00267144 0.000621577 0.0049313 0.00806937
internal_weight=3238.74 177.469 141.209 3061.27 521.709 366.62
internal_count=23640 2967 1071 20673 5609 3971
cat_boundaries=0 1
cat_threshold=1
is_linear=0
shrinkage=0.05


Tree=310
num_leaves=7
num_cat=0
split_feature=11 13 9 11 1 6
split_gain=3.84608 7.79754 8.18467 16.2633 8.25997 7.39521
threshold=575.01873779296886 -52.31779479980468 184.12734985351565 535.34927368164074 -0.17352352291345594 157.26276397705081
decision_type=2 2 2 2 2 2
left_child=1 5 -3 4 -4 -1
right_child=-2 2 3 -5 -6 -7
leaf_value=0.0096168541834676987 -0.0021361850105991779 -0.0010200002304140456 0.013943502671033368 0.035578126080172377 -0.016179972556185179 -0.0066134180253002179
leaf_weight=432.51916320063174 987.87123280949891 1583.9828398964601 45.58327642083168 45.939465932548046 43.493873119354248 83.005537279881537
leaf_count=2219 5690 14662 205 215 209 405
internal_value=0.000460407 0.00160879 -9.90711e-06 0.0117606 -0.000781281 0.00699585
internal_weight=3222.4 2234.52 1719 135.017 89.0771 515.525
internal_count=23605 17915 15291 629 414 2624
is_linear=0
shrinkage=0.05


Tree=311
num_leaves=7
num_cat=0
split_feature=6 7 11 15 11 15
split_gain=3.66551 13.0547 4.13814 5.93938 3.92776 9.99172
threshold=1.0000000180025095e-35 11.898890018463137 424.60087585449224 5.8310708999633798 575.01873779296886 5.55057716369629
decision_type=2 2 2 2 2 2
left_child=1 -1 3 -3 -2 -6
right_child=4 2 -4 -5 5 -7
leaf_value=-0.021121817522289674 0.0016989852293397966 0.015243437196410289 0.017610202500314625 -0.026883061181968145 0.0044498305499215355 -0.006235108228610761
leaf_weight=80.986726858653128 2112.589294508216 15.802623599302025 43.104213575599715 15.743201203644274 350.72832146030851 578.20244804304093
leaf_count=405 16928 307 223 97 2164 3266
internal_value=0.000123726 -0.00733546 0.00770264 -0.00596017 0.000507704 -0.00220044
internal_weight=3197.16 155.637 74.65 31.5458 3041.52 928.931
internal_count=23390 1032 627 404 22358 5430
is_linear=0
shrinkage=0.05


Tree=312
num_leaves=7
num_cat=0
split_feature=7 7 7 12 1 12
split_gain=3.48463 5.28569 6.74373 4.9588 4.43636 3.97559
threshold=5.0668187141418466 4.6956474781036386 4.578205108642579 -46.799499511718743 -0.37276306748390192 9.571104049682619
decision_type=2 2 2 2 2 2
left_child=1 2 3 -1 -4 -2
right_child=5 -3 4 -5 -6 -7
leaf_value=0.014010461966568369 -0.00056289739236451135 -0.0080682130781204332 0.00092854765384680661 -0.005087300298369405 0.024869086025141211 0.0043033455380322777
leaf_weight=37.741544112563133 1964.6955250623869 334.05028512515128 36.499059867113829 277.53512996993959 40.381216252222657 532.67772616387811
leaf_count=173 14613 2024 210 1705 254 4552
internal_value=-0.000410414 -0.00345641 0.000482575 -0.00276405 0.0136611 0.000476356
internal_weight=3223.58 726.207 392.157 315.277 76.8803 2497.37
internal_count=23531 4366 2342 1878 464 19165
is_linear=0
shrinkage=0.05


Tree=313
num_leaves=7
num_cat=0
split_feature=14 12 3 13 14 13
split_gain=3.01611 8.85696 11.1867 10.9574 6.41778 7.79679
threshold=5.6022713184356698 17.660140991210941 -0.62365722656249989 30.998310089111332 5.185713768005372 3.8821868896484379
decision_type=2 2 2 2 2 2
left_child=1 2 -1 4 5 -4
right_child=-2 -3 3 -5 -6 -7
leaf_value=-0.012820409372728749 0.0007214160418144704 -0.018313227715249705 0.0068535054322285951 0.040394803602985682 -0.014414564143414247 -0.012048765597257224
leaf_weight=147.84265365125611 2526.092632945627 82.146647310582921 320.47404875326902 17.743909567827359 55.323993751779199 64.758187319617718
leaf_count=1095 13586 1196 5085 270 339 1986
internal_value=-7.82589e-05 -0.00300994 -0.000909232 0.00295273 0.00135664 0.00365303
internal_weight=3214.38 688.289 606.143 458.3 440.556 385.232
internal_count=23557 9971 8775 7680 7410 7071
is_linear=0
shrinkage=0.05


Tree=314
num_leaves=7
num_cat=0
split_feature=2 15 13 2 13 13
split_gain=4.45124 6.4774 4.23691 3.81764 6.22511 3.06762
threshold=0.99567580223083507 6.0256328582763681 -171.5668029785156 0.9866938889026643 -10.128664016723631 -36.484504699707024
decision_type=2 2 2 2 2 2
left_child=2 -2 -1 5 -5 -4
right_child=1 -3 3 4 -6 -7
leaf_value=-0.016452346425361294 0.025295683926913184 -0.00026024787396070162 0.0029014108252837061 -0.024078917228468666 0.0044385354152127084 -0.00042120390763827832
leaf_weight=36.346064459532499 43.233421805081889 56.374827450141311 1081.2443753266707 39.249804242514074 35.976994482334703 1939.2106521717506
leaf_count=184 414 314 5515 241 315 16679
internal_value=0.000620953 0.0109731 0.000288326 0.000490126 -0.0105612 0.000768772
internal_weight=3231.64 99.6082 3132.03 3095.68 75.2268 3020.46
internal_count=23662 728 22934 22750 556 22194
is_linear=0
shrinkage=0.05


Tree=315
num_leaves=7
num_cat=0
split_feature=11 6 6 6 0 1
split_gain=4.69232 7.45806 6.70042 5.51961 7.01031 5.13909
threshold=708.42291259765636 283.81221008300787 186.10977172851565 506.00425720214849 27.780714035034183 -0.2590250670909881
decision_type=2 2 2 2 2 2
left_child=-1 2 -2 4 -3 -6
right_child=1 3 -4 -5 5 -7
leaf_value=0.0011204407507289546 -0.0054925530073461201 0.032533260331732733 -0.025893319763591844 -0.014468634748592097 0.016488867955665908 -0.013460424293581866
leaf_weight=2885.9041605766397 167.05913224071264 26.463595347478986 52.376112372614443 25.229258166626096 27.761132769286633 27.545344114303589
leaf_count=21308 940 219 372 234 200 208
internal_value=0.000477208 -0.00519546 -0.0104573 0.00559249 0.0118821 0.0015985
internal_weight=3212.34 326.435 219.435 106.999 81.7701 55.3065
internal_count=23481 2173 1312 861 627 408
is_linear=0
shrinkage=0.05


Tree=316
num_leaves=7
num_cat=0
split_feature=4 12 13 0 12 15
split_gain=6.24134 8.1315 36.4802 11.5049 11.9782 9.709
threshold=-0.47299873828887934 6.7023391723632821 8.2333679199218768 22.817650794982914 -52.469192504882805 4.6344180107116708
decision_type=2 2 2 2 2 2
left_child=1 2 3 4 -1 -6
right_child=-2 -3 -4 -5 5 -7
leaf_value=0.015111444833352347 -0.0010292786958906494 0.019418242773664468 -0.042148483282392103 0.016491880653058968 0.016929208787459227 -0.012172368733220784
leaf_weight=89.894327081739902 2635.0644237832166 79.845993634546176 41.238280458142981 173.91826287657022 34.095066120615229 157.00142807303928
leaf_count=403 20384 453 225 803 352 822
internal_value=1.71806e-06 0.00471195 0.00231094 0.00642487 0.000157539 -0.00691902
internal_weight=3211.06 575.993 496.147 454.909 280.991 191.096
internal_count=23442 3058 2605 2380 1577 1174
is_linear=0
shrinkage=0.05


Tree=317
num_leaves=7
num_cat=0
split_feature=13 9 9 13 1 11
split_gain=3.17298 2.9963 8.66196 7.17516 5.62091 4.34232
threshold=-171.5668029785156 218.74942016601565 196.24182128906253 -4.0010681152343741 -0.52249261736869801 810.99151611328136
decision_type=2 2 2 2 2 2
left_child=-1 2 5 -3 -4 -2
right_child=1 3 4 -5 -6 -7
leaf_value=-0.014133264093876462 0.00072112569042765068 -0.015141383898098694 0.024190806048463208 0.0024746950035499375 0.0051995891430804868 -0.01704193954321976
leaf_weight=35.310294091701508 2739.5959985808004 95.964270364493132 60.686677876859903 142.54946326836944 107.81190493330359 33.843563301488757
leaf_count=179 20764 505 322 881 586 312
internal_value=0.000564053 0.000731618 0.00116908 -0.00464663 0.0121419 0.000498303
internal_weight=3215.76 3180.45 2941.94 238.514 168.499 2773.44
internal_count=23549 23370 21984 1386 908 21076
is_linear=0
shrinkage=0.05


Tree=318
num_leaves=7
num_cat=0
split_feature=0 4 13 7 5 0
split_gain=3.23127 9.09961 9.48547 7.42614 5.45023 4.66204
threshold=5.30938744544983 0.28066703677177435 -5.8360481262207022 6.1075391769409189 -0.24135853350162503 1.4448915719985964
decision_type=2 2 2 2 2 2
left_child=1 2 5 -3 -4 -1
right_child=-2 3 4 -5 -6 -7
leaf_value=-0.017341160738144838 -0.00047091917912665983 0.067388349296314251 0.022658498488598671 0.0078603350458683486 -0.027008466324088178 0.016625088757176564
leaf_weight=11.029952499317004 3071.953174674185 9.4943094130139816 5.8723341601435086 11.064538367209023 31.160052607767284 66.866842519957572
leaf_count=509 18554 191 225 304 2470 1273
internal_value=-0.000136604 0.00739133 0.00178387 0.0372017 -0.0187439 0.0116567
internal_weight=3207.44 135.488 114.929 20.5588 37.0324 77.8968
internal_count=23526 4972 4477 495 2695 1782
is_linear=0
shrinkage=0.05


Tree=319
num_leaves=7
num_cat=0
split_feature=9 0 4 13 11 14
split_gain=5.12297 7.24121 5.98199 8.8994 5.67264 5.34286
threshold=67.966827392578139 5.0088076591491708 -0.44311998784542078 -21.234901428222653 134.60095977783206 2.4272441864013676
decision_type=2 2 2 2 2 2
left_child=2 -2 3 -1 -5 -4
right_child=1 -3 5 4 -6 -7
leaf_value=-0.030404542259891334 0.021741547756637239 0.00018493392541964044 -0.015308970895727973 0.019002599784521557 -0.014547158525869231 0.00013356454561574361
leaf_weight=50.445546648465097 38.536201246082783 2662.7256173118949 65.381029399693944 20.390229371958412 29.659948979271576 358.45041423570365
leaf_count=361 298 14382 4133 264 283 3880
internal_value=-0.00037803 0.000500392 -0.00489588 -0.0158009 -0.000774633 -0.00227906
internal_weight=3225.59 2701.26 524.327 100.496 50.0502 423.831
internal_count=23601 14680 8921 908 547 8013
is_linear=0
shrinkage=0.05


Tree=320
num_leaves=7
num_cat=0
split_feature=15 14 9 13 7 15
split_gain=3.54342 4.68765 6.48283 4.92508 4.86646 4.7043
threshold=13.37655019760132 17.548320770263675 236.7143249511719 32.063835144042976 5.3318467140197763 8.5438776016235369
decision_type=2 2 2 2 2 2
left_child=1 -1 4 -4 5 -3
right_child=-2 2 3 -5 -6 -7
leaf_value=-0.00086907154741463892 -0.016205037871863767 0.033173859474556207 -0.015364954602781389 0.0091535850637618401 -0.00020641756673735138 0.0094856058304423237
leaf_weight=2972.7807642290136 34.686765501275659 39.319499626755714 43.70281944423914 36.898264415562153 41.307028152048588 46.039506390690804
leaf_count=22171 188 202 224 236 193 251
internal_value=-0.000537254 -0.000361315 0.00689051 -0.00416602 0.0139036 0.0206551
internal_weight=3214.73 3180.05 207.267 80.6011 126.666 85.359
internal_count=23465 23277 1106 460 646 453
is_linear=0
shrinkage=0.05


Tree=321
num_leaves=7
num_cat=0
split_feature=6 2 6 13 2 13
split_gain=3.02465 8.41944 4.5819 8.20984 7.44185 13.443
threshold=559.23925781250011 0.57927578687667858 270.83078002929693 14.047692298889162 -0.68592381477355946 2.1614151000976567
decision_type=2 2 2 2 2 2
left_child=2 -2 3 -1 5 -4
right_child=1 -3 4 -5 -6 -7
leaf_value=0.00073909919633001811 -0.021060402334694708 0.011679926390387018 -0.011280885263523019 -0.0082356130245601587 0.0011607602904971006 0.018581358808461845
leaf_weight=1984.5009471889352 51.630027524777688 30.509018308948725 47.850878616562113 291.34197659208439 635.65488424478099 166.98266467964277
leaf_count=13513 517 223 339 2290 5170 1410
internal_value=0.000507482 -0.0089054 0.000757558 -0.000412911 0.00388645 0.0119086
internal_weight=3208.47 82.139 3126.33 2275.84 850.488 214.834
internal_count=23462 740 22722 15803 6919 1749
is_linear=0
shrinkage=0.05


Tree=322
num_leaves=7
num_cat=0
split_feature=4 4 4 13 9 2
split_gain=3.67335 4.65779 5.16118 6.23001 5.58093 5.54875
threshold=-1.5158569812774656 -1.2455888986587522 -0.93468686938285817 -132.10540771484372 129.4222106933594 0.13753146678209308
decision_type=2 2 2 2 2 2
left_child=-1 -2 5 4 -4 -3
right_child=1 2 3 -5 -6 -7
leaf_value=-0.014240780080792024 0.01749232568792787 -0.023638005368457653 -0.02272725325922887 0.0010211124422122061 0.00013811041662960307 0.00069226940803169352
leaf_weight=42.13154760748148 38.591113505885005 45.289228982757777 52.285597524605691 2935.9953150026849 53.436411034315825 47.348414877429605
leaf_count=197 191 235 268 22127 264 235
internal_value=0.000252819 0.000449696 0.00023435 0.000590093 -0.0112771 -0.0113279
internal_weight=3215.08 3172.95 3134.35 3041.72 105.722 92.6376
internal_count=23517 23320 23129 22659 532 470
is_linear=0
shrinkage=0.05


Tree=323
num_leaves=7
num_cat=0
split_feature=11 12 1 4 10 5
split_gain=2.93195 7.8603 6.99762 8.93896 6.57062 6.55344
threshold=251.37127685546878 -33.025085449218743 0.90969356894493114 0.29561400413513189 119.27905273437501 0.1801826283335686
decision_type=2 2 2 2 2 2
left_child=1 -1 5 4 -4 -3
right_child=-2 2 3 -5 -6 -7
leaf_value=-0.022166747728617445 -0.0010913697784068923 0.0024002807702876348 -0.038204819406230245 0.018128838494152255 0.00055800014453308842 0.014968755916388589
leaf_weight=28.936589712277055 2627.9393814078066 351.95400122425053 27.174158448528033 17.465333890053444 17.817778245545924 146.34882262395695
leaf_count=157 15696 5512 590 157 128 1343
internal_value=-0.000376264 0.002807 0.00413287 -0.0115217 -0.0231755 0.00611416
internal_weight=3217.64 589.697 560.76 62.4573 44.9919 498.303
internal_count=23583 7887 7730 875 718 6855
is_linear=0
shrinkage=0.05


Tree=324
num_leaves=7
num_cat=0
split_feature=15 2 12 11 7 13
split_gain=3.65386 7.54924 6.64151 6.29938 10.8436 11.2007
threshold=7.7306797504425058 -0.97005948424339283 -20.488777160644528 491.18971252441412 8.7499523162841815 -39.697219848632805
decision_type=2 2 2 2 2 2
left_child=2 -2 3 4 5 -1
right_child=1 -3 -4 -5 -6 -7
leaf_value=0.022150317168469873 0.01315012438625366 -0.0039803636855803232 -0.0006589066999775938 0.0013681789373145231 -0.0067096980212407262 -2.3332464490812278e-05
leaf_weight=175.34668482467532 69.238742910325527 764.51668532006443 1533.6579503357643 510.617610280402 73.27794156037271 84.116327052004635
leaf_count=918 378 4231 14651 2446 457 443
internal_value=0.000302378 -0.00254372 0.00130132 0.00486257 0.0102048 0.0149893
internal_weight=3210.77 833.755 2377.02 843.359 332.741 259.463
internal_count=23524 4609 18915 4264 1818 1361
is_linear=0
shrinkage=0.05


Tree=325
num_leaves=7
num_cat=0
split_feature=5 12 11 13 11 12
split_gain=6.01987 8.53373 9.70618 7.18301 6.49973 7.32097
threshold=-0.10544539615511893 -37.037925720214837 530.95599365234386 -48.843032836914055 517.98245239257824 40.823242187500007
decision_type=2 2 2 2 2 2
left_child=1 2 -1 -3 -5 -6
right_child=-2 3 -4 4 5 -7
leaf_value=0.019658902120420419 0.0015609646188857601 -0.016649866885969419 -0.0035948040908064891 -0.0068209276722285541 0.0075763111800035855 -0.010468056162219172
leaf_weight=80.472892912104726 2156.4401708816295 115.20148882362992 99.329195253551006 483.1294794283458 207.05994212813675 76.062143207527697
leaf_count=365 15659 636 486 4480 1234 785
internal_value=4.39234e-05 -0.00303723 0.00686388 -0.00506238 -0.00330084 0.00270882
internal_weight=3217.7 1061.26 179.802 881.453 766.252 283.122
internal_count=23645 7986 851 7135 6499 2019
is_linear=0
shrinkage=0.05


Tree=326
num_leaves=7
num_cat=0
split_feature=4 6 13 12 15 12
split_gain=2.89982 2.47483 6.8448 6.22603 5.15809 5.04102
threshold=1.1319741606712344 469.09463500976568 66.805511474609389 21.383403778076175 12.709012985229494 6.4734878540039071
decision_type=2 2 2 2 2 2
left_child=1 2 4 -4 -1 -3
right_child=-2 5 3 -5 -6 -7
leaf_value=0.00033156857304471326 0.011291002579291387 -0.012801524645723948 -0.028982216944239837 -0.0054571410918039277 -0.017569617879997682 0.0081646467744304115
leaf_weight=2708.5855803199811 54.945652495138347 32.986701706890017 33.368402164429426 159.0432726116851 39.847287375479937 184.53350286011118
leaf_count=19484 360 239 230 1384 200 1564
internal_value=7.06447e-06 -0.000192752 -0.000574031 -0.00966566 6.5738e-05 0.00494112
internal_weight=3213.31 3158.36 2940.84 192.412 2748.43 217.52
internal_count=23461 23101 21298 1614 19684 1803
is_linear=0
shrinkage=0.05


Tree=327
num_leaves=7
num_cat=0
split_feature=6 6 2 4 12 0
split_gain=5.26225 3.86724 6.28699 6.167 5.90721 11.7466
threshold=1.0000000180025095e-35 51.213203430175788 0.88794475793838512 -1.0382909178733823 -34.91319274902343 12.100769996643068
decision_type=2 2 2 2 2 2
left_child=-1 2 4 -3 5 -2
right_child=1 3 -4 -5 -6 -7
leaf_value=-0.0095981308245957769 -0.011097459746329084 -0.015862773885066066 -0.010722892263202862 -0.00046723147783445411 -0.00051171484928267937 0.018493189580012979
leaf_weight=153.78134272852913 41.554632846266031 65.741267879959196 58.765386359533295 2565.3409494906082 156.28509549808223 161.27050746977329
leaf_count=1017 235 340 398 19356 1403 703
internal_value=-0.000604319 -0.000147697 0.00431467 -0.000857791 0.00679838 0.012406
internal_weight=3202.74 3048.96 417.876 2631.08 359.11 202.825
internal_count=23452 22435 2739 19696 2341 938
is_linear=0
shrinkage=0.05


Tree=328
num_leaves=7
num_cat=0
split_feature=15 3 4 15 9 11
split_gain=5.45462 12.5301 13.1317 8.88918 6.8596 6.93302
threshold=4.9526884555816659 -0.040981715545058243 -0.0048329194542020551 3.8889682292938237 155.28425598144534 427.48950195312506
decision_type=2 2 2 2 2 2
left_child=1 -1 -3 -4 -2 -6
right_child=4 2 3 -5 5 -7
leaf_value=0.0095402735743009733 -0.0024982050431871872 -0.020369807256371303 -0.0090831418882476797 0.0083401266902101145 0.019267513506397615 0.0018428813461466246
leaf_weight=460.22382853564341 1641.2583521807101 81.238467014569324 113.56432000838686 201.8852289991919 61.627326615154743 649.09808953106403
leaf_count=4796 9530 1123 2659 1611 284 3396
internal_value=0.000522924 0.00393572 -0.00257412 0.00205873 -0.000721625 0.00337873
internal_weight=3208.9 856.912 396.688 315.45 2351.98 710.725
internal_count=23399 10189 5393 4270 13210 3680
is_linear=0
shrinkage=0.05


Tree=329
num_leaves=7
num_cat=0
split_feature=4 11 2 0 14 11
split_gain=4.12507 3.96871 10.6629 12.7575 8.48074 8.0362
threshold=-1.5158569812774656 352.42878723144537 -0.27843581140041346 23.974374771118168 2.3869819641113286 388.88418579101568
decision_type=2 2 2 2 2 2
left_child=-1 2 3 -2 -4 -3
right_child=1 5 4 -5 -6 -7
leaf_value=-0.01602017208435658 -0.0083097370873220968 -0.012131332393538233 -0.013928886283269113 0.017728357133735155 0.0089974690462624029 -0.00016244017182117735
leaf_weight=38.89367888122797 283.58456306345761 149.17005441221409 42.871355300885625 55.392376367002726 515.36622594646178 2122.0818848810159
leaf_count=182 3642 1006 2461 322 3830 12041
internal_value=-4.23609e-05 0.000158763 0.00297238 -0.00401521 0.00721502 -0.00095352
internal_weight=3207.36 3168.47 897.215 338.977 558.238 2271.25
internal_count=23484 23302 10255 3964 6291 13047
is_linear=0
shrinkage=0.05


Tree=330
num_leaves=7
num_cat=0
split_feature=11 13 6 11 15 13
split_gain=4.43189 7.39031 6.16822 14.0011 9.31242 9.89795
threshold=142.33039855957034 -33.372215270996087 63.541019439697273 111.71349716186525 5.8047509193420419 9.2103919982910174
decision_type=2 2 2 2 2 2
left_child=1 -1 3 -3 5 -4
right_child=-2 2 4 -5 -6 -7
leaf_value=-0.030782630639330122 -0.00074947767364888767 -0.0070396635377112582 0.0042982621055201479 0.046846901320594908 0.014318814175948977 -0.028018719692777562
leaf_weight=12.104192789644001 2934.484013127978 20.750048445886932 70.08685332769528 27.019879767438397 107.23123905714601 34.629678080382291
leaf_count=85 18622 592 2207 304 736 935
internal_value=-0.000182999 0.00591281 0.00773452 0.0237755 0.00402444 -0.00655288
internal_weight=3206.31 271.822 259.718 47.7699 211.948 104.717
internal_count=23481 4859 4774 896 3878 3142
is_linear=0
shrinkage=0.05


Tree=331
num_leaves=7
num_cat=0
split_feature=0 13 4 5 11 10
split_gain=3.56627 9.49336 11.3755 10.5192 10.5213 9.17526
threshold=5.0088076591491708 -6.2939147949218741 0.28695315122604376 -0.0020672720856964584 146.29511260986331 207.9407653808594
decision_type=2 2 2 2 2 2
left_child=1 3 -3 -1 -5 -6
right_child=-2 2 -4 4 5 -7
leaf_value=-0.0062300641410253793 -0.00015283312263150272 -0.024537684263354981 0.036735934166852287 0.071822623839250102 -0.0051701560902885982 0.04236529519239858
leaf_weight=27.149481536122039 3089.6946325531462 32.068215221457649 8.8754112232709286 11.687983086565508 19.985955172916874 19.231658386066556
leaf_count=716 18895 2550 286 382 496 164
internal_value=0.000175573 0.00863256 -0.0106961 0.0187784 0.0319793 0.0186142
internal_weight=3208.69 118.999 40.9436 78.0551 50.9056 39.2176
internal_count=23489 4594 2836 1758 1042 660
is_linear=0
shrinkage=0.05


Tree=332
num_leaves=7
num_cat=0
split_feature=7 3 4 12 14 9
split_gain=2.96327 5.04786 5.46055 5.41411 4.40717 7.05754
threshold=5.4212234020233163 0.66891139745712291 0.51472565531730663 1.6679649353027346 19.493299484252933 226.44560241699222
decision_type=2 2 2 2 2 2
left_child=-1 2 4 -3 5 -2
right_child=1 3 -4 -5 -6 -7
leaf_value=-0.0022823065957675213 0.0010096841512468174 0.00030516725274099151 -0.018529481478735031 0.022813524084358994 0.020767347950795528 -0.015199179245392836
leaf_weight=1103.4391957190819 1876.4502327497466 53.762806238839403 36.587566413916647 52.161284134490415 26.009788744151592 68.648562390357256
leaf_count=6805 15070 373 226 569 131 377
internal_value=-0.000183243 0.000913158 0.000349219 0.0114989 0.000708862 0.000430107
internal_weight=3217.06 2113.62 2007.7 105.924 1971.11 1945.1
internal_count=23551 16746 15804 942 15578 15447
is_linear=0
shrinkage=0.05


Tree=333
num_leaves=7
num_cat=0
split_feature=11 11 2 10 6 11
split_gain=3.53696 12.8437 9.76697 9.32737 9.3084 16.7412
threshold=352.42878723144537 388.88418579101568 0.74532604217529308 277.00506591796881 283.81221008300787 500.85446166992193
decision_type=2 2 2 2 2 2
left_child=3 -2 -3 -1 -4 -6
right_child=1 2 4 -5 5 -7
leaf_value=0.0014734010962428234 -0.015303210079612906 0.0015499456922589128 -0.011040505890265007 0.030602546028838107 0.026323022963332627 -0.0079931541499753938
leaf_weight=880.56602093682159 151.86071190447547 1650.8246884581167 342.08961824188009 27.373118216171861 52.746486427262425 104.02189830224961
leaf_count=10185 1020 9308 1836 141 323 685
internal_value=-0.000256784 -0.00129925 -0.000303313 0.00238431 -0.00642696 0.00364657
internal_weight=3209.48 2301.54 2149.68 907.939 498.858 156.768
internal_count=23498 13172 12152 10326 2844 1008
is_linear=0
shrinkage=0.05


Tree=334
num_leaves=7
num_cat=0
split_feature=10 0 11 4 3 10
split_gain=6.92192 8.70544 12.1491 7.65655 7.99464 6.40367
threshold=406.97903442382818 19.08537578582764 642.41934204101574 1.0000000180025095e-35 0.26537725329399114 460.55545043945318
decision_type=2 2 2 2 2 2
left_child=-1 2 -2 -3 5 -5
right_child=1 3 -4 4 -6 -7
leaf_value=-0.0014439828129839177 0.030996513762225925 -0.0029651447546048433 0.0014925149939571706 0.0025296311569972902 0.00097799244731405668 0.027164196754910282
leaf_weight=2383.6189593769959 64.268242968246341 395.36892363801599 75.19961329549551 42.127183895558119 172.56376533024013 70.584555117413402
leaf_count=18829 332 2089 455 209 1103 405
internal_value=-8.06452e-05 0.00387877 0.0152121 0.00153758 0.00776656 0.01806
internal_weight=3203.73 820.112 139.468 680.644 285.276 112.712
internal_count=23422 4593 787 3806 1717 614
is_linear=0
shrinkage=0.05


Tree=335
num_leaves=7
num_cat=0
split_feature=11 2 10 11 9 0
split_gain=3.80005 15.0254 11.7441 8.68566 8.54418 9.9241
threshold=352.42878723144537 -0.19030962139368054 236.81472778320315 388.88418579101568 61.653381347656257 8.7051811218261737
decision_type=2 2 2 2 2 2
left_child=1 -1 -3 -2 -5 -6
right_child=3 2 -4 4 5 -7
leaf_value=-0.0046274109874358182 -0.012266375327234591 0.0060768740225362224 0.031145710310119319 -0.018569706332889565 0.01657906452480155 -1.4933045049444775e-05
leaf_weight=365.44289527775254 148.30216869944707 494.43531674297992 50.721463470719755 57.956601137761027 93.334581598639488 2007.5842786524445
leaf_count=4241 1012 5846 279 829 644 10712
internal_value=0.000476485 0.00320965 0.00846204 -0.000603168 0.000203335 0.000729802
internal_weight=3217.78 910.6 545.157 2307.18 2158.88 2100.92
internal_count=23563 10366 6125 13197 12185 11356
is_linear=0
shrinkage=0.05


Tree=336
num_leaves=7
num_cat=0
split_feature=10 1 5 5 11 13
split_gain=6.31041 7.11066 8.18681 7.85894 9.88006 9.85204
threshold=371.12094116210943 -0.86321392655372609 0.49524712562561041 0.15444625169038775 139.16780090332034 -19.552734374999996
decision_type=2 2 2 2 2 2
left_child=1 2 -1 4 -3 -6
right_child=-2 3 -4 -5 5 -7
leaf_value=0.0076189493788182102 0.0031190616845578516 0.0067963992586814711 -0.012425561309441186 0.0013918879712932159 -0.0020984814185411897 -0.012332860910343371
leaf_weight=329.70910122501664 1087.0670467354357 140.30457788618514 59.287390749668702 654.60000648081768 455.48976711416617 486.1879427365493
leaf_count=2899 6010 2990 317 4032 2787 4502
internal_value=2.20395e-05 -0.00156257 0.00453992 -0.00293136 -0.00554579 -0.00738997
internal_weight=3212.65 2125.58 388.996 1736.58 1081.98 941.678
internal_count=23537 17527 3216 14311 10279 7289
is_linear=0
shrinkage=0.05


Tree=337
num_leaves=7
num_cat=0
split_feature=5 1 1 3 3 9
split_gain=5.81968 2.97171 6.23424 3.76933 6.72748 3.84979
threshold=1.4987013936042788 0.90969356894493114 0.93648493289947521 0.81448364257812511 -0.39250522851943964 108.26486206054689
decision_type=2 2 2 2 2 2
left_child=1 -1 -3 4 5 -4
right_child=-2 2 3 -5 -6 -7
leaf_value=0.0006024861961451566 0.01959553872231894 -0.01927348727888975 -0.020100293387541431 -0.016564942282498826 0.0080263402252881023 -0.00080904500114590031
leaf_weight=2829.3488728428492 37.633225505240262 56.998386523686349 42.120946643990465 34.285005230805837 141.47710868832655 64.834147185087204
leaf_count=20688 177 444 295 267 1286 305
internal_value=0.000306613 7.14447e-05 -0.00434017 -0.00127215 0.000896289 -0.00852212
internal_weight=3206.7 3169.06 339.716 282.717 248.432 106.955
internal_count=23462 23285 2597 2153 1886 600
is_linear=0
shrinkage=0.05


Tree=338
num_leaves=7
num_cat=0
split_feature=11 11 10 6 9 10
split_gain=2.94746 8.41714 8.13562 7.54477 7.16537 10.6648
threshold=139.16780090332034 130.45964813232425 137.23854827880862 196.66992950439456 45.131698608398445 154.96987915039065
decision_type=2 2 2 2 2 2
left_child=1 -1 -2 -3 5 -4
right_child=2 3 4 -5 -6 -7
leaf_value=-8.0350444487952712e-05 -0.01039757850924789 0.037279809788293018 0.020553418894192568 -0.00021477751197511555 0.00016714453577789236 -0.037151692984692439
leaf_weight=196.7918942492106 206.90246637759265 31.840782471932471 10.347636422608046 22.664954720879905 2711.2277678688988 27.806087856413797
leaf_count=4098 2731 313 264 242 15232 666
internal_value=-0.000418249 0.00476946 -0.000860692 0.0219656 -0.000139482 -0.0213763
internal_weight=3207.58 251.298 2956.28 54.5057 2749.38 38.1537
internal_count=23546 4653 18893 555 16162 930
is_linear=0
shrinkage=0.05


Tree=339
num_leaves=7
num_cat=0
split_feature=4 0 13 12 15 13
split_gain=2.88218 8.10109 9.418 13.3237 9.8392 8.3347
threshold=-0.47299873828887934 22.994924545288089 -57.556335449218743 -7.6959838867187491 7.255873680114747 12.535585403442385
decision_type=2 2 2 2 2 2
left_child=1 2 -1 4 -4 -3
right_child=-2 5 3 -5 -6 -7
leaf_value=0.0085801026384443365 -0.00031199461008095375 0.0159574053018267 -0.0083025750286023475 0.010088749861969677 -0.037853951224656665 -0.0047911193702541797
leaf_weight=135.09372039139271 2628.8312178970664 180.5378393381834 90.814556596335024 63.829945048782974 40.370596621185541 65.466747999191284
leaf_count=635 20440 834 549 541 200 332
internal_value=0.00039032 0.00359 -0.00152997 -0.00854161 -0.0176142 0.0104388
internal_weight=3204.94 576.113 330.109 195.015 131.185 246.005
internal_count=23531 3091 1925 1290 749 1166
is_linear=0
shrinkage=0.05


Tree=340
num_leaves=7
num_cat=0
split_feature=15 4 6 9 13 12
split_gain=2.94754 14.8695 11.1724 8.03924 8.99643 16.776
threshold=4.9526884555816659 -0.14998297393321988 452.49064636230474 151.00547790527347 -53.211233139038079 -36.311950683593743
decision_type=2 2 2 2 2 2
left_child=1 -1 -3 4 -2 -6
right_child=3 2 -4 -5 5 -7
leaf_value=0.010808856769032421 0.0018413652010164248 -0.00076104085568360757 -0.025215972840923535 0.0025739609771483762 -0.032217792576365797 -0.0047281370098715006
leaf_weight=297.46825745160459 507.47582665644586 503.39971534640063 50.4882012384478 769.44804912433028 57.732372805476189 1024.4751178408042
leaf_count=2838 2405 6783 632 3976 260 6662
internal_value=-0.000709177 0.00181134 -0.00303159 -0.00161916 -0.00364908 -0.00622301
internal_weight=3210.49 851.356 553.888 2359.13 1589.68 1082.21
internal_count=23556 10253 7415 13303 9327 6922
is_linear=0
shrinkage=0.05


Tree=341
num_leaves=7
num_cat=0
split_feature=4 12 2 3 3 12
split_gain=3.13711 8.86662 6.26186 4.40405 5.42064 4.82707
threshold=0.75635975599288952 6.9615020751953134 0.76620385050773632 1.2741428017616274 0.87792968750000011 17.168090820312504
decision_type=2 2 2 2 2 2
left_child=3 -2 -3 4 -1 -6
right_child=1 2 -4 -5 5 -7
leaf_value=2.0576056175870681e-05 -0.0066833078805274854 0.008250205352405204 0.036907176147284733 0.014738484090163395 -0.0033984917674044048 -0.024333697848409459
leaf_weight=2868.9354206007556 66.255762227345258 61.392176318913698 27.208400031551719 47.711363267153502 79.039570238324814 41.584363991394639
leaf_count=21272 368 459 193 327 534 359
internal_value=0.000180101 0.00709852 0.0173642 -0.000174858 -0.000417713 -0.0107565
internal_weight=3192.13 154.856 88.6006 3037.27 2989.56 120.624
internal_count=23512 1020 652 22492 22165 893
is_linear=0
shrinkage=0.05


Tree=342
num_leaves=7
num_cat=0
split_feature=0 6 11 14 2 2
split_gain=2.99311 8.1387 8.48541 7.22924 6.17454 5.18646
threshold=25.602822303771976 283.81221008300787 427.48950195312506 17.329881668090824 -0.24176267534494397 -0.53942379355430592
decision_type=2 2 2 2 2 2
left_child=-1 -2 -3 5 -5 -4
right_child=1 2 3 4 -6 -7
leaf_value=0.0014287731050062296 -0.0053394473910781115 0.022327055584885076 0.0064729989146588259 -0.0047473121434061585 0.021302094426050733 -0.010151194317847632
leaf_weight=2211.6931937695481 622.25364162772894 53.297520220279694 70.690076654776931 34.94564101845026 62.546495005488396 135.36873273737729
leaf_count=18318 3092 280 430 211 357 853
internal_value=0.000410015 -0.00189037 0.00412207 0.00086282 0.0120114 -0.00444442
internal_weight=3190.8 979.102 356.848 303.551 97.4921 206.059
internal_count=23541 5223 2131 1851 568 1283
is_linear=0
shrinkage=0.05


Tree=343
num_leaves=7
num_cat=0
split_feature=0 9 1 10 2 13
split_gain=3.26972 10.1382 6.71426 8.22617 6.94966 9.82391
threshold=21.604468345642093 168.80810546875003 -0.023315764032304283 421.93157958984381 -0.85384267568588246 8.7105979919433612
decision_type=2 2 2 2 2 2
left_child=1 2 4 -4 5 -1
right_child=-2 -3 3 -5 -6 -7
leaf_value=-0.019529305851707805 -0.0021371208324157732 0.020609368116672373 0.0022473705013205478 0.021229535212702169 -0.00065411371946376591 0.010698195081128809
leaf_weight=112.98879924509674 1444.8054949119687 62.945171181112528 725.02801864879439 60.990449758246541 795.17598791897763 34.462258705112617
leaf_count=920 7618 336 6934 350 7140 396
internal_value=-0.000368147 0.00105882 0.000335417 0.00374538 -0.00250897 -0.0124401
internal_weight=3236.4 1791.59 1728.65 786.018 942.627 147.451
internal_count=23694 16076 15740 7284 8456 1316
is_linear=0
shrinkage=0.05


Tree=344
num_leaves=7
num_cat=0
split_feature=13 12 0 9 13 11
split_gain=4.39905 9.41849 3.11 9.82484 7.26039 6.56848
threshold=-132.10540771484372 -75.966293334960923 7.7910044193267831 76.432708740234389 39.331466674804695 67.124233245849624
decision_type=2 2 2 2 2 2
left_child=1 -1 3 4 5 -2
right_child=2 -3 -4 -5 -6 -7
leaf_value=0.00088889571717551451 0.045118914223457936 -0.027183486107044703 -0.00018638299907388408 0.020195307016163028 -0.043118645653761778 -0.00049764230058581824
leaf_weight=84.1396659091115 7.2561063811881459 45.279926555231214 2809.2902077678591 78.558619685471058 8.5776229994371516 178.26480639830697
leaf_count=392 993 245 16176 528 277 4906
internal_value=-7.13263e-05 -0.00906589 0.000309199 0.00539739 -0.000664676 0.00151885
internal_weight=3211.37 129.42 3081.95 272.657 194.099 185.521
internal_count=23517 637 22880 6704 6176 5899
is_linear=0
shrinkage=0.05


Tree=345
num_leaves=7
num_cat=0
split_feature=1 6 7 10 2 13
split_gain=3.64176 3.23477 5.70776 8.50887 4.64751 3.75163
threshold=0.99632900953292858 1.0000000180025095e-35 9.7523164749145526 205.93325805664065 -0.74188199639320362 -79.156524658203111
decision_type=2 2 2 2 2 2
left_child=1 4 -3 -4 -1 -6
right_child=-2 2 3 -5 5 -7
leaf_value=0.0075331779169022922 0.010800530515863547 -0.00036132547826876228 -0.0057425150119525771 0.036419798634119864 -0.022636995011061891 -0.0045611049431227811
leaf_weight=38.254904341883957 72.60988572507631 2943.2806177769671 21.761729728779756 24.955444790888578 49.836259773001075 67.439885605592281
leaf_count=245 562 21115 681 149 238 541
internal_value=-0.000193052 -0.000450175 -8.33371e-05 0.0170711 -0.00745684 -0.0123689
internal_weight=3218.14 3145.53 2990 46.7172 155.531 117.276
internal_count=23531 22969 21945 830 1024 779
is_linear=0
shrinkage=0.05


Tree=346
num_leaves=7
num_cat=0
split_feature=6 13 11 7 6 5
split_gain=3.34076 11.416 8.49833 7.75288 8.74887 13.1104
threshold=125.48619461059572 0.8579692840576173 171.14219665527347 7.6649744510650644 75.967426300048842 0.2243396267294884
decision_type=2 2 2 2 2 2
left_child=1 3 -3 -1 -5 -6
right_child=-2 2 -4 4 5 -7
leaf_value=0.0062406018518709472 -0.00096838560000919174 0.0098693427621020496 -0.019257695545435993 -0.00734402997244866 0.040568073715122902 -0.006823335074148164
leaf_weight=874.19060563750099 1911.5409505867865 33.089346357737668 95.702160461922176 238.31152836885303 25.164600330404937 32.454192710574716
leaf_count=5096 14910 512 730 1800 292 181
internal_value=0.000361047 0.00231674 -0.0117559 0.00387439 -0.00311296 0.0142135
internal_weight=3210.45 1298.91 128.792 1170.12 295.93 57.6188
internal_count=23521 8611 1242 7369 2273 473
is_linear=0
shrinkage=0.05


Tree=347
num_leaves=7
num_cat=0
split_feature=10 11 13 15 11 11
split_gain=2.88195 8.83429 9.2037 8.651 5.88328 7.28269
threshold=109.46489715576173 182.71205139160159 23.0490837097168 7.8402285575866708 251.37127685546878 204.71413421630862
decision_type=2 2 2 2 2 2
left_child=4 2 3 -2 5 -1
right_child=1 -3 -4 -5 -6 -7
leaf_value=-0.0052215185393263072 0.027265714443106426 -0.00041722843837243233 -0.010514850155346887 0.0010175752770897417 -0.038019861267566304 0.034673688090007093
leaf_weight=253.62834633491002 82.649310195352882 2751.4138279173058 37.113420903682709 50.375970184803009 11.92174872162286 10.985246135853229
leaf_count=5162 589 16533 290 358 292 262
internal_value=-0.000194231 0.000268223 0.0112907 0.0174074 -0.00506334 -0.00344099
internal_weight=3198.09 2921.55 170.139 133.025 276.535 264.614
internal_count=23486 17770 1237 947 5716 5424
is_linear=0
shrinkage=0.05


Tree=348
num_leaves=7
num_cat=0
split_feature=9 0 4 7 4 6
split_gain=2.53611 15.4267 7.71307 6.56806 7.33086 6.54382
threshold=109.83779907226564 11.570281982421877 0.47701202332973486 6.9503862857818612 -0.47299873828887934 296.22529602050787
decision_type=2 2 2 2 2 2
left_child=-1 -2 3 4 -3 -6
right_child=1 2 -4 -5 5 -7
leaf_value=-0.0013029600114854547 0.023482337066563431 0.0060680698916806214 0.010138444552905988 0.0056320647658628089 -0.0070576168065428178 0.0012884943224254141
leaf_weight=1358.6533920936636 75.79683861322701 217.17909551411867 187.67056820355356 335.32860000059009 647.21748082339764 367.86794017069042
leaf_count=13869 418 1008 1062 1555 3193 2356
internal_value=0.000333212 0.00154731 0.000587264 -0.000561928 -0.00225066 -0.00403469
internal_weight=3189.71 1831.06 1755.26 1567.59 1232.26 1015.09
internal_count=23461 9592 9174 8112 6557 5549
is_linear=0
shrinkage=0.05


Tree=349
num_leaves=7
num_cat=0
split_feature=13 13 9 10 14 2
split_gain=3.24482 2.32867 10.2677 7.08899 6.17389 5.46418
threshold=-171.5668029785156 30.998310089111332 221.42248535156253 203.49319458007815 4.3566777706146249 -0.69534099102020253
decision_type=2 2 2 2 2 2
left_child=-1 2 -2 4 -3 -5
right_child=1 3 -4 5 -6 -7
leaf_value=-0.014589465139739959 -0.00010655432743134272 -0.038468401651814005 -0.014603355197515584 0.012085692780024616 -0.0039110305537560092 0.0013324832545340811
leaf_weight=38.378557495772839 2368.4794294220628 16.526261660153978 127.78578678518534 158.92994429171085 50.279359131120145 453.26178418938071
leaf_count=197 17295 417 688 1151 389 3393
internal_value=-0.000324856 -0.000147905 -0.000854208 0.00244618 -0.012901 0.00413926
internal_weight=3213.64 3175.26 2496.27 678.997 66.8056 612.192
internal_count=23530 23333 17983 5350 806 4544
is_linear=0
shrinkage=0.05


Tree=350
num_leaves=7
num_cat=0
split_feature=15 15 13 6 9 11
split_gain=4.24771 9.89647 6.52575 6.83642 6.22802 11.9362
threshold=5.4631075859069833 5.4096484184265146 -102.48361206054686 569.60498046875011 153.15298461914065 429.69168090820318
decision_type=2 2 2 2 2 2
left_child=1 2 -1 -4 -2 -6
right_child=4 -3 3 -5 5 -7
leaf_value=-0.01764216185229665 -0.0033671569326644475 0.029913440924565778 0.0028679174115477622 -0.024357399781059538 0.022909279920918364 0.00031534684760930424
leaf_weight=41.66538246627897 1381.66264775116 30.604557778686285 1079.0292697334662 22.568466966389678 63.85407342761755 592.76001964882016
leaf_count=249 7920 179 11509 247 292 3100
internal_value=-8.29661e-05 0.0023118 0.00154742 0.00228857 -0.0014626 0.00254405
internal_weight=3212.14 1173.87 1143.26 1101.6 2038.28 656.614
internal_count=23496 12184 12005 11756 11312 3392
is_linear=0
shrinkage=0.05


Tree=351
num_leaves=7
num_cat=0
split_feature=9 11 9 10 9 12
split_gain=3.74643 7.71363 11.9246 13.2219 4.45333 6.6879
threshold=25.384708404541019 71.197097778320327 17.242706298828129 29.294464111328129 35.917037963867195 6.9615020751953134
decision_type=2 2 2 2 2 2
left_child=1 2 3 -1 5 -2
right_child=4 -3 -4 -5 -6 -7
leaf_value=-0.027056709518776742 0.020374353051285675 -0.026329954828281866 -0.028674526613787606 0.15563508623038058 -0.00010164510607908381 -0.022117843317001548
leaf_weight=1.1669124874169932 52.893202255829237 30.003474068886135 3.5000664801918902 1.6689800105523316 3114.3830992688891 10.320015739067456
leaf_count=395 1310 2215 343 297 18547 440
internal_value=-1.79159e-05 -0.0157635 0.0310416 0.0930051 0.000167055 0.0132008
internal_weight=3213.94 36.3394 6.33596 2.83589 3177.6 63.2132
internal_count=23547 3250 1035 692 20297 1750
is_linear=0
shrinkage=0.05


Tree=352
num_leaves=7
num_cat=0
split_feature=9 11 13 11 10 11
split_gain=3.4132 8.69187 15.9961 4.68418 3.24792 3.43263
threshold=24.83817291259766 71.197097778320327 -5.8360481262207022 221.94091796875003 653.89044189453136 246.84707641601565
decision_type=2 2 2 2 2 2
left_child=1 2 -1 -3 5 -2
right_child=4 3 -4 -5 -6 -7
leaf_value=0.11665659350469411 0.0037199467730335101 -0.037057062041338899 -0.029123643234157549 0.01328638087696974 0.015340681603353288 -0.0006154750318525192
leaf_weight=2.2810918402392417 552.50347026600502 22.287924631615173 3.7029645274742498 5.2157355021918184 34.555272538214922 2605.9934696801938
leaf_count=133 4869 1772 862 369 282 15322
internal_value=0.000144166 -0.0155013 0.0351935 -0.0273789 0.000313053 0.000143841
internal_weight=3226.54 33.4877 5.98406 27.5037 3193.05 3158.5
internal_count=23609 3136 995 2141 20473 20191
is_linear=0
shrinkage=0.05


Tree=353
num_leaves=7
num_cat=0
split_feature=14 12 12 11 7 9
split_gain=3.45563 7.31714 10.2012 8.61058 7.17956 6.77339
threshold=5.714712619781495 17.660140991210941 10.890686035156252 190.80128479003909 4.979518175125123 110.56381225585939
decision_type=2 2 2 2 2 2
left_child=1 2 4 -4 -1 -6
right_child=-2 -3 3 -5 5 -7
leaf_value=-0.036692933468371221 0.00065056343985526685 -0.017048017863674939 -0.00058597304584442856 0.046238600369843896 -0.0040862518425879716 0.012952219441998826
leaf_weight=14.458629148546605 2494.0675353147089 84.157809576601721 19.238508382462896 18.997965670423582 513.40249156620121 64.809358760714531
leaf_count=88 13393 1233 369 270 7850 299
internal_value=-0.000228208 -0.00328989 -0.0014306 0.0232645 -0.00306032 -0.00215742
internal_weight=3209.13 715.065 630.907 38.2365 592.67 578.212
internal_count=23502 10109 8876 639 8237 8149
is_linear=0
shrinkage=0.05


Tree=354
num_leaves=7
num_cat=0
split_feature=0 0 6 10 11 2
split_gain=4.14737 10.7354 14.0547 7.42824 3.66093 5.48854
threshold=2.2138853073120122 1.1055559515953066 36.213203430175788 178.97448730468753 87.123680114746108 0.036123502999544151
decision_type=2 2 2 2 2 2
left_child=1 -1 -3 -4 5 -2
right_child=4 2 3 -5 -6 -7
leaf_value=-0.020824386707947118 0.0056179635743848263 0.091308189162190481 -0.014455972591032521 0.063105837403366075 9.9948548239402416e-05 -0.033090339150914187
leaf_weight=10.996627565415112 16.169728407054208 6.9655856080353287 10.369425084383691 3.2523303695488712 3123.478358639637 19.386800397769548
leaf_count=945 601 203 860 69 20248 555
internal_value=9.88938e-05 0.0178459 0.0385093 0.00711206 -8.4132e-05 -0.0158152
internal_weight=3190.62 31.584 20.5873 13.6218 3159.03 35.5565
internal_count=23481 2077 1132 929 21404 1156
is_linear=0
shrinkage=0.05


Tree=355
num_leaves=7
num_cat=0
split_feature=11 14 5 4 15 1
split_gain=4.69461 5.08528 5.5897 8.4093 8.3651 7.52454
threshold=246.84707641601565 13.117297172546388 0.22916276752948764 -0.23361399024724958 4.7081284523010263 0.79671216011047374
decision_type=2 2 2 2 2 2
left_child=1 2 3 4 -1 -4
right_child=-2 -3 5 -5 -6 -7
leaf_value=0.011647406795893177 -0.00080407298778152614 0.020339360730086277 0.01691991120830252 0.0037696948891519076 -0.022360308488712927 -0.012556405998552723
leaf_weight=23.851413008989766 2627.9080602728063 43.880836579948664 113.31921244994737 303.50427607883466 67.522558390628546 25.934777939808555
leaf_count=592 15799 284 957 5287 442 212
internal_value=9.36218e-05 0.00416929 0.00280533 -0.000239576 -0.0134533 0.0113798
internal_weight=3205.92 578.013 534.132 394.878 91.374 139.254
internal_count=23573 7774 7490 6321 1034 1169
is_linear=0
shrinkage=0.05


Tree=356
num_leaves=7
num_cat=0
split_feature=15 14 11 9 4 4
split_gain=3.21536 11.5443 12.7196 12.1652 7.87916 7.78928
threshold=7.6483738422393808 14.02493476867676 149.94429016113284 93.452117919921889 0.15124778449535373 0.49042026698589331
decision_type=2 2 2 2 2 2
left_child=-1 2 -2 -4 -3 -6
right_child=1 4 3 -5 5 -7
leaf_value=0.0012573437469638525 0.013200196001025732 0.011875433630261339 -0.024908353033302827 -0.0053502001196393725 -0.022027298467433246 0.0062292424771325699
leaf_weight=2334.4000657710712 71.377237271517515 187.1937982738018 98.383939770050347 402.1521044941619 40.689397435635328 57.993173189461231
leaf_count=18726 486 935 636 2152 222 324
internal_value=0.000295448 -0.00232068 -0.00641815 -0.00923649 0.00587034 -0.00552576
internal_weight=3192.19 857.79 571.913 500.536 285.876 98.6826
internal_count=23481 4755 3274 2788 1481 546
is_linear=0
shrinkage=0.05


Tree=357
num_leaves=7
num_cat=0
split_feature=15 4 1 5 12 15
split_gain=3.13769 9.51185 11.9633 11.5236 8.51612 8.12745
threshold=3.3442863225936894 -0.14998297393321988 -0.011961476411670445 -0.22060088813304898 -2.9556274414062496 3.5614482164382939
decision_type=2 2 2 2 2 2
left_child=1 -1 -3 -4 -5 -2
right_child=5 2 3 4 -6 -7
leaf_value=0.025182099960499887 -0.019420283605227576 -0.014248774213134084 0.061642904753263887 0.028627600835104974 -0.020224415919187857 0.00035523426973971896
leaf_weight=49.394311681506224 51.87911404366605 67.011180092638824 10.706293710856697 16.580712802126072 17.137398279039189 2976.2510233286303
leaf_count=1029 631 2050 277 415 981 18077
internal_value=0.00037265 0.00715593 -0.000987149 0.0188904 0.00393096 1.0133e-05
internal_weight=3188.96 160.83 111.436 44.4244 33.7181 3028.13
internal_count=23460 4752 3723 1673 1396 18708
is_linear=0
shrinkage=0.05


Tree=358
num_leaves=7
num_cat=0
split_feature=13 2 15 7 7 13
split_gain=4.74636 8.16406 4.62165 3.6748 4.73801 6.04691
threshold=146.26402282714847 -0.09980659186840056 12.709012985229494 5.9591052532196054 6.0780749320983896 100.21890258789064
decision_type=2 2 2 2 2 2
left_child=2 -2 3 -1 -5 -6
right_child=1 -3 -4 4 5 -7
leaf_value=0.0021518056222218532 -0.039074994886360494 0.00090096697609864007 -0.015231104965162823 -0.011111645535001652 -0.00097055368843342862 0.022188654788260671
leaf_weight=1594.0154012780404 19.99919622624293 32.48565941862762 46.520519144833088 112.62260411516763 1358.578487604158 27.782663835212588
leaf_count=9959 277 352 250 819 11605 218
internal_value=-7.96439e-06 -0.0147775 0.000243572 0.000481168 -0.00129563 -0.000490784
internal_weight=3192 52.4849 3139.52 3093 1498.98 1386.36
internal_count=23480 629 22851 22601 12642 11823
is_linear=0
shrinkage=0.05


Tree=359
num_leaves=7
num_cat=0
split_feature=14 4 10 7 7 12
split_gain=4.53702 6.59104 4.32817 4.3589 4.06633 5.77193
threshold=1.7520086169242861 -0.15359072387218473 122.3334083557129 7.5596816539764413 5.0668187141418466 -24.466339111328121
decision_type=2 2 2 2 2 2
left_child=1 -1 -3 -4 5 -2
right_child=4 2 3 -5 -6 -7
leaf_value=0.018598005515861434 0.0055024811872872205 -0.041834923071285814 0.019701802656153858 -0.031294587672377104 0.0017881448695527516 -0.0049977462982295426
leaf_weight=10.132848452311007 171.05578545853496 18.061515953449998 7.6472880826331657 7.1692820023745298 2434.7349413083866 546.82226093485951
leaf_count=485 783 2157 211 216 16098 3558
internal_value=0.00059082 -0.0153524 -0.0260559 -0.00539227 0.000813132 -0.00249158
internal_weight=3195.62 43.0109 32.8781 14.8166 3152.61 717.878
internal_count=23508 3069 2584 427 20439 4341
is_linear=0
shrinkage=0.05


Tree=360
num_leaves=7
num_cat=0
split_feature=4 13 2 2 12 9
split_gain=3.74239 8.06814 5.76804 8.34752 6.79243 7.26052
threshold=0.079480115324258818 -95.028762817382798 0.2516897320747376 0.34163717925548559 -20.857555389404293 105.86744689941408
decision_type=2 2 2 2 2 2
left_child=-1 -2 4 -4 5 -3
right_child=1 2 3 -5 -6 -7
leaf_value=-0.0011754944206019142 -0.014881255857585513 0.027556077705591944 0.033446596258182422 0.0058751210982371195 -0.0024710308287279634 0.0020945635328246124
leaf_weight=2072.8968561152578 62.779247566126287 40.925894193351269 28.400469584274106 431.47231625951827 482.49231508868979 84.844439536333084
leaf_count=14940 333 233 224 3271 4073 379
internal_value=8.66194e-05 0.00239899 0.0034276 0.00764674 0.000230435 0.0105318
internal_weight=3203.81 1130.91 1068.14 459.873 608.263 125.77
internal_count=23453 8513 8180 3495 4685 612
is_linear=0
shrinkage=0.05


Tree=361
num_leaves=7
num_cat=0
split_feature=15 5 14 13 6 10
split_gain=4.31747 4.54091 3.78782 4.23415 7.4835 7.67509
threshold=2.5320887565612797 0.2681394368410111 17.105197906494144 79.007690429687514 462.31849670410162 309.50718688964849
decision_type=2 2 2 2 2 2
left_child=1 -1 3 -2 -5 -6
right_child=2 -3 -4 4 5 -7
leaf_value=-0.024935191303535661 0.00011983458708268371 0.017601617961260054 0.0059003956468951435 -0.015933006883324399 0.024693185685726472 -0.0054501137092461344
leaf_weight=30.635325467097573 2696.3289598489646 7.0619622960221013 256.31043675541878 113.92399560380727 27.501149070449173 80.605582441203296
leaf_count=2529 17494 135 1362 1038 278 697
internal_value=-0.000117485 -0.0167177 8.48345e-05 -0.000427774 -0.00704863 0.00237405
internal_weight=3212.37 37.6973 3174.67 2918.36 222.031 108.107
internal_count=23533 2664 20869 19507 2013 975
is_linear=0
shrinkage=0.05


Tree=362
num_leaves=7
num_cat=0
split_feature=7 6 11 7 6 4
split_gain=4.78503 3.52147 3.25867 3.1708 5.18125 7.22383
threshold=13.466137886047365 1.0000000180025095e-35 500.85446166992193 9.7523164749145526 75.967426300048842 -0.11369691044092177
decision_type=2 2 2 2 2 2
left_child=1 2 -1 -3 -5 -6
right_child=-2 3 -4 4 5 -7
leaf_value=-0.01730572552770104 0.018276688077996643 0.00070884713060767211 -0.00042397261652423081 -0.012679495573219512 0.041411548866096562 -0.0046722852242142817
leaf_weight=50.722336034290493 37.706983472919092 2999.5702015506104 64.018078652676195 12.930967793334274 20.819520466960967 13.630292113404719
leaf_count=363 357 21635 301 201 274 348
internal_value=0.000803121 0.000589015 -0.00797179 0.000913903 0.0136125 0.0235607
internal_weight=3199.4 3161.69 114.74 3046.95 47.3808 34.4498
internal_count=23479 23122 664 22458 823 622
is_linear=0
shrinkage=0.05


Tree=363
num_leaves=7
num_cat=0
split_feature=11 10 10 9 0 13
split_gain=2.35425 3.13068 5.56316 2.86528 2.79548 3.28147
threshold=821.47601318359386 582.33795166015636 548.15600585937511 211.40032958984378 41.933368682861335 77.13736724853517
decision_type=2 2 2 2 2 2
left_child=1 2 4 -2 5 -1
right_child=3 -3 -4 -5 -6 -7
leaf_value=0.0005365376615049383 -0.018481479774629762 0.011803728581487673 -0.01690464793457579 0.00069783997921612833 -0.014192016259680685 -0.0055146323383469739
leaf_weight=2747.5084768445231 38.330653646960855 52.512155715376139 49.191767495125532 38.431229678913951 33.889875426888466 242.92583885230124
leaf_count=19984 362 309 300 350 164 2048
internal_value=-0.000400102 -0.00018627 -0.000394896 -0.00899376 -0.00012086 4.3296e-05
internal_weight=3202.79 3126.03 3073.52 76.7619 3024.32 2990.43
internal_count=23517 22805 22496 712 22196 22032
is_linear=0
shrinkage=0.05


Tree=364
num_leaves=7
num_cat=0
split_feature=11 10 0 5 4 15
split_gain=3.18786 7.11677 8.00034 7.50983 6.88407 6.65304
threshold=182.71205139160159 117.76361465454103 11.971216201782228 0.035847958177328117 -0.52880758047103871 6.5613656044006357
decision_type=2 2 2 2 2 2
left_child=1 4 3 -3 -1 -6
right_child=-2 2 -4 -5 5 -7
leaf_value=-0.018413110315060221 -0.00064340097861786873 0.0092908137748105787 0.0040290341045838103 0.04805836131782619 -0.0028547449559556751 0.014874701682828185
leaf_weight=44.146361687919125 2788.6015720638679 25.359429351985455 86.476573821157217 24.814159507630393 163.66241365426686 77.025263949297369
leaf_count=376 17306 227 533 193 4463 526
internal_value=-3.04106e-05 0.00401715 0.0133522 0.0290284 -0.000492424 0.00285713
internal_weight=3210.09 421.484 136.65 50.1736 284.834 240.688
internal_count=23624 6318 953 420 5365 4989
is_linear=0
shrinkage=0.05


Tree=365
num_leaves=7
num_cat=0
split_feature=5 2 1 2 12 11
split_gain=4.18732 5.5342 3.72151 8.12573 5.31809 5.07235
threshold=-0.91063162684440602 0.047619696706533439 -0.85811966657638539 0.39916945993900305 -56.009826660156243 703.86035156250011
decision_type=2 2 2 2 2 2
left_child=1 -1 3 4 -2 -6
right_child=2 -3 -4 -5 5 -7
leaf_value=0.0024197059245268287 0.015188970986854565 -0.026361171263247669 -0.00070656513699462369 0.020449250880147183 -0.0021510880734882817 0.01394142367301527
leaf_weight=31.888923842459917 62.670732468366623 33.720399970188737 2543.7124892132706 63.513652049703524 407.75100031378679 54.631439574062824
leaf_count=234 283 227 18728 473 3220 361
internal_value=-0.000140994 -0.0125461 0.000122768 0.00370216 0.00164131 -0.000223742
internal_weight=3197.89 65.6093 3132.28 588.567 525.053 462.382
internal_count=23526 461 23065 4337 3864 3581
is_linear=0
shrinkage=0.05


Tree=366
num_leaves=7
num_cat=0
split_feature=10 2 5 3 15 11
split_gain=6.27501 6.81446 4.49689 7.98926 5.78748 7.14407
threshold=605.82901000976574 -0.179676279425621 -0.044931156560778611 -0.58719888329505909 5.2208867073059091 146.29511260986331
decision_type=2 2 2 2 2 2
left_child=2 -2 3 -1 -5 -6
right_child=1 -3 -4 4 5 -7
leaf_value=0.019721573715808904 -0.005586036265575133 0.025615991045623645 0.00072185628461696552 -0.0089503652173819302 0.013669867255028861 -0.0029239514140183874
leaf_weight=36.039020636118948 27.572245486080647 45.48216699436307 1900.9141760547645 379.92658426886192 70.056104678427801 744.16857669921592
leaf_count=185 242 317 13512 4391 486 4455
internal_value=-0.00046253 0.0139233 -0.000802516 -0.00315668 -0.00386306 -0.0014812
internal_weight=3204.16 73.0544 3131.1 1230.19 1194.15 814.225
internal_count=23588 559 23029 9517 9332 4941
is_linear=0
shrinkage=0.05


Tree=367
num_leaves=7
num_cat=0
split_feature=3 4 13 9 7 3
split_gain=4.43649 5.44199 9.25935 6.35744 4.86442 4.46047
threshold=1.071438252925873 0.47701202332973486 -28.279510498046871 134.05816650390628 4.768949270248414 0.94645860791206371
decision_type=2 2 2 2 2 2
left_child=5 -2 -3 4 -4 -1
right_child=1 2 3 -5 -6 -7
leaf_value=0.00017746865213125396 -0.0093403635922677374 -0.0069922425567498728 -0.0061898925606419727 0.032115349243115016 0.021083179156556799 -0.013394985271657542
leaf_weight=2937.3049075372983 37.802564059384167 47.292114032432437 29.970006622374058 51.177046976983547 34.055917412275448 60.808100755559281
leaf_count=21716 283 237 207 334 312 450
internal_value=0.00038023 0.00756578 0.0115319 0.019131 0.00841801 -0.000102184
internal_weight=3198.41 200.298 162.495 115.203 64.0259 2998.11
internal_count=23539 1373 1090 853 519 22166
is_linear=0
shrinkage=0.05


Tree=368
num_leaves=7
num_cat=0
split_feature=14 9 13 9 4 10
split_gain=3.28393 4.80623 5.45183 4.32444 4.12791 3.95107
threshold=17.329881668090824 221.42248535156253 -4.0010681152343741 209.09854125976565 1.1319741606712344 573.35260009765636
decision_type=2 2 2 2 2 2
left_child=1 3 -3 4 5 -1
right_child=-2 2 -4 -5 -6 -7
leaf_value=-0.00033452200891470195 0.0056205405607271551 -0.022669676247731342 -0.00014897292726575266 0.012974568646205038 0.014707559858929005 -0.018252291077018288
leaf_weight=2706.8280151532963 245.09224670007825 49.778505153954029 57.110776048153639 61.82076377607882 44.130411492660642 30.121646024286747
leaf_count=20655 1307 278 377 344 287 230
internal_value=7.14492e-05 -0.000391362 -0.0107498 1.74448e-06 -0.000291189 -0.000538311
internal_weight=3194.88 2949.79 106.889 2842.9 2781.08 2736.95
internal_count=23478 22171 655 21516 21172 20885
is_linear=0
shrinkage=0.05


Tree=369
num_leaves=7
num_cat=0
split_feature=9 11 10 12 15 13
split_gain=3.79884 7.98898 12.1441 5.32703 4.65354 6.53556
threshold=226.44560241699222 586.67022705078136 573.35260009765636 0.83158874511718761 13.37655019760132 160.45532226562503
decision_type=2 2 2 2 2 2
left_child=4 -2 -3 -4 5 -1
right_child=1 2 3 -5 -6 -7
leaf_value=0.00024237681197317374 0.010437119743483752 -0.026301948442104831 -0.011963556801745583 0.017470729197676407 -0.019741707458663244 -0.0237840268177003
leaf_weight=2956.2755913434085 45.524517357349396 78.68124258518219 28.438121348619461 31.229406759142876 29.113986091688275 27.577362684533
leaf_count=21938 206 448 185 253 158 369
internal_value=-0.000611886 -0.00756899 -0.0135264 0.0034761 -0.000184943 1.24262e-05
internal_weight=3196.84 183.873 138.349 59.6675 3012.97 2983.85
internal_count=23557 1092 886 438 22465 22307
is_linear=0
shrinkage=0.05


Tree=370
num_leaves=7
num_cat=0
split_feature=9 0 5 11 0 5
split_gain=3.79451 11.404 10.1396 7.99357 7.1196 11.7218
threshold=99.617553710937514 11.570281982421877 1.0274586677551272 457.08190917968756 16.43678188323975 -0.13855513930320737
decision_type=2 2 2 2 2 2
left_child=2 3 4 -2 -1 -6
right_child=1 -3 -4 -5 5 -7
leaf_value=-0.0044489176085274569 9.1233720061929216e-05 7.5432484110299867e-05 -0.034813060639705636 0.026944936216613216 -0.009113045297596805 0.011084011903861879
leaf_weight=797.77069650555495 46.094820283353329 1945.8329642619938 22.935074165463448 68.515216418541968 106.89919620752335 214.36793264001608
leaf_count=10742 262 10230 116 397 636 1201
internal_value=-0.000299316 0.00098195 -0.00260992 0.0162389 -0.00191941 0.00435617
internal_weight=3202.42 2060.44 1141.97 114.61 1119.04 321.267
internal_count=23584 10889 12695 659 12579 1837
is_linear=0
shrinkage=0.05


Tree=371
num_leaves=7
num_cat=0
split_feature=7 5 6 15 4 5
split_gain=2.87243 7.09 6.68221 6.23743 5.94054 8.02229
threshold=7.6649744510650644 1.0834081768989565 51.213203430175788 11.350003242492678 0.1766348406672478 0.054264785721898086
decision_type=2 2 2 2 2 2
left_child=1 2 4 -4 5 -1
right_child=-2 -3 3 -5 -6 -7
leaf_value=0.01821746337066707 -0.0038716780790110021 0.0215312128740912 -0.0016828298642919529 0.011434000966592459 -0.0079856584472340741 0.0012979797713736311
leaf_weight=133.60443208785728 532.60787466377951 37.209762342274189 2183.4010474459501 93.564750155434012 58.692231438821182 146.44821044849232
leaf_count=862 4861 176 15895 524 387 767
internal_value=-0.000524434 0.000148774 -0.000163514 -0.00113905 0.00637789 0.00940584
internal_weight=3185.53 2652.92 2615.71 2276.97 338.745 280.053
internal_count=23472 18611 18435 16419 2016 1629
is_linear=0
shrinkage=0.05


Tree=372
num_leaves=7
num_cat=0
split_feature=15 12 2 12 1 15
split_gain=3.36911 7.97497 9.26189 11.91 9.5514 13.0185
threshold=3.3442863225936894 18.787078857421879 0.42995604872703558 -2.5763015747070308 0.93648493289947521 3.2490706443786626
decision_type=2 2 2 2 2 2
left_child=1 2 4 -4 5 -1
right_child=-2 -3 3 -5 -6 -7
leaf_value=-0.011840917500967859 -0.00074602074482901402 -0.025343704364371736 0.047724387227826508 -0.0010989315579925914 0.045286219675429923 0.048237621336889851
leaf_weight=73.727348913380411 3038.9638875726378 16.42482743493747 29.171267333556898 21.240542091429234 9.8128549008979444 9.2620081582572293
leaf_count=2532 18839 275 539 911 378 127
internal_value=-0.000373226 0.00668395 0.0105074 0.0275319 0.00106445 -0.00464137
internal_weight=3198.6 159.639 143.214 50.4118 92.8022 82.9894
internal_count=23601 4762 4487 1450 3037 2659
is_linear=0
shrinkage=0.05


Tree=373
num_leaves=7
num_cat=0
split_feature=5 12 6 6 5 1
split_gain=3.30592 9.03082 4.80871 8.32314 4.01401 4.51102
threshold=-0.41397334635257715 -34.276123046874993 327.24980163574224 493.40463256835943 -0.68228539824485768 0.41637425124645239
decision_type=2 2 2 2 2 2
left_child=1 -1 4 -4 -3 -6
right_child=-2 2 3 -5 5 -7
leaf_value=0.021013724357277302 -0.00093997915583665442 -0.010979090039312453 0.020801100775897221 -0.012556186497309156 -0.0037047117627913373 0.015236674003142851
leaf_weight=63.815807115286589 2806.2322580475593 95.225228282390162 60.007446004543453 26.175561308278702 100.47462208103389 44.567816030583344
leaf_count=300 20782 634 527 253 704 340
internal_value=-0.000339958 0.0039659 0.000579333 0.010642 -0.00305925 0.00217997
internal_weight=3196.5 390.266 326.451 86.183 240.268 145.042
internal_count=23540 2758 2458 780 1678 1044
is_linear=0
shrinkage=0.05


Tree=374
num_leaves=7
num_cat=0
split_feature=9 11 1 7 5 7
split_gain=2.85218 5.52187 4.63506 3.23784 8.34707 6.44928
threshold=286.17385864257818 821.47601318359386 -0.2590250670909881 4.6956474781036386 -0.095102712512016283 4.55446481704712
decision_type=2 2 2 2 2 2
left_child=1 3 -3 5 -5 -1
right_child=-2 2 -4 4 -6 -7
leaf_value=0.00091084646419594361 0.014658976347134547 -0.0027880858932279192 -0.028471401417267995 -0.0048500387421746899 0.0013397006706599096 0.016502770116437363
leaf_weight=276.38418496586382 32.10222976282239 41.532029367983341 29.758194729685783 750.79949264507741 1975.9148044976173 86.314435502514243
leaf_count=1589 182 376 303 6159 14435 505
internal_value=5.84678e-05 -9.44143e-05 -0.0137544 0.000225149 -0.000365794 0.00465656
internal_weight=3192.81 3160.7 71.2902 3089.41 2726.71 362.699
internal_count=23549 23367 679 22688 20594 2094
is_linear=0
shrinkage=0.05


Tree=375
num_leaves=7
num_cat=0
split_feature=1 15 6 11 2 14
split_gain=3.23551 11.1961 8.37059 6.88612 9.37143 11.9055
threshold=0.64360788464546215 10.93230724334717 157.26276397705081 352.42878723144537 0.013202057685703041 14.381374359130861
decision_type=2 2 2 2 2 2
left_child=3 2 -2 4 5 -1
right_child=1 -3 -4 -5 -6 -7
leaf_value=-0.0054656796393361354 0.0096120408998369208 -0.024832006077693536 -0.0011066952662975771 -0.0026150369245580775 0.0086339979247884429 0.032395802264744894
leaf_weight=306.67078626982402 356.22718574956525 33.936403781175613 371.24638654163573 1718.2891980523709 375.77943068364402 21.272608075290918
leaf_count=4033 2318 198 3028 9876 3909 123
internal_value=-1.53261e-05 0.00282549 0.00414801 -0.000909192 0.00325379 -0.00291871
internal_weight=3183.42 761.41 727.474 2422.01 703.723 327.943
internal_count=23485 5544 5346 17941 8065 4156
is_linear=0
shrinkage=0.05


Tree=376
num_leaves=7
num_cat=0
split_feature=6 15 7 4 15 6
split_gain=4.33365 7.92557 8.66481 4.96581 4.22667 4.21086
threshold=469.09463500976568 4.7574851512908944 4.6722638607025155 0.26323227584362036 6.5613656044006357 452.49064636230474
decision_type=2 2 2 2 2 2
left_child=5 -2 -3 4 -4 -1
right_child=1 2 3 -5 -6 -7
leaf_value=-0.0010574031998798045 -0.011685449334016603 -0.010742079754909678 0.022820636708734958 0.034310622139950481 0.0026398636586577569 -0.018265186953013813
leaf_weight=2962.3716463991441 48.445877013378777 35.427541352808475 45.103403518907726 30.431278010830283 60.029744568746537 34.988999916124158
leaf_count=21472 605 289 308 253 405 306
internal_value=-0.000767072 0.00599961 0.011049 0.0167807 0.0114311 -0.0012643
internal_weight=3216.8 219.438 170.992 135.564 105.133 2997.36
internal_count=23638 1860 1255 966 713 21778
is_linear=0
shrinkage=0.05


Tree=377
num_leaves=7
num_cat=0
split_feature=10 11 0 13 6 15
split_gain=3.59367 5.82546 8.68721 5.71064 4.95391 9.92844
threshold=122.3334083557129 197.3490905761719 11.70894765853882 -40.445739746093743 63.541019439697273 5.779496669769288
decision_type=2 2 2 2 2 2
left_child=3 2 -2 -1 5 -5
right_child=1 -3 -4 4 -6 -7
leaf_value=-0.036042120809802174 0.028004785200325108 4.3403636126622837e-05 0.0017401871351944529 0.020763122486367948 -0.0067332819575569598 -0.016938952414726635
leaf_weight=13.052444480359553 46.034408283885568 2699.3241132479161 95.661936216056347 49.346318064024672 261.62843692570459 25.832244043238461
leaf_count=135 398 16046 556 1084 5013 195
internal_value=-2.54998e-05 0.000563895 0.0104095 -0.00479963 -0.00348576 0.00775594
internal_weight=3190.88 2841.02 141.696 349.859 336.807 75.1786
internal_count=23427 17000 954 6427 6292 1279
is_linear=0
shrinkage=0.05


Tree=378
num_leaves=7
num_cat=0
split_feature=2 2 6 13 5 13
split_gain=3.36734 3.9228 2.02475 8.96284 6.47708 6.09314
threshold=-0.99971753358840931 -0.99825629591941822 181.24143981933597 -47.793121337890618 -0.91063162684440602 10.623428344726564
decision_type=2 2 2 2 2 2
left_child=-1 -2 5 -4 -5 -3
right_child=1 2 3 4 -6 -7
leaf_value=0.018017933054064527 -0.015222830107522057 0.0027598132751309977 -0.013324696691301256 -0.022196858460374475 0.0010404976301024921 -0.0078967217121445818
leaf_weight=26.506693644332699 38.441378228948452 1530.8718177597038 127.59839579183608 29.700149539858103 1292.4085273008677 146.04540326539427
leaf_count=182 288 10255 656 259 10614 1197
internal_value=0.000599051 0.000447527 0.000644998 -0.000723229 0.000502107 0.00182757
internal_weight=3191.57 3165.07 3126.62 1449.71 1322.11 1676.92
internal_count=23451 23269 22981 11529 10873 11452
is_linear=0
shrinkage=0.05


Tree=379
num_leaves=7
num_cat=0
split_feature=14 14 7 9 5 13
split_gain=4.10143 6.04627 4.45032 4.31138 4.98247 4.98032
threshold=21.075901031494144 19.493299484252933 4.0782880783081064 226.44560241699222 0.40840876102447515 1.0000000180025095e-35
decision_type=2 2 2 2 2 2
left_child=1 2 -1 -4 5 -5
right_child=-2 -3 3 4 -6 -7
leaf_value=0.013035542020895069 -0.011828120098985947 0.016873301411648757 0.00022405981876179616 -0.030183298893643792 0.0064618940676737487 -0.0053202236028213638
leaf_weight=64.333788927644491 68.900383096188307 53.844710245728493 2904.4353851706837 35.009066440165043 33.721366129815578 46.920400828123093
leaf_count=382 371 277 21816 208 163 332
internal_value=0.000150809 0.00041749 0.000124845 -0.000154402 -0.00957948 -0.0161803
internal_weight=3207.17 3138.26 3084.42 3020.09 115.651 81.9295
internal_count=23549 23178 22901 22519 703 540
is_linear=0
shrinkage=0.05


Tree=380
num_leaves=7
num_cat=0
split_feature=0 13 11 13 4 10
split_gain=4.37277 10.6818 7.60074 15.3515 6.00353 4.26872
threshold=4.3872959613800058 -84.073455810546861 71.197097778320327 -5.8360481262207022 0.25643259286880499 132.12599945068362
decision_type=2 2 2 2 2 2
left_child=1 -1 3 -3 5 -4
right_child=-2 2 4 -5 -6 -7
leaf_value=0.054209560286615416 -0.0011448740456653274 0.12242050547713122 -0.019826654525267325 -0.024873329546169276 0.027214396659175567 0.0060250950989369691
leaf_weight=10.840997408144174 3075.0630264282227 2.7275857394561172 33.144088895001914 2.8339906156761563 14.180647163535467 29.314062975812703
leaf_count=105 19245 138 2084 771 336 613
internal_value=-0.000820429 0.00980077 0.00336276 0.0550125 -0.00104569 -0.00778967
internal_weight=3168.1 93.0414 82.2004 5.56158 76.6388 62.4582
internal_count=23292 4047 3942 909 3033 2697
is_linear=0
shrinkage=0.05


Tree=381
num_leaves=7
num_cat=0
split_feature=10 2 10 15 6 13
split_gain=4.1159 6.46095 6.30991 6.00143 6.80101 5.46658
threshold=83.653842926025405 -0.9261975586414336 65.629474639892592 3.7745019197463994 92.434165954589858 -3.6424179077148433
decision_type=2 2 2 2 2 2
left_child=1 -1 5 4 -4 -3
right_child=-2 2 3 -5 -6 -7
leaf_value=-0.036985596448129279 0.00052610475682851241 0.02499259290816689 0.047563940366853547 -0.021610935034123008 -0.017602462776208569 -0.0074316337668206729
leaf_weight=16.246087049948983 3046.3987682997249 25.461166916647926 6.6831536092795414 53.674054778413847 7.5542934557888657 24.854665316001046
leaf_count=537 19239 911 160 459 368 1835
internal_value=0.000147049 -0.00838068 -0.00417272 -0.014028 0.0141011 0.0091432
internal_weight=3180.87 134.473 118.227 67.9115 14.2374 50.3158
internal_count=23509 4270 3733 987 528 2746
is_linear=0
shrinkage=0.05


Tree=382
num_leaves=7
num_cat=0
split_feature=15 13 13 7 5 6
split_gain=2.5527 4.13548 3.83225 6.59072 4.63573 3.19252
threshold=12.709012985229494 160.45532226562503 114.5441131591797 4.9465725421905526 0.092595364898443236 125.48619461059572
decision_type=2 2 2 2 2 2
left_child=1 2 5 -4 -5 -1
right_child=-2 -3 3 4 -6 -7
leaf_value=0.002056861632389175 -0.011146453086576635 -0.017228900895321555 0.027807639400762849 -0.014193257444995647 0.013467899308709131 -0.0012297991044607072
leaf_weight=1281.5308427996933 48.613635051995516 32.352919308468699 33.483519835397601 27.991438676603138 30.718139227479696 1742.0150357009843
leaf_count=8550 261 449 287 298 204 13478
internal_value=0.000106757 0.000284017 0.000471335 0.0104578 0.000262835 0.000163473
internal_weight=3196.71 3148.09 3115.74 92.1931 58.7096 3023.55
internal_count=23527 23266 22817 789 502 22028
is_linear=0
shrinkage=0.05


Tree=383
num_leaves=7
num_cat=0
split_feature=12 12 2 2 1 11
split_gain=2.76705 10.701 7.69254 6.69739 6.91015 6.99913
threshold=9.571104049682619 12.071159362792971 0.047619696706533439 0.74532604217529308 0.47271177172660833 407.80488586425787
decision_type=2 2 2 2 2 2
left_child=3 2 -2 -1 5 -5
right_child=1 -3 -4 4 -6 -7
leaf_value=0.00055274018166167 0.0030554903204894801 0.00065190752392911067 0.036244082366990206 0.0039546626565340566 -0.018060670112501769 -0.0082230302474790261
leaf_weight=1773.9273430755711 32.584785740531515 758.30157621379476 37.117714146967046 199.27834004804026 92.864589326898567 286.60131855774671
leaf_count=12812 316 6156 318 1881 594 1471
internal_value=-9.67889e-05 0.00238739 0.0209916 -0.000971718 -0.00563728 -0.00323062
internal_weight=3180.68 828.004 69.7025 2352.67 578.744 485.88
internal_count=23548 6790 634 16758 3946 3352
is_linear=0
shrinkage=0.05


Tree=384
num_leaves=7
num_cat=0
split_feature=4 3 2 3 15 15
split_gain=3.37523 9.08255 8.67945 6.51856 6.85621 7.70499
threshold=0.021557076834142212 0.23439534753561023 0.88262280821800243 0.32767739892005926 3.9153809547424321 3.4350988864898686
decision_type=2 2 2 2 2 2
left_child=-1 2 -2 -3 5 -5
right_child=1 3 -4 4 -6 -7
leaf_value=-0.0016744792011946339 0.0043041215482321699 -0.0130409228802747 0.023141184687795663 0.002552710551356857 0.0016376089785954844 -0.033114596895739777
leaf_weight=1896.0217766363639 380.07987759337993 104.4922319779289 72.055521994247101 29.021261983376462 692.5487190191634 30.359070222359151
leaf_count=13385 3056 896 562 749 4551 355
internal_value=-0.000326768 0.00162577 0.00735057 -0.0014016 0.000231037 -0.0159292
internal_weight=3204.58 1308.56 452.135 856.421 751.929 59.3803
internal_count=23554 10169 3618 6551 5655 1104
is_linear=0
shrinkage=0.05


Tree=385
num_leaves=7
num_cat=0
split_feature=0 9 12 15 9 7
split_gain=3.04244 10.0272 10.0226 7.64467 6.62727 5.26792
threshold=7.6566510200500497 110.56381225585939 20.060653686523441 8.6740856170654315 86.889892578125014 6.1350603103637704
decision_type=2 2 2 2 2 2
left_child=1 2 3 4 5 -1
right_child=-2 -3 -4 -5 -6 -7
leaf_value=0.018925600464172028 -0.00045497043111122947 0.03548851970413 -0.030761713464111197 -0.027289306012368082 0.031923068390316826 -0.0003095684464031476
leaf_weight=46.11621222528629 2924.8653779062442 23.623734634369612 20.335042058955878 15.988329196348785 23.761019509285688 145.4364770554821
leaf_count=957 16830 142 459 119 134 4883
internal_value=1.86165e-05 0.00503429 0.00204608 0.0050504 0.00756687 0.00439553
internal_weight=3200.13 275.261 251.637 231.302 215.314 191.553
internal_count=23524 6694 6552 6093 5974 5840
is_linear=0
shrinkage=0.05


Tree=386
num_leaves=7
num_cat=0
split_feature=13 6 2 11 5 2
split_gain=3.88112 8.60922 4.82841 5.5643 5.38773 4.57515
threshold=-68.399322509765611 51.213203430175788 0.87713038921356212 605.05361938476574 -0.015199170447885988 0.86514490842819225
decision_type=2 2 2 2 2 2
left_child=1 -1 3 -3 -5 -2
right_child=5 2 -4 4 -6 -7
leaf_value=0.0032881040345737406 0.001872761327676176 -0.0051731547748009796 0.0056876063394365427 -0.030504502822172892 -0.0096839836068666942 -0.003650996548352538
leaf_weight=265.53860931191593 2105.0228257524432 177.04221026506275 50.150791125372052 55.385652451775968 72.39109761081636 455.07790956867393
leaf_count=1291 16955 845 262 310 364 3490
internal_value=2.9701e-05 -0.00351474 -0.00859862 -0.01096 -0.0188756 0.000889828
internal_weight=3180.61 620.508 354.97 304.819 127.777 2560.1
internal_count=23517 3072 1781 1519 674 20445
is_linear=0
shrinkage=0.05


Tree=387
num_leaves=7
num_cat=0
split_feature=10 11 10 15 13 11
split_gain=3.14614 6.07455 7.84136 7.27009 10.5009 6.54855
threshold=85.248794555664077 125.73779296875001 77.412143707275405 5.9751367568969735 10.623428344726564 111.71349716186525
decision_type=2 2 2 2 2 2
left_child=1 2 3 4 5 -1
right_child=-2 -3 -4 -5 -6 -7
leaf_value=-0.0022585315370517237 0.0010410598095666414 -0.023886358178185633 -0.026184716187332958 0.030340246122088216 -0.051256477130979639 0.043387593634266607
leaf_weight=40.61754048493458 3047.5918035629438 36.370773923932575 21.868189920205623 22.599147292785347 8.3279439076432009 8.7164066551486012
leaf_count=2158 19155 1107 225 147 465 219
internal_value=0.000705277 -0.00663789 -0.000323223 0.0069586 -0.00256624 0.00650807
internal_weight=3186.09 138.5 102.129 80.261 57.6619 49.3339
internal_count=23476 4321 3214 2989 2842 2377
is_linear=0
shrinkage=0.05


Tree=388
num_leaves=7
num_cat=0
split_feature=0 10 7 1 0 9
split_gain=2.18109 6.47444 6.0279 4.75125 4.5287 4.22216
threshold=5.30938744544983 178.97448730468753 6.1232285499572763 0.04764047451317311 4.4704177379608163 76.432708740234389
decision_type=2 2 2 2 2 2
left_child=1 2 4 -3 -1 -4
right_child=-2 3 5 -5 -6 -7
leaf_value=0.052204411761610982 -0.00062568515938610442 0.034438184465709343 -0.012170002786892876 0.0035609573820551835 -0.00058874576626899108 0.030340052545019775
leaf_weight=6.9183748868526882 3068.1559129516827 25.87276461487636 66.211487673514057 23.704795021098107 8.2960580155486223 5.4450659919530144
leaf_count=222 18632 372 3859 285 221 36
internal_value=-0.000349832 0.00581238 -0.0024413 0.020037 0.0251567 -0.00856661
internal_weight=3204.6 136.449 86.871 49.5776 15.2144 71.6566
internal_count=23627 4995 4338 657 443 3895
is_linear=0
shrinkage=0.05


Tree=389
num_leaves=7
num_cat=0
split_feature=7 15 2 11 2 15
split_gain=3.56766 4.99567 5.99198 5.37628 4.65771 6.12031
threshold=7.6649744510650644 9.7069067955017108 -0.93053624033927906 493.63255310058599 -0.30248422920703882 4.7081284523010263
decision_type=2 2 2 2 2 2
left_child=-1 2 3 -2 -4 -6
right_child=1 -3 4 -5 5 -7
leaf_value=0.00053250811821847397 -0.0029068679085650531 -0.022033018451965643 -0.01234937334779131 0.026730387069126279 0.0093276260191033356 -0.005896268277538837
leaf_weight=2656.419074503181 29.983593126235064 34.599635997787118 135.28265541384462 29.878241215832531 94.06760652048979 215.12125166039914
leaf_count=18632 372 181 1193 152 1763 1199
internal_value=-0.00022041 -0.00392568 -0.00264229 0.0120818 -0.00464802 -0.00124941
internal_weight=3195.35 538.933 504.333 59.8618 444.472 309.189
internal_count=23492 4860 4679 524 4155 2962
is_linear=0
shrinkage=0.05


Tree=390
num_leaves=7
num_cat=0
split_feature=10 0 11 5 11 2
split_gain=2.64127 7.95084 9.86593 6.59937 6.48537 5.80291
threshold=411.98567199707037 18.447730064392093 642.41934204101574 0.077504683285951628 535.34927368164074 -0.99516987800598133
decision_type=2 2 2 2 2 2
left_child=5 2 -2 -4 -3 -1
right_child=1 4 3 -5 -6 -7
leaf_value=0.013006997111918295 0.029914568316820003 -0.016817426870415153 0.017284964541888197 -0.013457357751474051 0.0020527483248717364 -0.00094105693498214077
leaf_weight=76.014275477093179 55.327166812494397 48.168304976075888 33.134477432817221 34.74086381867528 614.99709175527096 2348.874747282709
leaf_count=606 283 224 235 174 3522 18572
internal_value=0.000318156 0.00283431 0.0144445 0.00158309 0.000658876 -0.000498638
internal_weight=3211.26 786.368 123.203 67.8753 663.165 2424.89
internal_count=23616 4438 692 409 3746 19178
is_linear=0
shrinkage=0.05


Tree=391
num_leaves=7
num_cat=0
split_feature=3 12 12 4 3 15
split_gain=4.4644 3.09606 10.1258 7.97205 6.16278 5.09993
threshold=1.8851920366287234 9.571104049682619 12.071159362792971 0.78841483592987072 -0.040981715545058243 3.972817182540894
decision_type=2 2 2 2 2 2
left_child=1 3 4 -1 -3 -4
right_child=-2 2 5 -5 -6 -7
leaf_value=-0.00096501641208305471 0.016498278526203843 0.035491515733448512 -0.012930679156668498 -0.020673258709529518 0.0060614058220329128 0.0017117457553029335
leaf_weight=2287.8053629524074 38.184174133464694 33.123326661938336 64.170739578607026 51.493485160637647 38.209817091119476 678.61310549196787
leaf_count=16343 256 241 962 298 396 5063
internal_value=-0.000275041 -0.000483312 0.0021707 -0.00140749 0.0200289 0.00043107
internal_weight=3191.6 3153.42 814.117 2339.3 71.3331 742.784
internal_count=23559 23303 6662 16641 637 6025
is_linear=0
shrinkage=0.05


Tree=392
num_leaves=7
num_cat=0
split_feature=15 1 9 15 2 9
split_gain=3.35405 7.22707 7.51005 5.85412 9.85334 7.77376
threshold=7.7306797504425058 0.72469851374626171 139.51362609863284 7.3735523223876962 0.69522294402122509 129.4222106933594
decision_type=2 2 2 2 2 2
left_child=3 -2 -3 -1 5 -5
right_child=1 2 -4 4 -6 -7
leaf_value=0.00069410610550456537 8.9792187797142254e-05 -0.021020665527260649 -0.00037934285476014348 0.0057831005460488938 -0.0095714003328982271 0.03247242917941659
leaf_weight=2215.9828900152352 647.96555283060297 92.701111087575555 83.259793542325497 57.161986764520407 42.077060423791409 52.142058823257685
leaf_count=18072 3575 561 459 318 232 271
internal_value=0.000390056 -0.00235579 -0.0113111 0.0013463 0.0108261 0.0186939
internal_weight=3191.29 823.926 175.961 2367.36 151.381 109.304
internal_count=23488 4595 1020 18893 821 589
is_linear=0
shrinkage=0.05


Tree=393
num_leaves=7
num_cat=0
split_feature=9 6 7 15 4 15
split_gain=2.33155 6.63613 6.62769 4.25589 11.705 7.20718
threshold=32.823272705078132 165.63028717041018 9.9963283538818377 3.3442863225936894 -0.14998297393321988 3.5614482164382939
decision_type=2 2 2 2 2 2
left_child=1 2 -1 4 -2 -5
right_child=3 -3 -4 5 -6 -7
leaf_value=-0.00653328920320056 0.032623550746199201 -0.031472513751029545 0.039672557729640318 -0.019141672501961898 -0.00073470615483447002 0.00036176280777544295
leaf_weight=47.790588778327219 36.967373388819396 21.171208772691898 8.2292544753290695 47.138689315179363 85.413000400410965 2957.0296287983656
leaf_count=1960 318 2151 443 419 990 17303
internal_value=0.000210124 -0.00831807 0.000831028 0.000423268 0.00952455 4.94648e-05
internal_weight=3203.74 77.1911 56.0198 3126.55 122.38 3004.17
internal_count=23584 4554 2403 19030 1308 17722
is_linear=0
shrinkage=0.05


Tree=394
num_leaves=7
num_cat=0
split_feature=10 11 11 13 1 15
split_gain=3.49929 7.90225 7.86932 7.01514 5.87071 5.61904
threshold=137.23854827880862 296.54769897460943 142.33039855957034 -20.622901916503903 0.80558815598487865 5.3855392932891855
decision_type=2 2 2 2 2 2
left_child=2 -2 3 -1 -4 -5
right_child=1 -3 4 5 -6 -7
leaf_value=-0.018326117567292691 0.0082263409162406428 -0.00061091065666373596 -0.0088467697740400378 -0.0036565285275732906 -0.03495467463894094 0.012181808240888778
leaf_weight=38.816136836307123 280.9450302447658 2459.9567206990905 152.81037485628622 108.75943654635921 24.351357979234308 113.66022370848805
leaf_count=327 1891 14273 2144 3668 363 820
internal_value=-0.00036637 0.000297586 -0.00450872 0.00101342 -0.0126114 0.00445543
internal_weight=3179.3 2740.9 438.398 261.236 177.162 222.42
internal_count=23486 16164 7322 4815 2507 4488
is_linear=0
shrinkage=0.05


Tree=395
num_leaves=7
num_cat=0
split_feature=11 13 15 6 11 13
split_gain=3.67395 7.48492 7.08528 11.7926 19.3927 8.73149
threshold=146.29511260986331 -35.017272949218743 5.8047509193420419 87.426406860351577 111.71349716186525 -11.896194458007811
decision_type=2 2 2 2 2 2
left_child=1 -1 3 4 -3 -4
right_child=-2 2 5 -5 -6 -7
leaf_value=-0.030442446013668297 -0.00069908037354135305 -0.013626927133120567 -0.0053851935257140798 -0.011100412829809517 0.049076385421931358 0.023120809756726823
leaf_weight=13.031769623514263 2908.2652141234721 23.021532088518143 36.679725868627429 93.348525952198543 24.727909122593701 96.125249440781772
leaf_count=87 18548 711 272 2942 320 683
internal_value=-0.000165911 0.00522176 0.00702316 -0.00078829 0.0191857 0.0152663
internal_weight=3195.2 286.935 273.903 141.098 47.7494 132.805
internal_count=23563 5015 4928 3973 1031 955
is_linear=0
shrinkage=0.05


Tree=396
num_leaves=7
num_cat=0
split_feature=12 12 13 13 2 12
split_gain=2.41185 10.0913 8.95811 7.81714 6.25491 7.91616
threshold=-39.251831054687493 -45.831207275390618 -59.792144775390618 -68.399322509765611 -0.63736796379089344 -29.712570190429684
decision_type=2 2 2 2 2 2
left_child=1 2 -1 4 -2 -6
right_child=3 -3 -4 -5 5 -7
leaf_value=0.0022178232327520991 0.0031340001796253264 0.014687785175717984 -0.015800538636155135 -0.00012580890710034106 -0.0050711653736801041 -0.031896362799815718
leaf_weight=436.51238135434687 49.877563350833952 134.82962950970978 80.893594719469547 2374.441521484463 57.159459121525288 52.827482988126576
leaf_count=2041 264 661 368 19574 303 312
internal_value=-0.000150536 0.00255865 -0.000624294 -0.000848512 -0.0115152 -0.0181268
internal_weight=3186.54 652.236 517.406 2534.31 159.865 109.987
internal_count=23523 3070 2409 20453 879 615
is_linear=0
shrinkage=0.05


Tree=397
num_leaves=7
num_cat=0
split_feature=1 1 10 3 15 11
split_gain=3.04125 4.52758 6.53704 3.60563 3.48635 6.06445
threshold=-0.98943281173706044 -0.99709519743919361 295.98721313476568 0.027038574218750003 7.0517385005950937 137.75869750976565
decision_type=2 2 2 2 2 2
left_child=1 2 -1 -3 -2 -6
right_child=4 3 -4 -5 5 -7
leaf_value=0.013553516613320528 0.00051328951013172852 0.024021685066712501 -0.013581918204578226 0.0012724687457350932 0.010795678614110694 -0.004022728528188752
leaf_weight=39.344243592175189 1954.2698198773433 44.933789978851564 48.348487447947264 28.244662835728377 73.129223367199302 1014.4360395814292
leaf_count=391 16376 317 266 243 531 5508
internal_value=-0.000394465 0.00628388 -0.00139178 0.0153767 -0.000749606 -0.00301732
internal_weight=3202.71 160.871 87.6927 73.1785 3041.84 1087.57
internal_count=23632 1217 657 560 22415 6039
is_linear=0
shrinkage=0.05


Tree=398
num_leaves=7
num_cat=0
split_feature=2 14 11 15 4 2
split_gain=2.8894 5.2928 7.37631 4.09759 5.95896 3.91427
threshold=0.97757658362388622 5.6022713184356698 367.41334533691412 5.9465200901031503 -0.093568511307239519 0.96342220902442943
decision_type=2 2 2 2 2 2
left_child=5 -2 -3 -4 -5 -1
right_child=1 2 3 4 -6 -7
leaf_value=-5.1003348625745174e-05 -0.021412254693510477 0.016130418023503974 0.0033487716329382387 -0.027690540199048076 -0.00085685198693516711 0.012440634466421905
leaf_weight=2897.1702040487435 42.209596984903328 42.169943302869797 51.830344520509243 41.182697415351868 40.734568905085325 63.099454654729925
leaf_count=21445 638 235 291 201 221 462
internal_value=-0.000190649 -0.00573079 -0.00186842 -0.00762095 -0.0145184 0.000219373
internal_weight=3178.4 218.127 175.918 133.748 81.9173 2960.27
internal_count=23493 1586 948 713 422 21907
is_linear=0
shrinkage=0.05


Tree=399
num_leaves=7
num_cat=0
split_feature=4 2 0 13 4 6
split_gain=3.32005 5.06459 7.65334 9.36059 7.93519 7.47903
threshold=-0.47299873828887934 0.96611210703849804 22.994924545288089 13.589759826660158 -0.89517807960510243 36.213203430175788
decision_type=2 2 2 2 2 2
left_child=1 2 5 4 -4 -1
right_child=-2 -3 3 -5 -6 -7
leaf_value=0.0087917585818832345 -0.00086789250446624221 -0.010596533320644147 0.0028295211404312784 -0.0052636881904320025 0.026453620324510287 -0.0070426744175194804
leaf_weight=130.00108714820817 2593.4336164731649 57.708147425204515 54.40337822958827 56.533901881426573 102.98929607868195 172.12510271661449
leaf_count=664 20319 321 257 287 478 1069
internal_value=-0.000106215 0.00333214 0.00490721 0.0121196 0.0183573 -0.000222791
internal_weight=3167.19 573.761 516.053 213.927 157.393 302.126
internal_count=23395 3076 2755 1022 735 1733
is_linear=0
shrinkage=0.05


end of trees

feature_importances:
relief_1000=339
tpi_1000=276
relief_500=215
relief_150=209
slope_std_150=170
dist_drainage=162
aspect_cos=157
roughness_90=139
tpi_500=135
profile_curvature=134
plan_curvature=125
slope=96
aspect_sin=82
twi=69
curvature=56
landcover=36

parameters:
[boosting: gbdt]
[objective: binary]
[metric: binary_logloss]
[tree_learner: serial]
[device_type: cpu]
[data_sample_strategy: bagging]
[data: ]
[valid: ]
[num_iterations: 400]
[learning_rate: 0.05]
[num_leaves: 7]
[num_threads: 1]
[seed: 26]
[deterministic: 1]
[force_col_wise: 0]
[force_row_wise: 1]
[histogram_pool_size: -1]
[max_depth: -1]
[min_data_in_leaf: 200]
[min_sum_hessian_in_leaf: 0.001]
[bagging_fraction: 0.8]
[pos_bagging_fraction: 1]
[neg_bagging_fraction: 1]
[bagging_freq: 1]
[bagging_seed: 25034]
[bagging_by_query: 0]
[feature_fraction: 0.8]
[feature_fraction_bynode: 1]
[feature_fraction_seed: 5491]
[extra_trees: 0]
[extra_seed: 15588]
[early_stopping_round: 0]
[early_stopping_min_delta: 0]
[first_metric_only: 0]
[max_delta_step: 0]
[lambda_l1: 0]
[lambda_l2: 1]
[linear_lambda: 0]
[min_gain_to_split: 0]
[drop_rate: 0.1]
[max_drop: 50]
[skip_drop: 0.5]
[xgboost_dart_mode: 0]
[uniform_drop: 0]
[drop_seed: 26954]
[top_rate: 0.2]
[other_rate: 0.1]
[min_data_per_group: 100]
[max_cat_threshold: 32]
[cat_l2: 10]
[cat_smooth: 10]
[max_cat_to_onehot: 4]
[top_k: 20]
[monotone_constraints: ]
[monotone_constraints_method: basic]
[monotone_penalty: 0]
[feature_contri: ]
[forcedsplits_filename: ]
[refit_decay_rate: 0.9]
[cegb_tradeoff: 1]
[cegb_penalty_split: 0]
[cegb_penalty_feature_lazy: ]
[cegb_penalty_feature_coupled: ]
[path_smooth: 0]
[interaction_constraints: ]
[verbosity: -1]
[saved_feature_importance_type: 0]
[use_quantized_grad: 0]
[num_grad_quant_bins: 4]
[quant_train_renew_leaf: 0]
[stochastic_rounding: 1]
[linear_tree: 0]
[max_bin: 255]
[max_bin_by_feature: ]
[min_data_in_bin: 3]
[bin_construct_sample_cnt: 200000]
[data_random_seed: 123]
[is_enable_sparse: 1]
[enable_bundle: 1]
[use_missing: 1]
[zero_as_missing: 0]
[feature_pre_filter: 1]
[pre_partition: 0]
[two_round: 0]
[header: 0]
[label_column: ]
[weight_column: ]
[group_column: ]
[ignore_column: ]
[categorical_feature: 8]
[forcedbins_filename: ]
[precise_float_parser: 0]
[parser_config_file: ]
[objective_seed: 14890]
[num_class: 1]
[is_unbalance: 0]
[scale_pos_weight: 1]
[sigmoid: 1]
[boost_from_average: 1]
[reg_sqrt: 0]
[alpha: 0.9]
[fair_c: 1]
[poisson_max_delta_step: 0.7]
[tweedie_variance_power: 1.5]
[lambdarank_truncation_level: 30]
[lambdarank_norm: 1]
[label_gain: ]
[lambdarank_position_bias_regularization: 0]
[eval_at: ]
[multi_error_top_k: 1]
[auc_mu_weights: ]
[num_machines: 1]
[local_listen_port: 12400]
[time_out: 120]
[machine_list_filename: ]
[machines: ]
[gpu_platform_id: -1]
[gpu_device_id: -1]
[gpu_device_id_list: ]
[gpu_use_dp: 0]
[num_gpu: 1]

end of parameters

pandas_categorical:[[10, 20, 30, 40, 50, 60, 70, 80, 90, 95, 100]]
