{"type": "FeatureCollection", "attribution": "© OpenStreetMap contributors (ODbL 1.0), via Overture Maps Foundation release 2026-09-23.0", "license": "ODbL-1.0", "source": "https://overturemaps-us-west-2.s3.amazonaws.com/release/2026-09-23.0/theme=transportation/type=segment/", "features": [
{"type":"Feature","properties":{"mountain_slug":"mount-rainier","name":"4th Crossing Trail","length_km":0.4,"elevation_gain_m":70,"source":"© OpenStreetMap contributors (ODbL), via Overture Maps"},"geometry":{"type":"LineString","coordinates":[[-121.726736,46.790101],[-121.726522,46.790268],[-121.725836,46.790212],[-121.72532,46.790323],[-121.724953,46.790681],[-121.7246,46.791313],[-121.724246,46.791615],[-121.723741,46.791943],[-121.723132,46.792143]]}},
{"type":"Feature","properties":{"mountain_slug":"mount-rainier","name":"Alta Vista Trail","length_km":1.32,"elevation_gain_m":161,"source":"© OpenStreetMap contributors (ODbL), via Overture Maps"},"geometry":{"type":"LineString","coordinates":[[-121.740317,46.784938],[-121.739969,46.785181],[-121.739655,46.785699],[-121.738055,46.786876],[-121.737227,46.788359],[-121.736645,46.789058],[-121.736691,46.789292],[-121.736485,46.789584],[-121.736452,46.789846],[-121.736098,46.789995],[-121.735659,46.790392],[-121.735853,46.790677],[-121.73596,46.791163],[-121.736209,46.790689],[-121.736317,46.790642],[-121.736576,46.791159],[-121.73644,46.792047],[-121.736543,46.792623],[-121.736116,46.794138]]}},
{"type":"Feature","properties":{"mountain_slug":"mount-rainier","name":"Andrew Peak Trail","length_km":1.2,"elevation_gain_m":196,"source":"© OpenStreetMap contributors (ODbL), via Overture Maps"},"geometry":{"type":"LineString","coordinates":[[-121.864076,46.824135],[-121.86335,46.824147],[-121.862932,46.824022],[-121.862701,46.824034],[-121.86232,46.824162],[-121.861371,46.824221],[-121.861017,46.824382],[-121.860362,46.824375],[-121.860062,46.824452],[-121.859949,46.824962],[-121.859574,46.825439],[-121.85967,46.825916],[-121.859343,46.826195],[-121.859166,46.827352],[-121.858581,46.827678],[-121.858378,46.828122],[-121.857321,46.828486],[-121.856741,46.82893],[-121.856135,46.828966],[-121.855475,46.828816],[-121.854193,46.828721],[-121.854016,46.828853],[-121.853828,46.829205]]}},
{"type":"Feature","properties":{"mountain_slug":"mount-rainier","name":"Avalanche Lily Trail","length_km":0.35,"elevation_gain_m":20,"source":"© OpenStreetMap contributors (ODbL), via Overture Maps"},"geometry":{"type":"LineString","coordinates":[[-121.736518,46.786502],[-121.737152,46.786138],[-121.737398,46.786089],[-121.73843,46.786191],[-121.739533,46.786009],[-121.739745,46.786042],[-121.739934,46.786197],[-121.740049,46.786515],[-121.739999,46.786706]]}},
{"type":"Feature","properties":{"mountain_slug":"mount-rainier","name":"Bench and Snow Lake Trail","length_km":1.3,"elevation_gain_m":85,"source":"© OpenStreetMap contributors (ODbL), via Overture Maps"},"geometry":{"type":"LineString","coordinates":[[-121.708154,46.76779],[-121.707865,46.767751],[-121.707372,46.767844],[-121.706618,46.767561],[-121.706389,46.76734],[-121.705895,46.767095],[-121.705488,46.766745],[-121.705845,46.766282],[-121.705788,46.76595],[-121.705887,46.765667],[-121.705432,46.765574],[-121.705203,46.765149],[-121.704752,46.7648],[-121.704135,46.7646],[-121.70359,46.764231],[-121.703289,46.764123],[-121.703149,46.763939],[-121.702628,46.763747],[-121.702205,46.763287],[-121.701829,46.763108],[-121.701617,46.762848],[-121.701393,46.762848],[-121.701327,46.762748],[-121.700466,46.76248],[-121.700119,46.762316],[-121.700042,46.762172],[-121.699771,46.76214],[-121.6995,46.76198],[-121.699412,46.761632],[-121.699721,46.761345],[-121.699827,46.761063],[-121.699757,46.760658],[-121.699525,46.760382],[-121.699553,46.760238],[-121.699376,46.76]]}},
{"type":"Feature","properties":{"mountain_slug":"mount-rainier","name":"Boundary trail","length_km":2.96,"elevation_gain_m":609,"source":"© OpenStreetMap contributors (ODbL), via Overture Maps"},"geometry":{"type":"LineString","coordinates":[[-121.919528,46.76],[-121.919704,46.760323],[-121.920514,46.760481],[-121.919564,46.760525],[-121.919038,46.760422],[-121.918668,46.760448],[-121.918153,46.760716],[-121.91582,46.761113],[-121.915208,46.76133],[-121.91325,46.761293],[-121.912183,46.761767],[-121.911839,46.761807],[-121.910085,46.761576],[-121.909495,46.761778],[-121.908739,46.761925],[-121.908073,46.761877],[-121.907226,46.761987],[-121.906528,46.76237],[-121.90596,46.762274],[-121.904458,46.762465],[-121.903921,46.762237],[-121.903503,46.762245],[-121.902248,46.762465],[-121.901668,46.762722],[-121.900488,46.762972],[-121.89993,46.763523],[-121.89992,46.76417],[-121.900113,46.764736],[-121.899641,46.765552],[-121.899734,46.766685],[-121.900016,46.76722],[-121.900095,46.767717],[-121.900595,46.768412],[-121.900953,46.768712],[-121.900996,46.768864],[-121.901025,46.769248],[-121.900853,46.769506],[-121.900864,46.770211],[-121.900971,46.770461],[-121.90051,46.771313],[-121.899909,46.771636],[-121.899737,46.772063],[-121.899025,46.772157],[-121.898975,46.772342],[-121.898597,46.77251],[-121.898539,46.772703]]}},
{"type":"Feature","properties":{"mountain_slug":"mount-rainier","name":"Burroughs Mountain Trail","length_km":5.75,"elevation_gain_m":624,"source":"© OpenStreetMap contributors (ODbL), via Overture Maps","note":"Longest of 2 OpenStreetMap pieces with this name that do not join into one line (5.8 of 7.0 km in the bbox)."},"geometry":{"type":"LineString","coordinates":[[-121.659995,46.910613],[-121.661216,46.910537],[-121.661679,46.910425],[-121.661744,46.910297],[-121.661614,46.91],[-121.661084,46.909339],[-121.660748,46.909066],[-121.659987,46.908696],[-121.659829,46.908418],[-121.660456,46.908567],[-121.660884,46.908545],[-121.661416,46.908372],[-121.66464,46.908543],[-121.665577,46.908531],[-121.665933,46.908387],[-121.666229,46.907916],[-121.66665,46.907786],[-121.667405,46.907775],[-121.667814,46.907694],[-121.669344,46.908009],[-121.670009,46.90834],[-121.671216,46.90875],[-121.671687,46.908719],[-121.672225,46.90855],[-121.672479,46.90856],[-121.673495,46.909849],[-121.674131,46.910171],[-121.676288,46.910029],[-121.67775,46.910124],[-121.679261,46.910457],[-121.679626,46.910596],[-121.679891,46.910804],[-121.681095,46.910611],[-121.682548,46.910531],[-121.682954,46.910312],[-121.684384,46.909852],[-121.685404,46.909217],[-121.687658,46.908099],[-121.688827,46.907266],[-121.689457,46.906226],[-121.689996,46.906186],[-121.690145,46.906342],[-121.690387,46.907052],[-121.690365,46.907727],[-121.693009,46.905873],[-121.695038,46.904861],[-121.695329,46.904906],[-121.696238,46.904798],[-121.698461,46.904762],[-121.699432,46.904806],[-121.700385,46.904637],[-121.70051,46.904507],[-121.702012,46.904393],[-121.702895,46.90415],[-121.703833,46.904254],[-121.704574,46.904165],[-121.704969,46.904237],[-121.705419,46.903976],[-121.705796,46.90345],[-121.706603,46.902826],[-121.707483,46.902645],[-121.707683,46.902672],[-121.70849,46.902288],[-121.708846,46.901935],[-121.709176,46.901815],[-121.709364,46.901596],[-121.709838,46.901415],[-121.710164,46.901131],[-121.710622,46.90116],[-121.711076,46.900924],[-121.712266,46.901115],[-121.71281,46.900998],[-121.713254,46.901011],[-121.713631,46.901196],[-121.71353,46.901697],[-121.713904,46.902788],[-121.713856,46.903268],[-121.713605,46.903539],[-121.713614,46.903814],[-121.713487,46.903964]]}},
{"type":"Feature","properties":{"mountain_slug":"mount-rainier","name":"Comet Falls","length_km":4.85,"elevation_gain_m":595,"source":"© OpenStreetMap contributors (ODbL), via Overture Maps"},"geometry":{"type":"LineString","coordinates":[[-121.805484,46.766593],[-121.805028,46.766886],[-121.804733,46.767253],[-121.804425,46.767423],[-121.804253,46.768172],[-121.803614,46.769109],[-121.802198,46.77034],[-121.801378,46.770718],[-121.800868,46.772052],[-121.800353,46.772629],[-121.800299,46.773011],[-121.799516,46.77379],[-121.798765,46.774881],[-121.798325,46.775164],[-121.797993,46.77559],[-121.797338,46.776079],[-121.797124,46.776343],[-121.795852,46.777306],[-121.795348,46.777868],[-121.795284,46.778063],[-121.794919,46.7784],[-121.794731,46.778867],[-121.794103,46.779539],[-121.793787,46.779672],[-121.793712,46.779844],[-121.792939,46.780439],[-121.792242,46.781196],[-121.790928,46.782357],[-121.790552,46.783121],[-121.790193,46.784814],[-121.789667,46.785722],[-121.789603,46.786148],[-121.789705,46.786408],[-121.789125,46.786882],[-121.788229,46.788289],[-121.787054,46.789035],[-121.787006,46.789464],[-121.78662,46.789861],[-121.786567,46.790215],[-121.786956,46.790733],[-121.78706,46.791084],[-121.787618,46.791664],[-121.787521,46.792171],[-121.787406,46.792268],[-121.787216,46.791982],[-121.786932,46.792463],[-121.786773,46.792077],[-121.786328,46.791675],[-121.786355,46.792285],[-121.785907,46.792929],[-121.786111,46.793161],[-121.785832,46.793218],[-121.785703,46.79331],[-121.785679,46.793464],[-121.784837,46.793504],[-121.784307,46.794177],[-121.784041,46.795161],[-121.782977,46.796426],[-121.782665,46.796344],[-121.782141,46.796607],[-121.781751,46.79671],[-121.781477,46.796635],[-121.781098,46.797037],[-121.780468,46.797358],[-121.779995,46.797498],[-121.779454,46.797814],[-121.779199,46.798071],[-121.778837,46.798055],[-121.778351,46.798236],[-121.778303,46.798343],[-121.778188,46.79835],[-121.778096,46.798232],[-121.777819,46.798501],[-121.777697,46.798334],[-121.777576,46.79833],[-121.777485,46.797986],[-121.777149,46.797953]]}},
{"type":"Feature","properties":{"mountain_slug":"mount-rainier","name":"Cowlitz Divide Trail","length_km":5.5,"elevation_gain_m":680,"source":"© OpenStreetMap contributors (ODbL), via Overture Maps"},"geometry":{"type":"LineString","coordinates":[[-121.563504,46.76],[-121.56415,46.761645],[-121.565785,46.763581],[-121.565912,46.76383],[-121.565949,46.764326],[-121.56618,46.764659],[-121.566523,46.76566],[-121.566559,46.766139],[-121.565818,46.769299],[-121.565976,46.769399],[-121.566223,46.76941],[-121.566726,46.769119],[-121.566816,46.769096],[-121.566969,46.769193],[-121.567545,46.771152],[-121.567545,46.77257],[-121.567388,46.773125],[-121.568863,46.773939],[-121.571584,46.774528],[-121.572288,46.774597],[-121.572447,46.774535],[-121.572504,46.774352],[-121.572113,46.773962],[-121.572122,46.773835],[-121.572769,46.773758],[-121.573656,46.773865],[-121.574922,46.774333],[-121.575643,46.774384],[-121.582679,46.774461],[-121.584158,46.77438],[-121.585062,46.774205],[-121.586292,46.774204],[-121.586754,46.774365],[-121.587305,46.774729],[-121.588319,46.775182],[-121.588813,46.775269],[-121.589418,46.775139],[-121.589776,46.775358],[-121.590851,46.775648],[-121.592036,46.77638],[-121.593492,46.776667],[-121.595272,46.777336],[-121.596831,46.778215],[-121.59701,46.778662],[-121.597655,46.778746],[-121.598698,46.778712],[-121.598354,46.779009],[-121.59899,46.77904],[-121.598496,46.779301],[-121.599102,46.779496],[-121.598897,46.779687],[-121.59895,46.779743],[-121.600148,46.78013],[-121.601562,46.780425],[-121.602145,46.780641],[-121.602908,46.780563],[-121.603493,46.780385],[-121.604531,46.779921],[-121.605037,46.779609],[-121.6052,46.779417],[-121.605312,46.778718],[-121.605668,46.778144],[-121.605932,46.777134],[-121.606242,46.776633]]}},
{"type":"Feature","properties":{"mountain_slug":"mount-rainier","name":"Dead Horse Creek Trail","length_km":1.2,"elevation_gain_m":140,"source":"© OpenStreetMap contributors (ODbL), via Overture Maps"},"geometry":{"type":"LineString","coordinates":[[-121.73976,46.790028],[-121.739424,46.790287],[-121.739607,46.790623],[-121.739578,46.790904],[-121.739678,46.790959],[-121.740065,46.790945],[-121.740311,46.790733],[-121.740423,46.790731],[-121.740576,46.790972],[-121.740457,46.791374],[-121.740116,46.791515],[-121.739709,46.79207],[-121.738991,46.792564],[-121.738788,46.792867],[-121.738355,46.793032],[-121.737824,46.793479],[-121.737644,46.793872],[-121.737613,46.794324],[-121.737447,46.79451],[-121.737678,46.794601],[-121.737702,46.794737],[-121.737571,46.795054],[-121.737323,46.795269],[-121.737174,46.795734],[-121.736838,46.796266],[-121.736706,46.797215],[-121.736254,46.79796],[-121.735669,46.798032],[-121.735356,46.798162]]}},
{"type":"Feature","properties":{"mountain_slug":"mount-rainier","name":"Dege Peak Trail","length_km":0.44,"elevation_gain_m":55,"source":"© OpenStreetMap contributors (ODbL), via Overture Maps"},"geometry":{"type":"LineString","coordinates":[[-121.611963,46.917627],[-121.610536,46.917342],[-121.609645,46.917308],[-121.609373,46.917368],[-121.609701,46.917557],[-121.610922,46.917964],[-121.611475,46.918288],[-121.610885,46.918339]]}},
{"type":"Feature","properties":{"mountain_slug":"mount-rainier","name":"Eastside Trail","length_km":9.79,"elevation_gain_m":477,"source":"© OpenStreetMap contributors (ODbL), via Overture Maps","note":"Longest of 3 OpenStreetMap pieces with this name that do not join into one line (9.8 of 10.1 km in the bbox)."},"geometry":{"type":"LineString","coordinates":[[-121.556716,46.76],[-121.556687,46.760858],[-121.556805,46.761668],[-121.556687,46.762036],[-121.556814,46.76234],[-121.556772,46.763108],[-121.556351,46.764638],[-121.556118,46.765092],[-121.556015,46.76623],[-121.556258,46.767651],[-121.555539,46.768962],[-121.555286,46.76925],[-121.554913,46.769468],[-121.554493,46.769896],[-121.55396,46.769941],[-121.553783,46.770031],[-121.553596,46.770197],[-121.553456,46.770549],[-121.553618,46.771109],[-121.553642,46.772084],[-121.553317,46.77273],[-121.553374,46.772919],[-121.553528,46.773214],[-121.554211,46.773604],[-121.554455,46.774044],[-121.554809,46.774387],[-121.554691,46.774679],[-121.554138,46.774946],[-121.553975,46.775119],[-121.55391,46.777017],[-121.554301,46.778003],[-121.554805,46.778733],[-121.554886,46.778983],[-121.554862,46.779818],[-121.555268,46.781015],[-121.556032,46.782174],[-121.55626,46.782697],[-121.556707,46.783204],[-121.556992,46.784094],[-121.557667,46.78518],[-121.557894,46.785425],[-121.558903,46.786132],[-121.559106,46.786572],[-121.559594,46.787184],[-121.559797,46.787786],[-121.560358,46.788281],[-121.561171,46.790553],[-121.561122,46.791354],[-121.561496,46.792646],[-121.56122,46.793531],[-121.560553,46.794316],[-121.559618,46.794622],[-121.558984,46.795735],[-121.558903,46.796197],[-121.558943,46.796637],[-121.559391,46.797427],[-121.559586,46.797611],[-121.560374,46.799231],[-121.560675,46.80011],[-121.560732,46.800761],[-121.561098,46.801318],[-121.562163,46.802097],[-121.562692,46.802776],[-121.562944,46.802893],[-121.563098,46.802787],[-121.56309,46.802682],[-121.563375,46.802565],[-121.563611,46.802559],[-121.563895,46.802671],[-121.564529,46.803116],[-121.565229,46.803472],[-121.565725,46.804023],[-121.566027,46.804148],[-121.566182,46.804416],[-121.566031,46.804626],[-121.565694,46.80483],[-121.565107,46.804948],[-121.564462,46.804762],[-121.564156,46.804463],[-121.56347,46.804392],[-121.562559,46.804766],[-121.562357,46.805064],[-121.561258,46.805516],[-121.560872,46.806418],[-121.560589,46.806764],[-121.560687,46.808437],[-121.560563,46.808725],[-121.560064,46.809283],[-121.560168,46.809645],[-121.559894,46.81077],[-121.560083,46.811654],[-121.560415,46.812446],[-121.560361,46.812892],[-121.560469,46.813743],[-121.560317,46.814196],[-121.559989,46.814336],[-121.559735,46.81502],[-121.559487,46.815172],[-121.559044,46.81572],[-121.557417,46.816653],[-121.55705,46.816758],[-121.556687,46.817231],[-121.55613,46.817671],[-121.55548,46.818077],[-121.555138,46.818109],[-121.554702,46.81828],[-121.55459,46.818622],[-121.554255,46.819058],[-121.553554,46.819343],[-121.552838,46.81983],[-121.552614,46.820089],[-121.552508,46.82102],[-121.551468,46.821599],[-121.551379,46.821882],[-121.550656,46.822089],[-121.550248,46.82246],[-121.549723,46.823281],[-121.549532,46.823975],[-121.549316,46.824365],[-121.548374,46.825236],[-121.548058,46.825417],[-121.547063,46.8267],[-121.546718,46.826783],[-121.546351,46.826544],[-121.54619,46.826306],[-121.545846,46.826184],[-121.545187,46.826221],[-121.544881,46.82632],[-121.543411,46.82802],[-121.5426,46.82855],[-121.541925,46.829172],[-121.54164,46.829895],[-121.540879,46.830457],[-121.54,46.831385]]}},
{"type":"Feature","properties":{"mountain_slug":"mount-rainier","name":"Emmons Moraine Trail","length_km":1.63,"elevation_gain_m":142,"source":"© OpenStreetMap contributors (ODbL), via Overture Maps"},"geometry":{"type":"LineString","coordinates":[[-121.665297,46.900082],[-121.66525,46.899871],[-121.66537,46.899821],[-121.665305,46.899741],[-121.664898,46.899638],[-121.664821,46.899513],[-121.664658,46.899459],[-121.664923,46.899379],[-121.664663,46.899353],[-121.664826,46.89929],[-121.665349,46.899167],[-121.665509,46.89922],[-121.665947,46.899045],[-121.667146,46.899064],[-121.667658,46.898876],[-121.668956,46.898664],[-121.670009,46.898287],[-121.670591,46.898198],[-121.672404,46.897474],[-121.673079,46.896902],[-121.673437,46.896963],[-121.675187,46.896094],[-121.675596,46.89598],[-121.67582,46.895699],[-121.676118,46.895538],[-121.677191,46.895346],[-121.677515,46.895384],[-121.678158,46.895111],[-121.678417,46.894939],[-121.67862,46.894455],[-121.678781,46.893102],[-121.678639,46.892884],[-121.678761,46.892751]]}},
{"type":"Feature","properties":{"mountain_slug":"mount-rainier","name":"Fay Peak Trail","length_km":1.09,"elevation_gain_m":310,"source":"© OpenStreetMap contributors (ODbL), via Overture Maps"},"geometry":{"type":"LineString","coordinates":[[-121.85422,46.935543],[-121.853987,46.935267],[-121.853939,46.93494],[-121.853587,46.934217],[-121.853946,46.933891],[-121.854279,46.93298],[-121.854214,46.932819],[-121.854802,46.932283],[-121.854764,46.932145],[-121.854531,46.932052],[-121.854531,46.931948],[-121.855027,46.93129],[-121.854252,46.931017],[-121.854097,46.930884],[-121.853873,46.930907],[-121.853328,46.931134],[-121.853152,46.931129],[-121.852568,46.93133],[-121.851967,46.931301],[-121.851355,46.931459],[-121.850883,46.931733],[-121.850562,46.931796],[-121.85047,46.93192],[-121.850111,46.931946],[-121.84987,46.93207],[-121.84951,46.932078],[-121.849054,46.932196],[-121.848638,46.932144]]}},
{"type":"Feature","properties":{"mountain_slug":"mount-rainier","name":"First Mother Mountain Trail","length_km":0.48,"elevation_gain_m":76,"source":"© OpenStreetMap contributors (ODbL), via Overture Maps"},"geometry":{"type":"LineString","coordinates":[[-121.842874,46.934922],[-121.84288,46.935444],[-121.842711,46.9356],[-121.842713,46.935807],[-121.842834,46.935939],[-121.842783,46.936109],[-121.842909,46.936536],[-121.843083,46.9367],[-121.843179,46.937035],[-121.843228,46.93779],[-121.843188,46.937911],[-121.842869,46.938056],[-121.84281,46.93833],[-121.842691,46.938403],[-121.842375,46.938374],[-121.842058,46.938472]]}},
{"type":"Feature","properties":{"mountain_slug":"mount-rainier","name":"Glacier Basin Trail","length_km":8.4,"elevation_gain_m":1558,"source":"© OpenStreetMap contributors (ODbL), via Overture Maps"},"geometry":{"type":"LineString","coordinates":[[-121.644889,46.901988],[-121.647898,46.901142],[-121.648323,46.901083],[-121.649356,46.901242],[-121.649956,46.901204],[-121.65085,46.901547],[-121.653115,46.90117],[-121.654044,46.901164],[-121.656714,46.900823],[-121.657645,46.90082],[-121.658954,46.900654],[-121.658258,46.900968],[-121.660247,46.900729],[-121.662631,46.900568],[-121.663295,46.900483],[-121.663838,46.90026],[-121.664643,46.900219],[-121.666172,46.899979],[-121.668047,46.899871],[-121.667296,46.900246],[-121.667516,46.900298],[-121.668354,46.900141],[-121.66876,46.900175],[-121.669254,46.900087],[-121.66953,46.900125],[-121.670386,46.900055],[-121.671678,46.899363],[-121.672389,46.899106],[-121.672816,46.899108],[-121.673154,46.898813],[-121.673744,46.898505],[-121.674122,46.89845],[-121.674446,46.89828],[-121.674817,46.897911],[-121.676214,46.897433],[-121.676595,46.897209],[-121.677225,46.897052],[-121.678016,46.897104],[-121.67807,46.897],[-121.678309,46.896931],[-121.678663,46.896916],[-121.680275,46.896527],[-121.68149,46.896634],[-121.682582,46.896934],[-121.683231,46.896997],[-121.683908,46.896868],[-121.684212,46.896962],[-121.68441,46.896947],[-121.684601,46.896612],[-121.685321,46.89648],[-121.686284,46.896172],[-121.686521,46.896115],[-121.687164,46.896178],[-121.687874,46.896038],[-121.688152,46.895907],[-121.689115,46.895813],[-121.690234,46.895513],[-121.691264,46.89512],[-121.691608,46.894846],[-121.692367,46.894468],[-121.692764,46.894323],[-121.693734,46.894185],[-121.694405,46.893895],[-121.694732,46.893426],[-121.69474,46.893142],[-121.695034,46.89351],[-121.69588,46.893298],[-121.696521,46.892968],[-121.696966,46.892447],[-121.697803,46.89213],[-121.698154,46.891621],[-121.698345,46.890867],[-121.699509,46.889777],[-121.699893,46.889699],[-121.700248,46.889022],[-121.700436,46.888881],[-121.700776,46.888932],[-121.701086,46.888844],[-121.703366,46.88876],[-121.703711,46.888578],[-121.704279,46.888455],[-121.704484,46.888257],[-121.704828,46.888175],[-121.704951,46.888047],[-121.705366,46.888063],[-121.705808,46.88796],[-121.7062,46.887988],[-121.7066,46.888168],[-121.707971,46.888155],[-121.708129,46.888079],[-121.708529,46.888073],[-121.708906,46.88814],[-121.709893,46.888057],[-121.712539,46.888634],[-121.712983,46.888921],[-121.713948,46.888527],[-121.715223,46.888383],[-121.715668,46.88822],[-121.7158,46.887891],[-121.716671,46.88746],[-121.717422,46.886712],[-121.71775,46.886522],[-121.717921,46.88543],[-121.71849,46.884438],[-121.719842,46.883066],[-121.720449,46.882247],[-121.720523,46.881301],[-121.721244,46.880849],[-121.721561,46.880503],[-121.723452,46.878237],[-121.72602,46.874851],[-121.726427,46.873599],[-121.726397,46.873254],[-121.726115,46.872983]]}},
{"type":"Feature","properties":{"mountain_slug":"mount-rainier","name":"Glacier Vista Trail","length_km":0.33,"elevation_gain_m":36,"source":"© OpenStreetMap contributors (ODbL), via Overture Maps"},"geometry":{"type":"LineString","coordinates":[[-121.73484,46.799974],[-121.735046,46.79996],[-121.735352,46.799767],[-121.735497,46.799811],[-121.73564,46.800627],[-121.735543,46.801293],[-121.735382,46.80157],[-121.735108,46.801632],[-121.734854,46.801494],[-121.734675,46.801555]]}},
{"type":"Feature","properties":{"mountain_slug":"mount-rainier","name":"Gobbler's Knob Trail","length_km":2.27,"elevation_gain_m":332,"source":"© OpenStreetMap contributors (ODbL), via Overture Maps"},"geometry":{"type":"LineString","coordinates":[[-121.903311,46.792721],[-121.903598,46.79273],[-121.903775,46.792908],[-121.904266,46.794164],[-121.905269,46.793749],[-121.905405,46.794244],[-121.905344,46.794603],[-121.905637,46.795028],[-121.905978,46.794552],[-121.906076,46.793853],[-121.906328,46.793376],[-121.90682,46.793675],[-121.907308,46.793753],[-121.90793,46.794109],[-121.908245,46.794106],[-121.908493,46.794408],[-121.90941,46.794292],[-121.909579,46.794117],[-121.909819,46.793414],[-121.910095,46.793783],[-121.910248,46.7935],[-121.910162,46.792905],[-121.910571,46.792648],[-121.910748,46.791994],[-121.911582,46.7916],[-121.911736,46.791616],[-121.912019,46.792002],[-121.912318,46.792783],[-121.91246,46.792705],[-121.912539,46.792789],[-121.912775,46.792624],[-121.912965,46.792031],[-121.913184,46.792288],[-121.913366,46.792751],[-121.913217,46.793267],[-121.913945,46.792902],[-121.913524,46.793647],[-121.913549,46.794066],[-121.914369,46.793567],[-121.914252,46.793902],[-121.914601,46.793773],[-121.91434,46.794022],[-121.914534,46.794048],[-121.914387,46.794423],[-121.914322,46.794323],[-121.914255,46.794404],[-121.914206,46.79428]]}},
{"type":"Feature","properties":{"mountain_slug":"mount-rainier","name":"Golden Gate Trail","length_km":1.53,"elevation_gain_m":241,"source":"© OpenStreetMap contributors (ODbL), via Overture Maps"},"geometry":{"type":"LineString","coordinates":[[-121.732326,46.79201],[-121.732316,46.792478],[-121.731596,46.793065],[-121.731509,46.793269],[-121.729543,46.794569],[-121.728793,46.795286],[-121.728226,46.795616],[-121.727622,46.796221],[-121.727145,46.796988],[-121.726957,46.797056],[-121.726627,46.79738],[-121.726593,46.797616],[-121.726412,46.797682],[-121.725509,46.79843],[-121.725754,46.798905],[-121.725271,46.798724],[-121.725496,46.799004],[-121.72556,46.799439],[-121.725024,46.799117],[-121.725454,46.799855],[-121.725096,46.799624],[-121.724398,46.799353],[-121.724074,46.799085],[-121.723878,46.798743],[-121.723789,46.798854],[-121.723751,46.79879],[-121.723708,46.798857],[-121.723633,46.7988],[-121.72317,46.798793],[-121.722734,46.798892]]}},
{"type":"Feature","properties":{"mountain_slug":"mount-rainier","name":"Grindstone Trail","length_km":1.32,"elevation_gain_m":172,"source":"© OpenStreetMap contributors (ODbL), via Overture Maps"},"geometry":{"type":"LineString","coordinates":[[-121.873855,46.945628],[-121.873715,46.945571],[-121.873726,46.945473],[-121.874124,46.945204],[-121.874124,46.944962],[-121.873798,46.944769],[-121.873475,46.944744],[-121.873329,46.944642],[-121.873006,46.944138],[-121.873092,46.943622],[-121.873454,46.943143],[-121.873522,46.942894],[-121.873697,46.94276],[-121.873726,46.942591],[-121.873923,46.942444],[-121.874152,46.94174],[-121.872788,46.940841],[-121.872037,46.940096],[-121.871879,46.940063],[-121.871263,46.940237],[-121.871048,46.940027],[-121.870962,46.939782],[-121.870937,46.939633],[-121.871191,46.939401],[-121.871094,46.938511],[-121.871571,46.938279],[-121.871402,46.938058],[-121.871398,46.937614],[-121.871892,46.937274],[-121.872031,46.937002],[-121.871933,46.936752],[-121.872245,46.936412]]}},
{"type":"Feature","properties":{"mountain_slug":"mount-rainier","name":"Grove of the Patriarchs","length_km":0.48,"elevation_gain_m":26,"source":"© OpenStreetMap contributors (ODbL), via Overture Maps"},"geometry":{"type":"LineString","coordinates":[[-121.554452,46.762979],[-121.554034,46.763028],[-121.553852,46.76297],[-121.553733,46.762637],[-121.55337,46.762228],[-121.553439,46.762202],[-121.553636,46.762356],[-121.554285,46.76248],[-121.554264,46.762784],[-121.554452,46.762979],[-121.554672,46.763024],[-121.554947,46.763036],[-121.555329,46.762829],[-121.555558,46.762823],[-121.55617,46.763019],[-121.556778,46.762791]]}},
{"type":"Feature","properties":{"mountain_slug":"mount-rainier","name":"Hidden Lake spur","length_km":0.81,"elevation_gain_m":100,"source":"© OpenStreetMap contributors (ODbL), via Overture Maps"},"geometry":{"type":"LineString","coordinates":[[-121.595338,46.939171],[-121.595696,46.939491],[-121.59575,46.940266],[-121.59553,46.94048],[-121.595356,46.940891],[-121.59485,46.941396],[-121.59476,46.941642],[-121.595596,46.941383],[-121.596116,46.941425],[-121.596352,46.941555],[-121.596675,46.941266],[-121.597916,46.94105],[-121.598439,46.940808],[-121.598611,46.940845],[-121.598726,46.941495],[-121.599406,46.941371],[-121.599748,46.941099]]}},
{"type":"Feature","properties":{"mountain_slug":"mount-rainier","name":"High Lakes Trail","length_km":1.76,"elevation_gain_m":90,"source":"© OpenStreetMap contributors (ODbL), via Overture Maps"},"geometry":{"type":"LineString","coordinates":[[-121.737036,46.77473],[-121.736631,46.774886],[-121.735332,46.774905],[-121.734993,46.775105],[-121.734405,46.774837],[-121.734235,46.775016],[-121.733467,46.775361],[-121.732717,46.775186],[-121.732552,46.775206],[-121.731833,46.775789],[-121.731149,46.776116],[-121.730935,46.776412],[-121.729077,46.777799],[-121.728873,46.777903],[-121.728152,46.778015],[-121.727442,46.778031],[-121.727285,46.777699],[-121.726662,46.77748],[-121.726289,46.777075],[-121.725061,46.776729],[-121.724791,46.776043],[-121.724336,46.775659],[-121.723872,46.775617],[-121.723195,46.775936],[-121.722872,46.775833],[-121.722766,46.775938],[-121.722816,46.776341],[-121.720891,46.775287],[-121.720723,46.775309],[-121.720157,46.775696]]}},
{"type":"Feature","properties":{"mountain_slug":"mount-rainier","name":"Huckleberry Creek Trail","length_km":7.17,"elevation_gain_m":923,"source":"© OpenStreetMap contributors (ODbL), via Overture Maps"},"geometry":{"type":"LineString","coordinates":[[-121.650226,46.96],[-121.650155,46.959612],[-121.649661,46.95914],[-121.64968,46.958722],[-121.649876,46.958389],[-121.649924,46.95807],[-121.649868,46.95709],[-121.649321,46.956153],[-121.649417,46.955907],[-121.648982,46.954962],[-121.648972,46.95384],[-121.648827,46.953306],[-121.648419,46.952742],[-121.647842,46.952197],[-121.647351,46.951445],[-121.647399,46.950453],[-121.64727,46.950066],[-121.647538,46.949537],[-121.647501,46.949213],[-121.647241,46.948713],[-121.646334,46.947768],[-121.64592,46.947648],[-121.645598,46.947417],[-121.645297,46.946959],[-121.645185,46.946593],[-121.644992,46.946553],[-121.644896,46.946942],[-121.644668,46.946951],[-121.644461,46.947084],[-121.64408,46.947],[-121.64338,46.946347],[-121.643342,46.945924],[-121.642106,46.945057],[-121.64195,46.945117],[-121.641928,46.945238],[-121.641282,46.944642],[-121.641242,46.944355],[-121.640455,46.943395],[-121.640611,46.943322],[-121.640335,46.943034],[-121.640541,46.942776],[-121.64093,46.942538],[-121.641324,46.942473],[-121.642161,46.942145],[-121.642296,46.942019],[-121.642328,46.94168],[-121.64218,46.941422],[-121.642454,46.941304],[-121.642583,46.941343],[-121.642248,46.94094],[-121.642234,46.940847],[-121.642572,46.940625],[-121.642295,46.939925],[-121.641534,46.939289],[-121.641381,46.939023],[-121.642081,46.938814],[-121.642197,46.938431],[-121.642156,46.938099],[-121.642285,46.937906],[-121.642644,46.937798],[-121.642393,46.937484],[-121.642669,46.937443],[-121.642803,46.937034],[-121.643678,46.936105],[-121.643884,46.935964],[-121.644209,46.936011],[-121.644681,46.935905],[-121.645127,46.935114],[-121.645945,46.934749],[-121.646324,46.934674],[-121.647373,46.934264],[-121.64763,46.934258],[-121.648637,46.933974],[-121.648988,46.93348],[-121.649519,46.933246],[-121.64974,46.932675],[-121.650355,46.932272],[-121.651349,46.93198],[-121.651724,46.932212],[-121.652142,46.932341],[-121.654361,46.931494],[-121.655258,46.930211],[-121.655262,46.929777],[-121.655566,46.929346],[-121.655884,46.929119],[-121.656791,46.928822],[-121.657474,46.928779],[-121.657779,46.928946],[-121.658152,46.928533],[-121.658262,46.92826],[-121.658526,46.928437],[-121.658399,46.929297],[-121.658461,46.92942],[-121.658864,46.929307],[-121.659697,46.929273],[-121.660132,46.929404],[-121.660466,46.929682],[-121.660454,46.929314],[-121.660148,46.929058],[-121.660035,46.9288],[-121.660156,46.928676],[-121.660176,46.928398],[-121.660027,46.927945],[-121.660104,46.927392],[-121.660047,46.926628],[-121.659492,46.926153],[-121.659299,46.925812],[-121.658856,46.925477],[-121.657846,46.925336],[-121.657318,46.925053],[-121.656779,46.923775],[-121.657034,46.922735],[-121.656615,46.923168],[-121.6567,46.922963],[-121.656415,46.923089],[-121.656738,46.922164],[-121.657042,46.921894],[-121.657134,46.921658],[-121.657115,46.921261],[-121.656977,46.921161],[-121.656324,46.921304],[-121.656646,46.921108],[-121.656769,46.920917],[-121.657365,46.920738],[-121.656147,46.920672],[-121.65685,46.920352],[-121.656277,46.920278],[-121.654758,46.919448],[-121.653612,46.919126]]}},
{"type":"Feature","properties":{"mountain_slug":"mount-rainier","name":"Kautz Creek Trail","length_km":4.82,"elevation_gain_m":621,"source":"© OpenStreetMap contributors (ODbL), via Overture Maps"},"geometry":{"type":"LineString","coordinates":[[-121.852491,46.76],[-121.852315,46.760407],[-121.851869,46.760732],[-121.851988,46.7608],[-121.851199,46.761377],[-121.851059,46.761943],[-121.851072,46.762402],[-121.850695,46.762818],[-121.850768,46.763841],[-121.851167,46.764596],[-121.851617,46.76489],[-121.853194,46.766382],[-121.853699,46.76697],[-121.854128,46.76697],[-121.854246,46.767102],[-121.854117,46.767492],[-121.854297,46.768164],[-121.854149,46.768528],[-121.854181,46.768741],[-121.85489,46.769446],[-121.85489,46.769696],[-121.854793,46.769843],[-121.854482,46.770005],[-121.853827,46.769806],[-121.853634,46.770027],[-121.85343,46.770115],[-121.853441,46.770225],[-121.85327,46.770306],[-121.853248,46.770424],[-121.852958,46.770336],[-121.85284,46.770431],[-121.8524,46.770497],[-121.851832,46.770497],[-121.851574,46.770813],[-121.851531,46.771284],[-121.851304,46.771784],[-121.851615,46.772912],[-121.851238,46.773064],[-121.851348,46.773937],[-121.851088,46.774299],[-121.851246,46.774537],[-121.85113,46.775221],[-121.85097,46.775579],[-121.850288,46.776407],[-121.850295,46.776686],[-121.850578,46.777627],[-121.850374,46.777924],[-121.850734,46.778101],[-121.85115,46.777915],[-121.851261,46.777773],[-121.851231,46.778253],[-121.850927,46.778641],[-121.85108,46.778806],[-121.850883,46.778971],[-121.85103,46.779089],[-121.851344,46.779115],[-121.85148,46.7792],[-121.85178,46.779993],[-121.851778,46.780244],[-121.852205,46.78086],[-121.851438,46.781732],[-121.851414,46.78201],[-121.851191,46.782309],[-121.851196,46.782488],[-121.851485,46.782776],[-121.851683,46.784216],[-121.851297,46.784432],[-121.85127,46.784568],[-121.851111,46.784506],[-121.850712,46.784541],[-121.850845,46.784771],[-121.850766,46.784879],[-121.850582,46.784945],[-121.850384,46.785164],[-121.849897,46.785389],[-121.849706,46.785613],[-121.849794,46.785726],[-121.849205,46.78585],[-121.848745,46.786074],[-121.848486,46.786501],[-121.848519,46.786804],[-121.848411,46.78707],[-121.847743,46.787617],[-121.84642,46.788202],[-121.846011,46.788253],[-121.845683,46.788449],[-121.845015,46.78862],[-121.844857,46.788868],[-121.844852,46.789073],[-121.844326,46.78936],[-121.844169,46.789576],[-121.843701,46.789772],[-121.843374,46.790079],[-121.8432,46.790107],[-121.842826,46.790561],[-121.842887,46.790961],[-121.842602,46.791529],[-121.841594,46.792494],[-121.841525,46.792656],[-121.841264,46.79282],[-121.840737,46.793474]]}},
{"type":"Feature","properties":{"mountain_slug":"mount-rainier","name":"Knapsack Pass Trail","length_km":2.28,"elevation_gain_m":387,"source":"© OpenStreetMap contributors (ODbL), via Overture Maps"},"geometry":{"type":"LineString","coordinates":[[-121.863275,46.933773],[-121.86331,46.934051],[-121.863042,46.934303],[-121.862928,46.934297],[-121.862524,46.934678],[-121.862231,46.93471],[-121.861738,46.934943],[-121.861214,46.934845],[-121.860985,46.934673],[-121.860667,46.93458],[-121.8604,46.934661],[-121.860286,46.934516],[-121.860373,46.934334],[-121.860285,46.934258],[-121.85922,46.934393],[-121.859086,46.934232],[-121.858638,46.934264],[-121.858546,46.934124],[-121.858319,46.934173],[-121.858018,46.934455],[-121.857696,46.934424],[-121.8575,46.934536],[-121.856999,46.934572],[-121.856666,46.934907],[-121.856658,46.935142],[-121.856379,46.935272],[-121.855998,46.935321],[-121.855628,46.935572],[-121.854612,46.935909],[-121.854268,46.935902],[-121.85422,46.935543],[-121.85374,46.935673],[-121.853287,46.935424],[-121.852372,46.935371],[-121.85172,46.935737],[-121.85246,46.93625],[-121.852589,46.93644],[-121.8526,46.936558],[-121.852503,46.936605],[-121.851715,46.936422],[-121.85146,46.936446],[-121.851079,46.936314],[-121.850787,46.936358],[-121.850387,46.936122],[-121.85013,46.936089],[-121.849687,46.935887],[-121.849467,46.935825],[-121.849143,46.935896],[-121.848896,46.935715],[-121.847254,46.935345],[-121.846938,46.935061],[-121.846721,46.935006],[-121.84594,46.935149],[-121.845787,46.935349],[-121.845602,46.935314],[-121.845339,46.935116],[-121.844969,46.935113],[-121.844795,46.935014],[-121.844028,46.934935],[-121.843958,46.934851],[-121.843754,46.934933],[-121.843596,46.934812],[-121.843545,46.934624],[-121.84341,46.934675],[-121.843336,46.935023],[-121.843202,46.935114],[-121.843073,46.9351],[-121.842874,46.934922]]}},
{"type":"Feature","properties":{"mountain_slug":"mount-rainier","name":"Lake Eleanor Trail","length_km":0.26,"elevation_gain_m":11,"source":"© OpenStreetMap contributors (ODbL), via Overture Maps"},"geometry":{"type":"LineString","coordinates":[[-121.685268,46.96],[-121.687381,46.958157]]}},
{"type":"Feature","properties":{"mountain_slug":"mount-rainier","name":"Lake George Trail","length_km":1.32,"elevation_gain_m":144,"source":"© OpenStreetMap contributors (ODbL), via Overture Maps"},"geometry":{"type":"LineString","coordinates":[[-121.898108,46.800928],[-121.898464,46.801061],[-121.898583,46.801308],[-121.898886,46.801332],[-121.899937,46.80101],[-121.900598,46.801118],[-121.901318,46.801059],[-121.901555,46.800996],[-121.902143,46.800612],[-121.90287,46.79907],[-121.902757,46.797686],[-121.902916,46.797605],[-121.902929,46.797126],[-121.903114,46.796791],[-121.902903,46.796452],[-121.902533,46.796122],[-121.902447,46.795557],[-121.902506,46.794969],[-121.902117,46.794341],[-121.902169,46.794169],[-121.902658,46.793943],[-121.90279,46.793106],[-121.903002,46.79288],[-121.903311,46.792721]]}},
{"type":"Feature","properties":{"mountain_slug":"mount-rainier","name":"Lower Lakes Trail","length_km":2.26,"elevation_gain_m":235,"source":"© OpenStreetMap contributors (ODbL), via Overture Maps"},"geometry":{"type":"LineString","coordinates":[[-121.733413,46.769865],[-121.733671,46.770282],[-121.734247,46.770756],[-121.734739,46.771021],[-121.735574,46.771209],[-121.735872,46.771883],[-121.736274,46.772386],[-121.736607,46.772672],[-121.737075,46.772877],[-121.737243,46.773379],[-121.736835,46.774453],[-121.737076,46.77477],[-121.737341,46.774978],[-121.738457,46.775192],[-121.739353,46.775457],[-121.739481,46.775574],[-121.738887,46.775979],[-121.737105,46.776642],[-121.736497,46.776791],[-121.735927,46.777476],[-121.735852,46.777769],[-121.736073,46.77797],[-121.736234,46.778611],[-121.735382,46.779071],[-121.734454,46.780827],[-121.734406,46.781493],[-121.734226,46.781549],[-121.734495,46.781861],[-121.734579,46.782421],[-121.734767,46.782797],[-121.734709,46.783966],[-121.734044,46.784882],[-121.733383,46.785443],[-121.733459,46.785563]]}},
{"type":"Feature","properties":{"mountain_slug":"mount-rainier","name":"Mazama Ridge Trail","length_km":2.95,"elevation_gain_m":293,"source":"© OpenStreetMap contributors (ODbL), via Overture Maps"},"geometry":{"type":"LineString","coordinates":[[-121.723093,46.770151],[-121.723577,46.770886],[-121.723435,46.771363],[-121.723709,46.771792],[-121.723668,46.771983],[-121.723252,46.77243],[-121.723475,46.772906],[-121.72332,46.773332],[-121.723485,46.773438],[-121.723405,46.773496],[-121.722821,46.773493],[-121.72293,46.773863],[-121.722591,46.77397],[-121.721742,46.773921],[-121.719985,46.774271],[-121.719477,46.774269],[-121.718957,46.774127],[-121.719104,46.774517],[-121.719396,46.774816],[-121.719786,46.774805],[-121.71962,46.775148],[-121.720157,46.775696],[-121.720124,46.776169],[-121.720293,46.776464],[-121.720376,46.776503],[-121.720717,46.776425],[-121.721232,46.776551],[-121.721589,46.776548],[-121.721583,46.776799],[-121.721782,46.777323],[-121.721641,46.777807],[-121.721649,46.778346],[-121.721258,46.779041],[-121.721076,46.779123],[-121.720053,46.7792],[-121.719747,46.779291],[-121.719225,46.779793],[-121.719089,46.780112],[-121.719507,46.781216],[-121.719608,46.78206],[-121.719822,46.782616],[-121.719779,46.783412],[-121.720123,46.78396],[-121.720086,46.784312],[-121.72021,46.784777],[-121.719795,46.785495],[-121.719701,46.785934],[-121.719752,46.786381],[-121.719397,46.78665],[-121.719305,46.786858],[-121.719329,46.787613],[-121.719978,46.788184],[-121.720205,46.789474],[-121.719568,46.789904],[-121.719408,46.790177]]}},
{"type":"Feature","properties":{"mountain_slug":"mount-rainier","name":"Mildred Point Trail","length_km":0.73,"elevation_gain_m":150,"source":"© OpenStreetMap contributors (ODbL), via Overture Maps"},"geometry":{"type":"LineString","coordinates":[[-121.784041,46.795161],[-121.784143,46.795072],[-121.784265,46.79532],[-121.784804,46.795555],[-121.785047,46.796433],[-121.784801,46.796734],[-121.784375,46.79803],[-121.784322,46.798613],[-121.784239,46.798677],[-121.783962,46.798658],[-121.783335,46.799171],[-121.783377,46.799554],[-121.78362,46.799828],[-121.783115,46.800634]]}},
{"type":"Feature","properties":{"mountain_slug":"mount-rainier","name":"Moraine Trail","length_km":0.79,"elevation_gain_m":58,"source":"© OpenStreetMap contributors (ODbL), via Overture Maps"},"geometry":{"type":"LineString","coordinates":[[-121.739116,46.798266],[-121.739014,46.798247],[-121.738928,46.798087],[-121.738976,46.796791],[-121.739212,46.795939],[-121.739585,46.795153],[-121.739981,46.794605],[-121.740231,46.793675],[-121.740163,46.793302],[-121.739959,46.793439],[-121.739978,46.792748],[-121.739342,46.792735],[-121.739161,46.79284],[-121.738686,46.792931]]}},
{"type":"Feature","properties":{"mountain_slug":"mount-rainier","name":"Mount Fremont Lookout Trail","length_km":2.11,"elevation_gain_m":160,"source":"© OpenStreetMap contributors (ODbL), via Overture Maps"},"geometry":{"type":"LineString","coordinates":[[-121.668579,46.917565],[-121.669096,46.918418],[-121.669012,46.918914],[-121.668514,46.920158],[-121.668383,46.920951],[-121.668682,46.921426],[-121.669687,46.922077],[-121.674284,46.924539],[-121.674639,46.924851],[-121.674199,46.925781],[-121.674084,46.926353],[-121.674417,46.927964],[-121.674347,46.928916],[-121.67453,46.929453],[-121.674562,46.930132],[-121.674794,46.930525],[-121.674783,46.931375],[-121.675014,46.932231],[-121.675064,46.932862],[-121.675204,46.933072],[-121.675297,46.933714],[-121.675706,46.934021]]}},
{"type":"Feature","properties":{"mountain_slug":"mount-rainier","name":"Mystic Cabin Spur","length_km":0.32,"elevation_gain_m":30,"source":"© OpenStreetMap contributors (ODbL), via Overture Maps"},"geometry":{"type":"LineString","coordinates":[[-121.752492,46.913898],[-121.75274,46.91393],[-121.752845,46.914067],[-121.753231,46.91422],[-121.753446,46.914203],[-121.753872,46.914447],[-121.754017,46.914967],[-121.754956,46.915118],[-121.75566,46.914946]]}},
{"type":"Feature","properties":{"mountain_slug":"mount-rainier","name":"Narada Falls Trail","length_km":0.72,"elevation_gain_m":80,"source":"© OpenStreetMap contributors (ODbL), via Overture Maps","note":"Longest of 2 OpenStreetMap pieces with this name that do not join into one line (0.7 of 1.0 km in the bbox)."},"geometry":{"type":"LineString","coordinates":[[-121.745567,46.775377],[-121.745548,46.775546],[-121.745143,46.776133],[-121.744762,46.776399],[-121.744249,46.776625],[-121.743716,46.776758],[-121.743367,46.776739],[-121.742578,46.777004],[-121.74241,46.777301],[-121.74257,46.777577],[-121.742345,46.777798],[-121.7422,46.777676],[-121.741953,46.777658],[-121.741106,46.778012],[-121.740615,46.777994],[-121.740465,46.778101],[-121.740081,46.778141],[-121.739639,46.778338],[-121.739379,46.778378],[-121.738955,46.778317]]}},
{"type":"Feature","properties":{"mountain_slug":"mount-rainier","name":"Natural Bridge Trail","length_km":0.73,"elevation_gain_m":42,"source":"© OpenStreetMap contributors (ODbL), via Overture Maps"},"geometry":{"type":"LineString","coordinates":[[-121.743312,46.96],[-121.743345,46.959633],[-121.743656,46.958954],[-121.743704,46.958271],[-121.744827,46.957208],[-121.745426,46.957218],[-121.745595,46.957094],[-121.746338,46.957189],[-121.746462,46.957096],[-121.746768,46.95708],[-121.748294,46.95634],[-121.748862,46.956172],[-121.748982,46.955928]]}},
{"type":"Feature","properties":{"mountain_slug":"mount-rainier","name":"Nisqually Vista Trail","length_km":0.92,"elevation_gain_m":39,"source":"© OpenStreetMap contributors (ODbL), via Overture Maps","note":"Longest of 2 OpenStreetMap pieces with this name that do not join into one line (0.9 of 1.3 km in the bbox)."},"geometry":{"type":"LineString","coordinates":[[-121.744141,46.786674],[-121.744268,46.786728],[-121.744847,46.786595],[-121.745393,46.786645],[-121.745854,46.786506],[-121.745818,46.786438],[-121.74547,46.786399],[-121.745222,46.786186],[-121.745857,46.786332],[-121.747749,46.78633],[-121.748005,46.786529],[-121.747777,46.78673],[-121.747886,46.786864],[-121.747448,46.78694],[-121.747103,46.786875],[-121.746495,46.787141],[-121.746232,46.787148],[-121.746036,46.787378],[-121.745853,46.787407],[-121.745634,46.787341],[-121.744164,46.787679],[-121.743952,46.787594],[-121.743916,46.787459],[-121.744141,46.786674]]}},
{"type":"Feature","properties":{"mountain_slug":"mount-rainier","name":"North Puyallup Trail","length_km":4.34,"elevation_gain_m":344,"source":"© OpenStreetMap contributors (ODbL), via Overture Maps"},"geometry":{"type":"LineString","coordinates":[[-121.869632,46.846206],[-121.870534,46.845921],[-121.87063,46.845692],[-121.870379,46.844754],[-121.870443,46.84423],[-121.870703,46.844044],[-121.871119,46.843907],[-121.873038,46.843495],[-121.873673,46.843402],[-121.874927,46.843355],[-121.876348,46.843484],[-121.877103,46.843462],[-121.877639,46.843212],[-121.878042,46.843203],[-121.878854,46.84293],[-121.880584,46.842617],[-121.8819,46.842576],[-121.883145,46.842643],[-121.885036,46.842315],[-121.88761,46.842047],[-121.88932,46.841681],[-121.890419,46.841574],[-121.89152,46.841322],[-121.891996,46.841273],[-121.892781,46.841379],[-121.893611,46.841182],[-121.894381,46.84138],[-121.895735,46.841558],[-121.896803,46.841862],[-121.89757,46.841865],[-121.89842,46.842018],[-121.899008,46.842288],[-121.899526,46.842418],[-121.900628,46.842325],[-121.902698,46.843374],[-121.902891,46.843653],[-121.903192,46.843866],[-121.903574,46.843941],[-121.90432,46.84395],[-121.904455,46.844066],[-121.904992,46.844148],[-121.905872,46.84409],[-121.907876,46.845213],[-121.9086,46.845346],[-121.909366,46.845935],[-121.909695,46.846059],[-121.91032,46.846127],[-121.910691,46.846434],[-121.91082,46.846676],[-121.911298,46.847012],[-121.913359,46.847668],[-121.913835,46.847718],[-121.915069,46.848107],[-121.917109,46.848572],[-121.918556,46.848584],[-121.919314,46.848352]]}},
{"type":"Feature","properties":{"mountain_slug":"mount-rainier","name":"Northern Loop Trail","length_km":6.15,"elevation_gain_m":406,"source":"© OpenStreetMap contributors (ODbL), via Overture Maps","note":"Longest of 3 OpenStreetMap pieces with this name that do not join into one line (6.2 of 10.3 km in the bbox)."},"geometry":{"type":"LineString","coordinates":[[-121.68886,46.96],[-121.68876,46.959556],[-121.688313,46.95893],[-121.687881,46.958431],[-121.68734,46.958129],[-121.687167,46.957851],[-121.686543,46.956485],[-121.686445,46.955976],[-121.68647,46.955113],[-121.686253,46.953166],[-121.685939,46.95212],[-121.685936,46.950107],[-121.686663,46.948453],[-121.686953,46.94816],[-121.686743,46.948058],[-121.686447,46.948148],[-121.687246,46.947035],[-121.687633,46.946141],[-121.68797,46.944471],[-121.687849,46.944052],[-121.687743,46.943921],[-121.687515,46.943859],[-121.687211,46.943524],[-121.687124,46.943271],[-121.686848,46.94302],[-121.686649,46.942426],[-121.686614,46.940982],[-121.686743,46.940539],[-121.687045,46.940138],[-121.68711,46.939719],[-121.686485,46.939017],[-121.686523,46.93857],[-121.686323,46.938424],[-121.686235,46.938083],[-121.685641,46.937456],[-121.685743,46.937163],[-121.685588,46.936515],[-121.686463,46.935498],[-121.686988,46.934567],[-121.686522,46.934122],[-121.68592,46.933276],[-121.68601,46.93272],[-121.6857,46.932435],[-121.685638,46.93138],[-121.685952,46.931056],[-121.686059,46.930797],[-121.686577,46.930349],[-121.68672,46.929838],[-121.68696,46.92956],[-121.686934,46.929113],[-121.687231,46.928798],[-121.686964,46.928605],[-121.686945,46.928491],[-121.687089,46.928244],[-121.687431,46.928193],[-121.687333,46.928006],[-121.687412,46.927431],[-121.68849,46.926457],[-121.6884,46.925465],[-121.688128,46.925374],[-121.688073,46.924783],[-121.687772,46.924565],[-121.687578,46.924176],[-121.687522,46.922794],[-121.686973,46.921751],[-121.687129,46.921105],[-121.686942,46.920745],[-121.687608,46.920285],[-121.687479,46.920104],[-121.686998,46.919848],[-121.686909,46.919716],[-121.687005,46.918985],[-121.687306,46.918518],[-121.687766,46.918268],[-121.688118,46.917772],[-121.688378,46.917769],[-121.688871,46.917986],[-121.689035,46.91796],[-121.689058,46.917886],[-121.688264,46.916614],[-121.687928,46.916387],[-121.686921,46.91601],[-121.685543,46.916121],[-121.684962,46.916468],[-121.684639,46.916767],[-121.683454,46.917292],[-121.682862,46.917465],[-121.682218,46.917524],[-121.681572,46.917475],[-121.680551,46.917192],[-121.680223,46.917164]]}},
{"type":"Feature","properties":{"mountain_slug":"mount-rainier","name":"Owyhigh Lakes Trail","length_km":12.96,"elevation_gain_m":968,"source":"© OpenStreetMap contributors (ODbL), via Overture Maps"},"geometry":{"type":"LineString","coordinates":[[-121.54,46.835258],[-121.541054,46.836367],[-121.542884,46.837707],[-121.54332,46.838248],[-121.544833,46.839433],[-121.545099,46.839504],[-121.545605,46.839826],[-121.546198,46.83967],[-121.546962,46.839793],[-121.547343,46.83973],[-121.548577,46.840075],[-121.549706,46.840621],[-121.550047,46.840862],[-121.550369,46.840818],[-121.550868,46.840893],[-121.552045,46.840769],[-121.552345,46.84085],[-121.552471,46.840827],[-121.552622,46.840629],[-121.552745,46.840618],[-121.553775,46.840633],[-121.554322,46.840816],[-121.555245,46.840714],[-121.555674,46.840952],[-121.556109,46.84096],[-121.556431,46.841238],[-121.556841,46.84096],[-121.557487,46.840974],[-121.557777,46.840853],[-121.55793,46.84085],[-121.558174,46.841088],[-121.558539,46.841161],[-121.559172,46.840959],[-121.559547,46.84053],[-121.559944,46.840538],[-121.561003,46.841226],[-121.561307,46.841561],[-121.561773,46.841774],[-121.562144,46.841873],[-121.563072,46.841855],[-121.563621,46.842062],[-121.563833,46.842295],[-121.56503,46.842669],[-121.565185,46.842834],[-121.566038,46.843033],[-121.566853,46.843322],[-121.567159,46.84348],[-121.567513,46.843924],[-121.568055,46.844119],[-121.568372,46.844519],[-121.568742,46.844632],[-121.568956,46.844816],[-121.569933,46.845095],[-121.569659,46.845205],[-121.569761,46.845304],[-121.569037,46.845278],[-121.568908,46.845333],[-121.56893,46.845403],[-121.569632,46.845506],[-121.569579,46.845572],[-121.569337,46.845586],[-121.569369,46.845649],[-121.569724,46.845638],[-121.570464,46.845784],[-121.570249,46.845836],[-121.570858,46.846019],[-121.570834,46.846069],[-121.570397,46.846065],[-121.570389,46.846131],[-121.570788,46.846228],[-121.571191,46.846472],[-121.571145,46.846518],[-121.570257,46.846458],[-121.570102,46.846509],[-121.569761,46.846432],[-121.569681,46.84652],[-121.570008,46.846716],[-121.570246,46.846705],[-121.570708,46.846977],[-121.570866,46.846994],[-121.571089,46.847302],[-121.571301,46.847335],[-121.571435,46.84748],[-121.572038,46.847527],[-121.573535,46.848356],[-121.573524,46.848444],[-121.573157,46.848531],[-121.572213,46.848397],[-121.571389,46.848384],[-121.570332,46.848167],[-121.570271,46.848252],[-121.571078,46.848672],[-121.573077,46.849978],[-121.574761,46.851438],[-121.576678,46.85284],[-121.577395,46.853148],[-121.577936,46.853249],[-121.578548,46.853638],[-121.578864,46.853693],[-121.58053,46.854419],[-121.581734,46.855132],[-121.582719,46.855153],[-121.583402,46.855264],[-121.583858,46.855173],[-121.583612,46.855539],[-121.582365,46.855762],[-121.583754,46.856187],[-121.584374,46.856053],[-121.585264,46.856827],[-121.585919,46.857594],[-121.58657,46.857964],[-121.587308,46.858236],[-121.587464,46.858489],[-121.587753,46.858676],[-121.587802,46.858848],[-121.588209,46.859102],[-121.588279,46.859292],[-121.588596,46.859501],[-121.588633,46.859615],[-121.589202,46.859766],[-121.589342,46.860049],[-121.589337,46.860318],[-121.589588,46.860393],[-121.58969,46.860598],[-121.589663,46.860822],[-121.589121,46.861588],[-121.589373,46.86186],[-121.589389,46.862098],[-121.58852,46.863052],[-121.588263,46.86361],[-121.588596,46.864684],[-121.58852,46.866327],[-121.587821,46.867466],[-121.586929,46.868183],[-121.586492,46.869021],[-121.586711,46.869893],[-121.586509,46.871301],[-121.586643,46.871711],[-121.586544,46.872116],[-121.585852,46.873342],[-121.585838,46.873882],[-121.586099,46.875278],[-121.58633,46.875718],[-121.586823,46.876016],[-121.587008,46.876022],[-121.587185,46.876132],[-121.587225,46.876468],[-121.586726,46.876777],[-121.586772,46.877573],[-121.586891,46.878041],[-121.587544,46.879254],[-121.58755,46.879632],[-121.587832,46.879881],[-121.587861,46.880285],[-121.588386,46.880769],[-121.588397,46.880952],[-121.588993,46.881564],[-121.589626,46.882529],[-121.589916,46.88327],[-121.589971,46.883583],[-121.589778,46.885364],[-121.589835,46.886174],[-121.589089,46.884809],[-121.588925,46.884171],[-121.588724,46.884054],[-121.588743,46.883878],[-121.588365,46.883786],[-121.588389,46.88346],[-121.58814,46.883354],[-121.588075,46.883165],[-121.587791,46.883077],[-121.587692,46.882873],[-121.58733,46.882756],[-121.587075,46.882525],[-121.587112,46.88289],[-121.587257,46.883082],[-121.58715,46.883258],[-121.587228,46.883436],[-121.58711,46.883603],[-121.587295,46.883883],[-121.587179,46.884182],[-121.587367,46.88438],[-121.587485,46.884785],[-121.58741,46.885117],[-121.587614,46.885249],[-121.587555,46.885539],[-121.587812,46.885707],[-121.588372,46.887569],[-121.588284,46.88759],[-121.588159,46.887492],[-121.587595,46.886604],[-121.587029,46.886166],[-121.586597,46.885993],[-121.586927,46.886367],[-121.586984,46.886679],[-121.587233,46.886959],[-121.587305,46.887466],[-121.58712,46.887847],[-121.587233,46.888069],[-121.587635,46.888175],[-121.589287,46.888266],[-121.590349,46.888435],[-121.591487,46.888802],[-121.591728,46.888992],[-121.590564,46.88897],[-121.590216,46.888904],[-121.589518,46.889025],[-121.589062,46.889],[-121.587013,46.889418],[-121.585747,46.889546],[-121.585747,46.889605],[-121.586611,46.889781],[-121.586927,46.889927],[-121.587314,46.890254],[-121.588193,46.89058],[-121.588907,46.890726],[-121.590285,46.890613],[-121.590865,46.890712],[-121.591535,46.890706],[-121.592506,46.890356],[-121.593744,46.890574],[-121.594872,46.890504],[-121.59608,46.890313],[-121.596353,46.890388],[-121.596601,46.890713]]}},
{"type":"Feature","properties":{"mountain_slug":"mount-rainier","name":"Palisades Lake Trail","length_km":5.67,"elevation_gain_m":350,"source":"© OpenStreetMap contributors (ODbL), via Overture Maps"},"geometry":{"type":"LineString","coordinates":[[-121.592433,46.95164],[-121.591862,46.951429],[-121.591664,46.951463],[-121.591559,46.95113],[-121.59113,46.950791],[-121.591055,46.950555],[-121.590748,46.948872],[-121.590793,46.948013],[-121.590985,46.947338],[-121.590849,46.946904],[-121.590988,46.946416],[-121.590941,46.945787],[-121.591346,46.944916],[-121.591708,46.944503],[-121.5927,46.944084],[-121.592924,46.943772],[-121.593082,46.943003],[-121.593343,46.942444],[-121.593853,46.941614],[-121.594563,46.941001],[-121.594554,46.940552],[-121.594278,46.940232],[-121.594945,46.93937],[-121.595338,46.939171],[-121.595358,46.938959],[-121.595531,46.938781],[-121.59554,46.938299],[-121.594685,46.937499],[-121.594801,46.937059],[-121.594578,46.936865],[-121.593991,46.936724],[-121.592952,46.936608],[-121.592877,46.936443],[-121.592877,46.935985],[-121.593233,46.935074],[-121.593187,46.934642],[-121.593957,46.933932],[-121.59333,46.933551],[-121.592342,46.933538],[-121.591656,46.933362],[-121.591386,46.933399],[-121.591287,46.93329],[-121.591306,46.933085],[-121.59182,46.932328],[-121.592098,46.932153],[-121.59402,46.931577],[-121.594736,46.931074],[-121.595213,46.93016],[-121.595579,46.929748],[-121.595895,46.928961],[-121.595939,46.928443],[-121.595717,46.92816],[-121.59537,46.928042],[-121.594683,46.927529],[-121.594272,46.926566],[-121.594116,46.925566],[-121.593643,46.925045],[-121.5936,46.924536],[-121.592344,46.923469],[-121.59116,46.922939],[-121.590661,46.923045],[-121.590296,46.923],[-121.589194,46.923046],[-121.587851,46.923349],[-121.587307,46.923645],[-121.586428,46.92351],[-121.586227,46.923187],[-121.585325,46.922704],[-121.584654,46.921897],[-121.584924,46.921559],[-121.585034,46.921196],[-121.584921,46.920833],[-121.585184,46.920633],[-121.585256,46.919966],[-121.585737,46.919742],[-121.586066,46.919451],[-121.58515,46.919553],[-121.584225,46.919359],[-121.582396,46.919324],[-121.582748,46.919121],[-121.583298,46.91899],[-121.584183,46.918857],[-121.584713,46.918866],[-121.585094,46.91877],[-121.58783,46.917622]]}},
{"type":"Feature","properties":{"mountain_slug":"mount-rainier","name":"Paradise Glacier Trail","length_km":1.79,"elevation_gain_m":132,"source":"© OpenStreetMap contributors (ODbL), via Overture Maps"},"geometry":{"type":"LineString","coordinates":[[-121.715975,46.79436],[-121.714942,46.794578],[-121.714068,46.795028],[-121.713431,46.795219],[-121.712657,46.795725],[-121.712607,46.79593],[-121.71238,46.795989],[-121.712102,46.796467],[-121.711922,46.796536],[-121.711822,46.797215],[-121.711581,46.797505],[-121.711344,46.79806],[-121.711384,46.798715],[-121.711655,46.799026],[-121.712076,46.799237],[-121.712121,46.799864],[-121.712209,46.799991],[-121.71261,46.800233],[-121.713079,46.800958],[-121.713588,46.8014],[-121.713895,46.801599],[-121.714311,46.801533],[-121.714702,46.801833],[-121.716133,46.803472],[-121.716435,46.804723],[-121.716364,46.804971],[-121.715947,46.805259],[-121.71588,46.805478],[-121.715832,46.807108]]}},
{"type":"Feature","properties":{"mountain_slug":"mount-rainier","name":"Paul Peak Trail","length_km":4.61,"elevation_gain_m":424,"source":"© OpenStreetMap contributors (ODbL), via Overture Maps"},"geometry":{"type":"LineString","coordinates":[[-121.892425,46.917004],[-121.892999,46.917044],[-121.89476,46.917543],[-121.895212,46.917567],[-121.896298,46.917841],[-121.898318,46.917976],[-121.89709,46.918201],[-121.897288,46.91825],[-121.898416,46.918234],[-121.898927,46.918105],[-121.89916,46.918133],[-121.89874,46.918296],[-121.899214,46.918239],[-121.899132,46.91833],[-121.899492,46.918198],[-121.899282,46.918377],[-121.899664,46.918213],[-121.899551,46.918422],[-121.899745,46.918306],[-121.899469,46.918536],[-121.89976,46.918464],[-121.899623,46.918651],[-121.899969,46.918396],[-121.899903,46.918628],[-121.899732,46.918781],[-121.899948,46.918752],[-121.900093,46.918553],[-121.900326,46.918482],[-121.90057,46.918568],[-121.9002,46.918758],[-121.90007,46.918959],[-121.899839,46.919016],[-121.899984,46.919031],[-121.900487,46.918781],[-121.901284,46.918828],[-121.901614,46.918918],[-121.900776,46.919002],[-121.900563,46.919099],[-121.900624,46.91914],[-121.901152,46.919046],[-121.901741,46.919239],[-121.90223,46.919096],[-121.901876,46.919417],[-121.901579,46.919477],[-121.901046,46.919426],[-121.900909,46.919465],[-121.901009,46.919538],[-121.901959,46.919691],[-121.902796,46.919414],[-121.903847,46.919376],[-121.90437,46.919463],[-121.904918,46.919307],[-121.905867,46.919362],[-121.906303,46.919286],[-121.907009,46.919518],[-121.908847,46.91984],[-121.91113,46.920433],[-121.91216,46.920503],[-121.911936,46.921009],[-121.910932,46.921816],[-121.910515,46.922402],[-121.910419,46.923036],[-121.909729,46.924208],[-121.90946,46.925075],[-121.90947,46.925331],[-121.909343,46.92549],[-121.908881,46.925712],[-121.908661,46.925994],[-121.908734,46.92626],[-121.90849,46.926606],[-121.908262,46.927581],[-121.908363,46.927797],[-121.908323,46.928529],[-121.908706,46.928704],[-121.908709,46.929176],[-121.909173,46.929437],[-121.908785,46.930386],[-121.908355,46.93108],[-121.908475,46.931617],[-121.908397,46.932289],[-121.908503,46.932787],[-121.908293,46.933195],[-121.908468,46.933404],[-121.908444,46.933513],[-121.908103,46.933545],[-121.907603,46.933864],[-121.906603,46.934148],[-121.90637,46.934349],[-121.906382,46.934524],[-121.906724,46.934357],[-121.907394,46.934555],[-121.907542,46.934669]]}},
{"type":"Feature","properties":{"mountain_slug":"mount-rainier","name":"Pinnacle Peak Trail","length_km":1.36,"elevation_gain_m":209,"source":"© OpenStreetMap contributors (ODbL), via Overture Maps"},"geometry":{"type":"LineString","coordinates":[[-121.731105,46.768301],[-121.731196,46.767968],[-121.730535,46.767345],[-121.730347,46.766947],[-121.730643,46.766142],[-121.730603,46.765609],[-121.731118,46.765161],[-121.731381,46.765154],[-121.731806,46.765312],[-121.732402,46.765675],[-121.732847,46.766218],[-121.733098,46.766198],[-121.732962,46.765774],[-121.733037,46.765344],[-121.732883,46.764983],[-121.733067,46.764391],[-121.73339,46.764013],[-121.733502,46.763427],[-121.733358,46.762826],[-121.73348,46.76259],[-121.73397,46.762337],[-121.734155,46.761953],[-121.734853,46.761356],[-121.73569,46.76]]}},
{"type":"Feature","properties":{"mountain_slug":"mount-rainier","name":"Puyallup Trail #248","length_km":2.28,"elevation_gain_m":250,"source":"© OpenStreetMap contributors (ODbL), via Overture Maps"},"geometry":{"type":"LineString","coordinates":[[-121.93,46.79558],[-121.929188,46.794676],[-121.929028,46.794041],[-121.928716,46.793536],[-121.928461,46.793324],[-121.928088,46.793171],[-121.927687,46.793128],[-121.926314,46.794479],[-121.925447,46.794529],[-121.924926,46.794837],[-121.924766,46.794839],[-121.924064,46.794583],[-121.923861,46.794855],[-121.923853,46.79548],[-121.923485,46.796051],[-121.922919,46.795558],[-121.921946,46.794982],[-121.920407,46.793702],[-121.919481,46.793236],[-121.918691,46.793318],[-121.918463,46.793073],[-121.917413,46.792355],[-121.915366,46.791732],[-121.914872,46.791474],[-121.914236,46.790788],[-121.913417,46.790122],[-121.913204,46.789825],[-121.913154,46.790862],[-121.913339,46.791157],[-121.912958,46.791091],[-121.912857,46.79122],[-121.912965,46.792031]]}},
{"type":"Feature","properties":{"mountain_slug":"mount-rainier","name":"Pyramid Peak Trail","length_km":3.33,"elevation_gain_m":526,"source":"© OpenStreetMap contributors (ODbL), via Overture Maps"},"geometry":{"type":"LineString","coordinates":[[-121.841688,46.795761],[-121.841332,46.795647],[-121.840659,46.795802],[-121.839206,46.79665],[-121.839138,46.796786],[-121.838904,46.79682],[-121.837791,46.797339],[-121.837879,46.797487],[-121.837284,46.797883],[-121.836817,46.798693],[-121.836528,46.798963],[-121.836265,46.798854],[-121.835913,46.79888],[-121.835838,46.798947],[-121.836032,46.79912],[-121.835991,46.80005],[-121.83607,46.800171],[-121.835702,46.800882],[-121.834798,46.801336],[-121.83451,46.801621],[-121.83406,46.801809],[-121.83388,46.801776],[-121.833801,46.801621],[-121.833355,46.801558],[-121.83309,46.801706],[-121.832493,46.801845],[-121.832445,46.801933],[-121.831724,46.801991],[-121.83125,46.801899],[-121.831027,46.801699],[-121.830212,46.80162],[-121.829892,46.80168],[-121.829326,46.801411],[-121.828854,46.801771],[-121.828331,46.801636],[-121.827462,46.801745],[-121.826738,46.801607],[-121.826097,46.80167],[-121.82513,46.801929],[-121.824782,46.801886],[-121.824067,46.802006],[-121.822409,46.802031],[-121.821688,46.802116],[-121.821197,46.802079],[-121.820097,46.80236],[-121.819644,46.802582],[-121.818885,46.802586],[-121.818765,46.802529],[-121.818391,46.802711],[-121.817801,46.802753],[-121.816921,46.803067],[-121.816253,46.80316],[-121.815854,46.803331],[-121.814934,46.803432],[-121.813971,46.803816],[-121.813005,46.804046],[-121.812139,46.804097],[-121.811291,46.804003],[-121.811002,46.804284],[-121.810715,46.804392],[-121.810725,46.804708],[-121.810528,46.804873],[-121.810769,46.805095],[-121.810666,46.805156],[-121.811321,46.805725],[-121.811843,46.806719],[-121.812066,46.8069]]}},
{"type":"Feature","properties":{"mountain_slug":"mount-rainier","name":"Rampart Ridge Trail","length_km":1.08,"elevation_gain_m":26,"source":"© OpenStreetMap contributors (ODbL), via Overture Maps"},"geometry":{"type":"LineString","coordinates":[[-121.808838,46.766807],[-121.809313,46.766453],[-121.809553,46.766402],[-121.809762,46.766456],[-121.810217,46.766353],[-121.810351,46.766237],[-121.811989,46.765619],[-121.81238,46.765439],[-121.8129,46.764926],[-121.813342,46.764741],[-121.816145,46.762388],[-121.818205,46.76]]}},
{"type":"Feature","properties":{"mountain_slug":"mount-rainier","name":"Shriner Peak Trail","length_km":1.77,"elevation_gain_m":285,"source":"© OpenStreetMap contributors (ODbL), via Overture Maps"},"geometry":{"type":"LineString","coordinates":[[-121.555027,46.80225],[-121.554677,46.801886],[-121.554264,46.801969],[-121.553361,46.800612],[-121.552137,46.799643],[-121.551409,46.798417],[-121.550401,46.797439],[-121.549951,46.796657],[-121.549542,46.796361],[-121.548987,46.795778],[-121.548474,46.79488],[-121.547716,46.794391],[-121.547437,46.794339],[-121.546925,46.794546],[-121.546198,46.794679],[-121.545173,46.794597],[-121.544677,46.794699],[-121.543303,46.795335],[-121.542611,46.795834],[-121.542058,46.796029],[-121.54077,46.796708],[-121.54,46.796984]]}},
{"type":"Feature","properties":{"mountain_slug":"mount-rainier","name":"Silver Forest Trail","length_km":2.4,"elevation_gain_m":134,"source":"© OpenStreetMap contributors (ODbL), via Overture Maps"},"geometry":{"type":"LineString","coordinates":[[-121.615045,46.909171],[-121.615573,46.909349],[-121.615882,46.909608],[-121.618126,46.910671],[-121.618792,46.910804],[-121.620826,46.911546],[-121.622041,46.91188],[-121.622682,46.911926],[-121.622915,46.912056],[-121.623417,46.912124],[-121.624916,46.912598],[-121.625508,46.912658],[-121.626018,46.912589],[-121.626355,46.912237],[-121.626744,46.912055],[-121.627362,46.91191],[-121.627934,46.911901],[-121.628296,46.91197],[-121.628732,46.911883],[-121.629145,46.911924],[-121.62961,46.912144],[-121.630229,46.912233],[-121.63102,46.912648],[-121.632154,46.912841],[-121.632937,46.912713],[-121.633903,46.912274],[-121.63414,46.912235],[-121.635762,46.912996],[-121.637713,46.91359],[-121.638337,46.913452],[-121.639402,46.912973],[-121.639681,46.913019],[-121.639873,46.912655],[-121.640598,46.912265],[-121.64094,46.912162],[-121.641945,46.912665],[-121.642076,46.912856]]}},
{"type":"Feature","properties":{"mountain_slug":"mount-rainier","name":"Skyline Trail","length_km":8.87,"elevation_gain_m":560,"source":"© OpenStreetMap contributors (ODbL), via Overture Maps","note":"The NPS loop: OpenStreetMap's Skyline Trail and Upper Skyline Trail, joined. Starts at the Paradise trailhead and runs clockwise. Mile markers in trail_segments.geojson."},"geometry":{"type":"LineString","coordinates":[[-121.736518,46.786502],[-121.736337,46.786974],[-121.736096,46.788277],[-121.737151,46.78896],[-121.737355,46.78901],[-121.737607,46.789261],[-121.737616,46.78951],[-121.737347,46.789831],[-121.737307,46.790102],[-121.737953,46.790908],[-121.737989,46.791336],[-121.737818,46.791748],[-121.737759,46.792298],[-121.736309,46.794089],[-121.736116,46.794138],[-121.735595,46.795097],[-121.735583,46.795341],[-121.735878,46.795674],[-121.735751,46.795958],[-121.735903,46.796426],[-121.735904,46.797416],[-121.735196,46.79839],[-121.734966,46.798446],[-121.734732,46.798372],[-121.734449,46.798617],[-121.734633,46.798636],[-121.734388,46.798873],[-121.734306,46.799597],[-121.73484,46.799974],[-121.734556,46.800138],[-121.734488,46.800305],[-121.734565,46.800717],[-121.734915,46.801024],[-121.734893,46.801329],[-121.734374,46.801998],[-121.734311,46.802303],[-121.734286,46.802447],[-121.734628,46.803001],[-121.73449,46.803332],[-121.734027,46.80376],[-121.733748,46.803811],[-121.733797,46.803923],[-121.733676,46.80428],[-121.733257,46.804626],[-121.733119,46.804888],[-121.732408,46.803752],[-121.732192,46.803126],[-121.731899,46.802818],[-121.731689,46.802712],[-121.731333,46.802702],[-121.730708,46.802318],[-121.730314,46.802233],[-121.730244,46.801947],[-121.729743,46.801897],[-121.729596,46.801957],[-121.729748,46.8021],[-121.729362,46.802357],[-121.728968,46.802466],[-121.729768,46.802961],[-121.729402,46.803343],[-121.729831,46.803309],[-121.729571,46.803482],[-121.729144,46.804204],[-121.728917,46.804393],[-121.729138,46.804519],[-121.72913,46.804847],[-121.729275,46.805029],[-121.729257,46.805186],[-121.728373,46.805461],[-121.727361,46.805534],[-121.726577,46.805881],[-121.725183,46.806221],[-121.725308,46.806016],[-121.724845,46.806203],[-121.723833,46.806013],[-121.723164,46.805984],[-121.723413,46.805608],[-121.723886,46.805366],[-121.723824,46.805074],[-121.723543,46.805008],[-121.723768,46.804891],[-121.723533,46.804851],[-121.72378,46.804497],[-121.723271,46.804153],[-121.723218,46.803879],[-121.722768,46.803442],[-121.72215,46.803412],[-121.721748,46.8032],[-121.721566,46.802993],[-121.721551,46.802752],[-121.721373,46.802435],[-121.721194,46.802286],[-121.721311,46.802151],[-121.722186,46.802048],[-121.722296,46.801811],[-121.722167,46.801368],[-121.722293,46.801248],[-121.722491,46.801202],[-121.722677,46.801286],[-121.722985,46.800984],[-121.723859,46.800684],[-121.723822,46.800528],[-121.724024,46.800468],[-121.723809,46.80033],[-121.723902,46.800014],[-121.723706,46.799841],[-121.723215,46.799619],[-121.722721,46.79918],[-121.722667,46.798402],[-121.721995,46.797711],[-121.721968,46.797477],[-121.721634,46.797366],[-121.721294,46.796872],[-121.72103,46.796751],[-121.720488,46.79673],[-121.719949,46.79644],[-121.71934,46.79588],[-121.719106,46.795107],[-121.717685,46.794373],[-121.71739,46.794542],[-121.717304,46.794825],[-121.716872,46.795322],[-121.71614,46.795228],[-121.715731,46.794941],[-121.71576,46.794666],[-121.716357,46.793619],[-121.716361,46.793316],[-121.716951,46.792902],[-121.717063,46.792019],[-121.71692,46.791932],[-121.716907,46.791677],[-121.717162,46.790465],[-121.717309,46.790191],[-121.717747,46.789861],[-121.718373,46.789847],[-121.71951,46.790203],[-121.719721,46.790466],[-121.720014,46.790292],[-121.720513,46.790185],[-121.7206,46.790491],[-121.72098,46.790377],[-121.721044,46.79067],[-121.721396,46.790546],[-121.721431,46.791419],[-121.721292,46.792215],[-121.721569,46.792266],[-121.721743,46.792182],[-121.722665,46.79205],[-121.723132,46.792143],[-121.723224,46.792262],[-121.723809,46.792461],[-121.724367,46.793118],[-121.724811,46.793304],[-121.726011,46.793437],[-121.726433,46.793383],[-121.727299,46.793158],[-121.728292,46.792716],[-121.728639,46.792655],[-121.729949,46.792729],[-121.730243,46.792691],[-121.730479,46.792912],[-121.731257,46.792402],[-121.731791,46.792292],[-121.732173,46.792119],[-121.732716,46.791474],[-121.732742,46.791164],[-121.732922,46.790824],[-121.732751,46.78977],[-121.732508,46.789146],[-121.732564,46.78846],[-121.73307,46.788423],[-121.733271,46.788322],[-121.733855,46.787703],[-121.734565,46.78724],[-121.736198,46.786558],[-121.736518,46.786502]]}},
{"type":"Feature","properties":{"mountain_slug":"mount-rainier","name":"Skyscraper Mountain Trail","length_km":0.61,"elevation_gain_m":113,"source":"© OpenStreetMap contributors (ODbL), via Overture Maps"},"geometry":{"type":"LineString","coordinates":[[-121.697535,46.922692],[-121.698188,46.922959],[-121.698365,46.923163],[-121.698754,46.923392],[-121.699021,46.923848],[-121.699065,46.924414],[-121.699317,46.924729],[-121.699167,46.924901],[-121.699183,46.925308],[-121.698856,46.925656],[-121.698813,46.926165],[-121.698679,46.926344],[-121.698791,46.926509],[-121.69869,46.926601],[-121.698765,46.926714],[-121.698695,46.926909],[-121.698175,46.927194]]}},
{"type":"Feature","properties":{"mountain_slug":"mount-rainier","name":"Sourdough Ridge Access Trail","length_km":0.88,"elevation_gain_m":68,"source":"© OpenStreetMap contributors (ODbL), via Overture Maps","note":"Longest of 2 OpenStreetMap pieces with this name that do not join into one line (0.9 of 1.0 km in the bbox)."},"geometry":{"type":"LineString","coordinates":[[-121.646771,46.918516],[-121.645242,46.917621],[-121.644592,46.917477],[-121.643743,46.917126],[-121.643098,46.917468],[-121.641596,46.917922],[-121.640398,46.918081],[-121.636439,46.918817]]}},
{"type":"Feature","properties":{"mountain_slug":"mount-rainier","name":"Sourdough Ridge Trail","length_km":6.41,"elevation_gain_m":388,"source":"© OpenStreetMap contributors (ODbL), via Overture Maps"},"geometry":{"type":"LineString","coordinates":[[-121.58936,46.917318],[-121.589597,46.917378],[-121.590578,46.91704],[-121.5916,46.916865],[-121.591837,46.91689],[-121.592161,46.916696],[-121.59481,46.916249],[-121.596172,46.915931],[-121.597273,46.915939],[-121.597758,46.915837],[-121.598393,46.915858],[-121.598578,46.915804],[-121.600297,46.91583],[-121.601519,46.916025],[-121.602501,46.916304],[-121.604238,46.916478],[-121.605235,46.916494],[-121.606272,46.916357],[-121.608589,46.91646],[-121.610778,46.917],[-121.611652,46.917394],[-121.611963,46.917627],[-121.612874,46.917708],[-121.613442,46.91771],[-121.613689,46.917607],[-121.614146,46.917634],[-121.616766,46.918369],[-121.618227,46.91816],[-121.623123,46.91856],[-121.626976,46.918515],[-121.630054,46.918573],[-121.63575,46.918761],[-121.638951,46.919018],[-121.641738,46.918881],[-121.642929,46.918663],[-121.643723,46.918394],[-121.644782,46.918276],[-121.645332,46.918325],[-121.645527,46.918274],[-121.646422,46.918474],[-121.64867,46.918772],[-121.650309,46.918778],[-121.6517,46.918655],[-121.653231,46.918944],[-121.653612,46.919126],[-121.655931,46.919224],[-121.657296,46.9192],[-121.658163,46.919353],[-121.660066,46.919466],[-121.662167,46.919155],[-121.665096,46.919182],[-121.665183,46.919141],[-121.664477,46.918287],[-121.66499,46.918286],[-121.665679,46.918405],[-121.666459,46.918323],[-121.667294,46.917983],[-121.667612,46.917622],[-121.668579,46.917565]]}},
{"type":"Feature","properties":{"mountain_slug":"mount-rainier","name":"South Puyallup Trail","length_km":3.18,"elevation_gain_m":219,"source":"© OpenStreetMap contributors (ODbL), via Overture Maps"},"geometry":{"type":"LineString","coordinates":[[-121.89813,46.801594],[-121.897797,46.801938],[-121.897758,46.802191],[-121.897385,46.80222],[-121.89692,46.802774],[-121.896713,46.802889],[-121.89572,46.803123],[-121.893743,46.803805],[-121.891369,46.805228],[-121.891031,46.805333],[-121.890961,46.80628],[-121.888933,46.806623],[-121.888796,46.806777],[-121.888547,46.806827],[-121.887552,46.80681],[-121.886653,46.807022],[-121.885991,46.807348],[-121.885409,46.807302],[-121.885001,46.807431],[-121.88421,46.807876],[-121.883701,46.808065],[-121.883092,46.808531],[-121.882075,46.80855],[-121.881776,46.808709],[-121.881453,46.808917],[-121.880267,46.810363],[-121.878416,46.810976],[-121.878116,46.811174],[-121.877805,46.811198],[-121.875823,46.811982],[-121.875342,46.812064],[-121.874206,46.811993],[-121.871979,46.811712],[-121.871444,46.811823],[-121.871099,46.811767],[-121.870659,46.811989],[-121.86917,46.812043],[-121.866202,46.812474],[-121.866,46.812433],[-121.865498,46.812697],[-121.864181,46.813625]]}},
{"type":"Feature","properties":{"mountain_slug":"mount-rainier","name":"Spray Park Trail","length_km":12.52,"elevation_gain_m":1178,"source":"© OpenStreetMap contributors (ODbL), via Overture Maps"},"geometry":{"type":"LineString","coordinates":[[-121.794736,46.949695],[-121.796042,46.949485],[-121.796826,46.949683],[-121.797285,46.94966],[-121.797585,46.949759],[-121.797766,46.949639],[-121.798261,46.949865],[-121.798728,46.949732],[-121.798492,46.949312],[-121.798781,46.949266],[-121.798857,46.949164],[-121.798392,46.948794],[-121.798328,46.948691],[-121.798425,46.948644],[-121.799117,46.948691],[-121.799904,46.948403],[-121.800094,46.948223],[-121.800589,46.948043],[-121.801201,46.94783],[-121.801968,46.947676],[-121.802404,46.947789],[-121.803354,46.947836],[-121.803681,46.947661],[-121.80353,46.947414],[-121.803588,46.947271],[-121.804096,46.947165],[-121.804399,46.946949],[-121.80456,46.946531],[-121.805175,46.946155],[-121.806668,46.94485],[-121.807162,46.944606],[-121.807336,46.944598],[-121.807498,46.944453],[-121.807781,46.944439],[-121.808387,46.943859],[-121.808782,46.9436],[-121.808711,46.943464],[-121.807819,46.943413],[-121.80821,46.943136],[-121.808419,46.942861],[-121.809529,46.942295],[-121.808891,46.942275],[-121.809545,46.941911],[-121.809165,46.941821],[-121.809378,46.941738],[-121.809163,46.941694],[-121.809379,46.941627],[-121.809218,46.9416],[-121.809539,46.941271],[-121.809177,46.94128],[-121.809178,46.940963],[-121.808341,46.94117],[-121.808765,46.940601],[-121.808722,46.940526],[-121.807589,46.940515],[-121.807396,46.940601],[-121.806292,46.940178],[-121.805199,46.94019],[-121.805008,46.940091],[-121.804697,46.939608],[-121.804766,46.939506],[-121.804938,46.939506],[-121.805545,46.938936],[-121.805787,46.938888],[-121.8058,46.938716],[-121.806247,46.938718],[-121.80672,46.938488],[-121.806849,46.938532],[-121.807018,46.938457],[-121.807072,46.937968],[-121.806967,46.938009],[-121.806838,46.937924],[-121.806696,46.93747],[-121.806488,46.937646],[-121.806433,46.937494],[-121.806818,46.937051],[-121.806774,46.936967],[-121.806968,46.937018],[-121.80687,46.936825],[-121.806917,46.936673],[-121.80705,46.93678],[-121.806961,46.936396],[-121.807164,46.936494],[-121.806988,46.936055],[-121.807302,46.936212],[-121.807001,46.93574],[-121.807514,46.935944],[-121.807519,46.9357],[-121.807333,46.935481],[-121.807642,46.935334],[-121.807793,46.935164],[-121.807512,46.934689],[-121.8064,46.933854],[-121.80622,46.933413],[-121.805815,46.933198],[-121.805737,46.933024],[-121.805449,46.932866],[-121.805005,46.932268],[-121.80515,46.932161],[-121.80554,46.932268],[-121.805674,46.931926],[-121.80555,46.931571],[-121.805814,46.931642],[-121.806091,46.93144],[-121.806294,46.9314],[-121.806766,46.931328],[-121.80707,46.931408],[-121.807835,46.931424],[-121.808499,46.931707],[-121.808718,46.93153],[-121.809071,46.931494],[-121.809192,46.931591],[-121.809131,46.931962],[-121.809376,46.932349],[-121.809357,46.932646],[-121.80957,46.932912],[-121.810081,46.93306],[-121.81024,46.932684],[-121.810157,46.931893],[-121.810371,46.931854],[-121.810349,46.931674],[-121.810539,46.931362],[-121.81099,46.931444],[-121.81112,46.931262],[-121.81069,46.930995],[-121.810866,46.930741],[-121.81075,46.930615],[-121.810775,46.930421],[-121.81091,46.930391],[-121.811214,46.930562],[-121.811602,46.930208],[-121.811546,46.929735],[-121.811723,46.929605],[-121.81174,46.929376],[-121.812271,46.929088],[-121.812222,46.928569],[-121.812539,46.928283],[-121.812697,46.928002],[-121.81263,46.927597],[-121.813133,46.927415],[-121.813394,46.927426],[-121.813514,46.927178],[-121.813679,46.927089],[-121.813538,46.926941],[-121.814132,46.925766],[-121.814092,46.925503],[-121.814324,46.925726],[-121.814551,46.92573],[-121.815081,46.925923],[-121.815224,46.925868],[-121.815361,46.925124],[-121.815117,46.924708],[-121.814903,46.923834],[-121.815141,46.923151],[-121.815632,46.922802],[-121.815649,46.922663],[-121.815838,46.922542],[-121.815834,46.922292],[-121.816179,46.921588],[-121.816536,46.92173],[-121.81665,46.921569],[-121.816928,46.921577],[-121.817282,46.921483],[-121.819071,46.921559],[-121.820145,46.921448],[-121.821242,46.921789],[-121.821988,46.921802],[-121.822169,46.921889],[-121.822311,46.921841],[-121.822703,46.922127],[-121.823083,46.922175],[-121.823713,46.922075],[-121.824208,46.922194],[-121.824587,46.922399],[-121.82461,46.922624],[-121.825395,46.923076],[-121.82645,46.923411],[-121.827443,46.923287],[-121.827601,46.923148],[-121.829047,46.923315],[-121.829559,46.923194],[-121.829895,46.922924],[-121.830171,46.922825],[-121.830402,46.922842],[-121.831921,46.922467],[-121.832735,46.922489],[-121.833347,46.922344],[-121.833916,46.922495],[-121.835181,46.922134],[-121.835891,46.922145],[-121.836814,46.922012],[-121.837584,46.922044],[-121.837736,46.921882],[-121.837949,46.921252],[-121.837817,46.920575],[-121.837568,46.920174],[-121.837931,46.919989],[-121.838595,46.919978],[-121.838753,46.919912],[-121.838564,46.919687],[-121.838634,46.919354],[-121.838822,46.91921],[-121.83994,46.919044],[-121.840594,46.918871],[-121.840979,46.918919],[-121.841102,46.919041],[-121.841459,46.919166],[-121.842202,46.918894],[-121.843287,46.918845],[-121.843829,46.918694],[-121.844537,46.918672],[-121.846076,46.918131],[-121.846098,46.918058],[-121.845197,46.918017],[-121.844772,46.917908],[-121.84438,46.917472],[-121.844624,46.91739],[-121.844922,46.917396],[-121.844901,46.917227],[-121.844589,46.91716],[-121.845194,46.917051],[-121.844735,46.916862],[-121.845223,46.916737],[-121.844789,46.91654],[-121.844772,46.916454],[-121.84531,46.916325],[-121.844964,46.916191],[-121.844958,46.91611],[-121.846366,46.916117],[-121.84712,46.915882],[-121.847846,46.915818],[-121.848997,46.91594],[-121.849184,46.916165],[-121.849525,46.916229],[-121.849963,46.916449],[-121.8512,46.9162],[-121.851665,46.916173],[-121.853414,46.916388],[-121.853989,46.916613],[-121.855433,46.916846],[-121.85588,46.917016],[-121.856334,46.917313],[-121.856073,46.917597],[-121.856202,46.918242],[-121.856424,46.918545],[-121.856746,46.918716],[-121.856877,46.918903],[-121.856904,46.919176],[-121.856628,46.919867],[-121.858564,46.922524],[-121.85866,46.9232],[-121.859038,46.923568],[-121.858858,46.923822],[-121.858768,46.924227],[-121.85909,46.92484],[-121.859383,46.925141],[-121.859598,46.925239],[-121.860152,46.925458],[-121.860735,46.925565],[-121.861267,46.925901],[-121.86267,46.926359],[-121.862983,46.926868],[-121.863048,46.927341],[-121.863405,46.927284],[-121.863552,46.927329],[-121.863516,46.927596],[-121.862952,46.928632],[-121.862875,46.929476],[-121.862709,46.929891],[-121.86294,46.930209]]}},
{"type":"Feature","properties":{"mountain_slug":"mount-rainier","name":"St. Andrews Creek Trail","length_km":3.81,"elevation_gain_m":522,"source":"© OpenStreetMap contributors (ODbL), via Overture Maps"},"geometry":{"type":"LineString","coordinates":[[-121.905731,46.835992],[-121.90562,46.835713],[-121.904978,46.836007],[-121.903898,46.836085],[-121.902765,46.835904],[-121.901798,46.835865],[-121.898968,46.83553],[-121.899732,46.836031],[-121.90047,46.836335],[-121.897545,46.835895],[-121.895821,46.835507],[-121.896908,46.836292],[-121.893743,46.835469],[-121.893119,46.835401],[-121.893801,46.83587],[-121.894633,46.836224],[-121.894943,46.836559],[-121.895972,46.837159],[-121.89658,46.837344],[-121.897028,46.837727],[-121.896435,46.83792],[-121.895697,46.83776],[-121.895132,46.837407],[-121.894474,46.837144],[-121.892935,46.836943],[-121.892107,46.836545],[-121.890443,46.835944],[-121.889285,46.835698],[-121.887528,46.835861],[-121.883765,46.83556],[-121.883018,46.835237],[-121.88271,46.834861],[-121.881728,46.834395],[-121.88087,46.833714],[-121.880194,46.833619],[-121.879784,46.833039],[-121.87941,46.832732],[-121.879353,46.833759],[-121.879134,46.834185],[-121.878791,46.834396],[-121.878513,46.834905],[-121.877506,46.83535]]}},
{"type":"Feature","properties":{"mountain_slug":"mount-rainier","name":"Summerland Trail","length_km":0.23,"elevation_gain_m":36,"source":"© OpenStreetMap contributors (ODbL), via Overture Maps","note":"Longest of 2 OpenStreetMap pieces with this name that do not join into one line (0.2 of 0.4 km in the bbox)."},"geometry":{"type":"LineString","coordinates":[[-121.610509,46.888185],[-121.610834,46.888183],[-121.611221,46.88779],[-121.611781,46.887472],[-121.612082,46.887158],[-121.61232,46.88665]]}},
{"type":"Feature","properties":{"mountain_slug":"mount-rainier","name":"Sunrise Rim","length_km":0.84,"elevation_gain_m":54,"source":"© OpenStreetMap contributors (ODbL), via Overture Maps"},"geometry":{"type":"LineString","coordinates":[[-121.650017,46.914586],[-121.649727,46.914241],[-121.648902,46.914154],[-121.648595,46.913779],[-121.648348,46.913744],[-121.647774,46.913819],[-121.647368,46.913716],[-121.646797,46.913422],[-121.646122,46.913277],[-121.644797,46.912769],[-121.643861,46.912563],[-121.643223,46.912506],[-121.642512,46.912641],[-121.642076,46.912856],[-121.642135,46.913312],[-121.641863,46.91406]]}},
{"type":"Feature","properties":{"mountain_slug":"mount-rainier","name":"Sunrise Trail","length_km":2.41,"elevation_gain_m":476,"source":"© OpenStreetMap contributors (ODbL), via Overture Maps"},"geometry":{"type":"LineString","coordinates":[[-121.692367,46.894468],[-121.692564,46.895253],[-121.692664,46.89534],[-121.693496,46.895321],[-121.694439,46.895074],[-121.69544,46.895511],[-121.695601,46.895511],[-121.695666,46.895608],[-121.695499,46.895824],[-121.69568,46.895827],[-121.696316,46.895562],[-121.696379,46.895656],[-121.696598,46.895587],[-121.696504,46.895796],[-121.696654,46.895738],[-121.697165,46.89612],[-121.697078,46.896458],[-121.697979,46.896066],[-121.697838,46.896622],[-121.698389,46.896443],[-121.698428,46.8966],[-121.699006,46.896461],[-121.698871,46.896716],[-121.698561,46.896984],[-121.698662,46.897084],[-121.700114,46.896798],[-121.700164,46.896839],[-121.699732,46.897261],[-121.700245,46.897173],[-121.700723,46.897363],[-121.700311,46.897683],[-121.700691,46.897842],[-121.700576,46.898037],[-121.70004,46.898457],[-121.698909,46.899045],[-121.698093,46.899651],[-121.697852,46.899728],[-121.697551,46.90054],[-121.697511,46.901223],[-121.697183,46.901604],[-121.697337,46.90161],[-121.69724,46.901799],[-121.69731,46.901996],[-121.697465,46.901931],[-121.697411,46.902267],[-121.697753,46.902237],[-121.697566,46.902398],[-121.697415,46.902798],[-121.697326,46.90314],[-121.697449,46.903303],[-121.69681,46.903604],[-121.69658,46.903566],[-121.696698,46.903739],[-121.696499,46.904165],[-121.695038,46.904861]]}},
{"type":"Feature","properties":{"mountain_slug":"mount-rainier","name":"Tolmie Peak Trail","length_km":2.92,"elevation_gain_m":320,"source":"© OpenStreetMap contributors (ODbL), via Overture Maps"},"geometry":{"type":"LineString","coordinates":[[-121.86795,46.95031],[-121.868097,46.950327],[-121.868559,46.950702],[-121.868488,46.950372],[-121.868751,46.950586],[-121.869639,46.950918],[-121.870121,46.951255],[-121.87143,46.951428],[-121.871972,46.951361],[-121.87238,46.95143],[-121.873039,46.951762],[-121.874939,46.951626],[-121.875872,46.95187],[-121.87626,46.952078],[-121.876091,46.952307],[-121.875031,46.952536],[-121.87456,46.952804],[-121.875469,46.952976],[-121.87476,46.953231],[-121.875912,46.953374],[-121.876543,46.953687],[-121.875833,46.953693],[-121.87556,46.953869],[-121.875585,46.954182],[-121.877483,46.954018],[-121.878487,46.953717],[-121.878781,46.953778],[-121.879555,46.953769],[-121.880582,46.954212],[-121.881094,46.954208],[-121.882777,46.954434],[-121.881918,46.955154],[-121.881611,46.955836],[-121.882183,46.955583],[-121.882667,46.955463],[-121.88409,46.955524],[-121.883928,46.955627],[-121.883572,46.956192],[-121.882941,46.956458],[-121.882759,46.956712],[-121.880904,46.957551],[-121.880184,46.957716],[-121.879293,46.95769],[-121.878668,46.957888],[-121.877486,46.958036],[-121.87731,46.958141]]}},
{"type":"Feature","properties":{"mountain_slug":"mount-rainier","name":"Van Trump Park Trail","length_km":0.4,"elevation_gain_m":79,"source":"© OpenStreetMap contributors (ODbL), via Overture Maps"},"geometry":{"type":"LineString","coordinates":[[-121.777149,46.797953],[-121.77711,46.798168],[-121.77686,46.798187],[-121.776718,46.7986],[-121.776667,46.799537],[-121.77635,46.799738],[-121.776146,46.799692],[-121.77528,46.799814],[-121.775488,46.800065],[-121.775181,46.80039]]}},
{"type":"Feature","properties":{"mountain_slug":"mount-rainier","name":"Van Trump Trail","length_km":3.84,"elevation_gain_m":668,"source":"© OpenStreetMap contributors (ODbL), via Overture Maps"},"geometry":{"type":"LineString","coordinates":[[-121.783647,46.778723],[-121.783394,46.778813],[-121.783546,46.778846],[-121.783482,46.778899],[-121.783225,46.778948],[-121.782632,46.779252],[-121.782137,46.779626],[-121.782,46.779908],[-121.781776,46.780054],[-121.781264,46.780186],[-121.780828,46.780789],[-121.780379,46.780911],[-121.779662,46.78156],[-121.779682,46.782369],[-121.779915,46.782729],[-121.779703,46.783005],[-121.780062,46.783488],[-121.780558,46.784523],[-121.780618,46.784955],[-121.78077,46.785069],[-121.781758,46.785213],[-121.781503,46.785333],[-121.781572,46.785353],[-121.782049,46.785304],[-121.781833,46.785449],[-121.782227,46.785392],[-121.782544,46.785234],[-121.782796,46.785257],[-121.7828,46.785445],[-121.782471,46.785585],[-121.783408,46.78592],[-121.782972,46.785947],[-121.782978,46.786013],[-121.783842,46.786228],[-121.783353,46.78632],[-121.783927,46.786704],[-121.78398,46.786891],[-121.783689,46.787271],[-121.783324,46.789001],[-121.783133,46.789653],[-121.782846,46.790191],[-121.782833,46.790649],[-121.782289,46.791141],[-121.781902,46.791745],[-121.781822,46.791582],[-121.781623,46.791776],[-121.781489,46.791776],[-121.781387,46.791561],[-121.78025,46.792364],[-121.78017,46.792794],[-121.779573,46.79313],[-121.779148,46.793193],[-121.77922,46.793535],[-121.779023,46.793758],[-121.77892,46.79457],[-121.779177,46.794819],[-121.779056,46.794746],[-121.779099,46.794956],[-121.778932,46.794812],[-121.779027,46.795081],[-121.778871,46.795035],[-121.779313,46.79556],[-121.778807,46.795263],[-121.778849,46.795607],[-121.778449,46.795351],[-121.777858,46.795563],[-121.777592,46.795523],[-121.77723,46.79521],[-121.776983,46.794635],[-121.776892,46.794562],[-121.776436,46.794494],[-121.776254,46.794327],[-121.776195,46.794386],[-121.776178,46.794874],[-121.776026,46.795146],[-121.776254,46.796602],[-121.776009,46.796714],[-121.77606,46.797153],[-121.775862,46.797052],[-121.77583,46.797114],[-121.775972,46.79787],[-121.775804,46.797792],[-121.775888,46.797906],[-121.775765,46.797857],[-121.775791,46.798006],[-121.776017,46.798153],[-121.777149,46.797953]]}},
{"type":"Feature","properties":{"mountain_slug":"mount-rainier","name":"Waterfall Trail","length_km":0.67,"elevation_gain_m":45,"source":"© OpenStreetMap contributors (ODbL), via Overture Maps"},"geometry":{"type":"LineString","coordinates":[[-121.732568,46.788684],[-121.732928,46.78867],[-121.734163,46.788206],[-121.734808,46.788329],[-121.736202,46.788384],[-121.737284,46.78821],[-121.737846,46.788443],[-121.738975,46.789138],[-121.739459,46.789725],[-121.739714,46.789824],[-121.73976,46.790028]]}},
{"type":"Feature","properties":{"mountain_slug":"mount-rainier","name":"West Boundary Trail","length_km":4.22,"elevation_gain_m":419,"source":"© OpenStreetMap contributors (ODbL), via Overture Maps"},"geometry":{"type":"LineString","coordinates":[[-121.912499,46.927902],[-121.912858,46.927912],[-121.913907,46.927424],[-121.912821,46.928359],[-121.912772,46.928585],[-121.914292,46.927849],[-121.915072,46.927834],[-121.915631,46.927973],[-121.91626,46.928332],[-121.916355,46.928471],[-121.915117,46.928407],[-121.91457,46.928568],[-121.914307,46.929059],[-121.914393,46.929843],[-121.914259,46.9304],[-121.914441,46.931125],[-121.913931,46.931404],[-121.91332,46.932063],[-121.912826,46.933166],[-121.912816,46.933788],[-121.913041,46.934327],[-121.912875,46.934865],[-121.912896,46.935477],[-121.913207,46.935924],[-121.913234,46.93618],[-121.912601,46.936843],[-121.912934,46.937481],[-121.912923,46.937708],[-121.911426,46.939028],[-121.911185,46.939816],[-121.911586,46.941333],[-121.91153,46.942595],[-121.911764,46.943095],[-121.912494,46.943692],[-121.912386,46.943747],[-121.911413,46.943638],[-121.911332,46.943872],[-121.911737,46.944034],[-121.91152,46.94424],[-121.911644,46.944955],[-121.911346,46.945538],[-121.910878,46.945692],[-121.909865,46.945753],[-121.909306,46.946432],[-121.908342,46.947172],[-121.90843,46.947471],[-121.908255,46.947761],[-121.90831,46.948072],[-121.908232,46.94833],[-121.908446,46.949029],[-121.910205,46.949946],[-121.911635,46.950243],[-121.913045,46.951398],[-121.914046,46.951763],[-121.915368,46.95187],[-121.917306,46.952403]]}},
{"type":"Feature","properties":{"mountain_slug":"mount-rainier","name":"Westside Road","length_km":14.46,"elevation_gain_m":895,"source":"© OpenStreetMap contributors (ODbL), via Overture Maps"},"geometry":{"type":"LineString","coordinates":[[-121.88452,46.779055],[-121.885371,46.780105],[-121.886325,46.780593],[-121.886676,46.780926],[-121.886983,46.781804],[-121.88755,46.782849],[-121.887746,46.783882],[-121.886635,46.785805],[-121.885789,46.786986],[-121.885708,46.787245],[-121.885823,46.787682],[-121.886451,46.78825],[-121.886558,46.788498],[-121.886525,46.788706],[-121.886178,46.789081],[-121.884329,46.790041],[-121.883794,46.790807],[-121.883312,46.790974],[-121.88275,46.791022],[-121.882238,46.791301],[-121.882075,46.791563],[-121.881698,46.793431],[-121.881306,46.794583],[-121.881628,46.794854],[-121.881859,46.794826],[-121.883639,46.793603],[-121.884024,46.793538],[-121.884382,46.793808],[-121.885093,46.794966],[-121.885303,46.795106],[-121.885762,46.795185],[-121.886257,46.795048],[-121.888174,46.793747],[-121.888456,46.793688],[-121.888653,46.793733],[-121.888784,46.793892],[-121.888718,46.794103],[-121.887947,46.794374],[-121.887689,46.794691],[-121.887738,46.795002],[-121.888189,46.795521],[-121.88811,46.795878],[-121.887963,46.796004],[-121.887524,46.79611],[-121.886004,46.796116],[-121.885629,46.79606],[-121.885038,46.795841],[-121.884566,46.795808],[-121.884371,46.795962],[-121.884458,46.796036],[-121.885043,46.795942],[-121.886546,46.796687],[-121.887315,46.796865],[-121.888058,46.796754],[-121.889495,46.79597],[-121.889749,46.795773],[-121.890078,46.794917],[-121.890309,46.794674],[-121.890808,46.794629],[-121.893219,46.794951],[-121.894107,46.794953],[-121.894683,46.795087],[-121.895126,46.795358],[-121.895518,46.795724],[-121.896611,46.79604],[-121.896671,46.796216],[-121.89651,46.796413],[-121.896205,46.796448],[-121.896011,46.79639],[-121.895189,46.795884],[-121.894249,46.795522],[-121.893913,46.795524],[-121.89268,46.795773],[-121.892274,46.795937],[-121.892244,46.796143],[-121.892319,46.796277],[-121.89271,46.796364],[-121.893376,46.796024],[-121.894039,46.795964],[-121.894422,46.796115],[-121.895794,46.797099],[-121.897212,46.798613],[-121.898108,46.800928],[-121.898042,46.801423],[-121.8983,46.801786],[-121.898822,46.802097],[-121.899661,46.802376],[-121.901247,46.802801],[-121.903145,46.80309],[-121.904243,46.803579],[-121.905021,46.804371],[-121.905819,46.804849],[-121.905821,46.805115],[-121.905677,46.805229],[-121.905381,46.805278],[-121.904377,46.804675],[-121.903908,46.804501],[-121.901936,46.804536],[-121.901336,46.804487],[-121.899961,46.804057],[-121.898528,46.804015],[-121.896023,46.804152],[-121.894215,46.804611],[-121.892726,46.805172],[-121.892461,46.80567],[-121.892589,46.806059],[-121.892224,46.80628],[-121.891077,46.806638],[-121.891046,46.806785],[-121.891658,46.807064],[-121.891901,46.807255],[-121.891763,46.807835],[-121.891938,46.808057],[-121.892813,46.808133],[-121.894112,46.808038],[-121.895122,46.80788],[-121.895912,46.807597],[-121.896908,46.806985],[-121.897347,46.80687],[-121.897771,46.806917],[-121.899313,46.807642],[-121.901301,46.808358],[-121.902919,46.809038],[-121.904153,46.80976],[-121.904301,46.810072],[-121.904076,46.810409],[-121.903916,46.811109],[-121.904401,46.812057],[-121.905212,46.812882],[-121.907396,46.814476],[-121.907647,46.814839],[-121.907625,46.815326],[-121.907822,46.815767],[-121.910681,46.819346],[-121.911732,46.821024],[-121.913018,46.823818],[-121.913144,46.824588],[-121.912709,46.825298],[-121.911762,46.826342],[-121.911257,46.827486],[-121.911182,46.828398],[-121.910943,46.82864],[-121.909939,46.829011],[-121.909397,46.829709],[-121.909193,46.830268],[-121.909522,46.831315],[-121.909557,46.831823],[-121.909379,46.832514],[-121.90787,46.834319],[-121.907017,46.834884],[-121.906016,46.835251],[-121.905718,46.83551],[-121.905626,46.835781],[-121.905878,46.836134],[-121.906335,46.836352],[-121.908964,46.837162],[-121.910898,46.83762],[-121.911461,46.837912],[-121.912723,46.838337],[-121.913398,46.838921],[-121.91431,46.839468],[-121.914594,46.839879],[-121.914996,46.840831],[-121.91526,46.842117],[-121.915497,46.842517],[-121.916387,46.843167],[-121.916943,46.843909],[-121.917078,46.844363],[-121.916959,46.844922],[-121.917137,46.845357],[-121.917476,46.845687],[-121.918684,46.846487],[-121.918887,46.846988],[-121.91947,46.847853],[-121.919512,46.848186],[-121.919314,46.848352]]}},
{"type":"Feature","properties":{"mountain_slug":"mount-rainier","name":"Wonderland Trail","length_km":55.51,"elevation_gain_m":3960,"source":"© OpenStreetMap contributors (ODbL), via Overture Maps","note":"Longest of 4 OpenStreetMap pieces with this name that do not join into one line (55.5 of 126.1 km in the bbox)."},"geometry":{"type":"LineString","coordinates":[[-121.80984,46.76],[-121.809407,46.760583],[-121.808256,46.761503],[-121.808486,46.761572],[-121.809199,46.761579],[-121.808723,46.762051],[-121.807661,46.762568],[-121.807523,46.76274],[-121.806901,46.762909],[-121.806155,46.763329],[-121.806738,46.76322],[-121.807437,46.763331],[-121.806833,46.763529],[-121.806303,46.764095],[-121.806229,46.764238],[-121.806895,46.763952],[-121.806644,46.764594],[-121.805317,46.766068],[-121.804766,46.766472],[-121.804895,46.766578],[-121.805484,46.766593],[-121.806157,46.766462],[-121.80709,46.766179],[-121.807152,46.766102],[-121.807507,46.766183],[-121.808253,46.766043],[-121.808534,46.766152],[-121.808849,46.766915],[-121.808928,46.768032],[-121.808228,46.769481],[-121.80849,46.769943],[-121.808451,46.770295],[-121.808379,46.770603],[-121.808023,46.770896],[-121.807913,46.771445],[-121.807929,46.771673],[-121.808163,46.771945],[-121.808499,46.772024],[-121.80909,46.771993],[-121.809001,46.772358],[-121.809087,46.772535],[-121.80883,46.773113],[-121.808479,46.773626],[-121.808139,46.773922],[-121.808706,46.773681],[-121.808404,46.774109],[-121.808872,46.773981],[-121.808514,46.774388],[-121.807926,46.77484],[-121.808219,46.774927],[-121.808525,46.77513],[-121.808222,46.775226],[-121.807837,46.775561],[-121.807553,46.775542],[-121.807381,46.775675],[-121.806896,46.775661],[-121.806512,46.775849],[-121.80591,46.776222],[-121.805919,46.776605],[-121.805673,46.776796],[-121.805814,46.776977],[-121.80608,46.777041],[-121.806174,46.776668],[-121.806389,46.77656],[-121.806527,46.77661],[-121.806732,46.776526],[-121.806926,46.776688],[-121.807541,46.776756],[-121.808037,46.776729],[-121.808632,46.776879],[-121.809022,46.777523],[-121.80928,46.777493],[-121.811076,46.778408],[-121.810967,46.778674],[-121.810963,46.779732],[-121.811323,46.780108],[-121.811573,46.780088],[-121.81173,46.780342],[-121.811594,46.780686],[-121.811677,46.780976],[-121.811247,46.781302],[-121.81292,46.780972],[-121.813706,46.781178],[-121.813863,46.781357],[-121.813545,46.781319],[-121.813395,46.781367],[-121.813208,46.781615],[-121.812684,46.781826],[-121.812707,46.782185],[-121.812875,46.782402],[-121.812407,46.782313],[-121.812557,46.782484],[-121.81231,46.782413],[-121.812419,46.782543],[-121.812413,46.782787],[-121.812213,46.782605],[-121.811801,46.782436],[-121.811985,46.782802],[-121.812048,46.784057],[-121.81237,46.784705],[-121.812849,46.785077],[-121.812987,46.785295],[-121.812939,46.785661],[-121.813107,46.786514],[-121.813264,46.786632],[-121.813937,46.786672],[-121.814117,46.786547],[-121.814835,46.786403],[-121.815257,46.786205],[-121.815584,46.785727],[-121.81619,46.785261],[-121.816736,46.785074],[-121.816942,46.784849],[-121.817301,46.784739],[-121.818402,46.783949],[-121.819312,46.782925],[-121.819639,46.782764],[-121.821113,46.783015],[-121.821609,46.783235],[-121.822329,46.78334],[-121.823362,46.783318],[-121.824483,46.783086],[-121.82456,46.782957],[-121.824959,46.782838],[-121.825189,46.782846],[-121.825499,46.782608],[-121.826174,46.782381],[-121.826363,46.782199],[-121.82727,46.781945],[-121.827861,46.781288],[-121.828101,46.782382],[-121.828454,46.782386],[-121.828637,46.782307],[-121.82879,46.782373],[-121.828981,46.782026],[-121.829311,46.78221],[-121.829522,46.782206],[-121.82986,46.782063],[-121.830324,46.782213],[-121.831089,46.782216],[-121.8317,46.781947],[-121.832419,46.781872],[-121.832688,46.781666],[-121.83284,46.781698],[-121.832982,46.781963],[-121.833152,46.781822],[-121.83343,46.781772],[-121.833669,46.782067],[-121.833723,46.782338],[-121.834836,46.7825],[-121.835555,46.782825],[-121.835904,46.783299],[-121.835933,46.783472],[-121.835854,46.783702],[-121.83535,46.784293],[-121.835411,46.784484],[-121.835706,46.784666],[-121.835681,46.784887],[-121.835342,46.785071],[-121.834407,46.785955],[-121.833687,46.7872],[-121.834341,46.787861],[-121.834717,46.788059],[-121.835492,46.788189],[-121.835932,46.788404],[-121.836592,46.788942],[-121.836731,46.78937],[-121.8365,46.789607],[-121.836476,46.789938],[-121.83686,46.791098],[-121.837029,46.791291],[-121.837721,46.791627],[-121.837967,46.792105],[-121.838475,46.792241],[-121.838906,46.792621],[-121.839837,46.792902],[-121.840842,46.793521],[-121.841404,46.794052],[-121.842856,46.794719],[-121.842959,46.794954],[-121.841886,46.795483],[-121.841707,46.795705],[-121.841569,46.796125],[-121.841606,46.796501],[-121.841879,46.796987],[-121.84192,46.797545],[-121.842346,46.798011],[-121.842405,46.79822],[-121.841832,46.799411],[-121.842106,46.799567],[-121.842376,46.79944],[-121.842694,46.799288],[-121.842737,46.799156],[-121.843354,46.79884],[-121.843777,46.798484],[-121.844587,46.798403],[-121.844898,46.798432],[-121.845118,46.798565],[-121.845542,46.798502],[-121.846583,46.79881],[-121.847119,46.799512],[-121.847935,46.800335],[-121.847929,46.800548],[-121.847452,46.80036],[-121.847371,46.800408],[-121.847543,46.801025],[-121.847216,46.800948],[-121.847361,46.801124],[-121.847119,46.801135],[-121.847361,46.801466],[-121.84728,46.80155],[-121.846937,46.801499],[-121.846599,46.801601],[-121.84661,46.801693],[-121.846787,46.801767],[-121.846256,46.802013],[-121.845676,46.801914],[-121.845376,46.802035],[-121.845274,46.802317],[-121.844652,46.802905],[-121.844641,46.803067],[-121.84504,46.803686],[-121.845462,46.803919],[-121.845486,46.804056],[-121.845704,46.80415],[-121.845859,46.804433],[-121.846852,46.804381],[-121.846938,46.804323],[-121.847179,46.804451],[-121.847404,46.804326],[-121.847538,46.804554],[-121.847514,46.804777],[-121.847645,46.80484],[-121.849276,46.804724],[-121.849314,46.805219],[-121.849102,46.805239],[-121.848742,46.80569],[-121.846658,46.806036],[-121.845719,46.806685],[-121.844093,46.807292],[-121.843135,46.807499],[-121.842449,46.807737],[-121.843825,46.807929],[-121.842427,46.808497],[-121.842068,46.808472],[-121.841631,46.808623],[-121.843044,46.808842],[-121.842122,46.809133],[-121.841912,46.809283],[-121.841242,46.810216],[-121.841247,46.810399],[-121.840827,46.810997],[-121.840689,46.811409],[-121.84053,46.811471],[-121.840361,46.811411],[-121.840185,46.811446],[-121.840105,46.811574],[-121.840384,46.812962],[-121.840641,46.813259],[-121.841221,46.815508],[-121.841098,46.816462],[-121.840913,46.8169],[-121.841008,46.81798],[-121.840836,46.818228],[-121.84064,46.818866],[-121.839758,46.819956],[-121.839592,46.820499],[-121.839125,46.821274],[-121.839087,46.821402],[-121.839334,46.821424],[-121.839834,46.821103],[-121.839641,46.821659],[-121.83938,46.821966],[-121.840095,46.821754],[-121.840338,46.821808],[-121.840178,46.821602],[-121.840707,46.821077],[-121.841035,46.821313],[-121.841465,46.821288],[-121.841726,46.821175],[-121.842144,46.821123],[-121.843614,46.820536],[-121.845084,46.820152],[-121.845491,46.82016],[-121.845596,46.820195],[-121.84557,46.820267],[-121.845706,46.820196],[-121.84573,46.820263],[-121.845906,46.820153],[-121.845992,46.820251],[-121.846299,46.820147],[-121.846306,46.820199],[-121.847329,46.820086],[-121.848003,46.819889],[-121.849067,46.819392],[-121.849133,46.819335],[-121.848792,46.81926],[-121.84906,46.81914],[-121.850048,46.819103],[-121.850211,46.819253],[-121.850208,46.819416],[-121.850664,46.819137],[-121.850667,46.818898],[-121.850432,46.818733],[-121.850425,46.818629],[-121.850744,46.818387],[-121.851079,46.818269],[-121.850991,46.818508],[-121.851453,46.818593],[-121.851923,46.818551],[-121.851995,46.818651],[-121.85239,46.818479],[-121.852878,46.818531],[-121.852752,46.819079],[-121.852825,46.819182],[-121.853615,46.818954],[-121.854325,46.818648],[-121.854525,46.818771],[-121.854718,46.818702],[-121.855061,46.81856],[-121.85512,46.818325],[-121.855405,46.818351],[-121.855636,46.818475],[-121.855771,46.818169],[-121.856194,46.818348],[-121.856268,46.818313],[-121.85626,46.817824],[-121.855937,46.817582],[-121.856548,46.816913],[-121.857068,46.817042],[-121.857268,46.817244],[-121.857676,46.817155],[-121.858813,46.816381],[-121.859591,46.816267],[-121.859779,46.81611],[-121.859967,46.816102],[-121.860259,46.815766],[-121.860858,46.815346],[-121.861534,46.815316],[-121.862097,46.815132],[-121.862785,46.814713],[-121.863788,46.813844],[-121.864181,46.813625],[-121.864004,46.814078],[-121.864175,46.81425],[-121.864463,46.814347],[-121.864491,46.814602],[-121.864882,46.814654],[-121.864945,46.814775],[-121.865672,46.815008],[-121.865191,46.815279],[-121.864904,46.815677],[-121.864973,46.81591],[-121.864468,46.81678],[-121.863678,46.817219],[-121.864309,46.817349],[-121.864484,46.817316],[-121.864682,46.817447],[-121.864939,46.817431],[-121.8651,46.8177],[-121.864532,46.817775],[-121.864091,46.817986],[-121.863315,46.818049],[-121.863056,46.818188],[-121.862797,46.81817],[-121.862502,46.81839],[-121.863652,46.818677],[-121.864446,46.818776],[-121.865484,46.81882],[-121.865795,46.818767],[-121.866067,46.818822],[-121.865459,46.819133],[-121.863619,46.819649],[-121.861734,46.81983],[-121.863692,46.82024],[-121.864137,46.82024],[-121.865104,46.820094],[-121.86574,46.8202],[-121.866104,46.820171],[-121.866503,46.820268],[-121.867466,46.820249],[-121.866885,46.820572],[-121.866326,46.820684],[-121.865958,46.820886],[-121.865581,46.820942],[-121.865431,46.821036],[-121.865754,46.821141],[-121.866317,46.821132],[-121.866658,46.821241],[-121.867804,46.821219],[-121.868926,46.820973],[-121.869712,46.820886],[-121.871485,46.82104],[-121.872981,46.820983],[-121.873243,46.82106],[-121.872899,46.821234],[-121.871874,46.82149],[-121.871515,46.821726],[-121.870041,46.822089],[-121.869248,46.822473],[-121.86838,46.822755],[-121.867831,46.823059],[-121.867103,46.823623],[-121.866873,46.823706],[-121.865511,46.824048],[-121.86496,46.824035],[-121.864681,46.824187],[-121.864516,46.823923],[-121.864168,46.823925],[-121.863729,46.824709],[-121.86371,46.824919],[-121.863294,46.82505],[-121.863836,46.825236],[-121.863873,46.825377],[-121.863617,46.825638],[-121.863509,46.826164],[-121.863268,46.826424],[-121.864075,46.82744],[-121.864821,46.82803],[-121.864949,46.828301],[-121.865487,46.82817],[-121.865796,46.828435],[-121.865285,46.829285],[-121.864795,46.829869],[-121.864833,46.830861],[-121.864741,46.830982],[-121.864197,46.831142],[-121.864073,46.831255],[-121.864669,46.83236],[-121.864946,46.832514],[-121.864804,46.833083],[-121.865241,46.832908],[-121.865502,46.83295],[-121.865945,46.833379],[-121.866049,46.833817],[-121.866476,46.834077],[-121.866522,46.834192],[-121.867204,46.834556],[-121.867836,46.834741],[-121.868664,46.834231],[-121.868869,46.834236],[-121.869383,46.834068],[-121.871345,46.833813],[-121.872375,46.83387],[-121.872701,46.833962],[-121.873484,46.83438],[-121.874116,46.834497],[-121.875783,46.835018],[-121.876427,46.835029],[-121.877264,46.835155],[-121.877506,46.83535],[-121.87726,46.83601],[-121.876822,46.836273],[-121.876645,46.836313],[-121.876322,46.836234],[-121.875179,46.836757],[-121.874795,46.836652],[-121.874256,46.836615],[-121.873449,46.836665],[-121.873033,46.836934],[-121.873472,46.83696],[-121.873495,46.837039],[-121.873379,46.83711],[-121.873141,46.837105],[-121.872245,46.837423],[-121.871576,46.837328],[-121.871822,46.837491],[-121.872526,46.837683],[-121.87276,46.837952],[-121.871364,46.837812],[-121.870537,46.83781],[-121.871198,46.838125],[-121.870006,46.838107],[-121.87051,46.838386],[-121.869537,46.838312],[-121.869938,46.838517],[-121.868395,46.838499],[-121.868176,46.838554],[-121.868568,46.838676],[-121.867791,46.838852],[-121.867491,46.83878],[-121.867302,46.838933],[-121.866449,46.83892],[-121.865918,46.838728],[-121.865402,46.838673],[-121.864475,46.838804],[-121.864287,46.839341],[-121.863793,46.839537],[-121.863375,46.839536],[-121.863397,46.839861],[-121.863849,46.840362],[-121.86401,46.840372],[-121.864148,46.840057],[-121.864395,46.840317],[-121.864464,46.839846],[-121.864702,46.839301],[-121.864856,46.83917],[-121.86528,46.839104],[-121.866498,46.839757],[-121.867102,46.839891],[-121.867346,46.8399],[-121.867464,46.839827],[-121.867564,46.839949],[-121.86818,46.840054],[-121.868352,46.840341],[-121.868897,46.840624],[-121.868114,46.840541],[-121.86881,46.840843],[-121.868179,46.840825],[-121.868626,46.841009],[-121.867868,46.841112],[-121.86804,46.84117],[-121.867977,46.841278],[-121.868195,46.841317],[-121.868087,46.841443],[-121.86851,46.841469],[-121.868268,46.84168],[-121.868829,46.841656],[-121.868464,46.841867],[-121.869012,46.841942],[-121.86846,46.842275],[-121.868507,46.842387],[-121.869243,46.842606],[-121.869338,46.842692],[-121.869182,46.842748],[-121.868437,46.842676],[-121.868608,46.842801],[-121.869144,46.842972],[-121.86868,46.843048],[-121.869016,46.843187],[-121.868772,46.843333],[-121.869156,46.843521],[-121.869264,46.843809],[-121.869136,46.843989],[-121.868972,46.844051],[-121.869132,46.844067],[-121.869172,46.844436],[-121.869554,46.844713],[-121.869745,46.845145],[-121.869908,46.845222],[-121.869992,46.845387],[-121.869672,46.845601],[-121.869684,46.845692],[-121.869978,46.845864],[-121.869632,46.846206],[-121.869385,46.846271],[-121.869107,46.846623],[-121.86872,46.84657],[-121.868764,46.846671],[-121.869316,46.846922],[-121.869486,46.847236],[-121.870143,46.847291],[-121.870522,46.847191],[-121.871731,46.847347],[-121.872275,46.847211],[-121.872579,46.84732],[-121.873381,46.847354],[-121.873661,46.847289],[-121.87384,46.847132],[-121.874342,46.84712],[-121.874929,46.847198],[-121.876005,46.847694],[-121.876272,46.847601],[-121.877246,46.847515],[-121.878323,46.84781],[-121.878416,46.847915],[-121.878545,46.847865],[-121.878931,46.847968],[-121.879426,46.848233],[-121.880789,46.84821],[-121.881912,46.848645],[-121.882369,46.848647],[-121.882669,46.848524],[-121.883191,46.848611],[-121.884754,46.848654],[-121.886099,46.848865],[-121.88673,46.849036],[-121.887211,46.849039],[-121.887646,46.849225],[-121.888714,46.84935],[-121.89081,46.849902],[-121.891447,46.849925],[-121.892299,46.850262],[-121.892859,46.850726],[-121.892956,46.850935],[-121.892809,46.852161],[-121.89284,46.853336],[-121.892925,46.853907],[-121.89309,46.854251],[-121.893003,46.854548],[-121.893159,46.854691],[-121.893149,46.855025],[-121.893254,46.855159],[-121.893749,46.85541],[-121.893978,46.85572],[-121.894444,46.855751],[-121.894399,46.85598],[-121.894603,46.856098],[-121.894654,46.856229],[-121.89461,46.85662],[-121.894275,46.85724],[-121.894045,46.859065],[-121.894565,46.859313],[-121.894779,46.8592],[-121.894925,46.859315],[-121.895384,46.859345],[-121.896222,46.859141],[-121.896892,46.858842],[-121.897401,46.858768],[-121.897359,46.859425],[-121.896989,46.859813],[-121.896909,46.860044],[-121.896934,46.860137],[-121.8975,46.860366],[-121.897628,46.860507],[-121.897394,46.86134],[-121.89712,46.861685],[-121.897132,46.861853],[-121.897337,46.862167],[-121.897652,46.862386],[-121.898175,46.862589],[-121.898325,46.862852],[-121.898191,46.86297],[-121.897719,46.862955],[-121.897212,46.863164],[-121.896479,46.86418],[-121.895942,46.864602],[-121.895814,46.864856],[-121.895216,46.865288],[-121.894725,46.865514],[-121.894169,46.865558],[-121.893774,46.86548],[-121.893433,46.865707],[-121.892107,46.866176],[-121.891563,46.866491],[-121.891836,46.867299],[-121.891449,46.867772],[-121.891018,46.867974],[-121.89089,46.86817],[-121.892097,46.868674],[-121.893268,46.868951],[-121.895001,46.868705],[-121.89775,46.868537],[-121.899308,46.868543],[-121.900429,46.868741],[-121.901071,46.868735],[-121.901374,46.86891],[-121.901489,46.869105],[-121.901382,46.869737],[-121.900926,46.870118],[-121.900828,46.870417],[-121.901487,46.87217],[-121.901741,46.872517],[-121.90174,46.872755],[-121.90195,46.873011],[-121.901827,46.87319],[-121.901793,46.873705],[-121.901885,46.873913],[-121.902103,46.874007],[-121.90216,46.874298],[-121.902285,46.874411],[-121.902204,46.874552],[-121.902285,46.874657],[-121.901822,46.875243],[-121.902006,46.875508],[-121.903071,46.876016],[-121.902439,46.876583],[-121.902498,46.876749],[-121.90345,46.877194],[-121.903612,46.877414],[-121.903798,46.877879],[-121.903366,46.878212],[-121.903352,46.878595],[-121.903103,46.878797],[-121.903736,46.879186],[-121.903803,46.879338],[-121.903733,46.879535],[-121.903085,46.879825],[-121.902753,46.879829],[-121.902151,46.880159],[-121.902007,46.880368],[-121.901709,46.880146],[-121.900785,46.880352],[-121.899847,46.88035],[-121.899742,46.8805],[-121.899534,46.880546],[-121.899197,46.881088],[-121.899034,46.881564],[-121.899034,46.88208],[-121.899216,46.882142],[-121.898874,46.882294],[-121.89828,46.882372],[-121.898716,46.882609],[-121.899042,46.882641],[-121.899119,46.882749],[-121.898027,46.882599],[-121.897608,46.882733],[-121.89695,46.882743],[-121.896603,46.883233],[-121.896135,46.883401],[-121.895927,46.883572],[-121.895654,46.883537],[-121.895253,46.883681],[-121.894891,46.883644],[-121.894472,46.883813],[-121.894202,46.883817],[-121.893654,46.884],[-121.8934,46.884232],[-121.893028,46.88423],[-121.892388,46.884477],[-121.892038,46.884941],[-121.891978,46.885249],[-121.892105,46.885601],[-121.891926,46.885754],[-121.891834,46.886236],[-121.891989,46.886956],[-121.892177,46.887113],[-121.892136,46.887332],[-121.892699,46.887884],[-121.893222,46.888229],[-121.89399,46.889502],[-121.894574,46.889993],[-121.894612,46.890211],[-121.895053,46.890872],[-121.895613,46.891338],[-121.895938,46.891471],[-121.896443,46.89147],[-121.897016,46.891672],[-121.897679,46.891753],[-121.898922,46.892139],[-121.899178,46.892284],[-121.899306,46.892548],[-121.899345,46.89312],[-121.900117,46.894234],[-121.900259,46.894581],[-121.900617,46.894992],[-121.901585,46.895758],[-121.901913,46.895936],[-121.902521,46.896114],[-121.904382,46.89603],[-121.904988,46.896154],[-121.905458,46.896408],[-121.905926,46.896542],[-121.906664,46.896986],[-121.908719,46.897567],[-121.909574,46.897883],[-121.91091,46.898541],[-121.911392,46.898717],[-121.91185,46.898781],[-121.912668,46.899288],[-121.911597,46.899159],[-121.911221,46.899238],[-121.910918,46.899402],[-121.910459,46.900036],[-121.910216,46.900722],[-121.90976,46.900814],[-121.90879,46.900478],[-121.909071,46.900942],[-121.908651,46.90073],[-121.90839,46.90091],[-121.908727,46.901149],[-121.909112,46.90118],[-121.909071,46.901255],[-121.908101,46.901234],[-121.907151,46.901305],[-121.90617,46.901127],[-121.905273,46.90122],[-121.904198,46.901136],[-121.902428,46.90114],[-121.903128,46.901326],[-121.902109,46.901257],[-121.903726,46.901784],[-121.903043,46.901768],[-121.901422,46.901534],[-121.901953,46.901772],[-121.903467,46.902194],[-121.901256,46.902027],[-121.901694,46.902257],[-121.902678,46.902564],[-121.90011,46.902768],[-121.899628,46.902728],[-121.899951,46.903238],[-121.899983,46.903473],[-121.899818,46.90362],[-121.899888,46.903793],[-121.900198,46.90404],[-121.900535,46.904143],[-121.900553,46.904464],[-121.900319,46.904473],[-121.899711,46.904328],[-121.899713,46.904469],[-121.898076,46.904001],[-121.8979,46.903742],[-121.897451,46.903584],[-121.897062,46.903209],[-121.897189,46.903534],[-121.897493,46.903811],[-121.8971,46.903646],[-121.896486,46.90297],[-121.896708,46.903568],[-121.897126,46.904187],[-121.896322,46.903525],[-121.896389,46.903777],[-121.896099,46.903525],[-121.895726,46.903395],[-121.896011,46.904243],[-121.89634,46.904678],[-121.896268,46.904807],[-121.89634,46.904908],[-121.896689,46.905235],[-121.897212,46.905506],[-121.897389,46.905792],[-121.89779,46.905962],[-121.897696,46.906135],[-121.898507,46.906524],[-121.898118,46.906437],[-121.897442,46.906455],[-121.897877,46.906612],[-121.897949,46.906784],[-121.897525,46.906745],[-121.896682,46.906481],[-121.897081,46.906832],[-121.897829,46.907118],[-121.89844,46.907477],[-121.898393,46.907545],[-121.897823,46.907347],[-121.897575,46.90739],[-121.896448,46.906979],[-121.895739,46.906571],[-121.895713,46.906416],[-121.895494,46.906454],[-121.895129,46.906274],[-121.893534,46.905166],[-121.892748,46.904451],[-121.89231,46.904204],[-121.8924,46.904603],[-121.892615,46.904845],[-121.892732,46.905251],[-121.89245,46.90504],[-121.892228,46.905027],[-121.892103,46.905098],[-121.891903,46.905524],[-121.891681,46.905646],[-121.892292,46.906412],[-121.892719,46.906553],[-121.892932,46.907217],[-121.892587,46.907465],[-121.892556,46.907584],[-121.892259,46.907576],[-121.891516,46.907777],[-121.891403,46.908003],[-121.891047,46.908179],[-121.891002,46.90831],[-121.89111,46.908517],[-121.891019,46.908622],[-121.890997,46.909057],[-121.890882,46.909056],[-121.89088,46.909544],[-121.891456,46.909994],[-121.891691,46.91044],[-121.892109,46.910722],[-121.892407,46.911388],[-121.892455,46.911745],[-121.892662,46.911993],[-121.892628,46.912193],[-121.892831,46.91237],[-121.892844,46.912643],[-121.893164,46.912753],[-121.893784,46.913142],[-121.894125,46.913239],[-121.89419,46.913669],[-121.894379,46.913952],[-121.89431,46.914109],[-121.894406,46.914338],[-121.894614,46.914386],[-121.894654,46.914803],[-121.89455,46.915141],[-121.893938,46.914991],[-121.893633,46.915008],[-121.893648,46.915275],[-121.893938,46.915689],[-121.893914,46.91594],[-121.89401,46.916041],[-121.895131,46.91645],[-121.895596,46.916893],[-121.895094,46.916743],[-121.894107,46.916618],[-121.892071,46.916648],[-121.891092,46.916983],[-121.891583,46.916935],[-121.892425,46.917004],[-121.892305,46.917096],[-121.891295,46.917466],[-121.890887,46.917421],[-121.889844,46.91798],[-121.889216,46.918463],[-121.888225,46.918684],[-121.888667,46.918743],[-121.888025,46.918974],[-121.887719,46.919014],[-121.887289,46.918844],[-121.887088,46.919015],[-121.886759,46.919075],[-121.88612,46.919365],[-121.885681,46.919331],[-121.885088,46.919674],[-121.884673,46.919575],[-121.884117,46.9198],[-121.883779,46.919678],[-121.883596,46.919689],[-121.883205,46.919852],[-121.883074,46.919995],[-121.882782,46.92007],[-121.882151,46.920027],[-121.881801,46.920348],[-121.882188,46.920261],[-121.882579,46.92048],[-121.882834,46.920533],[-121.885214,46.920626],[-121.885662,46.920572],[-121.885767,46.92064],[-121.885292,46.92089],[-121.884478,46.921018],[-121.885402,46.92111],[-121.884102,46.921426],[-121.883479,46.921453],[-121.880606,46.922012],[-121.880232,46.922411],[-121.879944,46.922326],[-121.879592,46.92243],[-121.879448,46.92214],[-121.879221,46.922106],[-121.878923,46.922207],[-121.878613,46.922094],[-121.877961,46.922037],[-121.877643,46.92218],[-121.8772,46.922226],[-121.876834,46.922073],[-121.87639,46.922094],[-121.875806,46.921902],[-121.874794,46.921862],[-121.87415,46.921758],[-121.872863,46.921941],[-121.873583,46.922112],[-121.874006,46.922091],[-121.874144,46.922145],[-121.873971,46.922259],[-121.874583,46.922743],[-121.875081,46.922864],[-121.875065,46.922948],[-121.87411,46.923188],[-121.873886,46.923391],[-121.873609,46.924093],[-121.87267,46.924745],[-121.872128,46.925366],[-121.871544,46.926257],[-121.871147,46.926598],[-121.869806,46.927429],[-121.869075,46.927771],[-121.868809,46.928056],[-121.868616,46.929239],[-121.868449,46.929456],[-121.867901,46.929795],[-121.867171,46.930464],[-121.866628,46.930703],[-121.865788,46.930671],[-121.865435,46.930777],[-121.865195,46.930719],[-121.864828,46.930429],[-121.864729,46.930208],[-121.864927,46.929096],[-121.864852,46.928808],[-121.864724,46.928843],[-121.864364,46.929296],[-121.863286,46.929853],[-121.863129,46.93013],[-121.86294,46.930209],[-121.862816,46.930686],[-121.862988,46.931639],[-121.862648,46.931708],[-121.862619,46.931784],[-121.862933,46.93206],[-121.863253,46.932141],[-121.863261,46.932458],[-121.863537,46.932751],[-121.86349,46.932954],[-121.863183,46.933045],[-121.86305,46.9332],[-121.863275,46.933471],[-121.863275,46.933773],[-121.863476,46.933753],[-121.863653,46.933874],[-121.863799,46.933869],[-121.864028,46.933617],[-121.864459,46.933666],[-121.864603,46.933559],[-121.864872,46.933783],[-121.865294,46.933777],[-121.865444,46.933874],[-121.86548,46.934017],[-121.865913,46.934379],[-121.865677,46.934733],[-121.86584,46.935054],[-121.865861,46.935472],[-121.866245,46.935957],[-121.866589,46.936209],[-121.867191,46.937648],[-121.867161,46.938004],[-121.866608,46.939025],[-121.865436,46.940066],[-121.864707,46.940879],[-121.864514,46.941716],[-121.86497,46.941885],[-121.8651,46.942159],[-121.865461,46.942328],[-121.866121,46.943542],[-121.866011,46.943821],[-121.866044,46.944371],[-121.866321,46.944771],[-121.866491,46.945235],[-121.866118,46.946157],[-121.866029,46.946939],[-121.866153,46.947327],[-121.866678,46.947862],[-121.866994,46.94834],[-121.867426,46.949165],[-121.867498,46.949503],[-121.86825,46.950672],[-121.868082,46.950885],[-121.868109,46.951431],[-121.868,46.951457],[-121.867571,46.951227],[-121.867112,46.951218],[-121.867353,46.951401],[-121.867315,46.952105],[-121.866898,46.951775],[-121.866476,46.951656],[-121.866651,46.951906],[-121.866681,46.952143],[-121.865895,46.953665],[-121.86567,46.953496],[-121.865186,46.954426],[-121.865117,46.954892],[-121.864843,46.95454],[-121.8647,46.953878],[-121.864471,46.95443],[-121.863916,46.955143],[-121.863658,46.954488],[-121.863527,46.954709],[-121.863428,46.954563],[-121.862853,46.954226],[-121.862902,46.953661],[-121.862606,46.953957],[-121.862557,46.953579],[-121.862152,46.953083],[-121.862014,46.952991],[-121.861502,46.952899],[-121.86104,46.952987],[-121.860604,46.953217],[-121.859663,46.954],[-121.857847,46.954647],[-121.856029,46.955711],[-121.855112,46.956479],[-121.85362,46.957458],[-121.853194,46.958222],[-121.851867,46.959498],[-121.851037,46.96]]}},
{"type":"Feature","properties":{"mountain_slug":"mount-rainier","name":"Yellowstone Cliffs Camp Spur Trail","length_km":0.26,"elevation_gain_m":22,"source":"© OpenStreetMap contributors (ODbL), via Overture Maps"},"geometry":{"type":"LineString","coordinates":[[-121.765723,46.958073],[-121.765895,46.958317],[-121.765798,46.958546],[-121.765907,46.958769],[-121.766503,46.959116],[-121.767522,46.959428],[-121.767772,46.959586]]}}
]}
