{"type": "FeatureCollection", "attribution": "© OpenStreetMap contributors (ODbL 1.0), via Overture Maps Foundation release 2026-09-23.0", "license": "ODbL-1.0", "source": "https://overturemaps-us-west-2.s3.amazonaws.com/release/2026-09-23.0/theme=transportation/type=segment/", "hero_trail": "Skyline Trail", "hero_length_mi": 5.512, "elevation": "meters above the EGM2008 geoid, sampled from the Copernicus DEM (step 10)", "features": [
{"type":"Feature","properties":{"trail":"Guide House Trail","hero":false,"class":null,"length_m":174.4},"geometry":{"type":"LineString","coordinates":[[-121.736096,46.788277,1687.3],[-121.735865,46.788157,1683.9],[-121.735835,46.788098,1682.5],[-121.735766,46.788046,1681.4],[-121.735642,46.787999,1680.4],[-121.735589,46.787942,1679.1],[-121.735503,46.787892,1677.4],[-121.735369,46.787861,1675.5],[-121.735308,46.787815,1673.9],[-121.735159,46.78766,1671.4],[-121.735005,46.787428,1667.8],[-121.735064,46.787291,1665.6],[-121.735047,46.787039,1662.2]]}},
{"type":"Feature","properties":{"trail":"Waterfall Trail","hero":false,"class":null,"length_m":83.3},"geometry":{"type":"LineString","coordinates":[[-121.73623,46.788364,1689.9],[-121.73645,46.788352,1691.0],[-121.736771,46.78827,1691.9],[-121.736982,46.788213,1693.0],[-121.737284,46.78821,1694.8]]}},
{"type":"Feature","properties":{"trail":"Waterfall Trail","hero":false,"class":null,"length_m":298.4},"geometry":{"type":"LineString","coordinates":[[-121.73623,46.788364,1689.9],[-121.736056,46.78837,1689.3],[-121.735772,46.788338,1688.0],[-121.735451,46.788335,1688.2],[-121.735129,46.788332,1687.7],[-121.734808,46.788329,1686.4],[-121.734564,46.788274,1685.7],[-121.734321,46.78822,1684.6],[-121.734163,46.788206,1683.9],[-121.734046,46.788218,1682.9],[-121.733865,46.788275,1682.5],[-121.733632,46.788377,1681.1],[-121.733421,46.788468,1680.3],[-121.733211,46.788559,1679.4],[-121.732928,46.78867,1679.0],[-121.732784,46.788702,1678.5],[-121.732681,46.788708,1676.8],[-121.732546,46.788684,1673.8]]}},
{"type":"Feature","properties":{"trail":"Alta Vista Trail","hero":false,"class":null,"length_m":72.3},"geometry":{"type":"LineString","coordinates":[[-121.737284,46.78821,1694.8],[-121.737227,46.788359,1696.6],[-121.737105,46.788545,1698.7],[-121.737009,46.788676,1701.6],[-121.736913,46.788806,1705.4]]}},
{"type":"Feature","properties":{"trail":"Waterfall Trail","hero":false,"class":null,"length_m":287.9},"geometry":{"type":"LineString","coordinates":[[-121.737284,46.78821,1694.8],[-121.73743,46.788265,1694.9],[-121.73769,46.788369,1696.5],[-121.737846,46.788443,1698.7],[-121.738041,46.788579,1702.0],[-121.738315,46.788733,1704.3],[-121.738545,46.788918,1708.9],[-121.738708,46.788996,1708.8],[-121.738872,46.789073,1708.3],[-121.738975,46.789138,1708.5],[-121.739051,46.789244,1709.4],[-121.7392,46.789427,1710.7],[-121.739314,46.789529,1711.3],[-121.739385,46.78965,1713.3],[-121.739425,46.789686,1713.5],[-121.739459,46.789725,1714.1],[-121.739546,46.789751,1714.5],[-121.73966,46.789775,1714.6],[-121.739714,46.789824,1715.4],[-121.739735,46.789931,1717.6],[-121.739759,46.789984,1718.7],[-121.73976,46.790028,1719.3]]}},
{"type":"Feature","properties":{"trail":"Alta Vista Trail","hero":false,"class":null,"length_m":239.3},"geometry":{"type":"LineString","coordinates":[[-121.737284,46.78821,1694.8],[-121.737398,46.787984,1692.7],[-121.737512,46.787758,1691.2],[-121.737626,46.787532,1689.1],[-121.737737,46.787339,1687.5],[-121.737849,46.787147,1685.5],[-121.737952,46.787012,1684.5],[-121.738055,46.786876,1683.5],[-121.738285,46.786733,1682.6],[-121.738516,46.786589,1680.5],[-121.738659,46.786463,1678.9],[-121.738798,46.786378,1678.4]]}},
{"type":"Feature","properties":{"trail":"Alta Vista Trail","hero":false,"class":null,"length_m":220.6},"geometry":{"type":"LineString","coordinates":[[-121.736913,46.788806,1705.4],[-121.73688,46.788863,1707.0],[-121.736812,46.788938,1709.5],[-121.7367,46.789011,1711.4],[-121.736645,46.789058,1712.3],[-121.736625,46.789103,1713.5],[-121.736628,46.789158,1715.3],[-121.736691,46.789254,1719.2],[-121.736691,46.789292,1720.3],[-121.736675,46.789342,1721.6],[-121.736627,46.789415,1723.3],[-121.736522,46.789533,1725.9],[-121.736485,46.789584,1727.2],[-121.736476,46.789636,1728.8],[-121.73649,46.789775,1733.6],[-121.736452,46.789846,1736.2],[-121.736334,46.789901,1737.9],[-121.736232,46.789969,1739.9],[-121.736098,46.789995,1740.1],[-121.735999,46.790079,1744.7],[-121.735889,46.790147,1747.5],[-121.735806,46.790234,1750.9],[-121.735688,46.790349,1754.2],[-121.735659,46.790392,1755.0],[-121.735644,46.790428,1755.7]]}},
{"type":"Feature","properties":{"trail":null,"hero":false,"class":"path","length_m":397.8},"geometry":{"type":"LineString","coordinates":[[-121.735644,46.790428,1755.7],[-121.735587,46.79045,1755.6],[-121.735447,46.790607,1756.5],[-121.735406,46.790679,1756.7],[-121.735377,46.790762,1757.0],[-121.735412,46.790923,1757.8],[-121.735456,46.791059,1758.3],[-121.73548,46.791207,1759.1],[-121.735504,46.791355,1760.3],[-121.735586,46.791526,1764.8],[-121.73556,46.791783,1767.5],[-121.7356,46.791916,1771.2],[-121.735639,46.792049,1773.9],[-121.735691,46.792202,1777.1],[-121.735728,46.792246,1778.8],[-121.735747,46.792345,1779.2],[-121.735829,46.792403,1783.9],[-121.735925,46.792509,1788.8],[-121.735924,46.792617,1787.6],[-121.735966,46.792692,1788.4],[-121.735911,46.792792,1785.5],[-121.735967,46.792857,1787.6],[-121.736004,46.793085,1790.1],[-121.736042,46.793313,1792.6],[-121.736079,46.793541,1793.6],[-121.736117,46.793769,1795.7],[-121.736143,46.793844,1796.1]]}},
{"type":"Feature","properties":{"trail":null,"hero":false,"class":"footway","length_m":136.1},"geometry":{"type":"LineString","coordinates":[[-121.737759,46.792298,1768.5],[-121.737811,46.792315,1767.9],[-121.737818,46.79233,1768.0],[-121.737801,46.792511,1769.3],[-121.737785,46.79268,1772.2],[-121.737861,46.792808,1775.2],[-121.73786,46.792966,1778.9],[-121.73778,46.793171,1782.3],[-121.737771,46.793255,1783.8],[-121.737824,46.793479,1786.7]]}},
{"type":"Feature","properties":{"trail":"Dead Horse Creek Trail","hero":false,"class":null,"length_m":614.1},"geometry":{"type":"LineString","coordinates":[[-121.737824,46.793479,1786.7],[-121.737734,46.793675,1789.0],[-121.737644,46.793872,1791.9],[-121.737626,46.793978,1793.6],[-121.737642,46.794147,1796.4],[-121.737613,46.794324,1800.3],[-121.737526,46.794477,1803.4],[-121.737447,46.79451,1804.1],[-121.737455,46.794552,1804.9],[-121.737527,46.794574,1805.3],[-121.737678,46.794601,1806.7],[-121.737706,46.794676,1808.4],[-121.737702,46.794737,1809.5],[-121.737637,46.794896,1811.5],[-121.737571,46.795054,1813.9],[-121.737523,46.795117,1815.2],[-121.737323,46.795269,1818.1],[-121.737267,46.795385,1819.6],[-121.737229,46.795615,1822.3],[-121.737174,46.795734,1823.3],[-121.737034,46.795941,1826.4],[-121.736894,46.796148,1830.1],[-121.736838,46.796266,1831.9],[-121.736802,46.796457,1833.9],[-121.736767,46.796649,1835.1],[-121.736731,46.79684,1837.2],[-121.736719,46.797028,1839.8],[-121.736706,46.797215,1843.1],[-121.736591,46.797428,1846.3],[-121.736477,46.79764,1849.2],[-121.736362,46.797853,1851.7],[-121.736254,46.79796,1852.5],[-121.736164,46.797988,1854.3],[-121.735804,46.798023,1857.8],[-121.735669,46.798032,1858.1],[-121.735361,46.798164,1859.0]]}},
{"type":"Feature","properties":{"trail":"Dead Horse Creek Trail","hero":false,"class":null,"length_m":92.8},"geometry":{"type":"LineString","coordinates":[[-121.737824,46.793479,1786.7],[-121.737913,46.793373,1786.1],[-121.738126,46.793178,1784.3],[-121.738355,46.793032,1782.3],[-121.738515,46.792955,1780.6],[-121.738686,46.792931,1779.7]]}},
{"type":"Feature","properties":{"trail":"Alta Vista Trail","hero":false,"class":null,"length_m":33.1},"geometry":{"type":"LineString","coordinates":[[-121.736116,46.794138,1796.7],[-121.73613,46.794043,1796.5],[-121.73616,46.793965,1796.3],[-121.736153,46.793914,1796.3],[-121.736143,46.793844,1796.1]]}},
{"type":"Feature","properties":{"trail":"Dead Horse Creek Trail","hero":false,"class":null,"length_m":497.5},"geometry":{"type":"LineString","coordinates":[[-121.738686,46.792931,1779.7],[-121.738788,46.792867,1779.2],[-121.738874,46.792692,1777.9],[-121.738991,46.792564,1776.4],[-121.739057,46.792514,1776.3],[-121.739234,46.79243,1774.6],[-121.739279,46.792389,1773.5],[-121.739279,46.792344,1772.1],[-121.739285,46.792316,1771.3],[-121.739341,46.792281,1770.9],[-121.73948,46.792224,1771.6],[-121.739591,46.792125,1769.1],[-121.739709,46.79207,1769.1],[-121.739781,46.791965,1766.4],[-121.739928,46.791813,1763.5],[-121.740017,46.791714,1760.9],[-121.740074,46.791578,1756.1],[-121.740116,46.791515,1754.3],[-121.740183,46.791462,1753.1],[-121.740312,46.791433,1753.5],[-121.740406,46.791414,1753.4],[-121.740457,46.791374,1752.5],[-121.740457,46.791323,1751.1],[-121.740561,46.791087,1746.6],[-121.740576,46.790972,1744.3],[-121.740563,46.790884,1742.5],[-121.740539,46.79082,1741.0],[-121.740423,46.790731,1737.7],[-121.740376,46.790721,1736.8],[-121.740311,46.790733,1736.0],[-121.740186,46.790838,1735.6],[-121.740097,46.790927,1736.4],[-121.740065,46.790945,1736.4],[-121.739962,46.790961,1735.7],[-121.73978,46.790964,1734.3],[-121.739678,46.790959,1733.6],[-121.739616,46.790939,1733.1],[-121.739578,46.790904,1732.4],[-121.739556,46.790807,1730.7],[-121.739572,46.79074,1729.6],[-121.739574,46.7907,1728.9],[-121.739607,46.790623,1727.6],[-121.739588,46.790566,1726.5],[-121.739519,46.79051,1725.5],[-121.739474,46.790461,1724.8],[-121.739447,46.790384,1724.0],[-121.739424,46.790287,1723.3],[-121.739444,46.790237,1722.8],[-121.739502,46.79018,1722.2],[-121.739623,46.790133,1721.1],[-121.739706,46.790085,1720.0],[-121.73976,46.790028,1719.3]]}},
{"type":"Feature","properties":{"trail":"Moraine Trail","hero":false,"class":null,"length_m":789.4},"geometry":{"type":"LineString","coordinates":[[-121.738686,46.792931,1779.7],[-121.738723,46.792944,1779.5],[-121.738784,46.792939,1779.2],[-121.738973,46.79289,1778.0],[-121.739161,46.79284,1776.9],[-121.739342,46.792735,1776.1],[-121.739497,46.792718,1775.1],[-121.739636,46.792716,1774.8],[-121.739849,46.79272,1774.4],[-121.73993,46.792731,1774.0],[-121.739978,46.792748,1773.5],[-121.739993,46.792768,1773.0],[-121.739966,46.79281,1772.5],[-121.739963,46.792901,1771.9],[-121.739984,46.792947,1771.4],[-121.740012,46.793057,1769.8],[-121.739956,46.793205,1767.1],[-121.739947,46.793369,1763.8],[-121.739959,46.793439,1762.4],[-121.740009,46.793433,1760.4],[-121.74007,46.793348,1759.2],[-121.740129,46.793287,1758.5],[-121.740163,46.793302,1756.8],[-121.740163,46.793441,1754.7],[-121.740231,46.793675,1749.2],[-121.740212,46.793728,1749.1],[-121.740132,46.793897,1749.1],[-121.740157,46.794058,1745.9],[-121.740132,46.794145,1745.1],[-121.740038,46.79427,1746.6],[-121.739984,46.794452,1748.1],[-121.739941,46.794534,1748.2],[-121.739981,46.794605,1744.7],[-121.739945,46.794686,1744.3],[-121.739836,46.794773,1746.3],[-121.739776,46.794872,1746.1],[-121.739738,46.794981,1744.9],[-121.739585,46.795153,1747.8],[-121.739527,46.795284,1745.0],[-121.73947,46.795414,1743.4],[-121.739384,46.795589,1743.0],[-121.739298,46.795764,1744.9],[-121.739212,46.795939,1745.4],[-121.739188,46.79608,1744.1],[-121.739136,46.796222,1744.3],[-121.739084,46.796363,1744.2],[-121.739084,46.796534,1742.6],[-121.738976,46.796791,1744.2],[-121.738964,46.796997,1743.4],[-121.738952,46.797202,1740.2],[-121.738928,46.797325,1739.9],[-121.738947,46.797537,1737.4],[-121.738923,46.797687,1740.1],[-121.738939,46.797858,1738.0],[-121.738928,46.798087,1732.8],[-121.739014,46.798247,1730.9],[-121.739116,46.798266,1730.0]]}},
{"type":"Feature","properties":{"trail":null,"hero":false,"class":"footway","length_m":2.4},"geometry":{"type":"LineString","coordinates":[[-121.736432,46.78636,1655.3],[-121.736426,46.786339,1655.1]]}},
{"type":"Feature","properties":{"trail":null,"hero":false,"class":"steps","length_m":3.3},"geometry":{"type":"LineString","coordinates":[[-121.736432,46.78636,1655.3],[-121.736445,46.786389,1655.6]]}},
{"type":"Feature","properties":{"trail":null,"hero":false,"class":"footway","length_m":3.8},"geometry":{"type":"LineString","coordinates":[[-121.736426,46.786339,1655.1],[-121.736377,46.786337,1655.0]]}},
{"type":"Feature","properties":{"trail":null,"hero":false,"class":"footway","length_m":38.6},"geometry":{"type":"LineString","coordinates":[[-121.736426,46.786339,1655.1],[-121.736466,46.786323,1655.0],[-121.736513,46.786293,1654.7],[-121.736615,46.786198,1653.5],[-121.736628,46.786158,1652.9],[-121.73667,46.786048,1652.2]]}},
{"type":"Feature","properties":{"trail":null,"hero":false,"class":"footway","length_m":3.8},"geometry":{"type":"LineString","coordinates":[[-121.736445,46.786389,1655.6],[-121.736453,46.786418,1656.1],[-121.736454,46.786422,1656.1]]}},
{"type":"Feature","properties":{"trail":null,"hero":false,"class":"footway","length_m":35.0},"geometry":{"type":"LineString","coordinates":[[-121.736377,46.786337,1655.0],[-121.736319,46.786329,1654.9],[-121.736199,46.786302,1654.4],[-121.736052,46.78625,1653.5],[-121.735959,46.786213,1652.8]]}},
{"type":"Feature","properties":{"trail":null,"hero":false,"class":"footway","length_m":37.7},"geometry":{"type":"LineString","coordinates":[[-121.736377,46.786337,1655.0],[-121.736343,46.786383,1655.4],[-121.73631,46.78641,1655.8],[-121.736079,46.786452,1656.0],[-121.735953,46.786467,1655.9]]}},
{"type":"Feature","properties":{"trail":null,"hero":false,"class":"footway","length_m":12.4},"geometry":{"type":"LineString","coordinates":[[-121.735953,46.786467,1655.9],[-121.73586,46.786441,1655.4],[-121.735806,46.78642,1655.2]]}},
{"type":"Feature","properties":{"trail":null,"hero":false,"class":"footway","length_m":32.8},"geometry":{"type":"LineString","coordinates":[[-121.735953,46.786467,1655.9],[-121.735998,46.786484,1656.2],[-121.736078,46.786496,1656.6],[-121.736148,46.786515,1657.0],[-121.736195,46.786522,1657.2],[-121.736267,46.786512,1657.2],[-121.736364,46.786529,1657.6]]}},
{"type":"Feature","properties":{"trail":"Avalanche Lily Trail","hero":false,"class":null,"length_m":81.0},"geometry":{"type":"LineString","coordinates":[[-121.739999,46.786706,1673.0],[-121.740049,46.786515,1674.4],[-121.740012,46.786323,1676.4],[-121.739934,46.786197,1676.2],[-121.739836,46.786096,1676.0],[-121.739745,46.786042,1675.8]]}},
{"type":"Feature","properties":{"trail":null,"hero":false,"class":"footway","length_m":411.0},"geometry":{"type":"LineString","coordinates":[[-121.739999,46.786706,1673.0],[-121.739883,46.786788,1673.7],[-121.739725,46.786922,1674.9],[-121.739664,46.787,1675.2],[-121.739651,46.787044,1675.2],[-121.739663,46.787136,1675.1],[-121.73975,46.787226,1675.2],[-121.73991,46.787396,1675.7],[-121.739965,46.787529,1676.9],[-121.740005,46.787585,1678.0],[-121.740177,46.787699,1680.8],[-121.740266,46.787828,1682.9],[-121.740303,46.787943,1684.9],[-121.740283,46.788033,1686.4],[-121.740213,46.788226,1689.9],[-121.740189,46.788319,1691.4],[-121.740206,46.788452,1694.5],[-121.740168,46.788602,1696.8],[-121.740168,46.788738,1699.8],[-121.740138,46.788836,1701.3],[-121.740037,46.78902,1703.6],[-121.739996,46.789167,1706.6],[-121.739963,46.789294,1709.2],[-121.739948,46.789466,1713.1],[-121.739903,46.78961,1714.4],[-121.739904,46.789664,1715.4],[-121.739926,46.789693,1716.4],[-121.739953,46.789738,1717.5],[-121.739954,46.789801,1717.9],[-121.739923,46.789876,1718.1],[-121.73993,46.78996,1718.9],[-121.739919,46.790004,1719.3],[-121.73988,46.79005,1720.2],[-121.739844,46.790057,1720.1],[-121.739798,46.79004,1719.7],[-121.73976,46.790028,1719.3]]}},
{"type":"Feature","properties":{"trail":null,"hero":false,"class":"footway","length_m":214.2},"geometry":{"type":"LineString","coordinates":[[-121.739999,46.786706,1673.0],[-121.740252,46.78663,1668.9],[-121.740333,46.786579,1668.9],[-121.740442,46.786455,1670.2],[-121.740535,46.786351,1670.2],[-121.740749,46.786213,1665.4],[-121.740872,46.786104,1663.1],[-121.740888,46.786019,1662.4],[-121.740996,46.785929,1659.3],[-121.741016,46.785732,1658.5],[-121.741052,46.785606,1657.0],[-121.741108,46.785497,1655.0],[-121.741268,46.785467,1651.0],[-121.741355,46.785447,1649.0],[-121.741472,46.785227,1646.9]]}},
{"type":"Feature","properties":{"trail":"Avalanche Lily Trail","hero":false,"class":null,"length_m":46.1},"geometry":{"type":"LineString","coordinates":[[-121.739745,46.786042,1675.8],[-121.739673,46.786023,1675.6],[-121.739533,46.786009,1675.2],[-121.739338,46.786053,1674.9],[-121.739162,46.786078,1674.1]]}},
{"type":"Feature","properties":{"trail":null,"hero":false,"class":"footway","length_m":82.4},"geometry":{"type":"LineString","coordinates":[[-121.739745,46.786042,1675.8],[-121.739455,46.786177,1676.8],[-121.739166,46.786312,1676.9],[-121.738798,46.786378,1678.4]]}},
{"type":"Feature","properties":{"trail":"Nisqually Vista Trail","hero":false,"class":null,"length_m":370.3},"geometry":{"type":"LineString","coordinates":[[-121.741472,46.785227,1646.9],[-121.741556,46.785353,1646.4],[-121.741633,46.785472,1646.0],[-121.741704,46.785606,1645.3],[-121.741717,46.785655,1644.8],[-121.741693,46.785683,1645.1],[-121.741618,46.785747,1645.8],[-121.741607,46.785776,1645.9],[-121.741626,46.785851,1645.4],[-121.741628,46.785944,1645.0],[-121.741637,46.78596,1644.9],[-121.741726,46.786042,1644.0],[-121.741885,46.786095,1644.0],[-121.741999,46.786091,1644.2],[-121.74233,46.78601,1643.1],[-121.742415,46.785991,1642.5],[-121.742482,46.786,1642.9],[-121.742546,46.78605,1645.3],[-121.742591,46.786102,1647.5],[-121.742666,46.786275,1649.3],[-121.742726,46.786517,1649.4],[-121.742782,46.786585,1648.5],[-121.742853,46.786636,1647.1],[-121.742926,46.786661,1645.8],[-121.743007,46.786663,1644.7],[-121.743154,46.786623,1643.5],[-121.743218,46.786594,1643.0],[-121.743309,46.786525,1642.3],[-121.743453,46.786389,1640.3],[-121.74354,46.786353,1639.1],[-121.743689,46.786343,1636.5],[-121.743787,46.786367,1634.4],[-121.743963,46.786445,1631.2],[-121.744044,46.786502,1630.0],[-121.744141,46.786674,1628.1]]}},
{"type":"Feature","properties":{"trail":"Nisqually Vista Trail","hero":false,"class":null,"length_m":11.4},"geometry":{"type":"LineString","coordinates":[[-121.741472,46.785227,1646.9],[-121.741476,46.78517,1645.9],[-121.741495,46.785126,1644.9]]}},
{"type":"Feature","properties":{"trail":"Avalanche Lily Trail","hero":false,"class":null,"length_m":220.4},"geometry":{"type":"LineString","coordinates":[[-121.739162,46.786078,1674.1],[-121.738949,46.786107,1672.4],[-121.738671,46.78616,1671.7],[-121.73843,46.786191,1670.3],[-121.738255,46.786182,1668.5],[-121.738081,46.786143,1666.4],[-121.73785,46.78611,1664.7],[-121.737619,46.786078,1661.0],[-121.737398,46.786089,1658.1],[-121.737152,46.786138,1655.9],[-121.73699,46.786234,1656.0],[-121.736824,46.786349,1656.7],[-121.736703,46.786408,1656.6],[-121.736615,46.786457,1657.1],[-121.736556,46.786487,1657.5],[-121.736518,46.786502,1657.6]]}},
{"type":"Feature","properties":{"trail":"Alta Vista Trail","hero":false,"class":null,"length_m":159.0},"geometry":{"type":"LineString","coordinates":[[-121.739162,46.786078,1674.1],[-121.739239,46.786006,1673.9],[-121.739471,46.785808,1672.6],[-121.739655,46.785699,1669.8],[-121.739722,46.785622,1667.5],[-121.739792,46.785444,1662.5],[-121.739942,46.785224,1656.3],[-121.739969,46.785181,1655.5],[-121.740017,46.78515,1654.8],[-121.740124,46.785126,1654.1],[-121.740191,46.785088,1653.1],[-121.740234,46.785016,1651.4],[-121.740317,46.784938,1649.6]]}},
{"type":"Feature","properties":{"trail":"Alta Vista Trail","hero":false,"class":null,"length_m":43.4},"geometry":{"type":"LineString","coordinates":[[-121.739162,46.786078,1674.1],[-121.73898,46.786228,1675.2],[-121.738798,46.786378,1678.4]]}},
{"type":"Feature","properties":{"trail":null,"hero":false,"class":"footway","length_m":4.5},"geometry":{"type":"LineString","coordinates":[[-121.736518,46.786502,1657.6],[-121.736484,46.786468,1657.0]]}},
{"type":"Feature","properties":{"trail":null,"hero":false,"class":"footway","length_m":12.1},"geometry":{"type":"LineString","coordinates":[[-121.736518,46.786502,1657.6],[-121.736364,46.786529,1657.6]]}},
{"type":"Feature","properties":{"trail":null,"hero":false,"class":"footway","length_m":70.2},"geometry":{"type":"LineString","coordinates":[[-121.740317,46.784938,1649.6],[-121.740096,46.784944,1650.5],[-121.739856,46.784953,1650.8],[-121.739617,46.784961,1649.8],[-121.739406,46.785003,1648.7]]}},
{"type":"Feature","properties":{"trail":null,"hero":false,"class":"footway","length_m":138.3},"geometry":{"type":"LineString","coordinates":[[-121.740317,46.784938,1649.6],[-121.740541,46.784882,1648.6],[-121.740715,46.784811,1647.7],[-121.7409,46.784692,1645.5],[-121.74114,46.784532,1642.2],[-121.741247,46.784493,1640.8],[-121.741306,46.784424,1639.7],[-121.741395,46.784356,1638.9],[-121.741445,46.784326,1638.3],[-121.741457,46.784298,1638.1],[-121.741485,46.784255,1637.6],[-121.741528,46.784237,1637.2],[-121.741609,46.784236,1636.5],[-121.741656,46.784229,1636.1],[-121.741705,46.784211,1635.5]]}},
{"type":"Feature","properties":{"trail":null,"hero":false,"class":"steps","length_m":5.6},"geometry":{"type":"LineString","coordinates":[[-121.736484,46.786468,1657.0],[-121.736454,46.786422,1656.1]]}},
{"type":"Feature","properties":{"trail":null,"hero":false,"class":"footway","length_m":77.4},"geometry":{"type":"LineString","coordinates":[[-121.736364,46.786529,1657.6],[-121.7363,46.786534,1657.5],[-121.736253,46.78655,1657.7],[-121.736198,46.786558,1657.7],[-121.73612,46.786601,1658.1],[-121.735923,46.78669,1658.3],[-121.735726,46.786778,1658.9],[-121.735482,46.786857,1659.6]]}},
{"type":"Feature","properties":{"trail":null,"hero":false,"class":"path","length_m":19.5},"geometry":{"type":"LineString","coordinates":[[-121.758948,46.770792,1221.1],[-121.75885,46.770833,1221.3],[-121.758712,46.770852,1219.6]]}},
{"type":"Feature","properties":{"trail":null,"hero":false,"class":"path","length_m":4.6},"geometry":{"type":"LineString","coordinates":[[-121.758948,46.770792,1221.1],[-121.758908,46.770761,1220.2]]}},
{"type":"Feature","properties":{"trail":null,"hero":false,"class":"path","length_m":26.8},"geometry":{"type":"LineString","coordinates":[[-121.758948,46.770792,1221.1],[-121.758986,46.770822,1221.9],[-121.75925,46.770908,1225.4]]}},
{"type":"Feature","properties":{"trail":null,"hero":false,"class":"path","length_m":23.4},"geometry":{"type":"LineString","coordinates":[[-121.758908,46.770761,1220.2],[-121.758976,46.770702,1219.2],[-121.759135,46.770621,1218.9]]}},
{"type":"Feature","properties":{"trail":null,"hero":false,"class":"path","length_m":119.6},"geometry":{"type":"LineString","coordinates":[[-121.758908,46.770761,1220.2],[-121.758827,46.770638,1216.4],[-121.758912,46.770452,1212.4],[-121.758982,46.770332,1210.0],[-121.759173,46.770224,1209.6],[-121.759271,46.770095,1208.3],[-121.759369,46.769966,1206.8],[-121.759381,46.76981,1203.4]]}},
{"type":"Feature","properties":{"trail":null,"hero":false,"class":"path","length_m":14.0},"geometry":{"type":"LineString","coordinates":[[-121.75925,46.770908,1225.4],[-121.759407,46.770844,1223.5]]}},
{"type":"Feature","properties":{"trail":null,"hero":false,"class":"path","length_m":16.1},"geometry":{"type":"LineString","coordinates":[[-121.75925,46.770908,1225.4],[-121.759237,46.771053,1230.2]]}},
{"type":"Feature","properties":{"trail":null,"hero":false,"class":"footway","length_m":31.2},"geometry":{"type":"LineString","coordinates":[[-121.728968,46.802466,2056.8],[-121.728897,46.802335,2055.4],[-121.728827,46.802203,2053.4]]}},
{"type":"Feature","properties":{"trail":null,"hero":false,"class":"footway","length_m":42.3},"geometry":{"type":"LineString","coordinates":[[-121.72907,46.805244,2132.1],[-121.72902,46.805383,2131.2],[-121.72897,46.805498,2130.3],[-121.72898,46.805569,2128.9],[-121.728974,46.805615,2128.7]]}},
{"type":"Feature","properties":{"trail":"Camp Muir Route","hero":false,"class":null,"length_m":466.6},"geometry":{"type":"LineString","coordinates":[[-121.728974,46.805615,2128.7],[-121.729036,46.80559,2127.2],[-121.729126,46.805516,2125.8],[-121.729174,46.805455,2125.9],[-121.729265,46.80542,2124.1],[-121.729354,46.805443,2121.3],[-121.729509,46.805449,2117.0],[-121.729594,46.805437,2115.0],[-121.729737,46.805389,2112.1],[-121.729931,46.805315,2108.0],[-121.730014,46.805273,2106.0],[-121.730098,46.805175,2103.0],[-121.730153,46.805147,2101.4],[-121.730176,46.80518,2101.3],[-121.730219,46.805213,2100.8],[-121.730299,46.805209,2099.3],[-121.730425,46.805182,2097.6],[-121.730624,46.805127,2094.8],[-121.730796,46.805033,2092.3],[-121.730798,46.804998,2091.8],[-121.730892,46.804932,2088.7],[-121.731023,46.804836,2084.3],[-121.731038,46.804804,2083.5],[-121.731003,46.804738,2082.9],[-121.731018,46.804675,2081.6],[-121.731077,46.80466,2080.6],[-121.731128,46.804627,2079.1],[-121.731179,46.804553,2076.3],[-121.731269,46.804508,2072.9],[-121.731323,46.804496,2071.1],[-121.731356,46.804517,2070.5],[-121.731406,46.804557,2069.5],[-121.731428,46.804619,2069.6],[-121.731457,46.804639,2068.9],[-121.731585,46.804805,2066.0],[-121.731636,46.804857,2064.4],[-121.731661,46.804828,2063.4],[-121.731706,46.804791,2061.6],[-121.731774,46.804713,2058.8],[-121.73191,46.804548,2053.9],[-121.731954,46.804417,2052.3],[-121.732056,46.804302,2048.2],[-121.732074,46.804246,2046.9],[-121.732062,46.804184,2046.1],[-121.73213,46.80394,2037.8],[-121.732166,46.803899,2035.8],[-121.73218,46.803828,2034.2],[-121.732175,46.803665,2031.6],[-121.732205,46.803608,2030.0],[-121.732204,46.803544,2028.2],[-121.732244,46.803536,2026.4],[-121.732268,46.803529,2024.9],[-121.732309,46.803466,2021.0]]}},
{"type":"Feature","properties":{"trail":"Camp Muir Route","hero":false,"class":null,"length_m":3526.0},"geometry":{"type":"LineString","coordinates":[[-121.728974,46.805615,2128.7],[-121.728894,46.80572,2130.2],[-121.728844,46.805795,2130.8],[-121.72872,46.8059,2133.8],[-121.728626,46.806065,2137.6],[-121.728439,46.806169,2140.6],[-121.728181,46.806364,2145.8],[-121.728187,46.806469,2148.3],[-121.72809,46.806664,2154.7],[-121.728022,46.806792,2158.8],[-121.728064,46.806923,2162.0],[-121.727994,46.807115,2167.0],[-121.727924,46.807307,2171.2],[-121.727906,46.80749,2173.3],[-121.727843,46.807611,2172.3],[-121.72765,46.807675,2174.7],[-121.727474,46.807752,2177.0],[-121.727288,46.807958,2176.4],[-121.727132,46.808057,2177.2],[-121.726989,46.808176,2179.2],[-121.726845,46.808295,2181.3],[-121.726817,46.80847,2180.8],[-121.726693,46.80864,2182.9],[-121.726569,46.808809,2184.4],[-121.726557,46.808869,2184.2],[-121.726466,46.809016,2187.2],[-121.726509,46.809097,2187.3],[-121.726467,46.809177,2189.2],[-121.726405,46.80922,2191.5],[-121.726406,46.809294,2192.9],[-121.726296,46.80941,2196.7],[-121.726102,46.809559,2204.1],[-121.725908,46.809708,2207.2],[-121.725813,46.80982,2210.1],[-121.725744,46.810042,2217.6],[-121.725776,46.810281,2227.8],[-121.725692,46.810403,2228.2],[-121.725607,46.810525,2229.9],[-121.725511,46.810717,2233.0],[-121.725414,46.810908,2235.8],[-121.725421,46.811098,2240.1],[-121.725427,46.811289,2245.9],[-121.725434,46.811479,2252.4],[-121.725341,46.811734,2261.6],[-121.725248,46.811989,2270.7],[-121.725156,46.812244,2278.9],[-121.725063,46.812499,2285.9],[-121.72497,46.812754,2295.3],[-121.724877,46.813009,2304.4],[-121.724785,46.813264,2311.5],[-121.724692,46.813519,2317.3],[-121.724599,46.813774,2322.7],[-121.724635,46.81403,2327.6],[-121.724671,46.814285,2333.7],[-121.724707,46.814541,2341.1],[-121.724743,46.814797,2350.2],[-121.724779,46.815052,2359.9],[-121.724815,46.815308,2369.9],[-121.724851,46.815564,2379.2],[-121.724887,46.815819,2387.9],[-121.724923,46.816075,2396.1],[-121.724959,46.81633,2402.7],[-121.724995,46.816586,2409.4],[-121.725031,46.816842,2417.2],[-121.725067,46.817097,2425.1],[-121.725103,46.817353,2433.2],[-121.725221,46.817602,2441.6],[-121.725339,46.81785,2450.8],[-121.725457,46.818099,2460.5],[-121.725574,46.818348,2471.3],[-121.725692,46.818596,2483.8],[-121.72581,46.818845,2495.2],[-121.725928,46.819094,2507.2],[-121.726046,46.819342,2516.7],[-121.726164,46.819591,2524.0],[-121.726282,46.81984,2530.8],[-121.7264,46.820088,2538.4],[-121.726518,46.820337,2546.2],[-121.726635,46.820585,2555.0],[-121.726753,46.820834,2565.0],[-121.726871,46.821083,2573.2],[-121.727038,46.821325,2580.9],[-121.727204,46.821568,2588.2],[-121.727371,46.82181,2594.5],[-121.727537,46.822053,2600.6],[-121.727703,46.822295,2606.0],[-121.72787,46.822537,2611.0],[-121.728036,46.82278,2617.0],[-121.728203,46.823022,2625.2],[-121.728369,46.823265,2634.7],[-121.728536,46.823507,2646.0],[-121.728702,46.82375,2658.3],[-121.728869,46.823992,2670.5],[-121.729035,46.824234,2681.9],[-121.729069,46.824487,2692.3],[-121.729103,46.824739,2701.6],[-121.729138,46.824991,2710.5],[-121.729172,46.825244,2718.8],[-121.729206,46.825496,2726.4],[-121.72924,46.825748,2734.1],[-121.729275,46.826,2742.1],[-121.729309,46.826253,2750.2],[-121.729343,46.826505,2758.6],[-121.729377,46.826757,2767.5],[-121.729411,46.82701,2776.9],[-121.729446,46.827262,2786.8],[-121.72948,46.827514,2797.3],[-121.729514,46.827766,2807.9],[-121.729487,46.82801,2818.5],[-121.729459,46.828253,2828.7],[-121.729432,46.828496,2838.4],[-121.729404,46.828739,2847.8],[-121.729377,46.828983,2856.9],[-121.729349,46.829226,2866.1],[-121.729322,46.829469,2875.1],[-121.729294,46.829712,2883.9],[-121.729267,46.829955,2891.9],[-121.729376,46.830184,2899.0],[-121.729484,46.830413,2906.2],[-121.729593,46.830642,2913.2],[-121.729702,46.830871,2920.0],[-121.729867,46.831111,2926.5],[-121.730032,46.83135,2932.6],[-121.730197,46.83159,2939.3],[-121.730362,46.831829,2945.6],[-121.730527,46.832069,2952.0],[-121.730692,46.832309,2958.5],[-121.730858,46.832548,2966.3],[-121.731023,46.832788,2975.4],[-121.731188,46.833027,2983.9],[-121.731353,46.833267,2991.1],[-121.731518,46.833506,2998.8],[-121.731683,46.833746,3006.5],[-121.731786,46.833939,3013.5],[-121.731889,46.834133,3021.2],[-121.731992,46.834326,3028.5],[-121.732095,46.834519,3034.7],[-121.732137,46.834739,3041.7],[-121.73218,46.834958,3047.4],[-121.732222,46.835178,3055.7],[-121.732325,46.835313,3061.4],[-121.732427,46.835448,3065.6]]}},
{"type":"Feature","properties":{"trail":"Golden Gate Trail","hero":false,"class":null,"length_m":1498.3},"geometry":{"type":"LineString","coordinates":[[-121.722701,46.798893,1948.8],[-121.72301,46.798842,1943.3],[-121.72317,46.798793,1940.0],[-121.723374,46.798835,1937.6],[-121.723633,46.7988,1930.9],[-121.723669,46.798822,1930.2],[-121.723682,46.798845,1930.4],[-121.723708,46.798857,1929.7],[-121.723726,46.798844,1928.6],[-121.723747,46.798804,1926.9],[-121.723751,46.79879,1926.3],[-121.723771,46.798805,1926.0],[-121.723777,46.798839,1926.5],[-121.723789,46.798854,1926.4],[-121.723811,46.798839,1925.2],[-121.723827,46.798806,1923.9],[-121.723847,46.798772,1922.5],[-121.723878,46.798743,1920.9],[-121.723896,46.798781,1920.9],[-121.723903,46.798874,1922.2],[-121.724074,46.799085,1921.2],[-121.724236,46.799219,1919.1],[-121.724398,46.799353,1917.3],[-121.724616,46.799441,1912.0],[-121.724766,46.799492,1908.8],[-121.725005,46.79961,1905.4],[-121.725096,46.799624,1902.8],[-121.725212,46.79974,1904.0],[-121.725454,46.799855,1899.6],[-121.725324,46.79968,1897.0],[-121.725193,46.799505,1893.8],[-121.725109,46.799311,1889.2],[-121.725024,46.799117,1884.8],[-121.725286,46.799231,1880.5],[-121.725423,46.799335,1879.5],[-121.72556,46.799439,1878.4],[-121.725525,46.799178,1871.0],[-121.725495,46.799004,1866.3],[-121.725444,46.798938,1865.7],[-121.725431,46.798884,1864.3],[-121.725369,46.798831,1864.3],[-121.725346,46.798788,1863.5],[-121.725271,46.798724,1863.6],[-121.725403,46.798744,1860.2],[-121.725603,46.798832,1857.3],[-121.725754,46.798905,1855.5],[-121.725745,46.798859,1854.2],[-121.725676,46.798692,1850.6],[-121.725575,46.798604,1850.2],[-121.725513,46.798501,1849.4],[-121.725509,46.79843,1847.7],[-121.72576,46.798253,1837.8],[-121.725844,46.798159,1834.7],[-121.725917,46.79808,1832.4],[-121.726102,46.797958,1828.7],[-121.726142,46.797888,1827.6],[-121.726321,46.797794,1823.9],[-121.726412,46.797682,1822.1],[-121.726593,46.797616,1819.0],[-121.726594,46.797538,1818.4],[-121.726566,46.797473,1818.1],[-121.726627,46.79738,1815.4],[-121.726792,46.797218,1811.6],[-121.726957,46.797056,1808.1],[-121.72704,46.797027,1808.4],[-121.727078,46.797014,1808.5],[-121.727145,46.796988,1808.7],[-121.727243,46.796852,1808.0],[-121.727341,46.796716,1807.3],[-121.727384,46.796548,1806.0],[-121.727503,46.796384,1804.8],[-121.727622,46.796221,1802.9],[-121.727746,46.796102,1801.0],[-121.727869,46.795984,1798.6],[-121.727983,46.795858,1795.8],[-121.728104,46.795737,1793.6],[-121.728226,46.795616,1791.1],[-121.728409,46.795514,1787.0],[-121.728593,46.795412,1782.9],[-121.728793,46.795286,1779.1],[-121.728962,46.795135,1775.6],[-121.729131,46.794984,1771.4],[-121.729242,46.794849,1769.1],[-121.729353,46.794713,1766.2],[-121.729543,46.794569,1761.6],[-121.729841,46.794415,1753.4],[-121.730017,46.794275,1748.4],[-121.730142,46.794166,1745.8],[-121.730267,46.794057,1743.1],[-121.730509,46.79391,1739.3],[-121.730661,46.793807,1736.7],[-121.730816,46.793689,1734.2],[-121.73093,46.793619,1733.1],[-121.73107,46.793515,1731.2],[-121.731321,46.793377,1728.4],[-121.731437,46.793324,1727.3],[-121.731509,46.793269,1726.3],[-121.731557,46.793197,1725.3],[-121.731596,46.793065,1723.9],[-121.731676,46.792991,1722.4],[-121.731856,46.79285,1720.3],[-121.732027,46.792742,1718.9],[-121.732169,46.792597,1716.8],[-121.732316,46.792478,1715.4],[-121.732354,46.792419,1714.4],[-121.732351,46.792346,1713.3]]}},
{"type":"Feature","properties":{"trail":"Golden Gate Trail","hero":false,"class":null,"length_m":33.5},"geometry":{"type":"LineString","coordinates":[[-121.732351,46.792346,1713.3],[-121.732351,46.792274,1712.2],[-121.732362,46.792058,1708.8],[-121.732353,46.792047,1708.6]]}},
{"type":"Feature","properties":{"trail":null,"hero":false,"class":"footway","length_m":146.9},"geometry":{"type":"LineString","coordinates":[[-121.7424,46.783817,1623.1],[-121.742359,46.783846,1623.8],[-121.742162,46.783951,1627.3],[-121.742117,46.78396,1628.0],[-121.742071,46.783949,1628.5],[-121.741983,46.783927,1629.3],[-121.741938,46.783919,1629.8],[-121.741881,46.78392,1630.6],[-121.741819,46.78394,1631.7],[-121.741744,46.783962,1633.0],[-121.741669,46.783967,1634.0],[-121.741605,46.783967,1634.8],[-121.741418,46.783902,1636.9],[-121.741232,46.783837,1637.3],[-121.741196,46.78393,1638.0],[-121.741173,46.783969,1638.2],[-121.741049,46.784116,1639.3],[-121.741006,46.78416,1639.7],[-121.740977,46.784186,1639.9],[-121.740964,46.784213,1640.1]]}},
{"type":"Feature","properties":{"trail":null,"hero":false,"class":"footway","length_m":22.3},"geometry":{"type":"LineString","coordinates":[[-121.740964,46.784213,1640.1],[-121.740953,46.784236,1640.3],[-121.740932,46.784307,1640.7],[-121.740885,46.784406,1641.4]]}},
{"type":"Feature","properties":{"trail":null,"hero":false,"class":"footway","length_m":49.7},"geometry":{"type":"LineString","coordinates":[[-121.740964,46.784213,1640.1],[-121.740768,46.784183,1640.3],[-121.740645,46.784146,1639.9],[-121.740588,46.784126,1639.7],[-121.740536,46.784081,1639.4],[-121.740458,46.783979,1638.6]]}},
{"type":"Feature","properties":{"trail":null,"hero":false,"class":"footway","length_m":5.1},"geometry":{"type":"LineString","coordinates":[[-121.740885,46.784406,1641.4],[-121.740862,46.784449,1641.7]]}},
{"type":"Feature","properties":{"trail":null,"hero":false,"class":"footway","length_m":39.9},"geometry":{"type":"LineString","coordinates":[[-121.740862,46.784449,1641.7],[-121.740706,46.784437,1641.8],[-121.740564,46.784441,1642.1],[-121.740406,46.784454,1642.4],[-121.740343,46.784465,1642.6]]}},
{"type":"Feature","properties":{"trail":null,"hero":false,"class":"footway","length_m":53.4},"geometry":{"type":"LineString","coordinates":[[-121.740862,46.784449,1641.7],[-121.740781,46.784599,1644.1],[-121.740744,46.784625,1644.3],[-121.740685,46.784643,1644.5],[-121.740586,46.784634,1644.1],[-121.740422,46.784566,1643.5],[-121.740395,46.784531,1643.2]]}},
{"type":"Feature","properties":{"trail":"Wonderland Trail","hero":false,"class":null,"length_m":220.8},"geometry":{"type":"LineString","coordinates":[[-121.733413,46.769865,1488.8],[-121.73339,46.769777,1487.2],[-121.733291,46.769668,1485.7],[-121.733158,46.769634,1484.8],[-121.732906,46.769599,1483.0],[-121.732786,46.76954,1481.9],[-121.732661,46.769354,1482.0],[-121.732562,46.769184,1482.9],[-121.732426,46.76908,1484.6],[-121.73229,46.768976,1486.2],[-121.732048,46.768896,1486.3],[-121.731806,46.768815,1485.4],[-121.731564,46.768735,1484.8],[-121.731418,46.768596,1486.1]]}},
{"type":"Feature","properties":{"trail":"Wonderland Trail","hero":false,"class":null,"length_m":1889.5},"geometry":{"type":"LineString","coordinates":[[-121.733413,46.769865,1488.8],[-121.733682,46.76986,1490.6],[-121.733959,46.769839,1490.7],[-121.73417,46.769843,1490.5],[-121.73438,46.769847,1491.4],[-121.734574,46.769781,1489.1],[-121.734695,46.769729,1486.5],[-121.734782,46.769668,1485.9],[-121.7348,46.769658,1485.8],[-121.734807,46.769629,1485.4],[-121.734929,46.769448,1482.9],[-121.735039,46.769404,1482.8],[-121.735108,46.769353,1482.5],[-121.735347,46.769264,1480.9],[-121.735636,46.769216,1478.3],[-121.735986,46.769217,1476.6],[-121.736251,46.769201,1476.1],[-121.736425,46.769206,1475.9],[-121.736653,46.769209,1475.8],[-121.736833,46.769196,1475.9],[-121.737033,46.769211,1475.4],[-121.737234,46.769226,1474.5],[-121.73745,46.769259,1473.7],[-121.73764,46.769307,1472.3],[-121.73783,46.769354,1471.1],[-121.738112,46.769373,1472.0],[-121.738307,46.769419,1472.1],[-121.738502,46.769466,1478.1],[-121.738712,46.769447,1483.0],[-121.738844,46.769479,1485.0],[-121.739053,46.769444,1485.7],[-121.739359,46.769377,1486.3],[-121.739632,46.769393,1490.0],[-121.739786,46.769344,1490.3],[-121.740015,46.769293,1492.6],[-121.740244,46.769241,1493.4],[-121.740599,46.769186,1496.3],[-121.740953,46.769131,1496.2],[-121.741248,46.769121,1496.1],[-121.741544,46.769111,1494.6],[-121.741839,46.769101,1493.0],[-121.742153,46.769064,1493.9],[-121.742467,46.769027,1495.4],[-121.742806,46.769019,1499.6],[-121.743057,46.769009,1500.9],[-121.743195,46.768998,1501.2],[-121.743497,46.768946,1500.2],[-121.743804,46.768922,1501.1],[-121.744112,46.768898,1504.4],[-121.744391,46.768871,1504.6],[-121.74467,46.768843,1503.5],[-121.744968,46.768814,1507.5],[-121.745088,46.76881,1508.1],[-121.745335,46.76883,1508.8],[-121.745383,46.7689,1509.6],[-121.74514,46.769079,1504.9],[-121.744896,46.769251,1501.5],[-121.74474,46.76942,1501.5],[-121.744658,46.769549,1498.0],[-121.744491,46.769775,1492.2],[-121.74445,46.769917,1488.7],[-121.74441,46.77006,1484.5],[-121.744494,46.770102,1481.1],[-121.744657,46.770053,1479.2],[-121.744754,46.769976,1479.6],[-121.744802,46.769866,1482.2],[-121.745067,46.769729,1481.6],[-121.745312,46.769648,1479.0],[-121.745557,46.769567,1475.5],[-121.745927,46.769502,1469.4],[-121.746298,46.769438,1465.8],[-121.746146,46.769548,1462.2],[-121.745993,46.769659,1459.9],[-121.7459,46.769795,1455.3],[-121.745807,46.76993,1450.1],[-121.746079,46.769833,1446.1],[-121.746293,46.769792,1442.8],[-121.746526,46.769704,1442.4],[-121.746393,46.769881,1434.2],[-121.746219,46.770029,1429.5],[-121.746087,46.770192,1426.7],[-121.745955,46.770355,1425.8],[-121.745866,46.770503,1422.8],[-121.745776,46.770651,1421.1],[-121.745769,46.770841,1417.0],[-121.746009,46.770916,1410.3],[-121.745982,46.77103,1408.9],[-121.74579,46.771154,1409.7],[-121.74576,46.771365,1407.2],[-121.74573,46.771576,1406.9],[-121.745778,46.771739,1404.7],[-121.745826,46.771902,1402.1],[-121.745901,46.772094,1397.7],[-121.745976,46.772285,1393.1],[-121.746052,46.772477,1387.1],[-121.746124,46.772676,1376.0],[-121.746197,46.772876,1371.0],[-121.746194,46.773142,1377.2],[-121.74619,46.773409,1386.2],[-121.74652,46.773481,1373.7]]}},
{"type":"Feature","properties":{"trail":"Lower Lakes Trail","hero":false,"class":null,"length_m":677.4},"geometry":{"type":"LineString","coordinates":[[-121.733413,46.769865,1488.8],[-121.733484,46.770035,1492.5],[-121.733562,46.77016,1493.2],[-121.733671,46.770282,1494.3],[-121.733736,46.770339,1496.9],[-121.733896,46.77048,1503.8],[-121.734056,46.770621,1506.4],[-121.734247,46.770756,1508.3],[-121.734493,46.770889,1509.4],[-121.734739,46.771021,1507.9],[-121.734933,46.771074,1507.6],[-121.735264,46.771123,1507.4],[-121.735487,46.771172,1508.5],[-121.735574,46.771209,1508.8],[-121.735659,46.771285,1509.0],[-121.735722,46.771441,1508.8],[-121.735768,46.771608,1508.2],[-121.735814,46.771774,1508.8],[-121.735872,46.771883,1509.7],[-121.736006,46.772051,1512.4],[-121.73614,46.772218,1515.2],[-121.736274,46.772386,1521.9],[-121.736406,46.772519,1526.5],[-121.736607,46.772672,1532.7],[-121.736715,46.772733,1535.0],[-121.737016,46.772838,1537.6],[-121.737075,46.772877,1539.9],[-121.737123,46.772964,1542.8],[-121.737137,46.773124,1546.5],[-121.737221,46.773292,1551.8],[-121.737243,46.773379,1555.0],[-121.737217,46.773493,1559.4],[-121.737156,46.773638,1563.9],[-121.737095,46.773783,1567.6],[-121.737028,46.774047,1568.5],[-121.736953,46.77419,1566.7],[-121.736877,46.774333,1568.0],[-121.736835,46.774453,1569.8],[-121.736877,46.774571,1571.7],[-121.737036,46.77473,1573.8]]}},
{"type":"Feature","properties":{"trail":"Wonderland Trail","hero":false,"class":null,"length_m":755.8},"geometry":{"type":"LineString","coordinates":[[-121.731418,46.768596,1486.1],[-121.731236,46.76853,1486.1],[-121.731021,46.768484,1485.1],[-121.730824,46.768482,1483.8],[-121.730628,46.768481,1482.9],[-121.730346,46.768471,1483.6],[-121.730085,46.768498,1484.1],[-121.729823,46.768525,1484.3],[-121.729574,46.768518,1484.6],[-121.729449,46.76847,1485.0],[-121.729357,46.768437,1484.9],[-121.729188,46.768348,1484.6],[-121.72902,46.768259,1484.5],[-121.728893,46.768144,1485.4],[-121.728881,46.768125,1485.6],[-121.728811,46.768156,1485.0],[-121.72873,46.768185,1484.3],[-121.728651,46.768202,1483.7],[-121.728511,46.768229,1483.0],[-121.728419,46.768246,1482.7],[-121.728303,46.768261,1482.5],[-121.728178,46.76827,1482.4],[-121.728086,46.768278,1482.3],[-121.727973,46.768297,1482.2],[-121.727718,46.768357,1482.4],[-121.727507,46.768434,1483.3],[-121.727215,46.768544,1484.0],[-121.726923,46.768653,1484.5],[-121.726632,46.768763,1485.6],[-121.72634,46.768872,1486.1],[-121.726076,46.768966,1487.6],[-121.725747,46.769048,1488.2],[-121.7255,46.769068,1488.0],[-121.725255,46.769084,1488.0],[-121.725039,46.769078,1488.3],[-121.724822,46.769073,1488.7],[-121.724496,46.769041,1490.1],[-121.724379,46.769012,1490.8],[-121.72405,46.769079,1491.1],[-121.723905,46.769142,1491.7],[-121.723711,46.769223,1492.4],[-121.723561,46.769333,1492.6],[-121.723451,46.769587,1491.4],[-121.723342,46.769841,1489.4],[-121.723297,46.770026,1488.1],[-121.723217,46.770103,1486.4],[-121.723093,46.770151,1484.9]]}},
{"type":"Feature","properties":{"trail":null,"hero":false,"class":"footway","length_m":19.8},"geometry":{"type":"LineString","coordinates":[[-121.731418,46.768596,1486.1],[-121.731528,46.768552,1487.5],[-121.731612,46.768482,1489.6]]}},
{"type":"Feature","properties":{"trail":"Wonderland Trail","hero":false,"class":null,"length_m":1273.8},"geometry":{"type":"LineString","coordinates":[[-121.74652,46.773481,1373.7],[-121.746523,46.773325,1372.8],[-121.746613,46.77322,1370.0],[-121.746657,46.773098,1368.5],[-121.746862,46.773118,1366.5],[-121.747161,46.773201,1360.8],[-121.74746,46.773283,1355.3],[-121.74776,46.773313,1349.5],[-121.747931,46.773087,1343.9],[-121.747915,46.772945,1342.0],[-121.747979,46.77273,1337.7],[-121.748042,46.772515,1335.3],[-121.748071,46.772276,1333.2],[-121.748066,46.772082,1332.2],[-121.748128,46.771967,1329.8],[-121.748306,46.77176,1326.2],[-121.748391,46.771696,1324.9],[-121.748652,46.771564,1323.8],[-121.748973,46.771449,1319.7],[-121.749182,46.771399,1317.7],[-121.749391,46.771349,1313.3],[-121.749588,46.771258,1311.2],[-121.749784,46.771166,1310.3],[-121.750132,46.771099,1307.3],[-121.750481,46.771032,1302.4],[-121.750829,46.770965,1298.3],[-121.751177,46.770898,1294.2],[-121.751399,46.770824,1294.8],[-121.751548,46.770796,1294.0],[-121.7518,46.770754,1291.1],[-121.752052,46.770712,1286.4],[-121.752296,46.770686,1280.4],[-121.752539,46.770659,1275.0],[-121.752716,46.770599,1272.5],[-121.752892,46.770538,1270.3],[-121.753253,46.770464,1264.5],[-121.753615,46.770395,1258.9],[-121.753842,46.770396,1255.4],[-121.754068,46.770396,1251.0],[-121.75422,46.770312,1248.8],[-121.754406,46.770293,1243.3],[-121.754753,46.770317,1238.1],[-121.754973,46.770204,1234.4],[-121.755235,46.770182,1228.8],[-121.755396,46.770084,1226.3],[-121.755514,46.769925,1225.3],[-121.755633,46.769766,1226.8],[-121.755785,46.769693,1226.9],[-121.756108,46.769574,1223.7],[-121.756275,46.769468,1222.7],[-121.756411,46.769453,1221.4],[-121.756581,46.76949,1218.6],[-121.756835,46.769529,1214.2],[-121.757203,46.769472,1207.2],[-121.757356,46.769476,1205.9],[-121.757598,46.769604,1202.6],[-121.757836,46.769745,1199.2],[-121.758073,46.769886,1201.6],[-121.758168,46.76995,1200.8],[-121.758308,46.769976,1198.8],[-121.758444,46.770051,1200.8],[-121.758663,46.770078,1202.9],[-121.758751,46.770103,1203.9],[-121.759106,46.770009,1205.1],[-121.759244,46.76991,1204.1],[-121.759381,46.76981,1203.4]]}},
{"type":"Feature","properties":{"trail":null,"hero":false,"class":"footway","length_m":291.0},"geometry":{"type":"LineString","coordinates":[[-121.74652,46.773481,1373.7],[-121.746575,46.773634,1372.9],[-121.74655,46.773776,1369.6],[-121.746524,46.773918,1366.8],[-121.746336,46.774139,1368.4],[-121.746159,46.77428,1376.9],[-121.746132,46.77439,1379.6],[-121.745908,46.774442,1378.9],[-121.745815,46.774486,1378.5],[-121.74573,46.77456,1379.5],[-121.745673,46.77462,1379.4],[-121.745674,46.774673,1378.5],[-121.745631,46.774721,1377.7],[-121.745593,46.774741,1378.2],[-121.745536,46.774798,1380.1],[-121.745479,46.774861,1382.8],[-121.745474,46.774906,1383.6],[-121.745468,46.774973,1384.8],[-121.745474,46.775045,1387.0],[-121.745431,46.775099,1389.2],[-121.74539,46.77516,1391.3],[-121.745313,46.775212,1392.4],[-121.745331,46.775263,1394.1],[-121.745411,46.775256,1394.9],[-121.745509,46.775212,1394.2],[-121.745629,46.775186,1394.0],[-121.745754,46.775171,1394.6],[-121.745885,46.77518,1395.4],[-121.745995,46.77523,1396.3]]}},
{"type":"Feature","properties":{"trail":"High Lakes Trail","hero":false,"class":null,"length_m":1760.8},"geometry":{"type":"LineString","coordinates":[[-121.737036,46.77473,1573.8],[-121.736952,46.7748,1573.7],[-121.736876,46.774837,1573.9],[-121.736631,46.774886,1575.3],[-121.736534,46.774893,1576.1],[-121.736186,46.774855,1577.1],[-121.73601,46.774862,1578.7],[-121.735751,46.774901,1583.3],[-121.735651,46.774906,1585.4],[-121.735463,46.774887,1587.8],[-121.735332,46.774905,1589.3],[-121.735244,46.774944,1591.3],[-121.735066,46.775071,1596.1],[-121.734993,46.775105,1597.1],[-121.734905,46.775085,1599.1],[-121.734774,46.774981,1601.2],[-121.734691,46.77494,1601.4],[-121.734508,46.774873,1603.0],[-121.734405,46.774837,1603.2],[-121.734302,46.774887,1605.5],[-121.734235,46.775016,1609.4],[-121.734071,46.775097,1611.3],[-121.733859,46.775183,1613.3],[-121.733561,46.775338,1610.9],[-121.733467,46.775361,1611.4],[-121.733365,46.775358,1612.1],[-121.733071,46.775264,1613.8],[-121.732717,46.775186,1614.6],[-121.732632,46.775185,1614.9],[-121.732552,46.775206,1615.6],[-121.732386,46.775338,1617.6],[-121.732219,46.77547,1619.3],[-121.732081,46.775594,1620.8],[-121.731943,46.775717,1622.2],[-121.731833,46.775789,1622.5],[-121.731534,46.775921,1623.2],[-121.731235,46.776053,1624.6],[-121.731149,46.776116,1626.0],[-121.731042,46.776264,1626.3],[-121.730935,46.776412,1627.9],[-121.730862,46.77647,1628.9],[-121.730669,46.776573,1630.2],[-121.730491,46.77672,1632.3],[-121.730312,46.776866,1632.8],[-121.730134,46.777013,1633.5],[-121.729946,46.777121,1634.2],[-121.729757,46.777228,1635.1],[-121.729597,46.777374,1636.9],[-121.729436,46.777519,1638.3],[-121.729257,46.777659,1638.5],[-121.729077,46.777799,1639.8],[-121.728954,46.777877,1640.2],[-121.728873,46.777903,1640.1],[-121.728513,46.777959,1640.1],[-121.728152,46.778015,1640.3],[-121.727847,46.778027,1638.5],[-121.727541,46.778038,1636.6],[-121.727442,46.778031,1636.2],[-121.727352,46.777975,1635.6],[-121.72734,46.777766,1633.9],[-121.727285,46.777699,1633.9],[-121.727215,46.777643,1634.0],[-121.72712,46.777611,1634.3],[-121.727005,46.77757,1634.6],[-121.726662,46.77748,1637.3],[-121.726599,46.777429,1637.9],[-121.726469,46.777234,1637.5],[-121.726379,46.777139,1636.0],[-121.726289,46.777075,1635.0],[-121.726147,46.777014,1634.0],[-121.725928,46.776945,1632.6],[-121.725709,46.776876,1632.9],[-121.725425,46.776821,1633.9],[-121.725141,46.776765,1636.2],[-121.725061,46.776729,1636.8],[-121.725009,46.776653,1635.8],[-121.724991,46.776419,1633.6],[-121.724935,46.776282,1633.1],[-121.724791,46.776043,1632.5],[-121.724689,46.775929,1632.0],[-121.724553,46.775815,1629.8],[-121.724417,46.775701,1627.6],[-121.724336,46.775659,1626.8],[-121.724035,46.775613,1624.6],[-121.723872,46.775617,1622.8],[-121.723794,46.775645,1621.8],[-121.72362,46.775747,1621.0],[-121.723461,46.77581,1619.9],[-121.723287,46.775915,1617.9],[-121.723195,46.775936,1616.1],[-121.723119,46.775906,1614.5],[-121.723021,46.775838,1612.1],[-121.722967,46.775823,1610.8],[-121.722872,46.775833,1608.8],[-121.722791,46.775882,1607.9],[-121.722766,46.775938,1608.6],[-121.722779,46.776177,1614.3],[-121.722816,46.776341,1620.2],[-121.722701,46.776267,1618.0],[-121.722612,46.776213,1616.3],[-121.722452,46.776101,1612.6],[-121.722225,46.775989,1611.5],[-121.721998,46.775876,1607.8],[-121.721693,46.775757,1608.0],[-121.721424,46.775632,1608.1],[-121.721319,46.775567,1608.1],[-121.721157,46.775406,1609.6],[-121.720995,46.775317,1610.6],[-121.720891,46.775287,1610.7],[-121.720793,46.775288,1610.9],[-121.720723,46.775309,1611.1],[-121.72047,46.775512,1613.5],[-121.720261,46.775616,1614.9],[-121.720157,46.775696,1613.6]]}},
{"type":"Feature","properties":{"trail":"Lower Lakes Trail","hero":false,"class":null,"length_m":724.6},"geometry":{"type":"LineString","coordinates":[[-121.737036,46.77473,1573.8],[-121.737076,46.77477,1573.6],[-121.737208,46.774874,1572.9],[-121.737341,46.774978,1572.8],[-121.737443,46.77501,1573.0],[-121.737731,46.775021,1575.3],[-121.737832,46.775037,1575.8],[-121.738144,46.775115,1576.1],[-121.738457,46.775192,1576.2],[-121.738705,46.775272,1575.3],[-121.738954,46.775352,1572.4],[-121.739153,46.775405,1570.5],[-121.739353,46.775457,1568.0],[-121.739468,46.775513,1564.7],[-121.739481,46.775574,1561.3],[-121.739436,46.775638,1557.8],[-121.739366,46.775694,1555.5],[-121.739216,46.775794,1553.0],[-121.739066,46.775894,1547.2],[-121.738887,46.775979,1540.9],[-121.738542,46.776092,1537.4],[-121.738197,46.776205,1531.5],[-121.737852,46.776318,1525.0],[-121.737523,46.776446,1519.3],[-121.737325,46.776518,1518.0],[-121.73721,46.776572,1517.0],[-121.737105,46.776642,1515.1],[-121.736916,46.776704,1514.3],[-121.736727,46.776766,1513.3],[-121.736623,46.776756,1513.6],[-121.736497,46.776791,1513.3],[-121.736439,46.776842,1512.2],[-121.736298,46.777074,1507.3],[-121.736238,46.777142,1506.3],[-121.736108,46.777216,1505.7],[-121.736061,46.777292,1506.7],[-121.735997,46.777396,1507.6],[-121.735927,46.777476,1508.2],[-121.735889,46.777561,1508.0],[-121.735893,46.777617,1507.5],[-121.735865,46.777702,1507.2],[-121.735852,46.777769,1506.9],[-121.735912,46.777841,1504.8],[-121.736023,46.777902,1502.3],[-121.736073,46.77797,1500.2],[-121.736076,46.778068,1498.6],[-121.736082,46.778263,1502.5],[-121.736158,46.778437,1506.3],[-121.736234,46.778611,1510.8],[-121.736131,46.778705,1514.1]]}},
{"type":"Feature","properties":{"trail":"Wonderland Trail","hero":false,"class":null,"length_m":938.9},"geometry":{"type":"LineString","coordinates":[[-121.723093,46.770151,1484.9],[-121.722973,46.770111,1483.6],[-121.72284,46.770035,1482.5],[-121.722798,46.769971,1482.2],[-121.722722,46.769794,1478.8],[-121.722645,46.769617,1475.7],[-121.722627,46.769445,1475.0],[-121.722609,46.769272,1471.8],[-121.722629,46.769005,1469.5],[-121.722596,46.768892,1467.1],[-121.722449,46.768683,1464.7],[-121.722303,46.768473,1462.3],[-121.722143,46.768363,1459.2],[-121.721991,46.768194,1457.6],[-121.721768,46.768051,1453.3],[-121.721545,46.767908,1448.9],[-121.721322,46.767765,1446.0],[-121.721158,46.767685,1444.6],[-121.720994,46.767605,1444.4],[-121.720836,46.767581,1444.0],[-121.720491,46.767688,1438.0],[-121.720145,46.767794,1431.8],[-121.719995,46.767821,1429.4],[-121.719789,46.767814,1428.8],[-121.719539,46.767763,1428.6],[-121.71929,46.767711,1428.3],[-121.71913,46.767715,1427.3],[-121.718965,46.767766,1425.1],[-121.718858,46.767788,1423.9],[-121.718769,46.767789,1423.1],[-121.718504,46.76774,1421.8],[-121.718239,46.76769,1421.0],[-121.717975,46.767641,1421.3],[-121.717969,46.76764,1421.3],[-121.717788,46.767637,1421.4],[-121.717588,46.767657,1422.6],[-121.717256,46.767739,1425.1],[-121.717025,46.767853,1427.6],[-121.716793,46.767968,1428.7],[-121.716562,46.768082,1429.1],[-121.716399,46.76821,1429.7],[-121.716281,46.768327,1430.6],[-121.716202,46.768459,1429.6],[-121.71609,46.768589,1430.2],[-121.715936,46.768718,1430.9],[-121.715782,46.768847,1430.4],[-121.715579,46.769044,1430.0],[-121.71539,46.769273,1425.6],[-121.715201,46.769502,1423.3],[-121.71499,46.769659,1423.8],[-121.714869,46.769785,1423.4]]}},
{"type":"Feature","properties":{"trail":"Mazama Ridge Trail","hero":false,"class":null,"length_m":1046.3},"geometry":{"type":"LineString","coordinates":[[-121.723093,46.770151,1484.9],[-121.723235,46.770386,1484.3],[-121.723353,46.770541,1483.8],[-121.723472,46.770695,1486.3],[-121.723521,46.77076,1487.0],[-121.723577,46.770886,1488.7],[-121.723578,46.770956,1490.2],[-121.723551,46.771033,1491.9],[-121.723449,46.771223,1496.0],[-121.723435,46.771363,1499.4],[-121.723463,46.77144,1500.9],[-121.723586,46.771616,1505.3],[-121.723709,46.771792,1510.9],[-121.72372,46.771903,1514.1],[-121.723668,46.771983,1516.1],[-121.723476,46.772153,1519.7],[-121.723284,46.772322,1522.2],[-121.723252,46.77243,1524.4],[-121.723282,46.772497,1526.5],[-121.723388,46.772631,1529.3],[-121.723449,46.772775,1531.9],[-121.723475,46.772906,1533.9],[-121.723469,46.77304,1535.3],[-121.723433,46.773174,1535.9],[-121.723344,46.773261,1534.6],[-121.72332,46.773332,1534.9],[-121.723485,46.773438,1540.5],[-121.723437,46.773473,1540.6],[-121.723405,46.773496,1540.8],[-121.723183,46.773477,1539.9],[-121.722948,46.773464,1540.7],[-121.722821,46.773493,1542.4],[-121.722835,46.77357,1544.3],[-121.722953,46.77377,1549.6],[-121.72293,46.773863,1552.1],[-121.722816,46.773921,1554.0],[-121.722591,46.77397,1558.0],[-121.722374,46.773944,1559.3],[-121.722144,46.77392,1561.3],[-121.721943,46.773921,1564.2],[-121.721742,46.773921,1565.5],[-121.721443,46.773999,1572.1],[-121.721173,46.774025,1576.5],[-121.720902,46.77405,1579.3],[-121.720538,46.774148,1584.6],[-121.720173,46.774246,1588.5],[-121.719985,46.774271,1590.0],[-121.719633,46.774279,1591.3],[-121.719477,46.774269,1591.8],[-121.719281,46.774221,1591.2],[-121.719085,46.774173,1590.2],[-121.718957,46.774127,1584.2],[-121.718982,46.774255,1591.3],[-121.718994,46.774319,1592.7],[-121.719104,46.774517,1597.1],[-121.719256,46.774692,1600.9],[-121.719396,46.774816,1604.3],[-121.719583,46.774823,1606.6],[-121.719786,46.774805,1608.6],[-121.719668,46.77497,1611.4],[-121.719616,46.775081,1611.0],[-121.71962,46.775148,1610.7],[-121.719658,46.775213,1611.2],[-121.71985,46.775443,1614.1],[-121.719961,46.77554,1614.4],[-121.720126,46.775637,1614.0],[-121.720157,46.775696,1613.6]]}},
{"type":"Feature","properties":{"trail":"Wonderland Trail","hero":false,"class":null,"length_m":13.1},"geometry":{"type":"LineString","coordinates":[[-121.714869,46.769785,1423.4],[-121.714775,46.769884,1423.0]]}},
{"type":"Feature","properties":{"trail":null,"hero":false,"class":"footway","length_m":27.1},"geometry":{"type":"LineString","coordinates":[[-121.714869,46.769785,1423.4],[-121.71482,46.769737,1424.5],[-121.714561,46.769786,1426.5]]}},
{"type":"Feature","properties":{"trail":"Mazama Ridge Trail","hero":false,"class":null,"length_m":1904.2},"geometry":{"type":"LineString","coordinates":[[-121.720157,46.775696,1613.6],[-121.720122,46.775918,1611.0],[-121.720124,46.776169,1608.9],[-121.720147,46.776256,1609.3],[-121.720211,46.776362,1611.0],[-121.720293,46.776464,1612.8],[-121.720376,46.776503,1614.1],[-121.720548,46.77643,1614.5],[-121.720717,46.776425,1617.1],[-121.720858,46.77644,1619.8],[-121.721045,46.776496,1623.4],[-121.721232,46.776551,1626.1],[-121.721427,46.776542,1626.3],[-121.721589,46.776548,1627.4],[-121.721615,46.776584,1628.3],[-121.721583,46.776799,1630.7],[-121.721625,46.776926,1631.8],[-121.721713,46.777035,1633.6],[-121.721757,46.777144,1635.5],[-121.721782,46.777323,1639.4],[-121.72176,46.777527,1643.6],[-121.721701,46.777667,1645.3],[-121.721641,46.777807,1647.4],[-121.721631,46.777903,1648.7],[-121.721671,46.778088,1650.5],[-121.721649,46.778346,1647.9],[-121.721519,46.778578,1648.1],[-121.721388,46.778809,1653.3],[-121.721258,46.779041,1653.7],[-121.721193,46.779092,1653.6],[-121.721076,46.779123,1653.7],[-121.720773,46.779151,1654.1],[-121.72047,46.779178,1657.0],[-121.720262,46.779189,1658.7],[-121.720053,46.7792,1659.3],[-121.719881,46.779239,1659.8],[-121.719747,46.779291,1660.6],[-121.719639,46.779377,1662.2],[-121.719537,46.779496,1665.1],[-121.719434,46.779614,1667.4],[-121.719225,46.779793,1670.1],[-121.71911,46.780008,1668.4],[-121.719089,46.780112,1668.6],[-121.719119,46.780234,1669.0],[-121.719225,46.780437,1670.2],[-121.719332,46.780639,1671.7],[-121.719364,46.780807,1672.4],[-121.719396,46.780974,1674.4],[-121.719426,46.781069,1675.3],[-121.719507,46.781216,1677.8],[-121.719523,46.781357,1680.2],[-121.71954,46.781497,1681.4],[-121.719611,46.781682,1683.0],[-121.71961,46.781871,1685.1],[-121.719608,46.78206,1687.7],[-121.719641,46.782181,1689.5],[-121.719718,46.782343,1690.1],[-121.719796,46.782504,1690.1],[-121.719822,46.782616,1689.8],[-121.71982,46.782756,1689.4],[-121.719817,46.782895,1689.6],[-121.719778,46.783079,1689.7],[-121.719779,46.783246,1691.4],[-121.719779,46.783412,1693.9],[-121.719811,46.783542,1697.3],[-121.719866,46.783631,1700.6],[-121.719977,46.78375,1705.9],[-121.720089,46.783868,1708.4],[-121.720123,46.78396,1709.6],[-121.720082,46.78417,1712.8],[-121.720086,46.784312,1715.0],[-121.720148,46.784545,1718.1],[-121.72021,46.784777,1721.2],[-121.720174,46.784888,1723.0],[-121.720031,46.785075,1726.4],[-121.719913,46.785285,1730.2],[-121.719795,46.785495,1732.2],[-121.719748,46.785715,1733.5],[-121.719701,46.785934,1735.4],[-121.719693,46.786113,1737.7],[-121.719755,46.786282,1739.3],[-121.719752,46.786381,1740.3],[-121.719662,46.786467,1739.9],[-121.719397,46.78665,1740.7],[-121.719329,46.786754,1742.2],[-121.719305,46.786858,1743.0],[-121.719315,46.787055,1744.1],[-121.719325,46.787252,1745.2],[-121.719334,46.787449,1745.8],[-121.719318,46.787545,1745.8],[-121.719329,46.787613,1745.5],[-121.719382,46.787686,1745.0],[-121.719416,46.787712,1744.8],[-121.71962,46.787864,1744.9],[-121.719823,46.788016,1745.2],[-121.719925,46.788085,1745.6],[-121.719978,46.788184,1746.5],[-121.720009,46.788349,1747.7],[-121.72004,46.788515,1749.2],[-121.720076,46.788717,1751.9],[-121.72011,46.788847,1754.1],[-121.720098,46.789097,1755.5],[-121.720157,46.789258,1757.0],[-121.720204,46.7894,1759.1],[-121.720205,46.789474,1760.1],[-121.720137,46.789549,1761.1],[-121.720034,46.789638,1762.8],[-121.719801,46.789771,1764.2],[-121.719568,46.789904,1764.3],[-121.719489,46.790038,1764.4],[-121.719411,46.790172,1765.6]]}},
{"type":"Feature","properties":{"trail":"Wonderland Trail","hero":false,"class":null,"length_m":227.5},"geometry":{"type":"LineString","coordinates":[[-121.714775,46.769884,1423.0],[-121.714652,46.770138,1421.4],[-121.714571,46.770292,1421.1],[-121.714406,46.770409,1423.4],[-121.714262,46.770569,1424.6],[-121.714181,46.770675,1425.9],[-121.714101,46.770757,1426.3],[-121.714048,46.770838,1426.4],[-121.713968,46.770922,1427.3],[-121.713858,46.771003,1428.6],[-121.713705,46.771051,1429.4],[-121.713522,46.771071,1429.2],[-121.713337,46.771073,1428.0],[-121.713171,46.771056,1425.3],[-121.713037,46.771016,1422.6],[-121.7129,46.770885,1418.8]]}},
{"type":"Feature","properties":{"trail":null,"hero":false,"class":"footway","length_m":84.2},"geometry":{"type":"LineString","coordinates":[[-121.714775,46.769884,1423.0],[-121.714949,46.769948,1420.4],[-121.715075,46.770037,1417.3],[-121.71518,46.770099,1414.4],[-121.715303,46.77011,1412.1],[-121.715368,46.770171,1409.8],[-121.715403,46.770242,1407.9],[-121.71554,46.770325,1405.4],[-121.715582,46.770354,1405.0]]}},
{"type":"Feature","properties":{"trail":"Wonderland Trail","hero":false,"class":null,"length_m":4482.4},"geometry":{"type":"LineString","coordinates":[[-121.7129,46.770885,1418.8],[-121.71279,46.770904,1417.1],[-121.712659,46.771034,1413.0],[-121.712649,46.771135,1411.8],[-121.712505,46.770998,1408.6],[-121.712361,46.770861,1405.4],[-121.712096,46.770669,1401.0],[-121.71204,46.770523,1402.2],[-121.711985,46.770378,1402.5],[-121.7118,46.770149,1399.4],[-121.711714,46.769972,1395.9],[-121.711494,46.769785,1386.5],[-121.711427,46.769614,1383.6],[-121.711339,46.769533,1381.4],[-121.711265,46.769471,1380.1],[-121.711125,46.76939,1378.7],[-121.710988,46.769341,1376.5],[-121.710749,46.76928,1372.1],[-121.71051,46.769218,1369.2],[-121.710153,46.76916,1364.4],[-121.709919,46.769144,1361.6],[-121.709625,46.769146,1357.0],[-121.709331,46.769147,1354.1],[-121.709013,46.76916,1347.0],[-121.708695,46.769174,1340.8],[-121.708377,46.769187,1336.9],[-121.708006,46.769234,1330.7],[-121.707636,46.76928,1324.5],[-121.707265,46.769327,1321.0],[-121.706895,46.769373,1319.1],[-121.706524,46.76942,1316.9],[-121.706349,46.769456,1314.5],[-121.706023,46.769538,1311.6],[-121.705697,46.769619,1307.0],[-121.705371,46.769701,1300.5],[-121.705045,46.769782,1293.1],[-121.704717,46.769894,1285.1],[-121.704389,46.770005,1285.2],[-121.704204,46.770072,1284.0],[-121.704023,46.770113,1282.8],[-121.70394,46.770152,1281.0],[-121.703782,46.770188,1279.3],[-121.703653,46.770301,1272.8],[-121.703619,46.770316,1272.5],[-121.70351,46.770327,1272.3],[-121.703426,46.770346,1272.2],[-121.703269,46.770388,1272.1],[-121.702995,46.770466,1272.2],[-121.702743,46.77058,1270.4],[-121.702448,46.770659,1265.9],[-121.70222,46.770652,1262.3],[-121.701999,46.770589,1259.6],[-121.701702,46.770536,1257.2],[-121.701361,46.770417,1256.9],[-121.701021,46.770297,1247.9],[-121.700747,46.770192,1239.9],[-121.700439,46.77005,1238.2],[-121.70013,46.769909,1235.3],[-121.699822,46.769767,1235.2],[-121.699489,46.769633,1230.1],[-121.699157,46.769499,1222.9],[-121.698824,46.769365,1213.6],[-121.698491,46.769231,1206.5],[-121.698158,46.769098,1203.0],[-121.697938,46.768984,1204.2],[-121.697719,46.76887,1202.6],[-121.697499,46.768756,1197.2],[-121.697316,46.768704,1193.7],[-121.697134,46.768653,1188.9],[-121.696849,46.768509,1180.1],[-121.696655,46.768419,1174.0],[-121.69646,46.768329,1165.5],[-121.696275,46.768227,1158.0],[-121.696238,46.768109,1158.4],[-121.696105,46.768023,1157.5],[-121.695937,46.76791,1163.8],[-121.695794,46.767849,1167.9],[-121.695516,46.767829,1170.5],[-121.695354,46.767762,1173.1],[-121.694978,46.767742,1167.6],[-121.694677,46.767658,1162.9],[-121.694591,46.767698,1157.4],[-121.694698,46.76783,1156.3],[-121.694867,46.767946,1153.4],[-121.694618,46.767948,1147.5],[-121.694376,46.767912,1141.2],[-121.694251,46.767845,1140.2],[-121.694113,46.767761,1138.4],[-121.69405,46.767648,1140.2],[-121.693872,46.767631,1135.9],[-121.693597,46.76778,1123.0],[-121.693509,46.767798,1122.5],[-121.69334,46.767806,1121.8],[-121.693099,46.767787,1123.6],[-121.692858,46.767767,1123.0],[-121.692579,46.767726,1120.6],[-121.6923,46.767686,1116.5],[-121.692021,46.767645,1111.9],[-121.691721,46.767652,1098.2],[-121.691422,46.767659,1096.3],[-121.691122,46.767666,1092.0],[-121.690888,46.767694,1083.3],[-121.690653,46.767722,1072.1],[-121.690404,46.767723,1066.6],[-121.690155,46.767724,1062.5],[-121.689986,46.767712,1059.9],[-121.689757,46.767672,1055.7],[-121.689517,46.767599,1055.5],[-121.689278,46.767525,1052.8],[-121.688987,46.76752,1043.6],[-121.688696,46.767514,1042.3],[-121.688352,46.76756,1034.0],[-121.688122,46.767477,1034.3],[-121.687892,46.767394,1035.2],[-121.687684,46.767375,1028.4],[-121.687451,46.767301,1026.1],[-121.687402,46.767172,1036.8],[-121.687298,46.767161,1035.3],[-121.687072,46.767189,1023.3],[-121.686845,46.767217,1011.5],[-121.686673,46.767188,1010.7],[-121.686523,46.76711,1019.7],[-121.686268,46.767097,1017.8],[-121.686013,46.767084,1014.8],[-121.685746,46.767013,1018.1],[-121.685478,46.766941,1022.7],[-121.68518,46.766924,1018.0],[-121.684882,46.766907,1013.2],[-121.684559,46.766837,1014.7],[-121.68421,46.766813,1007.6],[-121.68386,46.76679,998.6],[-121.683511,46.766766,992.2],[-121.683322,46.766655,994.1],[-121.683123,46.766583,993.6],[-121.682923,46.766511,992.3],[-121.682634,46.766459,986.2],[-121.682428,46.766368,985.5],[-121.682222,46.766277,987.5],[-121.681967,46.766221,983.2],[-121.681712,46.766165,979.4],[-121.681489,46.766059,979.5],[-121.681266,46.765952,982.0],[-121.681083,46.765852,984.4],[-121.6809,46.765752,988.1],[-121.680608,46.765673,981.8],[-121.680317,46.765594,973.3],[-121.680025,46.765514,970.6],[-121.679734,46.765435,971.6],[-121.679416,46.765356,969.4],[-121.679098,46.765278,964.6],[-121.678727,46.765245,961.3],[-121.678356,46.765212,957.5],[-121.677985,46.765179,957.1],[-121.677781,46.765114,956.6],[-121.677576,46.765048,958.9],[-121.677296,46.765045,958.6],[-121.677029,46.764958,960.3],[-121.676761,46.764871,959.0],[-121.67645,46.764781,958.9],[-121.67614,46.76469,961.1],[-121.675829,46.7646,963.6],[-121.675518,46.76451,969.3],[-121.675241,46.764474,975.8],[-121.674963,46.764439,978.2],[-121.674683,46.764292,975.8],[-121.674364,46.764172,976.7],[-121.674045,46.764053,969.3],[-121.673804,46.764048,965.9],[-121.673563,46.764043,963.2],[-121.673399,46.763931,963.0],[-121.673235,46.763819,959.7],[-121.672962,46.763659,953.3],[-121.672632,46.763615,938.9],[-121.672434,46.763539,927.7],[-121.672355,46.763442,924.1],[-121.672307,46.763299,922.1],[-121.67226,46.763111,921.9],[-121.672213,46.762922,920.8],[-121.672155,46.762836,919.1],[-121.672028,46.762792,914.7],[-121.671944,46.762653,910.0],[-121.671822,46.762496,904.6],[-121.671717,46.762403,903.9],[-121.671508,46.762373,900.8],[-121.671306,46.762179,900.0],[-121.670965,46.762088,897.4],[-121.670787,46.762029,895.6],[-121.670578,46.761963,893.2],[-121.670495,46.761828,896.3],[-121.670185,46.761679,897.9],[-121.669907,46.761574,900.7],[-121.669629,46.761469,902.0],[-121.669351,46.761364,903.1],[-121.669165,46.761324,902.2],[-121.668933,46.761304,903.1],[-121.668701,46.761283,903.5],[-121.668473,46.761389,894.8],[-121.668241,46.761447,889.6],[-121.668004,46.761397,888.7],[-121.667768,46.761347,890.7],[-121.667559,46.761362,890.3],[-121.667351,46.761377,889.7],[-121.667102,46.761332,892.7],[-121.666854,46.761287,897.3],[-121.666566,46.761215,901.9],[-121.666256,46.76112,903.0],[-121.66606,46.76108,899.7],[-121.665865,46.761039,892.2],[-121.665622,46.761016,883.9],[-121.66538,46.760993,880.1],[-121.665048,46.760875,881.6],[-121.664715,46.760756,880.7],[-121.664428,46.760624,886.4],[-121.664141,46.760491,887.4],[-121.663854,46.760358,879.7],[-121.663494,46.760267,880.8],[-121.663134,46.760176,885.9],[-121.662946,46.760097,886.4],[-121.662759,46.760018,885.8],[-121.662695,46.76,885.2]]}},
{"type":"Feature","properties":{"trail":null,"hero":false,"class":"footway","length_m":9.1},"geometry":{"type":"LineString","coordinates":[[-121.7129,46.770885,1418.8],[-121.712937,46.770808,1419.7]]}},
{"type":"Feature","properties":{"trail":null,"hero":false,"class":"footway","length_m":8.3},"geometry":{"type":"LineString","coordinates":[[-121.732742,46.791164,1704.6],[-121.732634,46.791169,1703.4]]}},
{"type":"Feature","properties":{"trail":null,"hero":false,"class":"path","length_m":303.8},"geometry":{"type":"LineString","coordinates":[[-121.732742,46.791164,1704.6],[-121.732793,46.791182,1705.1],[-121.732931,46.79123,1706.1],[-121.733097,46.791296,1708.3],[-121.733178,46.791344,1709.7],[-121.733234,46.791403,1710.5],[-121.733286,46.791496,1711.2],[-121.733307,46.791688,1711.7],[-121.733315,46.791778,1711.5],[-121.733373,46.791923,1711.8],[-121.733436,46.79215,1712.5],[-121.733441,46.792294,1712.5],[-121.733376,46.792419,1711.6],[-121.733239,46.792533,1710.8],[-121.733102,46.792646,1710.6],[-121.733049,46.792774,1710.8],[-121.733014,46.792974,1712.4],[-121.732881,46.793204,1714.4],[-121.732887,46.793313,1715.2],[-121.732963,46.793435,1716.5],[-121.733014,46.793584,1718.1]]}},
{"type":"Feature","properties":{"trail":null,"hero":false,"class":"steps","length_m":25.3},"geometry":{"type":"LineString","coordinates":[[-121.732634,46.791169,1703.4],[-121.732548,46.791137,1702.6],[-121.732469,46.791108,1701.6],[-121.732428,46.791086,1700.2],[-121.732359,46.791077,1698.5],[-121.732339,46.791084,1698.1]]}},
{"type":"Feature","properties":{"trail":null,"hero":false,"class":"footway","length_m":3.6},"geometry":{"type":"LineString","coordinates":[[-121.732339,46.791084,1698.1],[-121.732298,46.791101,1697.4]]}},
{"type":"Feature","properties":{"trail":"Nisqually Vista Trail","hero":false,"class":null,"length_m":427.6},"geometry":{"type":"LineString","coordinates":[[-121.744141,46.786674,1628.1],[-121.744102,46.7868,1627.6],[-121.744086,46.786928,1626.6],[-121.743957,46.787116,1625.1],[-121.743936,46.787288,1624.6],[-121.743916,46.787459,1624.4],[-121.743921,46.787546,1624.7],[-121.743952,46.787594,1624.9],[-121.744031,46.787649,1624.9],[-121.744164,46.787679,1624.4],[-121.744299,46.787665,1622.6],[-121.744543,46.787585,1620.4],[-121.744836,46.787514,1619.2],[-121.745134,46.787467,1617.2],[-121.74548,46.787369,1613.9],[-121.745634,46.787341,1612.9],[-121.745853,46.787407,1609.2],[-121.746036,46.787378,1608.6],[-121.746232,46.787148,1612.8],[-121.746495,46.787141,1609.6],[-121.746787,46.786987,1610.0],[-121.746958,46.786913,1609.3],[-121.747103,46.786875,1608.0],[-121.747213,46.78688,1607.1],[-121.747448,46.78694,1602.6],[-121.747548,46.786928,1601.3],[-121.747676,46.786881,1601.1]]}},
{"type":"Feature","properties":{"trail":null,"hero":false,"class":"footway","length_m":11.5},"geometry":{"type":"LineString","coordinates":[[-121.734598,46.786681,1655.4],[-121.734728,46.786733,1656.0]]}},
{"type":"Feature","properties":{"trail":null,"hero":false,"class":"steps","length_m":3.9},"geometry":{"type":"LineString","coordinates":[[-121.734728,46.786733,1656.0],[-121.734777,46.786744,1656.6]]}},
{"type":"Feature","properties":{"trail":null,"hero":false,"class":"footway","length_m":2.3},"geometry":{"type":"LineString","coordinates":[[-121.734777,46.786744,1656.6],[-121.734805,46.786752,1657.0]]}},
{"type":"Feature","properties":{"trail":"Paradise Glacier Trail","hero":false,"class":null,"length_m":1787.0},"geometry":{"type":"LineString","coordinates":[[-121.71594,46.79435,1835.3],[-121.715733,46.794406,1837.1],[-121.715543,46.794477,1838.1],[-121.715409,46.794513,1839.4],[-121.715342,46.794512,1840.0],[-121.71511,46.794544,1842.7],[-121.715003,46.794554,1844.0],[-121.714942,46.794578,1844.7],[-121.71487,46.794645,1845.4],[-121.714773,46.794705,1846.5],[-121.714649,46.794776,1847.9],[-121.714575,46.794801,1848.6],[-121.714414,46.794821,1849.9],[-121.71437,46.794841,1850.2],[-121.714214,46.794949,1851.2],[-121.714068,46.795028,1851.7],[-121.713995,46.795044,1851.8],[-121.713801,46.795072,1852.2],[-121.713616,46.795146,1853.2],[-121.713431,46.795219,1855.0],[-121.713166,46.795388,1856.8],[-121.712921,46.795579,1858.7],[-121.712657,46.795725,1860.6],[-121.712589,46.795807,1862.6],[-121.712575,46.795869,1863.8],[-121.712607,46.795901,1864.0],[-121.712607,46.79593,1864.4],[-121.712567,46.795934,1864.7],[-121.712471,46.795937,1865.1],[-121.712379,46.795989,1865.9],[-121.712355,46.796088,1868.1],[-121.712312,46.796172,1869.3],[-121.712237,46.796251,1870.6],[-121.712123,46.79637,1872.9],[-121.712102,46.796467,1873.9],[-121.712028,46.79651,1875.2],[-121.711922,46.796536,1877.1],[-121.711843,46.796723,1879.4],[-121.711854,46.796795,1879.7],[-121.711859,46.796879,1880.0],[-121.711827,46.796997,1880.8],[-121.711822,46.797215,1881.9],[-121.711759,46.797352,1882.9],[-121.711701,46.797413,1883.9],[-121.711581,46.797505,1885.6],[-121.711545,46.797609,1886.2],[-121.711529,46.797739,1886.8],[-121.711505,46.797818,1887.2],[-121.711421,46.797978,1888.5],[-121.711344,46.79806,1889.5],[-121.711376,46.798195,1889.3],[-121.711373,46.798316,1889.4],[-121.711349,46.798521,1888.4],[-121.711381,46.798625,1887.4],[-121.711384,46.798715,1887.3],[-121.711513,46.798833,1885.6],[-121.711583,46.798952,1885.3],[-121.711655,46.799026,1885.2],[-121.711808,46.79909,1885.0],[-121.712012,46.799167,1884.7],[-121.712076,46.799237,1884.8],[-121.712067,46.799342,1885.3],[-121.712114,46.799397,1885.6],[-121.712099,46.799542,1886.4],[-121.712143,46.7996,1887.0],[-121.712102,46.799755,1887.6],[-121.712121,46.799864,1887.7],[-121.712209,46.799991,1888.6],[-121.712319,46.800089,1889.0],[-121.71248,46.800142,1890.5],[-121.71261,46.800233,1891.7],[-121.712709,46.800399,1893.1],[-121.712873,46.800614,1896.9],[-121.712962,46.800678,1899.0],[-121.712986,46.800754,1899.7],[-121.713079,46.800958,1902.2],[-121.713181,46.801056,1904.3],[-121.713332,46.801166,1907.0],[-121.713397,46.80125,1907.7],[-121.713588,46.8014,1910.3],[-121.713736,46.801497,1911.8],[-121.713895,46.801599,1914.0],[-121.714038,46.801598,1916.6],[-121.714246,46.801515,1921.3],[-121.714311,46.801533,1922.2],[-121.714371,46.801587,1922.8],[-121.714583,46.801752,1924.3],[-121.71463,46.801809,1924.3],[-121.714702,46.801833,1925.2],[-121.714865,46.802002,1926.9],[-121.715017,46.80213,1929.2],[-121.715099,46.802255,1930.2],[-121.71518,46.802379,1931.8],[-121.715282,46.802532,1934.0],[-121.71543,46.802659,1937.1],[-121.715599,46.802818,1940.8],[-121.715738,46.803052,1942.8],[-121.715782,46.803133,1943.0],[-121.715852,46.803206,1943.6],[-121.716008,46.803313,1943.8],[-121.716055,46.803369,1943.6],[-121.716133,46.803472,1943.2],[-121.716187,46.803605,1942.5],[-121.716188,46.803732,1941.9],[-121.716266,46.803945,1941.9],[-121.716302,46.804024,1941.9],[-121.716353,46.804216,1942.0],[-121.71637,46.80436,1942.4],[-121.716387,46.804504,1943.1],[-121.716435,46.804723,1945.1],[-121.716386,46.804895,1944.9],[-121.716364,46.804971,1944.9],[-121.716191,46.805036,1943.6],[-121.716156,46.805132,1943.5],[-121.716078,46.805215,1943.0],[-121.715947,46.805259,1942.0],[-121.715932,46.805308,1942.0],[-121.71588,46.805478,1942.4],[-121.715889,46.805621,1943.7],[-121.715898,46.805764,1945.5],[-121.715893,46.805922,1946.9],[-121.715888,46.80608,1948.0],[-121.715821,46.806261,1948.9],[-121.715819,46.806379,1949.8],[-121.715817,46.806526,1951.1],[-121.715815,46.806673,1952.5],[-121.715802,46.806917,1954.9],[-121.715832,46.807108,1957.9]]}},
{"type":"Feature","properties":{"trail":"4th Crossing Trail","hero":false,"class":null,"length_m":395.0},"geometry":{"type":"LineString","coordinates":[[-121.723132,46.792143,1670.4],[-121.723437,46.792043,1667.3],[-121.723741,46.791943,1663.2],[-121.723804,46.791852,1662.6],[-121.723875,46.791796,1661.7],[-121.724026,46.791708,1659.1],[-121.724246,46.791615,1654.5],[-121.724423,46.791464,1650.4],[-121.7246,46.791313,1646.1],[-121.724655,46.791167,1642.5],[-121.724711,46.791021,1638.9],[-121.724832,46.790851,1634.4],[-121.724953,46.790681,1628.8],[-121.725094,46.790526,1623.1],[-121.72532,46.790323,1619.2],[-121.725504,46.790254,1618.1],[-121.725836,46.790212,1614.9],[-121.726044,46.790223,1612.4],[-121.726252,46.790234,1609.6],[-121.72643,46.790236,1607.0],[-121.726522,46.790268,1605.6],[-121.726641,46.790242,1603.4],[-121.726719,46.790126,1600.9],[-121.726736,46.790101,1600.3]]}},
{"type":"Feature","properties":{"trail":"Golden Gate Trail","hero":false,"class":null,"length_m":8.2},"geometry":{"type":"LineString","coordinates":[[-121.73228,46.791992,1706.9],[-121.732353,46.792047,1708.6]]}},
{"type":"Feature","properties":{"trail":null,"hero":false,"class":"path","length_m":9.3},"geometry":{"type":"LineString","coordinates":[[-121.735382,46.80157,1932.3],[-121.735457,46.801636,1931.6]]}},
{"type":"Feature","properties":{"trail":"Glacier Vista Trail","hero":false,"class":null,"length_m":263.3},"geometry":{"type":"LineString","coordinates":[[-121.735382,46.80157,1932.3],[-121.735414,46.801528,1931.5],[-121.735471,46.801472,1930.5],[-121.735527,46.801349,1929.1],[-121.735543,46.801293,1928.2],[-121.735499,46.801235,1927.5],[-121.735513,46.801177,1926.7],[-121.735573,46.801124,1925.5],[-121.735585,46.80103,1923.5],[-121.735579,46.800888,1920.9],[-121.735582,46.80074,1918.2],[-121.73564,46.800627,1914.5],[-121.735648,46.800501,1912.2],[-121.735608,46.800349,1911.1],[-121.735567,46.800196,1911.4],[-121.735528,46.799928,1910.0],[-121.735532,46.799867,1909.0],[-121.735497,46.799811,1907.9],[-121.735467,46.799788,1907.3],[-121.735408,46.799769,1906.6],[-121.735352,46.799767,1906.2],[-121.735278,46.799825,1906.9],[-121.73517,46.799908,1907.0],[-121.735046,46.79996,1906.2],[-121.734944,46.799974,1905.5],[-121.73484,46.799974,1905.0]]}},
{"type":"Feature","properties":{"trail":"Glacier Vista Trail","hero":false,"class":null,"length_m":62.6},"geometry":{"type":"LineString","coordinates":[[-121.735382,46.80157,1932.3],[-121.735337,46.801609,1933.4],[-121.735252,46.801629,1935.0],[-121.735108,46.801632,1936.5],[-121.735008,46.801601,1937.1],[-121.734887,46.801509,1937.7],[-121.734854,46.801494,1938.0],[-121.734816,46.8015,1938.5],[-121.734708,46.801567,1940.7]]}},
{"type":"Feature","properties":{"trail":null,"hero":false,"class":"footway","length_m":16.1},"geometry":{"type":"LineString","coordinates":[[-121.740343,46.784465,1642.6],[-121.740312,46.784425,1642.2],[-121.74031,46.784325,1641.1]]}},
{"type":"Feature","properties":{"trail":null,"hero":false,"class":"footway","length_m":8.4},"geometry":{"type":"LineString","coordinates":[[-121.740343,46.784465,1642.6],[-121.740395,46.784531,1643.2]]}},
{"type":"Feature","properties":{"trail":null,"hero":false,"class":"footway","length_m":63.2},"geometry":{"type":"LineString","coordinates":[[-121.740395,46.784531,1643.2],[-121.740183,46.784606,1643.8],[-121.739961,46.784734,1644.6],[-121.739916,46.78472,1644.2],[-121.739857,46.784722,1644.2],[-121.739823,46.784737,1644.6],[-121.739793,46.784763,1645.3],[-121.739696,46.784786,1645.8]]}},
{"type":"Feature","properties":{"trail":"Narada Falls Trail","hero":false,"class":null,"length_m":235.3},"geometry":{"type":"LineString","coordinates":[[-121.736131,46.778705,1514.1],[-121.736395,46.778768,1514.4],[-121.736659,46.778831,1511.2],[-121.736923,46.778895,1505.5],[-121.737079,46.778941,1501.0],[-121.737409,46.778833,1489.2],[-121.737536,46.778757,1486.5],[-121.737706,46.778728,1484.3],[-121.737855,46.778705,1482.7],[-121.738081,46.778616,1480.8],[-121.738349,46.778549,1479.1],[-121.738598,46.778542,1476.1],[-121.738856,46.778523,1472.6],[-121.739011,46.778508,1469.4]]}},
{"type":"Feature","properties":{"trail":"Lower Lakes Trail","hero":false,"class":null,"length_m":856.9},"geometry":{"type":"LineString","coordinates":[[-121.736131,46.778705,1514.1],[-121.735856,46.778787,1518.5],[-121.735694,46.778869,1522.2],[-121.735532,46.77895,1525.1],[-121.735446,46.779004,1524.9],[-121.735382,46.779071,1524.7],[-121.735278,46.779305,1526.7],[-121.735173,46.779539,1531.6],[-121.735058,46.779709,1533.2],[-121.734944,46.779878,1535.7],[-121.734829,46.780048,1538.0],[-121.734771,46.780189,1543.6],[-121.734713,46.78033,1547.8],[-121.734584,46.780579,1550.3],[-121.734454,46.780827,1558.9],[-121.73441,46.780994,1562.0],[-121.734406,46.781186,1566.3],[-121.734401,46.781378,1570.0],[-121.734406,46.781493,1574.1],[-121.734226,46.781549,1571.5],[-121.734359,46.781646,1578.5],[-121.734495,46.781861,1582.9],[-121.734523,46.782048,1583.7],[-121.734551,46.782234,1584.1],[-121.734579,46.782421,1584.6],[-121.734673,46.782609,1585.9],[-121.734767,46.782797,1588.3],[-121.734758,46.782967,1591.0],[-121.734748,46.783136,1593.3],[-121.734758,46.783405,1596.0],[-121.734768,46.783674,1600.6],[-121.734755,46.783808,1605.4],[-121.734709,46.783966,1611.0],[-121.734592,46.784202,1617.5],[-121.734387,46.78443,1621.0],[-121.734216,46.784656,1628.3],[-121.734044,46.784882,1633.8],[-121.733947,46.784974,1635.7],[-121.733779,46.785073,1638.1],[-121.733602,46.785216,1638.4],[-121.733503,46.785332,1637.9],[-121.733383,46.785443,1638.2],[-121.733385,46.785496,1639.1],[-121.733393,46.785503,1639.3],[-121.733459,46.785563,1641.1]]}},
{"type":"Feature","properties":{"trail":"Nisqually Vista Trail","hero":false,"class":null,"length_m":16.3},"geometry":{"type":"LineString","coordinates":[[-121.741754,46.78495,1639.1],[-121.741601,46.785028,1641.6],[-121.741583,46.785038,1642.1]]}},
{"type":"Feature","properties":{"trail":"Nisqually Vista Trail","hero":false,"class":null,"length_m":11.9},"geometry":{"type":"LineString","coordinates":[[-121.741583,46.785038,1642.1],[-121.741495,46.785126,1644.9]]}},
{"type":"Feature","properties":{"trail":null,"hero":false,"class":"footway","length_m":20.0},"geometry":{"type":"LineString","coordinates":[[-121.735806,46.78642,1655.2],[-121.735706,46.786485,1656.2],[-121.73562,46.786546,1657.0]]}},
{"type":"Feature","properties":{"trail":null,"hero":false,"class":"footway","length_m":39.4},"geometry":{"type":"LineString","coordinates":[[-121.735482,46.786857,1659.6],[-121.735443,46.786776,1659.3],[-121.735435,46.786751,1659.2],[-121.735442,46.786726,1659.0],[-121.735486,46.786671,1658.6],[-121.73562,46.786546,1657.0]]}},
{"type":"Feature","properties":{"trail":null,"hero":false,"class":"footway","length_m":30.3},"geometry":{"type":"LineString","coordinates":[[-121.735482,46.786857,1659.6],[-121.735346,46.786922,1660.2],[-121.735245,46.786978,1660.9],[-121.735148,46.786997,1661.5]]}},
{"type":"Feature","properties":{"trail":null,"hero":false,"class":"footway","length_m":31.2},"geometry":{"type":"LineString","coordinates":[[-121.73562,46.786546,1657.0],[-121.735286,46.786581,1658.4],[-121.735254,46.786577,1658.2],[-121.735228,46.786557,1657.8]]}},
{"type":"Feature","properties":{"trail":null,"hero":false,"class":"footway","length_m":13.3},"geometry":{"type":"LineString","coordinates":[[-121.735148,46.786997,1661.5],[-121.735084,46.786975,1661.3],[-121.735019,46.78692,1660.9]]}},
{"type":"Feature","properties":{"trail":null,"hero":false,"class":"footway","length_m":2.0},"geometry":{"type":"LineString","coordinates":[[-121.735228,46.786557,1657.8],[-121.735218,46.78654,1657.6]]}},
{"type":"Feature","properties":{"trail":null,"hero":false,"class":"footway","length_m":43.8},"geometry":{"type":"LineString","coordinates":[[-121.735228,46.786557,1657.8],[-121.735161,46.78663,1658.4],[-121.735114,46.786696,1658.9],[-121.735062,46.786853,1660.1],[-121.735019,46.78692,1660.9]]}},
{"type":"Feature","properties":{"trail":null,"hero":false,"class":"footway","length_m":32.7},"geometry":{"type":"LineString","coordinates":[[-121.739696,46.784786,1645.8],[-121.739551,46.784895,1647.8],[-121.739406,46.785003,1648.7]]}},
{"type":"Feature","properties":{"trail":null,"hero":false,"class":"footway","length_m":36.9},"geometry":{"type":"LineString","coordinates":[[-121.739696,46.784786,1645.8],[-121.739773,46.784618,1643.0],[-121.739727,46.784466,1641.4]]}},
{"type":"Feature","properties":{"trail":null,"hero":false,"class":"footway","length_m":185.7},"geometry":{"type":"LineString","coordinates":[[-121.739406,46.785003,1648.7],[-121.739329,46.785038,1649.2],[-121.739081,46.785145,1650.2],[-121.738834,46.785253,1650.0],[-121.738587,46.78536,1650.2],[-121.738335,46.785489,1651.3],[-121.738083,46.785618,1652.7],[-121.737813,46.785699,1652.9],[-121.73747,46.785736,1651.6],[-121.737279,46.785721,1650.8]]}},
{"type":"Feature","properties":{"trail":null,"hero":false,"class":"footway","length_m":59.5},"geometry":{"type":"LineString","coordinates":[[-121.734111,46.787536,1667.0],[-121.734132,46.787325,1663.0],[-121.734177,46.787167,1660.4],[-121.73422,46.787121,1659.9],[-121.734267,46.787018,1658.2]]}},
{"type":"Feature","properties":{"trail":null,"hero":false,"class":"footway","length_m":11.5},"geometry":{"type":"LineString","coordinates":[[-121.735239,46.786439,1656.5],[-121.73522,46.786485,1656.9],[-121.735218,46.78654,1657.6]]}},
{"type":"Feature","properties":{"trail":null,"hero":false,"class":"footway","length_m":39.5},"geometry":{"type":"LineString","coordinates":[[-121.735218,46.78654,1657.6],[-121.735095,46.78659,1657.5],[-121.734949,46.786661,1657.5],[-121.734805,46.786752,1657.0]]}},
{"type":"Feature","properties":{"trail":null,"hero":false,"class":"footway","length_m":24.9},"geometry":{"type":"LineString","coordinates":[[-121.734805,46.786752,1657.0],[-121.735019,46.78692,1660.9]]}},
{"type":"Feature","properties":{"trail":null,"hero":false,"class":"footway","length_m":38.2},"geometry":{"type":"LineString","coordinates":[[-121.734805,46.786752,1657.0],[-121.734595,46.786875,1657.1],[-121.734541,46.786894,1657.0],[-121.734377,46.786899,1656.7]]}},
{"type":"Feature","properties":{"trail":null,"hero":false,"class":"path","length_m":272.1},"geometry":{"type":"LineString","coordinates":[[-121.739116,46.798266,1730.0],[-121.73914,46.798471,1733.4],[-121.739115,46.798692,1737.6],[-121.73909,46.798912,1740.8],[-121.739065,46.799132,1743.7],[-121.739012,46.799362,1747.5],[-121.73896,46.799592,1752.6],[-121.738907,46.799822,1758.4],[-121.738854,46.800052,1762.6],[-121.738802,46.800282,1765.0],[-121.738751,46.800486,1771.9],[-121.7387,46.800691,1779.9]]}},
{"type":"Feature","properties":{"trail":null,"hero":false,"class":"path","length_m":264.5},"geometry":{"type":"LineString","coordinates":[[-121.739116,46.798266,1730.0],[-121.739462,46.798141,1727.0],[-121.739664,46.798086,1726.6],[-121.739865,46.798031,1722.8],[-121.740016,46.797928,1719.3],[-121.740084,46.797739,1717.3],[-121.740206,46.797558,1712.5],[-121.740375,46.797392,1708.0],[-121.74061,46.797181,1706.0],[-121.740846,46.796971,1705.9],[-121.740961,46.796877,1703.1],[-121.741261,46.796718,1700.2],[-121.741283,46.796562,1699.3]]}},
{"type":"Feature","properties":{"trail":"Skyline Trail","hero":true,"from_mile":0.0,"to_mile":0.124,"length_m":200.2},"geometry":{"type":"LineString","coordinates":[[-121.736518,46.786502,1657.6],[-121.736428,46.786738,1660.8],[-121.736337,46.786974,1663.5],[-121.736288,46.787234,1668.4],[-121.73624,46.787495,1674.6],[-121.736192,46.787755,1678.1],[-121.736144,46.788016,1682.0],[-121.736096,46.788277,1687.3]]}},
{"type":"Feature","properties":{"trail":"Skyline Trail","hero":true,"from_mile":0.124,"to_mile":0.133,"length_m":14.1},"geometry":{"type":"LineString","coordinates":[[-121.736096,46.788277,1687.3],[-121.73623,46.788364,1689.9]]}},
{"type":"Feature","properties":{"trail":"Skyline Trail","hero":true,"from_mile":0.133,"to_mile":0.178,"length_m":71.6},"geometry":{"type":"LineString","coordinates":[[-121.73623,46.788364,1689.9],[-121.736458,46.788511,1694.8],[-121.736685,46.788658,1700.1],[-121.736913,46.788806,1705.4]]}},
{"type":"Feature","properties":{"trail":"Skyline Trail","hero":true,"from_mile":0.178,"to_mile":0.447,"length_m":433.4},"geometry":{"type":"LineString","coordinates":[[-121.736913,46.788806,1705.4],[-121.737151,46.78896,1710.9],[-121.737355,46.78901,1712.6],[-121.737481,46.789135,1716.3],[-121.737607,46.789261,1718.1],[-121.737616,46.78951,1722.6],[-121.737482,46.789671,1726.1],[-121.737347,46.789831,1729.9],[-121.737327,46.789967,1733.3],[-121.737307,46.790102,1738.5],[-121.737468,46.790304,1744.8],[-121.73763,46.790505,1751.2],[-121.737791,46.790707,1754.1],[-121.737953,46.790909,1754.8],[-121.737971,46.791122,1757.5],[-121.737989,46.791336,1758.9],[-121.737904,46.791542,1763.2],[-121.737818,46.791747,1767.4],[-121.737798,46.791931,1767.6],[-121.737779,46.792115,1767.8],[-121.737759,46.792298,1768.5]]}},
{"type":"Feature","properties":{"trail":"Skyline Trail","hero":true,"from_mile":0.447,"to_mile":0.598,"length_m":243.4},"geometry":{"type":"LineString","coordinates":[[-121.737759,46.792298,1768.5],[-121.737578,46.792522,1772.0],[-121.737396,46.792746,1777.5],[-121.737215,46.79297,1781.3],[-121.737034,46.793194,1786.4],[-121.736853,46.793417,1790.3],[-121.736671,46.793641,1792.7],[-121.73649,46.793865,1795.0],[-121.736309,46.794089,1796.0],[-121.736116,46.794138,1796.7]]}},
{"type":"Feature","properties":{"trail":"Skyline Trail","hero":true,"from_mile":0.598,"to_mile":0.892,"length_m":473.5},"geometry":{"type":"LineString","coordinates":[[-121.736116,46.794138,1796.7],[-121.735986,46.794378,1796.7],[-121.735856,46.794617,1800.3],[-121.735726,46.794857,1804.0],[-121.735595,46.795097,1806.5],[-121.735583,46.795341,1811.4],[-121.73573,46.795507,1814.7],[-121.735878,46.795674,1820.0],[-121.735815,46.795816,1824.4],[-121.735751,46.795958,1824.8],[-121.735827,46.796192,1829.0],[-121.735903,46.796426,1832.4],[-121.735903,46.796673,1833.6],[-121.735903,46.796921,1836.6],[-121.735904,46.797168,1841.5],[-121.735904,46.797416,1847.3],[-121.735768,46.797603,1851.2],[-121.735632,46.79779,1855.4],[-121.735496,46.797977,1857.3],[-121.735361,46.798164,1859.0]]}},
{"type":"Feature","properties":{"trail":"Skyline Trail","hero":true,"from_mile":0.892,"to_mile":1.071,"length_m":286.7},"geometry":{"type":"LineString","coordinates":[[-121.735361,46.798164,1859.0],[-121.735196,46.79839,1862.9],[-121.734966,46.798445,1867.2],[-121.734732,46.798372,1867.1],[-121.734591,46.798494,1870.5],[-121.734449,46.798617,1874.2],[-121.734633,46.798636,1875.3],[-121.73451,46.798755,1878.4],[-121.734388,46.798873,1881.4],[-121.73436,46.799114,1885.6],[-121.734333,46.799356,1889.1],[-121.734306,46.799597,1893.2],[-121.734573,46.799785,1899.1],[-121.73484,46.799974,1905.0]]}},
{"type":"Feature","properties":{"trail":"Skyline Trail","hero":true,"from_mile":1.071,"to_mile":1.195,"length_m":201.1},"geometry":{"type":"LineString","coordinates":[[-121.73484,46.799974,1905.0],[-121.734556,46.800137,1907.5],[-121.734488,46.800305,1911.0],[-121.734526,46.800511,1915.7],[-121.734565,46.800717,1921.3],[-121.73474,46.800871,1925.7],[-121.734915,46.801024,1928.3],[-121.734904,46.801177,1931.8],[-121.734893,46.801329,1934.9],[-121.734708,46.801567,1940.7]]}},
{"type":"Feature","properties":{"trail":"Skyline Trail","hero":true,"from_mile":1.195,"to_mile":1.566,"length_m":595.8},"geometry":{"type":"LineString","coordinates":[[-121.734708,46.801567,1940.7],[-121.734541,46.801783,1943.0],[-121.734374,46.801998,1945.7],[-121.734342,46.802151,1947.0],[-121.734311,46.802303,1949.9],[-121.734286,46.802447,1953.7],[-121.7344,46.802632,1957.8],[-121.734514,46.802816,1960.6],[-121.734628,46.803001,1961.5],[-121.734559,46.803166,1963.6],[-121.734489,46.803332,1966.4],[-121.734258,46.803546,1970.1],[-121.734027,46.80376,1975.3],[-121.733748,46.803811,1980.5],[-121.733797,46.803923,1981.7],[-121.733736,46.804101,1983.9],[-121.733676,46.804279,1985.5],[-121.733466,46.804453,1991.4],[-121.733257,46.804626,2000.1],[-121.733188,46.804757,2004.2],[-121.733119,46.804888,2008.2],[-121.732977,46.804661,2012.5],[-121.732835,46.804434,2017.5],[-121.732693,46.804207,2021.6],[-121.73255,46.803979,2023.3],[-121.732408,46.803752,2023.6],[-121.732359,46.803609,2022.8],[-121.732309,46.803466,2021.0]]}},
{"type":"Feature","properties":{"trail":"Skyline Trail","hero":true,"from_mile":1.566,"to_mile":1.814,"length_m":399.4},"geometry":{"type":"LineString","coordinates":[[-121.732309,46.803466,2021.0],[-121.73225,46.803296,2019.2],[-121.732192,46.803126,2018.7],[-121.732045,46.802972,2020.7],[-121.731899,46.802818,2020.9],[-121.731689,46.802712,2018.8],[-121.731333,46.802701,2025.1],[-121.731125,46.802574,2025.2],[-121.730917,46.802446,2026.0],[-121.730708,46.802318,2024.6],[-121.730511,46.802276,2027.9],[-121.730314,46.802233,2030.7],[-121.730279,46.80209,2029.1],[-121.730244,46.801947,2027.7],[-121.729993,46.801922,2032.1],[-121.729743,46.801897,2034.3],[-121.729596,46.801957,2038.3],[-121.729748,46.8021,2042.1],[-121.729555,46.802229,2049.1],[-121.729362,46.802357,2054.0],[-121.729165,46.802412,2056.2],[-121.728968,46.802466,2056.8]]}},
{"type":"Feature","properties":{"trail":"Skyline Trail","hero":true,"from_mile":1.814,"to_mile":2.076,"length_m":422.1},"geometry":{"type":"LineString","coordinates":[[-121.728968,46.802466,2056.8],[-121.729235,46.802631,2061.4],[-121.729501,46.802796,2067.3],[-121.729768,46.802961,2074.3],[-121.729585,46.803152,2082.5],[-121.729402,46.803343,2088.3],[-121.729617,46.803326,2091.4],[-121.729831,46.803309,2092.8],[-121.729571,46.803482,2096.6],[-121.729429,46.803723,2100.5],[-121.729287,46.803963,2103.3],[-121.729144,46.804204,2109.1],[-121.728917,46.804393,2117.4],[-121.729138,46.804519,2117.5],[-121.729134,46.804683,2121.4],[-121.72913,46.804847,2126.1],[-121.729275,46.805029,2126.2],[-121.729257,46.805186,2127.2],[-121.72907,46.805244,2132.1]]}},
{"type":"Feature","properties":{"trail":"Skyline Trail","hero":true,"from_mile":2.076,"to_mile":3.116,"length_m":1674.2},"geometry":{"type":"LineString","coordinates":[[-121.72907,46.805244,2132.1],[-121.728722,46.805353,2137.6],[-121.728373,46.805461,2141.4],[-121.728036,46.805486,2143.6],[-121.727699,46.80551,2144.8],[-121.727361,46.805535,2142.9],[-121.7271,46.80565,2143.8],[-121.726838,46.805765,2145.4],[-121.726577,46.805881,2145.5],[-121.726229,46.805966,2144.0],[-121.72588,46.806051,2143.1],[-121.725532,46.806136,2141.3],[-121.725183,46.806221,2139.3],[-121.725308,46.806016,2130.8],[-121.725076,46.80611,2131.4],[-121.724845,46.806203,2132.8],[-121.724507,46.80614,2126.1],[-121.72417,46.806076,2121.4],[-121.723833,46.806013,2116.5],[-121.723498,46.805998,2112.4],[-121.723164,46.805983,2107.3],[-121.723288,46.805796,2100.8],[-121.723413,46.805608,2096.1],[-121.723649,46.805487,2093.2],[-121.723886,46.805366,2087.9],[-121.723855,46.80522,2083.2],[-121.723824,46.805074,2077.8],[-121.723543,46.805008,2075.8],[-121.723768,46.804891,2071.2],[-121.723533,46.804851,2070.0],[-121.723657,46.804674,2063.9],[-121.72378,46.804497,2058.2],[-121.723525,46.804325,2054.5],[-121.723271,46.804153,2053.5],[-121.723244,46.804016,2049.5],[-121.723218,46.803879,2045.4],[-121.722993,46.803661,2039.1],[-121.722768,46.803442,2032.5],[-121.722459,46.803427,2033.9],[-121.72215,46.803412,2033.4],[-121.721949,46.803306,2029.7],[-121.721748,46.8032,2027.3],[-121.721566,46.802993,2022.1],[-121.721551,46.802752,2016.1],[-121.721462,46.802594,2013.0],[-121.721373,46.802435,2010.7],[-121.721194,46.802286,2007.2],[-121.721311,46.802151,2006.9],[-121.721603,46.802117,2007.9],[-121.721894,46.802082,2007.4],[-121.722186,46.802048,2006.0],[-121.722296,46.801811,2003.9],[-121.722231,46.80159,2002.5],[-121.722167,46.801368,2000.9],[-121.722293,46.801248,1998.9],[-121.722491,46.801202,1998.1],[-121.722677,46.801286,1997.9],[-121.722831,46.801135,1995.0],[-121.722985,46.800984,1992.3],[-121.723276,46.800884,1990.6],[-121.723568,46.800784,1986.3],[-121.723859,46.800684,1980.6],[-121.723822,46.800528,1979.0],[-121.724024,46.800468,1974.6],[-121.723809,46.80033,1971.8],[-121.723856,46.800172,1967.5],[-121.723902,46.800013,1963.4],[-121.723706,46.799841,1959.8],[-121.723461,46.79973,1959.3],[-121.723215,46.799619,1957.9],[-121.72305,46.799473,1957.5],[-121.722885,46.799326,1955.1],[-121.722721,46.79918,1953.4],[-121.722711,46.799037,1951.1],[-121.722701,46.798893,1948.8]]}},
{"type":"Feature","properties":{"trail":"Skyline Trail","hero":true,"from_mile":3.116,"to_mile":3.723,"length_m":976.9},"geometry":{"type":"LineString","coordinates":[[-121.722701,46.798893,1948.8],[-121.722684,46.798648,1943.1],[-121.722667,46.798402,1937.1],[-121.722499,46.798229,1933.4],[-121.722331,46.798057,1930.3],[-121.722163,46.797884,1926.6],[-121.721995,46.797711,1923.6],[-121.721968,46.797477,1916.4],[-121.721634,46.797366,1915.7],[-121.721521,46.797201,1912.0],[-121.721407,46.797037,1911.1],[-121.721294,46.796872,1907.8],[-121.72103,46.796751,1908.5],[-121.720759,46.79674,1910.0],[-121.720488,46.79673,1907.6],[-121.720218,46.796585,1902.5],[-121.719949,46.79644,1898.5],[-121.719746,46.796254,1894.5],[-121.719543,46.796067,1893.2],[-121.71934,46.79588,1890.4],[-121.719262,46.795623,1882.7],[-121.719184,46.795365,1875.5],[-121.719106,46.795107,1869.0],[-121.718822,46.79496,1864.2],[-121.718538,46.794814,1858.9],[-121.718253,46.794667,1853.6],[-121.717969,46.79452,1849.7],[-121.717685,46.794373,1845.7],[-121.71739,46.794542,1846.9],[-121.717347,46.794683,1844.4],[-121.717304,46.794825,1842.1],[-121.71716,46.79499,1838.5],[-121.717016,46.795156,1836.3],[-121.716872,46.795322,1835.0],[-121.716506,46.795275,1833.8],[-121.71614,46.795228,1833.5],[-121.715935,46.795085,1832.5],[-121.715731,46.794941,1833.7],[-121.715746,46.794803,1834.4],[-121.71576,46.794666,1835.1],[-121.71585,46.794508,1835.7],[-121.71594,46.79435,1835.3]]}},
{"type":"Feature","properties":{"trail":"Skyline Trail","hero":true,"from_mile":3.723,"to_mile":4.146,"length_m":679.9},"geometry":{"type":"LineString","coordinates":[[-121.71594,46.79435,1835.3],[-121.716079,46.794107,1835.5],[-121.716218,46.793863,1834.2],[-121.716357,46.793619,1829.9],[-121.716359,46.793468,1828.5],[-121.716361,46.793316,1826.4],[-121.716558,46.793178,1821.9],[-121.716755,46.79304,1821.6],[-121.716951,46.792902,1819.8],[-121.716979,46.792681,1816.3],[-121.717007,46.79246,1813.3],[-121.717035,46.792239,1810.8],[-121.717063,46.792019,1806.1],[-121.71692,46.791932,1804.3],[-121.716907,46.791677,1800.4],[-121.716958,46.791435,1798.8],[-121.717009,46.791192,1796.2],[-121.71706,46.79095,1792.9],[-121.717111,46.790707,1789.7],[-121.717162,46.790465,1786.7],[-121.717236,46.790328,1784.6],[-121.717309,46.790191,1781.9],[-121.717528,46.790026,1778.0],[-121.717747,46.789861,1773.5],[-121.71806,46.789854,1769.4],[-121.718373,46.789847,1765.0],[-121.718719,46.789955,1763.1],[-121.719065,46.790064,1764.0],[-121.719411,46.790172,1765.6]]}},
{"type":"Feature","properties":{"trail":"Skyline Trail","hero":true,"from_mile":4.146,"to_mile":4.502,"length_m":573.8},"geometry":{"type":"LineString","coordinates":[[-121.719411,46.790172,1765.6],[-121.71951,46.790203,1765.1],[-121.719615,46.790335,1763.5],[-121.719721,46.790466,1760.8],[-121.720014,46.790292,1754.7],[-121.720263,46.790238,1749.2],[-121.720513,46.790185,1744.6],[-121.720557,46.790338,1739.0],[-121.7206,46.790491,1736.2],[-121.72079,46.790434,1732.9],[-121.72098,46.790377,1729.3],[-121.721012,46.790523,1727.4],[-121.721045,46.79067,1724.3],[-121.72122,46.790608,1721.7],[-121.721396,46.790546,1718.8],[-121.721404,46.790764,1714.5],[-121.721413,46.790982,1710.8],[-121.721422,46.791201,1706.5],[-121.721431,46.791419,1701.0],[-121.721385,46.791684,1695.2],[-121.721338,46.79195,1690.4],[-121.721292,46.792215,1686.7],[-121.721569,46.792266,1682.8],[-121.721743,46.792182,1680.6],[-121.72205,46.792138,1677.6],[-121.722358,46.792094,1674.9],[-121.722665,46.79205,1673.3],[-121.722899,46.792096,1672.2],[-121.723132,46.792143,1670.4]]}},
{"type":"Feature","properties":{"trail":"Skyline Trail","hero":true,"from_mile":4.502,"to_mile":5.02,"length_m":832.4},"geometry":{"type":"LineString","coordinates":[[-121.723132,46.792143,1670.4],[-121.723224,46.792262,1670.3],[-121.723517,46.792362,1670.4],[-121.723809,46.792461,1671.5],[-121.723995,46.79268,1675.6],[-121.724181,46.792899,1677.5],[-121.724367,46.793118,1680.4],[-121.724589,46.793211,1680.4],[-121.724811,46.793304,1680.5],[-121.725111,46.793337,1679.9],[-121.725411,46.793371,1681.4],[-121.725711,46.793404,1680.9],[-121.726011,46.793437,1680.6],[-121.726222,46.79341,1680.9],[-121.726433,46.793383,1682.8],[-121.726722,46.793308,1686.3],[-121.72701,46.793233,1690.5],[-121.727299,46.793158,1695.2],[-121.727547,46.793048,1697.3],[-121.727795,46.792937,1699.9],[-121.728044,46.792827,1703.0],[-121.728292,46.792716,1705.9],[-121.728639,46.792655,1712.0],[-121.728967,46.792674,1716.4],[-121.729294,46.792692,1719.7],[-121.729622,46.792711,1722.5],[-121.729949,46.792729,1723.7],[-121.730243,46.792691,1718.2],[-121.730361,46.792801,1719.9],[-121.730479,46.792912,1720.9],[-121.730738,46.792742,1717.2],[-121.730998,46.792572,1715.0],[-121.731257,46.792402,1711.1],[-121.731524,46.792347,1709.2],[-121.731791,46.792292,1708.7],[-121.731982,46.792205,1708.2],[-121.732173,46.792119,1708.1],[-121.73228,46.791992,1706.9]]}},
{"type":"Feature","properties":{"trail":"Skyline Trail","hero":true,"from_mile":5.02,"to_mile":5.082,"length_m":101.0},"geometry":{"type":"LineString","coordinates":[[-121.73228,46.791992,1706.9],[-121.732425,46.791819,1705.5],[-121.73257,46.791647,1703.7],[-121.732716,46.791474,1704.1],[-121.732729,46.791319,1704.3],[-121.732742,46.791164,1704.6]]}},
{"type":"Feature","properties":{"trail":"Skyline Trail","hero":true,"from_mile":5.082,"to_mile":5.257,"length_m":281.4},"geometry":{"type":"LineString","coordinates":[[-121.732742,46.791164,1704.6],[-121.732832,46.790994,1703.7],[-121.732923,46.790824,1702.4],[-121.73288,46.79056,1701.3],[-121.732837,46.790297,1696.7],[-121.732794,46.790033,1692.6],[-121.732751,46.78977,1689.7],[-121.73267,46.789562,1686.0],[-121.732589,46.789354,1682.7],[-121.732508,46.789146,1680.1],[-121.732527,46.788915,1677.3],[-121.732546,46.788684,1673.8]]}},
{"type":"Feature","properties":{"trail":"Skyline Trail","hero":true,"from_mile":5.257,"to_mile":5.376,"length_m":191.5},"geometry":{"type":"LineString","coordinates":[[-121.732546,46.788684,1673.8],[-121.732564,46.78846,1671.2],[-121.732817,46.788442,1673.2],[-121.73307,46.788423,1673.6],[-121.733271,46.788322,1673.0],[-121.733466,46.788116,1669.5],[-121.733661,46.787909,1668.1],[-121.733855,46.787703,1667.2],[-121.734111,46.787536,1667.0]]}},
{"type":"Feature","properties":{"trail":"Skyline Trail","hero":true,"from_mile":5.376,"to_mile":5.433,"length_m":90.9},"geometry":{"type":"LineString","coordinates":[[-121.734111,46.787536,1667.0],[-121.734338,46.787388,1665.9],[-121.734565,46.78724,1663.5],[-121.734806,46.787139,1662.5],[-121.735047,46.787039,1662.2]]}},
{"type":"Feature","properties":{"trail":"Skyline Trail","hero":true,"from_mile":5.433,"to_mile":5.438,"length_m":8.9},"geometry":{"type":"LineString","coordinates":[[-121.735047,46.787039,1662.2],[-121.735148,46.786997,1661.5]]}},
{"type":"Feature","properties":{"trail":"Skyline Trail","hero":true,"from_mile":5.438,"to_mile":5.457,"length_m":29.9},"geometry":{"type":"LineString","coordinates":[[-121.735148,46.786997,1661.5],[-121.735482,46.786857,1659.6]]}},
{"type":"Feature","properties":{"trail":"Skyline Trail","hero":true,"from_mile":5.457,"to_mile":5.505,"length_m":77.0},"geometry":{"type":"LineString","coordinates":[[-121.735482,46.786857,1659.6],[-121.735721,46.786758,1658.7],[-121.735959,46.786658,1658.1],[-121.736198,46.786558,1657.7],[-121.736364,46.786529,1657.6]]}},
{"type":"Feature","properties":{"trail":"Skyline Trail","hero":true,"from_mile":5.505,"to_mile":5.512,"length_m":12.2},"geometry":{"type":"LineString","coordinates":[[-121.736364,46.786529,1657.6],[-121.736518,46.786502,1657.6]]}}
]}
