{"type": "FeatureCollection", "attribution": "© OpenStreetMap contributors (ODbL 1.0), via Overture Maps Foundation release 2026-09-23.0", "license": "ODbL-1.0", "source": "https://overturemaps-us-west-2.s3.amazonaws.com/release/2026-09-23.0/theme=transportation/type=segment/", "mountain_slug": "mount-everest", "hero_trail": "Everest Base Camp Trek", "hero_length_mi": 12.141, "elevation": "meters above the EGM2008 geoid, sampled from the Copernicus DEM (step 10)", "features": [
{"type":"Feature","properties":{"trail":null,"hero":false,"class":"path","length_m":1420.1},"geometry":{"type":"LineString","coordinates":[[86.794192,27.955561,5786.5],[86.794234,27.955381,5771.4],[86.794275,27.955201,5755.8],[86.794298,27.954993,5737.3],[86.794131,27.954819,5739.8],[86.794044,27.954702,5738.7],[86.793957,27.954584,5738.3],[86.793966,27.954392,5722.3],[86.793881,27.954377,5730.0],[86.793975,27.954166,5706.8],[86.794068,27.953956,5681.2],[86.793925,27.953804,5687.7],[86.793782,27.953651,5696.6],[86.793638,27.953499,5705.4],[86.79368,27.953328,5689.1],[86.793722,27.953157,5675.7],[86.793773,27.952937,5664.7],[86.793883,27.952807,5655.7],[86.793993,27.952677,5649.5],[86.79402,27.952501,5651.0],[86.794082,27.952321,5650.0],[86.794143,27.952141,5647.2],[86.79409,27.951971,5643.7],[86.794036,27.9518,5639.4],[86.79395,27.951563,5633.8],[86.793923,27.951388,5629.3],[86.793897,27.951213,5626.6],[86.793999,27.951047,5619.2],[86.794126,27.950897,5608.0],[86.794254,27.950747,5595.1],[86.794382,27.950597,5583.0],[86.794427,27.950349,5575.4],[86.794602,27.950282,5566.4],[86.794738,27.950128,5557.1],[86.794761,27.949994,5553.5],[86.794844,27.949846,5546.2],[86.794693,27.9499,5553.0],[86.794518,27.949947,5558.4],[86.794306,27.949759,5550.9],[86.794321,27.949585,5538.9],[86.794369,27.949391,5524.3],[86.794417,27.949196,5507.5],[86.794465,27.949002,5489.0],[86.794488,27.948855,5474.8],[86.794359,27.948687,5460.7],[86.794124,27.948727,5464.2],[86.793953,27.948798,5464.0],[86.793782,27.948868,5461.9],[86.793699,27.948687,5449.7],[86.793547,27.94854,5437.9],[86.793486,27.948365,5427.5],[86.793297,27.948171,5415.7],[86.793069,27.948138,5408.0],[86.792959,27.948007,5399.1],[86.792849,27.947876,5390.2],[86.792766,27.947712,5380.5],[86.792682,27.947548,5370.7],[86.79255,27.947317,5356.5],[86.792417,27.947085,5342.1],[86.79244,27.946844,5332.2],[86.792252,27.946652,5316.1],[86.792065,27.94646,5302.0],[86.792034,27.94632,5296.3],[86.792003,27.94618,5290.9],[86.792027,27.945945,5282.6],[86.791971,27.945805,5277.1],[86.791914,27.945663,5271.2],[86.791878,27.945528,5266.0],[86.791842,27.945393,5261.8]]}},
{"type":"Feature","properties":{"trail":null,"hero":false,"class":"path","length_m":473.0},"geometry":{"type":"LineString","coordinates":[[86.791842,27.945393,5261.8],[86.791598,27.945445,5258.0],[86.791355,27.945497,5252.4],[86.791256,27.945296,5244.0],[86.791131,27.945192,5238.9],[86.791006,27.945088,5236.6],[86.790915,27.944907,5232.4],[86.790879,27.944703,5226.1],[86.790843,27.944498,5219.2],[86.790807,27.944294,5209.0],[86.79077,27.94409,5197.8],[86.790748,27.943821,5186.0],[86.790869,27.943676,5180.7],[86.790989,27.943531,5178.0],[86.791123,27.943337,5175.6],[86.791258,27.943142,5176.2],[86.791365,27.942974,5176.1],[86.791485,27.942884,5175.8],[86.791485,27.942882,5175.8],[86.791663,27.942775,5174.5],[86.791839,27.942668,5175.2],[86.791874,27.942593,5175.2],[86.79195,27.942583,5174.7],[86.791955,27.942583,5174.8],[86.792025,27.942496,5177.0],[86.791955,27.942493,5174.7],[86.791971,27.942424,5175.3],[86.792014,27.942353,5176.0]]}},
{"type":"Feature","properties":{"trail":null,"hero":false,"class":"path","length_m":43.6},"geometry":{"type":"LineString","coordinates":[[86.791842,27.945393,5261.8],[86.791894,27.945383,5262.5],[86.792083,27.945237,5259.9],[86.792221,27.94522,5259.6]]}},
{"type":"Feature","properties":{"trail":null,"hero":false,"class":"path","length_m":21.6},"geometry":{"type":"LineString","coordinates":[[86.792014,27.942353,5176.0],[86.79207,27.942273,5176.1],[86.79218,27.942249,5176.4]]}},
{"type":"Feature","properties":{"trail":null,"hero":false,"class":"path","length_m":388.4},"geometry":{"type":"LineString","coordinates":[[86.792014,27.942353,5176.0],[86.792125,27.942458,5179.6],[86.79228,27.942525,5184.2],[86.792462,27.942702,5194.2],[86.792474,27.942893,5200.0],[86.792553,27.942937,5199.9],[86.792531,27.943178,5204.3],[86.792508,27.943419,5209.8],[86.792502,27.94357,5215.2],[86.792496,27.943721,5220.1],[86.792236,27.943851,5219.2],[86.792368,27.944038,5229.4],[86.792453,27.944126,5232.5],[86.792523,27.944185,5232.8],[86.792478,27.944394,5239.3],[86.792228,27.94455,5249.9],[86.792132,27.944765,5253.9],[86.792108,27.944927,5255.3],[86.792083,27.945088,5257.4],[86.792221,27.94522,5259.6]]}},
{"type":"Feature","properties":{"trail":null,"hero":false,"class":"path","length_m":179.6},"geometry":{"type":"LineString","coordinates":[[86.792221,27.94522,5259.6],[86.792318,27.945111,5254.9],[86.792403,27.9449,5249.1],[86.792555,27.944941,5243.0],[86.792631,27.944844,5238.2],[86.792743,27.945029,5234.9],[86.79284,27.944839,5227.2],[86.792891,27.944666,5221.6],[86.792912,27.944633,5219.9],[86.792923,27.944581,5218.5],[86.792926,27.944581,5218.3],[86.792915,27.944434,5216.3],[86.792918,27.944393,5215.3],[86.792879,27.944344,5216.6],[86.792888,27.944284,5215.0]]}},
{"type":"Feature","properties":{"trail":null,"hero":false,"class":"path","length_m":271.2},"geometry":{"type":"LineString","coordinates":[[86.79218,27.942249,5176.4],[86.792203,27.942173,5172.4],[86.792381,27.942054,5160.4],[86.792453,27.941918,5151.0],[86.792526,27.941782,5141.9],[86.792648,27.941664,5128.9],[86.79289,27.941621,5115.8],[86.792865,27.941483,5108.0],[86.792921,27.941438,5104.0],[86.792998,27.941451,5103.1],[86.793077,27.941358,5097.4],[86.79303,27.941249,5093.4],[86.793125,27.941121,5088.6],[86.793073,27.941054,5086.2],[86.792991,27.940928,5081.7],[86.79291,27.940803,5076.2],[86.792899,27.940743,5074.0],[86.792856,27.940712,5071.8],[86.792881,27.940585,5068.0],[86.792859,27.940367,5059.3]]}},
{"type":"Feature","properties":{"trail":null,"hero":false,"class":"path","length_m":1796.2},"geometry":{"type":"LineString","coordinates":[[86.792859,27.940367,5059.3],[86.792728,27.940424,5058.1],[86.792576,27.94045,5056.7],[86.792507,27.940351,5051.3],[86.792384,27.940247,5046.2],[86.79226,27.940143,5040.8],[86.792121,27.940024,5034.2],[86.791981,27.939906,5027.6],[86.791842,27.939825,5026.0],[86.791702,27.939745,5024.1],[86.791595,27.939569,5016.1],[86.791488,27.939394,5006.7],[86.791413,27.939271,5000.0],[86.791268,27.939043,4991.5],[86.791123,27.938816,4982.8],[86.79093,27.938683,4979.7],[86.790737,27.93855,4976.0],[86.790565,27.938424,4972.5],[86.790394,27.938297,4968.7],[86.790222,27.938171,4964.1],[86.790141,27.938043,4958.2],[86.790061,27.937915,4953.8],[86.789943,27.937787,4948.4],[86.789825,27.937659,4944.7],[86.78975,27.937455,4942.1],[86.789675,27.937252,4938.8],[86.789614,27.937037,4937.8],[86.789553,27.936822,4938.0],[86.789492,27.936607,4937.2],[86.789374,27.936408,4936.8],[86.789353,27.936271,4935.6],[86.789331,27.936133,4934.6],[86.789231,27.93589,4932.4],[86.789131,27.935647,4924.9],[86.789031,27.935403,4912.8],[86.788897,27.935256,4909.5],[86.788763,27.935109,4907.6],[86.788698,27.93491,4900.2],[86.788613,27.934759,4896.9],[86.788527,27.934607,4893.0],[86.788373,27.934449,4892.3],[86.788219,27.934291,4890.9],[86.788065,27.934133,4891.3],[86.787958,27.933977,4892.1],[86.787851,27.93382,4891.5],[86.787733,27.933659,4889.7],[86.787491,27.933626,4894.0],[86.78725,27.933593,4883.7],[86.786976,27.933583,4881.1],[86.786703,27.933574,4878.8],[86.786424,27.933631,4878.1],[86.786145,27.933688,4876.9],[86.785866,27.933744,4874.7],[86.785587,27.933854,4873.4],[86.785308,27.933963,4866.6],[86.785254,27.93411,4864.7],[86.785201,27.934256,4859.8],[86.78519,27.934474,4852.9],[86.785179,27.934692,4844.6],[86.785169,27.93491,4837.4],[86.785158,27.935128,4830.6],[86.785254,27.935308,4830.5],[86.785226,27.935501,4823.6],[86.785197,27.935694,4817.3],[86.785169,27.935887,4811.6],[86.785083,27.936048,4804.5],[86.784997,27.936209,4797.4],[86.784943,27.936351,4792.3],[86.784782,27.936512,4784.7],[86.784622,27.936674,4778.3],[86.784418,27.936768,4773.9],[86.784224,27.936882,4771.4],[86.784053,27.936958,4770.4],[86.783779,27.937005,4769.3],[86.783506,27.937053,4768.2],[86.783248,27.937076,4765.8],[86.782991,27.9371,4762.7],[86.782873,27.93728,4762.3],[86.782626,27.937422,4759.3],[86.782438,27.937508,4757.4],[86.78225,27.937594,4754.5],[86.782063,27.93768,4751.4]]}},
{"type":"Feature","properties":{"trail":null,"hero":false,"class":"path","length_m":598.7},"geometry":{"type":"LineString","coordinates":[[86.792859,27.940367,5059.3],[86.79286,27.940268,5055.6],[86.792844,27.940186,5051.6],[86.792923,27.94016,5051.7],[86.793038,27.939956,5042.3],[86.793008,27.939904,5039.4],[86.793042,27.939862,5037.5],[86.793016,27.939841,5036.2],[86.793036,27.939795,5033.9],[86.792995,27.939781,5032.9],[86.793019,27.93972,5029.9],[86.793002,27.93968,5028.0],[86.793035,27.939616,5025.1],[86.793033,27.939532,5021.1],[86.793085,27.939466,5019.1],[86.793008,27.939407,5015.4],[86.792955,27.939329,5012.0],[86.792904,27.939067,5004.3],[86.792794,27.938943,5000.4],[86.792685,27.938819,4997.3],[86.792575,27.93871,4994.6],[86.792465,27.938601,4991.7],[86.792398,27.938422,4988.6],[86.792331,27.938243,4982.4],[86.792264,27.938064,4973.2],[86.792281,27.937905,4965.2],[86.792297,27.937747,4957.8],[86.792227,27.937582,4946.2],[86.792157,27.937416,4937.1],[86.792052,27.937216,4927.0],[86.791947,27.937016,4919.7],[86.791859,27.936781,4913.0],[86.791772,27.936546,4904.4],[86.791684,27.936311,4894.6],[86.791596,27.936076,4884.1],[86.791491,27.935851,4873.6],[86.791386,27.935626,4861.9],[86.791278,27.935529,4855.8]]}},
{"type":"Feature","properties":{"trail":null,"hero":false,"class":"path","length_m":193.8},"geometry":{"type":"LineString","coordinates":[[86.822775,27.892278,4365.5],[86.822662,27.892152,4357.0],[86.822586,27.892023,4351.4],[86.822539,27.891915,4348.4],[86.822474,27.891804,4344.4],[86.822429,27.891785,4341.0],[86.822324,27.891651,4333.6],[86.822236,27.891548,4326.8],[86.82217,27.891482,4322.0],[86.822085,27.891392,4316.5],[86.821985,27.891283,4312.1],[86.821832,27.891179,4306.6],[86.821733,27.891029,4301.6],[86.821642,27.891081,4297.9],[86.821605,27.891034,4295.7],[86.821583,27.891028,4294.8]]}},
{"type":"Feature","properties":{"trail":null,"hero":false,"class":"path","length_m":85.5},"geometry":{"type":"LineString","coordinates":[[86.822775,27.892278,4365.5],[86.822816,27.892224,4365.8],[86.822849,27.892202,4366.0],[86.822919,27.892218,4366.9],[86.823013,27.892207,4367.8],[86.82314,27.892199,4366.5],[86.82328,27.892208,4363.9],[86.823401,27.892241,4362.0],[86.823506,27.892294,4360.7],[86.823571,27.892322,4359.8]]}},
{"type":"Feature","properties":{"trail":null,"hero":false,"class":"path","length_m":118.1},"geometry":{"type":"LineString","coordinates":[[86.822775,27.892278,4365.5],[86.822741,27.892424,4364.1],[86.822624,27.892582,4358.4],[86.822507,27.89274,4352.6],[86.822412,27.89286,4348.7],[86.822316,27.892981,4344.7],[86.822145,27.893172,4336.6]]}},
{"type":"Feature","properties":{"trail":null,"hero":false,"class":"path","length_m":264.3},"geometry":{"type":"LineString","coordinates":[[86.821583,27.891028,4294.8],[86.82147,27.890996,4290.3],[86.821385,27.890915,4286.2],[86.82132,27.890972,4285.1],[86.821261,27.890915,4283.2],[86.821136,27.891072,4279.1],[86.821077,27.891291,4275.0],[86.821073,27.891527,4272.8],[86.821006,27.891708,4267.0],[86.820938,27.891889,4261.8],[86.820711,27.891743,4254.5],[86.82053,27.891704,4250.0],[86.820425,27.89182,4248.3],[86.820195,27.891853,4247.0],[86.819965,27.891887,4248.5]]}},
{"type":"Feature","properties":{"trail":null,"hero":false,"class":"path","length_m":224.8},"geometry":{"type":"LineString","coordinates":[[86.821583,27.891028,4294.8],[86.821531,27.890817,4290.1],[86.821479,27.890607,4289.4],[86.821366,27.890525,4287.9],[86.821298,27.890492,4286.7],[86.821188,27.890429,4285.0],[86.821101,27.890405,4283.2],[86.820997,27.890329,4280.9],[86.820867,27.890277,4276.5],[86.82079,27.890136,4274.6],[86.820734,27.890065,4272.7],[86.820592,27.889852,4268.9],[86.820507,27.88976,4267.2],[86.820391,27.88972,4263.8],[86.820296,27.889643,4261.3],[86.820194,27.889562,4259.0]]}},
{"type":"Feature","properties":{"trail":null,"hero":false,"class":"path","length_m":195.6},"geometry":{"type":"LineString","coordinates":[[86.823571,27.892322,4359.8],[86.823623,27.892421,4360.1],[86.823712,27.892494,4361.2],[86.823831,27.892482,4361.5],[86.82394,27.892408,4362.3],[86.824054,27.892351,4365.2],[86.824099,27.89232,4366.2],[86.824184,27.892261,4367.9],[86.824303,27.89214,4371.3],[86.824394,27.892056,4374.5],[86.824489,27.892191,4377.0],[86.824621,27.892267,4378.1],[86.824751,27.892364,4378.9],[86.824816,27.892398,4379.1],[86.824866,27.892357,4378.9],[86.825094,27.892333,4380.4]]}},
{"type":"Feature","properties":{"trail":null,"hero":false,"class":"path","length_m":275.3},"geometry":{"type":"LineString","coordinates":[[86.823571,27.892322,4359.8],[86.823726,27.892258,4358.2],[86.823868,27.892182,4356.9],[86.823996,27.892044,4359.2],[86.824148,27.891885,4363.9],[86.824234,27.891766,4365.7],[86.824321,27.891647,4366.1],[86.824443,27.891508,4364.1],[86.824556,27.891444,4363.7],[86.824624,27.891428,4364.2],[86.824731,27.891444,4365.9],[86.824823,27.891428,4363.4],[86.824942,27.891455,4361.4],[86.825053,27.89156,4361.3],[86.825177,27.891589,4359.4],[86.825354,27.891459,4355.7],[86.825445,27.891347,4354.5],[86.825485,27.891304,4354.1],[86.825574,27.891295,4355.2],[86.825692,27.891376,4359.6]]}},
{"type":"Feature","properties":{"trail":null,"hero":false,"class":"path","length_m":65.7},"geometry":{"type":"LineString","coordinates":[[86.822145,27.893172,4336.6],[86.822022,27.893178,4328.9],[86.821958,27.893251,4326.2],[86.821767,27.893384,4315.3],[86.821664,27.893534,4311.2]]}},
{"type":"Feature","properties":{"trail":null,"hero":false,"class":"path","length_m":74.0},"geometry":{"type":"LineString","coordinates":[[86.822145,27.893172,4336.6],[86.822116,27.893212,4335.5],[86.822011,27.89335,4331.3],[86.821905,27.893488,4326.4],[86.821838,27.893619,4323.9],[86.821771,27.893749,4319.5]]}},
{"type":"Feature","properties":{"trail":null,"hero":false,"class":"path","length_m":263.5},"geometry":{"type":"LineString","coordinates":[[86.819965,27.891887,4248.5],[86.819921,27.891665,4246.7],[86.819961,27.891523,4245.4],[86.820056,27.891464,4245.1],[86.820058,27.89138,4244.3],[86.820032,27.89123,4244.2],[86.819971,27.891089,4243.6],[86.819911,27.890948,4243.3],[86.819863,27.890842,4242.8],[86.819845,27.890722,4242.7],[86.819817,27.890469,4242.8],[86.819716,27.890247,4241.9],[86.819593,27.890036,4242.9],[86.819496,27.889924,4242.3],[86.819399,27.889811,4242.8],[86.819349,27.889703,4243.4]]}},
{"type":"Feature","properties":{"trail":null,"hero":false,"class":"path","length_m":200.7},"geometry":{"type":"LineString","coordinates":[[86.819965,27.891887,4248.5],[86.819958,27.892108,4249.2],[86.819952,27.892329,4250.0],[86.819919,27.892558,4250.6],[86.819886,27.892787,4250.9],[86.819866,27.893018,4252.5],[86.819845,27.893249,4252.9],[86.819838,27.89339,4253.1],[86.819831,27.893531,4253.6],[86.819819,27.893693,4253.7]]}},
{"type":"Feature","properties":{"trail":null,"hero":false,"class":"path","length_m":97.4},"geometry":{"type":"LineString","coordinates":[[86.820194,27.889562,4259.0],[86.820082,27.889681,4255.4],[86.819886,27.889605,4252.2],[86.819725,27.889534,4250.5],[86.819537,27.889619,4247.7],[86.819349,27.889703,4243.4]]}},
{"type":"Feature","properties":{"trail":null,"hero":false,"class":"path","length_m":542.5},"geometry":{"type":"LineString","coordinates":[[86.820194,27.889562,4259.0],[86.820249,27.889441,4261.6],[86.820251,27.889299,4263.8],[86.820283,27.889062,4268.6],[86.820316,27.888898,4272.2],[86.82035,27.888735,4275.0],[86.820369,27.888581,4276.8],[86.820457,27.888379,4280.8],[86.820468,27.888256,4281.6],[86.820477,27.88811,4282.1],[86.820487,27.887964,4283.1],[86.820476,27.887805,4283.8],[86.820513,27.887597,4288.2],[86.820658,27.887417,4289.0],[86.820606,27.887165,4289.0],[86.820588,27.886966,4289.0],[86.820668,27.88676,4289.0],[86.820749,27.886554,4291.3],[86.820717,27.886423,4291.6],[86.820746,27.886262,4294.0],[86.820746,27.88606,4295.5],[86.82077,27.885925,4297.1],[86.820735,27.88579,4295.8],[86.8207,27.885655,4294.0],[86.820695,27.885454,4293.7],[86.820746,27.885288,4296.6],[86.820792,27.885048,4300.5],[86.820883,27.884808,4306.2]]}},
{"type":"Feature","properties":{"trail":null,"hero":false,"class":"path","length_m":282.0},"geometry":{"type":"LineString","coordinates":[[86.819349,27.889703,4243.4],[86.819332,27.889543,4244.8],[86.81926,27.889287,4245.4],[86.819223,27.889125,4245.5],[86.819187,27.888963,4244.8],[86.819135,27.888831,4243.8],[86.819083,27.888698,4243.6],[86.819006,27.888502,4244.3],[86.818945,27.888342,4244.1],[86.818928,27.888078,4240.2],[86.818916,27.887905,4239.7],[86.818923,27.887763,4240.2],[86.818911,27.887551,4240.3],[86.818781,27.887387,4237.1],[86.818696,27.887268,4236.0]]}},
{"type":"Feature","properties":{"trail":null,"hero":false,"class":"path","length_m":47.4},"geometry":{"type":"LineString","coordinates":[[86.819819,27.893693,4253.7],[86.820094,27.893739,4255.1],[86.820246,27.893773,4254.7],[86.820292,27.893772,4254.6]]}},
{"type":"Feature","properties":{"trail":null,"hero":false,"class":"path","length_m":3564.4},"geometry":{"type":"LineString","coordinates":[[86.819819,27.893693,4253.7],[86.819817,27.893723,4253.7],[86.819788,27.893869,4253.4],[86.819759,27.894016,4253.2],[86.819767,27.894178,4253.3],[86.819774,27.894341,4254.6],[86.819739,27.894545,4255.3],[86.819704,27.894749,4255.6],[86.819701,27.894967,4256.8],[86.819698,27.895185,4257.9],[86.81967,27.895347,4258.4],[86.819641,27.895509,4258.6],[86.819591,27.895641,4259.0],[86.81954,27.895772,4259.5],[86.819488,27.895929,4260.1],[86.819436,27.896086,4260.7],[86.81939,27.896273,4261.7],[86.819343,27.89646,4262.5],[86.819296,27.896648,4263.1],[86.819265,27.896819,4263.4],[86.819233,27.896991,4263.9],[86.819214,27.897214,4264.8],[86.819122,27.897375,4265.5],[86.81903,27.897536,4266.1],[86.818946,27.897657,4266.4],[86.818863,27.897778,4266.9],[86.81872,27.898004,4268.1],[86.818639,27.898154,4268.8],[86.818558,27.898305,4269.6],[86.818418,27.89851,4270.8],[86.818279,27.898716,4271.8],[86.81814,27.898922,4272.7],[86.818073,27.899062,4273.3],[86.818006,27.899203,4273.7],[86.817932,27.899334,4274.1],[86.817858,27.899465,4274.7],[86.817729,27.899645,4275.9],[86.817601,27.899825,4276.5],[86.817473,27.900005,4276.9],[86.817376,27.900165,4277.6],[86.817279,27.900324,4278.4],[86.817145,27.900519,4279.3],[86.817012,27.900713,4280.3],[86.816949,27.900865,4281.1],[86.816886,27.901017,4281.7],[86.816859,27.901229,4282.4],[86.816856,27.90142,4283.1],[86.816812,27.901509,4283.5],[86.816599,27.901667,4284.1],[86.816387,27.901825,4285.2],[86.816212,27.901868,4285.9],[86.81604,27.901869,4285.9],[86.815937,27.902027,4286.4],[86.815834,27.902184,4286.9],[86.815759,27.902308,4287.5],[86.815684,27.902431,4288.0],[86.81563,27.902586,4288.7],[86.815575,27.902741,4289.7],[86.815457,27.902851,4290.1],[86.815338,27.902962,4290.7],[86.815217,27.903081,4291.4],[86.815095,27.903199,4292.1],[86.814893,27.903306,4292.8],[86.81469,27.903412,4293.5],[86.814488,27.903519,4294.7],[86.814302,27.903656,4295.7],[86.814115,27.903794,4296.5],[86.813929,27.903931,4297.4],[86.813746,27.904118,4299.0],[86.813564,27.904306,4300.3],[86.813381,27.904493,4302.0],[86.813207,27.904709,4303.4],[86.813033,27.904926,4304.5],[86.812859,27.905142,4305.7],[86.812685,27.905359,4307.3],[86.812563,27.905597,4308.5],[86.812441,27.905836,4309.8],[86.812319,27.906075,4310.3],[86.81225,27.906255,4311.5],[86.812181,27.906436,4312.7],[86.812113,27.906617,4313.5],[86.812035,27.906787,4314.4],[86.811957,27.906958,4315.6],[86.811868,27.907076,4316.2],[86.81178,27.907194,4317.0],[86.811687,27.907337,4318.4],[86.811594,27.907479,4319.6],[86.811538,27.907649,4320.4],[86.811481,27.90782,4321.4],[86.811457,27.907916,4322.1],[86.811358,27.908033,4323.0],[86.811248,27.908153,4324.1],[86.811084,27.908286,4325.4],[86.810929,27.908344,4326.2],[86.810759,27.908484,4328.2],[86.810589,27.908625,4330.0],[86.810419,27.908765,4331.6],[86.810346,27.908818,4332.1],[86.810243,27.90896,4333.4],[86.810264,27.909037,4334.0],[86.810226,27.909227,4336.0],[86.810155,27.909382,4337.6],[86.810082,27.909537,4338.9],[86.810142,27.909552,4338.9],[86.810034,27.909724,4340.3],[86.809994,27.909772,4340.8],[86.809914,27.909848,4342.0],[86.80986,27.910005,4343.3],[86.809658,27.910186,4345.7],[86.809485,27.9104,4347.5],[86.809313,27.910614,4349.4],[86.809209,27.910731,4350.5],[86.809022,27.910903,4352.5],[86.808925,27.911045,4354.3],[86.808822,27.911188,4356.3],[86.808789,27.911377,4358.4],[86.808604,27.911582,4360.7],[86.808419,27.911787,4363.1],[86.808275,27.911962,4365.3],[86.80813,27.912137,4367.7],[86.808017,27.912263,4369.5],[86.807903,27.912389,4371.1],[86.807788,27.912543,4372.5],[86.807674,27.912697,4374.6],[86.807594,27.91287,4376.7],[86.807515,27.913043,4378.7],[86.807436,27.913217,4381.0],[86.807367,27.913431,4383.8],[86.807298,27.913646,4386.6],[86.807229,27.91386,4389.2],[86.807117,27.914003,4391.9],[86.807005,27.914145,4394.4],[86.806887,27.914339,4397.1],[86.80677,27.914533,4400.3],[86.806616,27.914741,4403.4],[86.806462,27.914949,4407.0],[86.806309,27.915156,4411.3],[86.806155,27.915364,4415.3],[86.806056,27.915592,4420.1],[86.805956,27.91582,4425.3],[86.805857,27.916047,4430.5],[86.805782,27.916241,4435.0],[86.805708,27.916434,4439.9],[86.805633,27.916628,4445.1],[86.805559,27.916821,4449.9],[86.805537,27.917005,4456.1],[86.805515,27.917189,4462.7],[86.805494,27.917373,4467.2],[86.805581,27.917589,4475.8],[86.805667,27.917806,4485.0],[86.805754,27.918023,4491.7],[86.80586,27.918182,4497.8],[86.805966,27.918341,4503.1],[86.806071,27.9185,4508.6],[86.806223,27.91864,4514.3],[86.806375,27.91878,4518.7],[86.806528,27.91892,4523.7],[86.806574,27.919129,4527.1],[86.806621,27.919337,4531.1],[86.806667,27.919546,4535.4],[86.806602,27.919735,4539.3],[86.806537,27.919924,4541.1],[86.806593,27.920073,4543.2],[86.806649,27.920221,4546.3],[86.806798,27.920451,4549.4],[86.806844,27.920646,4552.6],[86.806891,27.920841,4557.0],[86.806938,27.921036,4556.9],[86.807039,27.92129,4560.0]]}},
{"type":"Feature","properties":{"trail":null,"hero":false,"class":"path","length_m":39.9},"geometry":{"type":"LineString","coordinates":[[86.787793,27.856522,4006.4],[86.78777,27.856442,4005.4],[86.787724,27.856372,4004.0],[86.787652,27.856285,4000.9],[86.787572,27.856233,3999.3]]}},
{"type":"Feature","properties":{"trail":null,"hero":false,"class":"path","length_m":76.1},"geometry":{"type":"LineString","coordinates":[[86.787793,27.856522,4006.4],[86.787833,27.856547,4005.9],[86.787852,27.856618,4006.8],[86.787941,27.856808,4007.1],[86.788051,27.856941,4005.8],[86.788169,27.857015,4003.0],[86.788246,27.857035,4001.0]]}},
{"type":"Feature","properties":{"trail":null,"hero":false,"class":"path","length_m":120.1},"geometry":{"type":"LineString","coordinates":[[86.787793,27.856522,4006.4],[86.787693,27.85655,4008.0],[86.787604,27.856514,4008.0],[86.787522,27.856414,4006.0],[86.787467,27.856373,4005.2],[86.787428,27.856347,4004.8],[86.787387,27.856351,4005.5],[86.787299,27.856298,4005.0],[86.787194,27.856261,4005.2],[86.786998,27.856201,4003.6],[86.78683,27.856163,4004.0],[86.786764,27.856107,4002.9],[86.786745,27.856091,4002.7]]}},
{"type":"Feature","properties":{"trail":null,"hero":false,"class":"path","length_m":17.7},"geometry":{"type":"LineString","coordinates":[[86.787572,27.856233,3999.3],[86.78744,27.856126,3997.2]]}},
{"type":"Feature","properties":{"trail":null,"hero":false,"class":"path","length_m":118.0},"geometry":{"type":"LineString","coordinates":[[86.787572,27.856233,3999.3],[86.787732,27.856142,3994.6],[86.787839,27.856252,3997.6],[86.787945,27.856362,3999.8],[86.788168,27.856329,3991.8],[86.788252,27.856261,3987.2],[86.788334,27.856152,3983.3],[86.78846,27.856021,3978.4]]}},
{"type":"Feature","properties":{"trail":null,"hero":false,"class":"path","length_m":19.3},"geometry":{"type":"LineString","coordinates":[[86.788246,27.857035,4001.0],[86.788316,27.85703,3998.9],[86.788434,27.857069,3997.5]]}},
{"type":"Feature","properties":{"trail":null,"hero":false,"class":"footway","length_m":91.4},"geometry":{"type":"LineString","coordinates":[[86.788246,27.857035,4001.0],[86.788341,27.856875,3995.5],[86.788414,27.8569,3994.6],[86.788509,27.856807,3990.2],[86.788684,27.856922,3990.7],[86.788659,27.856987,3992.7],[86.788652,27.857019,3993.5],[86.788638,27.857039,3994.1],[86.788741,27.857132,3996.3]]}},
{"type":"Feature","properties":{"trail":null,"hero":false,"class":"path","length_m":509.8},"geometry":{"type":"LineString","coordinates":[[86.786745,27.856091,4002.7],[86.786571,27.856053,4008.6],[86.786416,27.855963,4012.9],[86.786248,27.855876,4017.9],[86.786164,27.855771,4015.0],[86.785919,27.855663,4014.6],[86.785674,27.855554,4016.6],[86.785536,27.855367,4015.5],[86.785455,27.855233,4011.6],[86.7852,27.855196,4015.4],[86.78495,27.855148,4014.8],[86.784842,27.855082,4008.6],[86.784624,27.855107,4008.5],[86.784406,27.855133,4005.8],[86.784304,27.855162,4006.7],[86.784224,27.855084,4001.4],[86.784175,27.855085,4001.1],[86.784083,27.855086,4005.5],[86.784047,27.855066,4006.3],[86.783937,27.855005,4008.9],[86.783913,27.85496,4008.3],[86.783749,27.854861,4016.1],[86.783661,27.854684,4014.5],[86.78355,27.854572,4013.8],[86.783493,27.85443,4008.1],[86.783437,27.854288,4004.8],[86.783325,27.854144,4004.1],[86.783068,27.854044,4011.8],[86.782968,27.853877,4009.0],[86.782868,27.853711,4008.0]]}},
{"type":"Feature","properties":{"trail":null,"hero":false,"class":"path","length_m":25.1},"geometry":{"type":"LineString","coordinates":[[86.786745,27.856091,4002.7],[86.786861,27.855889,3996.3]]}},
{"type":"Feature","properties":{"trail":null,"hero":false,"class":"path","length_m":79.3},"geometry":{"type":"LineString","coordinates":[[86.78744,27.856126,3997.2],[86.787452,27.856043,3994.7],[86.787407,27.855998,3994.3],[86.787317,27.855958,3994.7],[86.78725,27.85588,3993.5],[86.787146,27.85579,3991.5],[86.787101,27.855747,3990.6],[86.787034,27.855695,3989.6],[86.787019,27.855683,3989.4],[86.786955,27.855601,3987.6]]}},
{"type":"Feature","properties":{"trail":null,"hero":false,"class":"path","length_m":62.7},"geometry":{"type":"LineString","coordinates":[[86.78744,27.856126,3997.2],[86.787302,27.856064,3998.2],[86.787121,27.855993,3997.6],[86.786941,27.855921,3996.1],[86.786861,27.855889,3996.3]]}},
{"type":"Feature","properties":{"trail":null,"hero":false,"class":"path","length_m":241.2},"geometry":{"type":"LineString","coordinates":[[86.78846,27.856021,3978.4],[86.78829,27.855903,3978.9],[86.788226,27.855822,3977.7],[86.788219,27.855704,3974.2],[86.788027,27.855605,3974.4],[86.78798,27.855502,3972.6],[86.787803,27.855419,3973.2],[86.7877,27.855289,3971.7],[86.787598,27.855159,3971.1],[86.787443,27.855109,3972.4],[86.787289,27.85506,3972.7],[86.787185,27.854986,3971.5],[86.787168,27.854973,3971.2],[86.787028,27.85487,3969.0],[86.786892,27.854808,3967.8],[86.786625,27.854813,3966.5]]}},
{"type":"Feature","properties":{"trail":null,"hero":false,"class":"path","length_m":116.2},"geometry":{"type":"LineString","coordinates":[[86.78846,27.856021,3978.4],[86.788541,27.856089,3978.2],[86.788719,27.856019,3972.9],[86.788865,27.856111,3971.5],[86.789012,27.856202,3970.5],[86.789186,27.856278,3970.8],[86.78936,27.856353,3977.2],[86.789485,27.856329,3979.9]]}},
{"type":"Feature","properties":{"trail":null,"hero":false,"class":"path","length_m":98.6},"geometry":{"type":"LineString","coordinates":[[86.786955,27.855601,3987.6],[86.786925,27.855575,3987.2],[86.786846,27.855511,3985.7],[86.786707,27.855303,3979.8],[86.786633,27.855198,3977.1],[86.786591,27.85507,3973.4],[86.786613,27.854933,3969.4],[86.786625,27.854813,3966.5]]}},
{"type":"Feature","properties":{"trail":null,"hero":false,"class":"path","length_m":33.2},"geometry":{"type":"LineString","coordinates":[[86.786955,27.855601,3987.6],[86.786908,27.855745,3991.9],[86.786861,27.855889,3996.3]]}},
{"type":"Feature","properties":{"trail":null,"hero":false,"class":"path","length_m":8.5},"geometry":{"type":"LineString","coordinates":[[86.786625,27.854813,3966.5],[86.78662,27.854736,3964.7]]}},
{"type":"Feature","properties":{"trail":null,"hero":false,"class":"path","length_m":160.8},"geometry":{"type":"LineString","coordinates":[[86.78662,27.854736,3964.7],[86.786613,27.854633,3963.1],[86.78657,27.854461,3960.2],[86.786538,27.854392,3958.6],[86.786449,27.854298,3956.1],[86.786503,27.854222,3954.9],[86.786464,27.854197,3954.2],[86.786376,27.854063,3950.5],[86.786317,27.853949,3947.9],[86.786323,27.853873,3945.5],[86.786212,27.853798,3944.1],[86.786118,27.853684,3941.5],[86.786066,27.853556,3939.1],[86.786034,27.853478,3937.5]]}},
{"type":"Feature","properties":{"trail":null,"hero":false,"class":"path","length_m":179.5},"geometry":{"type":"LineString","coordinates":[[86.78662,27.854736,3964.7],[86.786456,27.854668,3963.7],[86.786293,27.854601,3962.9],[86.786051,27.854513,3962.4],[86.785804,27.854501,3963.1],[86.785566,27.85443,3962.6],[86.785309,27.854379,3964.0],[86.785053,27.854328,3964.2],[86.784879,27.854297,3964.8]]}},
{"type":"Feature","properties":{"trail":null,"hero":false,"class":"path","length_m":255.0},"geometry":{"type":"LineString","coordinates":[[86.786034,27.853478,3937.5],[86.786013,27.853442,3936.7],[86.785973,27.85342,3936.4],[86.785858,27.853402,3936.5],[86.785696,27.853485,3933.6],[86.785534,27.853569,3931.0],[86.785434,27.853616,3931.6],[86.785393,27.853632,3931.4],[86.785311,27.853634,3929.5],[86.785309,27.853634,3929.4],[86.7852,27.853565,3926.8],[86.785109,27.853439,3921.6],[86.78498,27.853322,3918.9],[86.784852,27.853204,3918.4],[86.784733,27.853161,3922.5],[86.784647,27.853116,3923.1],[86.78465,27.853074,3920.2],[86.78462,27.85299,3917.8],[86.784578,27.852848,3914.6],[86.784558,27.852683,3908.4],[86.784563,27.852619,3905.0],[86.784567,27.852563,3902.2],[86.784549,27.852463,3897.1],[86.784567,27.85236,3888.6]]}},
{"type":"Feature","properties":{"trail":null,"hero":false,"class":"path","length_m":148.6},"geometry":{"type":"LineString","coordinates":[[86.786034,27.853478,3937.5],[86.785855,27.853664,3948.1],[86.785741,27.85378,3948.2],[86.785627,27.853896,3950.1],[86.785472,27.854036,3952.6],[86.785381,27.85405,3952.6],[86.785201,27.854141,3957.2],[86.78504,27.854219,3960.1],[86.784879,27.854297,3964.8]]}},
{"type":"Feature","properties":{"trail":null,"hero":false,"class":"path","length_m":230.3},"geometry":{"type":"LineString","coordinates":[[86.784879,27.854297,3964.8],[86.78468,27.854364,3969.8],[86.784643,27.854328,3969.6],[86.784667,27.854252,3966.9],[86.784608,27.854183,3967.2],[86.784385,27.854131,3973.0],[86.784218,27.854092,3974.6],[86.78405,27.854053,3973.6],[86.783825,27.854079,3976.6],[86.783648,27.854023,3982.3],[86.783471,27.853967,3988.8],[86.783224,27.853813,3995.7],[86.783085,27.853702,3999.4],[86.782868,27.853711,4008.0]]}},
{"type":"Feature","properties":{"trail":null,"hero":false,"class":"steps","length_m":52.9},"geometry":{"type":"LineString","coordinates":[[86.755868,27.847159,3943.3],[86.755667,27.847015,3950.1],[86.755469,27.846841,3949.7]]}},
{"type":"Feature","properties":{"trail":null,"hero":false,"class":"path","length_m":59.1},"geometry":{"type":"LineString","coordinates":[[86.755868,27.847159,3943.3],[86.755884,27.847341,3956.2],[86.756097,27.847395,3949.6],[86.756265,27.847433,3950.3]]}},
{"type":"Feature","properties":{"trail":null,"hero":false,"class":"path","length_m":200.4},"geometry":{"type":"LineString","coordinates":[[86.755469,27.846841,3949.7],[86.75534,27.846661,3941.6],[86.755214,27.846616,3946.2],[86.755178,27.846523,3939.7],[86.755106,27.846362,3932.2],[86.755035,27.846201,3930.9],[86.754862,27.846137,3935.8],[86.754684,27.846052,3937.2],[86.754533,27.845918,3933.4],[86.754382,27.846035,3936.0],[86.754205,27.846112,3934.4],[86.754074,27.846194,3933.1]]}},
{"type":"Feature","properties":{"trail":null,"hero":false,"class":"steps","length_m":195.9},"geometry":{"type":"LineString","coordinates":[[86.756265,27.847433,3950.3],[86.756383,27.847371,3941.0],[86.756486,27.847343,3940.1],[86.756543,27.847346,3942.1],[86.756654,27.847357,3946.5],[86.756717,27.847409,3956.9],[86.756814,27.847447,3968.1],[86.756904,27.847482,3978.2],[86.756991,27.847441,3978.9],[86.757188,27.847298,3976.8],[86.757365,27.847168,3972.9],[86.757496,27.847046,3964.1],[86.757628,27.846923,3955.7],[86.757731,27.846967,3968.4],[86.757876,27.846834,3961.8]]}},
{"type":"Feature","properties":{"trail":null,"hero":false,"class":"path","length_m":367.9},"geometry":{"type":"LineString","coordinates":[[86.754074,27.846194,3933.1],[86.754036,27.846219,3932.7],[86.753876,27.846278,3929.5],[86.753717,27.846337,3926.2],[86.75366,27.846345,3924.5],[86.753455,27.846459,3922.9],[86.75325,27.846573,3920.5],[86.753046,27.846687,3917.9],[86.752869,27.846805,3913.6],[86.752692,27.846924,3910.2],[86.752516,27.847042,3906.9],[86.752416,27.847212,3907.3],[86.752331,27.847336,3906.7],[86.752247,27.84746,3905.4],[86.752176,27.847586,3902.9],[86.752106,27.847713,3899.3],[86.75212,27.847897,3902.0],[86.752025,27.848114,3896.9],[86.751929,27.84833,3890.9],[86.751894,27.848463,3889.8],[86.751858,27.848596,3889.0]]}},
{"type":"Feature","properties":{"trail":null,"hero":false,"class":"path","length_m":210.1},"geometry":{"type":"LineString","coordinates":[[86.754074,27.846194,3933.1],[86.75389,27.846183,3925.7],[86.753706,27.846172,3917.1],[86.753696,27.846037,3911.6],[86.753635,27.845953,3906.9],[86.753571,27.845986,3905.2],[86.753525,27.84593,3902.4],[86.753423,27.845955,3899.6],[86.753381,27.845917,3897.3],[86.753266,27.845824,3891.5],[86.753174,27.845774,3887.9],[86.753036,27.845627,3881.8],[86.752899,27.845475,3875.7],[86.752739,27.845405,3869.9],[86.752568,27.845355,3863.9],[86.752443,27.845343,3860.0]]}},
{"type":"Feature","properties":{"trail":null,"hero":false,"class":"path","length_m":2880.9},"geometry":{"type":"LineString","coordinates":[[86.757876,27.846834,3961.8],[86.758118,27.84683,3981.7],[86.758231,27.846779,3981.0],[86.758297,27.846818,3989.7],[86.758372,27.846749,3984.4],[86.758436,27.846795,3992.8],[86.758569,27.846834,4002.9],[86.758663,27.846858,4008.9],[86.758923,27.846746,4005.4],[86.75911,27.846777,4011.8],[86.759245,27.846841,4019.0],[86.759308,27.846931,4029.2],[86.759434,27.846973,4034.2],[86.759555,27.846957,4028.0],[86.759816,27.846911,4015.0],[86.760087,27.84691,4015.0],[86.760293,27.846874,4013.2],[86.760384,27.84686,4012.7],[86.76048,27.846871,4014.9],[86.760623,27.846846,4014.1],[86.760777,27.846819,4013.3],[86.7609,27.846763,4008.5],[86.761088,27.846769,4011.2],[86.761214,27.846711,4008.2],[86.761309,27.846631,4003.3],[86.761411,27.846639,4007.3],[86.761522,27.846632,4010.3],[86.761614,27.846567,4007.7],[86.761724,27.846454,4002.0],[86.761854,27.846408,4003.0],[86.762095,27.846287,4000.2],[86.762155,27.846208,3994.3],[86.762255,27.846142,3991.1],[86.762292,27.846042,3984.9],[86.762402,27.845932,3981.6],[86.762596,27.845761,3975.8],[86.762768,27.845609,3969.8],[86.762885,27.845503,3966.6],[86.763001,27.845429,3964.9],[86.763094,27.84536,3962.7],[86.763173,27.845262,3958.6],[86.763212,27.845177,3955.8],[86.763268,27.845132,3955.8],[86.763382,27.845049,3956.1],[86.763572,27.844978,3958.9],[86.763675,27.844909,3959.1],[86.763773,27.844787,3956.0],[86.763873,27.844725,3957.4],[86.763992,27.844677,3958.8],[86.764167,27.844627,3961.1],[86.764341,27.844577,3956.3],[86.764484,27.844521,3950.0],[86.764614,27.844539,3946.1],[86.764726,27.844591,3944.8],[86.764699,27.84474,3955.4],[86.764671,27.844889,3970.0],[86.764795,27.844948,3970.4],[86.765007,27.844912,3957.4],[86.765264,27.844785,3939.3],[86.765524,27.844681,3932.2],[86.76564,27.844555,3926.4],[86.765732,27.844451,3923.1],[86.765787,27.844468,3925.7],[86.76585,27.844538,3930.9],[86.76606,27.844445,3931.6],[86.76618,27.844619,3942.9],[86.766283,27.844707,3951.2],[86.766425,27.844714,3956.6],[86.766518,27.844761,3964.4],[86.76666,27.844705,3963.8],[86.766875,27.844609,3958.8],[86.767057,27.844492,3948.1],[86.767127,27.844605,3960.3],[86.767273,27.844688,3967.5],[86.767438,27.844762,3970.3],[86.767645,27.844767,3964.9],[86.767779,27.844785,3962.5],[86.767902,27.844759,3957.6],[86.768,27.844776,3956.7],[86.76813,27.844896,3964.0],[86.768122,27.844972,3969.9],[86.768204,27.845086,3977.7],[86.768342,27.845143,3978.7],[86.768504,27.845134,3972.2],[86.768707,27.845199,3967.2],[86.768925,27.845227,3957.3],[86.769173,27.845295,3945.9],[86.769168,27.845463,3954.0],[86.769293,27.845672,3959.6],[86.769416,27.845847,3964.7],[86.769538,27.846021,3971.0],[86.769744,27.846149,3966.2],[86.76995,27.846276,3966.3],[86.770088,27.846477,3973.7],[86.77003,27.846564,3981.4],[86.770025,27.846676,3988.9],[86.770018,27.846784,3996.2],[86.770093,27.846823,3996.0],[86.770129,27.846858,3996.8],[86.770189,27.846926,3998.9],[86.770181,27.846982,4003.2],[86.770308,27.847044,4002.8],[86.770369,27.847286,4018.7],[86.770277,27.847416,4031.8],[86.770246,27.847589,4045.7],[86.77023,27.847717,4054.3],[86.770249,27.847771,4056.1],[86.770443,27.84783,4048.8],[86.770666,27.847823,4041.9],[86.770863,27.847855,4045.7],[86.771115,27.8479,4058.1],[86.771292,27.847985,4063.5],[86.771542,27.848026,4061.6],[86.771673,27.848112,4065.9],[86.771805,27.848199,4067.4],[86.771953,27.848264,4066.7],[86.772133,27.848314,4065.5],[86.772288,27.848318,4061.9],[86.772443,27.848322,4060.8],[86.77258,27.848299,4057.3],[86.772719,27.848384,4060.7],[86.772893,27.848461,4063.0],[86.773111,27.848521,4062.2],[86.773203,27.848521,4058.8],[86.773318,27.848604,4061.0],[86.773374,27.848665,4062.6],[86.773404,27.84876,4066.7],[86.773479,27.848837,4068.2],[86.773548,27.848972,4070.8],[86.773569,27.849117,4074.0],[86.773645,27.849296,4076.1],[86.773759,27.849473,4079.6],[86.773959,27.849604,4079.8],[86.77416,27.849734,4078.4],[86.774202,27.849888,4079.5],[86.774292,27.850028,4076.2],[86.774362,27.85018,4073.5],[86.774574,27.850251,4059.2],[86.774701,27.850442,4054.1],[86.774759,27.850554,4050.5],[86.774862,27.850626,4035.3],[86.774833,27.850698,4036.1],[86.774746,27.850755,4043.4],[86.774662,27.850807,4049.1],[86.774649,27.850893,4049.7],[86.774701,27.85101,4045.2],[86.774838,27.851085,4034.8],[86.774975,27.85116,4029.1],[86.77502,27.851375,4042.4],[86.775097,27.851451,4044.1],[86.775168,27.851659,4053.2],[86.775122,27.851684,4057.3],[86.775201,27.851761,4057.9],[86.775302,27.851752,4052.1],[86.775398,27.851799,4051.4],[86.775594,27.851836,4046.3],[86.775669,27.851954,4054.0],[86.775743,27.852073,4054.9],[86.775997,27.852126,4044.3],[86.776251,27.85218,4036.6],[86.776422,27.852283,4035.8],[86.77652,27.852386,4039.2],[86.776623,27.85244,4038.8],[86.77675,27.852412,4031.6],[86.77695,27.852382,4021.5],[86.777063,27.852515,4027.3],[86.777176,27.852648,4030.9],[86.777199,27.852813,4039.5],[86.777335,27.852913,4039.5],[86.777472,27.853013,4039.0],[86.777515,27.853098,4042.7],[86.777508,27.853215,4051.4],[86.777473,27.853408,4067.6],[86.777441,27.853474,4074.4],[86.777543,27.853561,4078.5],[86.777624,27.853668,4087.0],[86.777782,27.853695,4089.3],[86.77807,27.853649,4086.0]]}},
{"type":"Feature","properties":{"trail":null,"hero":false,"class":"path","length_m":428.7},"geometry":{"type":"LineString","coordinates":[[86.782868,27.853711,4008.0],[86.782676,27.853585,4010.1],[86.782483,27.853459,4012.4],[86.782291,27.853333,4013.8],[86.782099,27.853207,4013.8],[86.78192,27.853152,4017.4],[86.781741,27.853096,4021.3],[86.781599,27.853097,4025.1],[86.781382,27.85308,4026.6],[86.781177,27.853021,4020.7],[86.78095,27.853017,4025.9],[86.780664,27.853005,4032.6],[86.780445,27.852916,4027.1],[86.78033,27.852933,4028.6],[86.780229,27.852929,4029.3],[86.780145,27.852898,4028.6],[86.780106,27.852831,4024.4],[86.780032,27.852809,4024.3],[86.779778,27.852797,4022.6],[86.779627,27.852805,4021.0],[86.779475,27.852825,4019.9],[86.779323,27.852845,4021.2],[86.779049,27.852798,4016.0],[86.778942,27.852788,4014.2],[86.778841,27.852845,4019.4]]}},
{"type":"Feature","properties":{"trail":null,"hero":false,"class":"steps","length_m":79.4},"geometry":{"type":"LineString","coordinates":[[86.778841,27.852845,4019.4],[86.778779,27.852882,4022.2],[86.778723,27.852915,4024.4],[86.778674,27.852983,4030.7],[86.778727,27.852997,4034.0],[86.778571,27.853173,4049.3],[86.778518,27.853137,4043.0],[86.778404,27.853283,4054.2]]}},
{"type":"Feature","properties":{"trail":null,"hero":false,"class":"steps","length_m":27.5},"geometry":{"type":"LineString","coordinates":[[86.764207,27.835918,3859.9],[86.763965,27.836043,3865.2]]}},
{"type":"Feature","properties":{"trail":null,"hero":false,"class":"path","length_m":29.6},"geometry":{"type":"LineString","coordinates":[[86.764207,27.835918,3859.9],[86.764412,27.835818,3856.9],[86.764466,27.835784,3856.7]]}},
{"type":"Feature","properties":{"trail":null,"hero":false,"class":"path","length_m":16.3},"geometry":{"type":"LineString","coordinates":[[86.835027,27.894228,4338.9],[86.835193,27.894232,4336.4]]}},
{"type":"Feature","properties":{"trail":null,"hero":false,"class":"path","length_m":198.9},"geometry":{"type":"LineString","coordinates":[[86.835027,27.894228,4338.9],[86.83489,27.894243,4339.2],[86.83475,27.894223,4338.4],[86.834602,27.894213,4339.0],[86.834466,27.894167,4339.5],[86.834261,27.894057,4339.1],[86.834121,27.894001,4339.3],[86.833967,27.893919,4338.9],[86.833832,27.893829,4337.9],[86.833729,27.893766,4336.9],[86.833668,27.893706,4336.2],[86.833632,27.893612,4335.2],[86.833586,27.893572,4334.5],[86.833418,27.893531,4333.3],[86.833281,27.893508,4332.7]]}},
{"type":"Feature","properties":{"trail":null,"hero":false,"class":"path","length_m":237.4},"geometry":{"type":"LineString","coordinates":[[86.835027,27.894228,4338.9],[86.835065,27.894338,4340.7],[86.835257,27.894432,4341.5],[86.83536,27.894584,4341.9],[86.835484,27.89473,4342.8],[86.835609,27.894876,4346.0],[86.835734,27.895022,4348.4],[86.835903,27.895223,4351.3],[86.836057,27.895351,4351.7],[86.836113,27.895497,4355.5],[86.836169,27.895644,4356.7],[86.8362,27.895716,4356.8],[86.83626,27.895861,4357.8],[86.836221,27.895983,4359.8]]}},
{"type":"Feature","properties":{"trail":null,"hero":false,"class":"path","length_m":299.7},"geometry":{"type":"LineString","coordinates":[[86.835193,27.894232,4336.4],[86.835454,27.894313,4335.1],[86.835639,27.894476,4334.2],[86.835823,27.894507,4332.3],[86.835943,27.894632,4334.3],[86.836081,27.894713,4334.6],[86.836219,27.894795,4336.8],[86.836205,27.895014,4340.8],[86.836343,27.895126,4342.8],[86.836481,27.895239,4343.6],[86.836679,27.895337,4343.8],[86.836877,27.895435,4345.5],[86.837075,27.895533,4348.5],[86.83721,27.895599,4349.8],[86.837344,27.895664,4350.2],[86.837415,27.895826,4352.0]]}},
{"type":"Feature","properties":{"trail":null,"hero":false,"class":"path","length_m":73.4},"geometry":{"type":"LineString","coordinates":[[86.835193,27.894232,4336.4],[86.835178,27.894125,4334.0],[86.835023,27.894044,4333.4],[86.834913,27.893872,4329.4],[86.834803,27.8937,4328.7]]}},
{"type":"Feature","properties":{"trail":null,"hero":false,"class":"path","length_m":121.2},"geometry":{"type":"LineString","coordinates":[[86.836221,27.895983,4359.8],[86.83635,27.895914,4358.0],[86.836538,27.895914,4356.6],[86.8367,27.895868,4353.7],[86.836863,27.895823,4351.0],[86.837038,27.895817,4350.6],[86.837214,27.895811,4351.3],[86.837415,27.895826,4352.0]]}},
{"type":"Feature","properties":{"trail":null,"hero":false,"class":"path","length_m":49.3},"geometry":{"type":"LineString","coordinates":[[86.836221,27.895983,4359.8],[86.836143,27.896041,4360.8],[86.836033,27.896136,4362.3],[86.835925,27.896132,4362.3],[86.835839,27.896228,4366.4]]}},
{"type":"Feature","properties":{"trail":null,"hero":false,"class":"path","length_m":176.3},"geometry":{"type":"LineString","coordinates":[[86.837415,27.895826,4352.0],[86.83767,27.895845,4354.3],[86.837925,27.895864,4358.0],[86.838148,27.896017,4361.7],[86.838385,27.896098,4364.2],[86.838523,27.896245,4364.9],[86.838661,27.896392,4365.4],[86.838781,27.896481,4364.9],[86.838901,27.89657,4364.2]]}},
{"type":"Feature","properties":{"trail":null,"hero":false,"class":"path","length_m":727.3},"geometry":{"type":"LineString","coordinates":[[86.834803,27.8937,4328.7],[86.834933,27.893604,4325.1],[86.835062,27.893508,4324.3],[86.835078,27.893252,4322.7],[86.835241,27.893211,4324.1],[86.835403,27.89317,4324.8],[86.835452,27.893125,4324.9],[86.835627,27.892962,4326.3],[86.835786,27.892814,4330.5],[86.835704,27.892577,4334.2],[86.835622,27.892341,4337.7],[86.835596,27.892227,4340.0],[86.835564,27.892037,4346.6],[86.835494,27.891914,4349.1],[86.835381,27.89184,4347.2],[86.835325,27.891668,4350.9],[86.835268,27.891497,4353.5],[86.835263,27.89134,4359.5],[86.835201,27.891204,4364.4],[86.835139,27.891067,4369.3],[86.835032,27.89084,4377.9],[86.834882,27.890655,4379.0],[86.834812,27.890473,4384.3],[86.834705,27.890342,4386.2],[86.834571,27.890297,4383.0],[86.834469,27.890107,4387.8],[86.834367,27.889915,4391.7],[86.83422,27.889777,4390.7],[86.834072,27.889638,4393.5],[86.833941,27.889471,4399.8],[86.833809,27.889304,4396.9],[86.833798,27.889138,4399.3],[86.833737,27.88901,4400.7],[86.833675,27.888882,4401.8],[86.833624,27.888697,4405.8],[86.833573,27.888512,4410.1],[86.833476,27.888362,4411.6],[86.8334,27.888198,4411.1]]}},
{"type":"Feature","properties":{"trail":null,"hero":false,"class":"path","length_m":623.0},"geometry":{"type":"LineString","coordinates":[[86.834803,27.8937,4328.7],[86.834771,27.893543,4326.8],[86.83474,27.893387,4324.8],[86.834644,27.893209,4324.3],[86.834548,27.89303,4323.6],[86.834421,27.892918,4322.4],[86.834194,27.89283,4321.2],[86.834011,27.892674,4319.0],[86.833918,27.892649,4319.9],[86.833777,27.892549,4318.2],[86.833586,27.892492,4316.2],[86.833437,27.892374,4314.8],[86.833225,27.892292,4313.5],[86.833044,27.892205,4311.4],[86.832864,27.892117,4311.1],[86.83268,27.891979,4308.4],[86.832496,27.891842,4306.0],[86.832251,27.891739,4306.1],[86.832007,27.891635,4304.5],[86.831767,27.891473,4303.7],[86.831526,27.89131,4299.0],[86.831427,27.891204,4295.1],[86.831193,27.891072,4291.7],[86.83096,27.890941,4288.7],[86.830807,27.890925,4289.5],[86.830655,27.89091,4292.5],[86.830422,27.890741,4294.5],[86.830266,27.890741,4299.5],[86.83011,27.890741,4299.7],[86.829849,27.890676,4299.8]]}},
{"type":"Feature","properties":{"trail":null,"hero":false,"class":"path","length_m":26.4},"geometry":{"type":"LineString","coordinates":[[86.838901,27.89657,4364.2],[86.839143,27.896673,4365.0]]}},
{"type":"Feature","properties":{"trail":null,"hero":false,"class":"path","length_m":101.9},"geometry":{"type":"LineString","coordinates":[[86.839143,27.896673,4365.0],[86.83933,27.896639,4366.4],[86.839468,27.89671,4368.6],[86.839606,27.89678,4370.8],[86.839811,27.89686,4373.8],[86.840017,27.89694,4376.4],[86.840031,27.897009,4377.5]]}},
{"type":"Feature","properties":{"trail":null,"hero":false,"class":"path","length_m":6.3},"geometry":{"type":"LineString","coordinates":[[86.839143,27.896673,4365.0],[86.839192,27.89671,4365.9]]}},
{"type":"Feature","properties":{"trail":null,"hero":false,"class":"path","length_m":529.9},"geometry":{"type":"LineString","coordinates":[[86.823708,27.849845,4619.7],[86.823469,27.849864,4615.1],[86.823229,27.849883,4609.3],[86.822989,27.849902,4602.6],[86.822765,27.849994,4596.6],[86.822542,27.850086,4592.8],[86.822306,27.850237,4587.4],[86.82207,27.850388,4582.0],[86.821886,27.850542,4578.5],[86.821702,27.850697,4574.9],[86.821518,27.850851,4568.3],[86.821334,27.851006,4561.8],[86.821145,27.851178,4554.8],[86.820956,27.851351,4547.3],[86.820844,27.851486,4542.2],[86.820732,27.851622,4538.0],[86.820658,27.85176,4535.1],[86.820584,27.851898,4531.7],[86.820482,27.852036,4528.2],[86.82038,27.852174,4525.0],[86.820395,27.852361,4523.5],[86.820467,27.852551,4523.1],[86.820469,27.85272,4522.5],[86.820375,27.852835,4522.0],[86.820224,27.852839,4521.0]]}},
{"type":"Feature","properties":{"trail":null,"hero":false,"class":"footway","length_m":316.9},"geometry":{"type":"LineString","coordinates":[[86.820224,27.852839,4521.0],[86.820263,27.85306,4526.6],[86.820321,27.853121,4528.9],[86.820256,27.853209,4532.4],[86.8203,27.853263,4534.6],[86.820331,27.853372,4538.2],[86.820375,27.85343,4539.6],[86.820398,27.853479,4541.0],[86.820425,27.85357,4543.7],[86.820461,27.853669,4545.3],[86.820532,27.853749,4546.2],[86.820748,27.853872,4549.3],[86.820797,27.853917,4549.7],[86.820889,27.853938,4551.4],[86.82096,27.853963,4552.9],[86.821028,27.853972,4554.3],[86.821041,27.854047,4554.7],[86.821045,27.854125,4554.8],[86.821093,27.854128,4556.1],[86.82117,27.854178,4557.0],[86.82129,27.854239,4556.1],[86.821376,27.854264,4555.8],[86.821479,27.854276,4555.0],[86.821543,27.854278,4554.7],[86.821598,27.85427,4554.8],[86.821643,27.854228,4556.1],[86.821728,27.854214,4555.4],[86.821856,27.854248,4552.2],[86.821976,27.854229,4550.9],[86.82205,27.854235,4550.9],[86.822129,27.854263,4551.0],[86.822192,27.854273,4551.1],[86.822272,27.854346,4552.7]]}},
{"type":"Feature","properties":{"trail":null,"hero":false,"class":"path","length_m":93.3},"geometry":{"type":"LineString","coordinates":[[86.820224,27.852839,4521.0],[86.820088,27.85274,4519.8],[86.819965,27.852756,4519.9],[86.819761,27.852853,4520.5],[86.8197,27.852889,4520.7],[86.819538,27.852937,4520.9],[86.819375,27.852985,4520.5]]}},
{"type":"Feature","properties":{"trail":null,"hero":false,"class":"path","length_m":98.7},"geometry":{"type":"LineString","coordinates":[[86.816487,27.883212,4282.8],[86.816527,27.883294,4283.8],[86.816602,27.883341,4283.6],[86.816725,27.883467,4282.0],[86.816874,27.883515,4280.2],[86.816967,27.883661,4278.6],[86.817158,27.883837,4274.9]]}},
{"type":"Feature","properties":{"trail":null,"hero":false,"class":"path","length_m":9.8},"geometry":{"type":"LineString","coordinates":[[86.816487,27.883212,4282.8],[86.816426,27.883142,4281.6]]}},
{"type":"Feature","properties":{"trail":null,"hero":false,"class":"path","length_m":22.7},"geometry":{"type":"LineString","coordinates":[[86.816487,27.883212,4282.8],[86.816624,27.88317,4282.1],[86.816703,27.883199,4281.7]]}},
{"type":"Feature","properties":{"trail":null,"hero":false,"class":"path","length_m":86.2},"geometry":{"type":"LineString","coordinates":[[86.817158,27.883837,4274.9],[86.817077,27.883649,4276.7],[86.817055,27.883533,4277.3],[86.816878,27.883388,4280.8],[86.816766,27.883258,4281.4],[86.816703,27.883199,4281.7]]}},
{"type":"Feature","properties":{"trail":null,"hero":false,"class":"path","length_m":35.6},"geometry":{"type":"LineString","coordinates":[[86.817158,27.883837,4274.9],[86.817203,27.88394,4273.9],[86.817363,27.884096,4269.6]]}},
{"type":"Feature","properties":{"trail":null,"hero":false,"class":"path","length_m":55.1},"geometry":{"type":"LineString","coordinates":[[86.816426,27.883142,4281.6],[86.816393,27.88303,4279.0],[86.816393,27.882956,4277.4],[86.816358,27.882898,4275.5],[86.816274,27.882828,4272.0],[86.816162,27.88273,4267.6]]}},
{"type":"Feature","properties":{"trail":null,"hero":false,"class":"path","length_m":22.4},"geometry":{"type":"LineString","coordinates":[[86.816703,27.883199,4281.7],[86.816729,27.883154,4281.0],[86.816836,27.883148,4279.1],[86.816895,27.883169,4278.4]]}},
{"type":"Feature","properties":{"trail":null,"hero":false,"class":"path","length_m":358.6},"geometry":{"type":"LineString","coordinates":[[86.817363,27.884096,4269.6],[86.817487,27.884236,4267.7],[86.817612,27.884375,4265.0],[86.817796,27.884501,4260.7],[86.817893,27.884662,4258.3],[86.818066,27.88474,4249.5],[86.818089,27.884797,4248.1],[86.81806,27.885028,4251.2],[86.818076,27.885292,4254.5],[86.818081,27.885456,4252.9],[86.818087,27.88562,4251.4],[86.81814,27.885751,4246.2],[86.818222,27.885714,4239.4],[86.818219,27.885801,4239.1],[86.818214,27.885925,4238.6],[86.818251,27.886058,4234.6],[86.818192,27.886295,4235.0],[86.818183,27.88646,4232.3],[86.818094,27.886641,4233.1],[86.818096,27.886802,4232.0],[86.818112,27.8869,4231.2]]}},
{"type":"Feature","properties":{"trail":null,"hero":false,"class":"path","length_m":171.2},"geometry":{"type":"LineString","coordinates":[[86.773582,27.842312,3739.9],[86.773654,27.8424,3741.1],[86.773732,27.842467,3741.8],[86.773807,27.842491,3742.1],[86.773852,27.842552,3742.3],[86.773945,27.84265,3743.2],[86.774039,27.842711,3743.9],[86.774092,27.842663,3743.5],[86.774184,27.842643,3743.7],[86.774241,27.842631,3744.2],[86.774397,27.842707,3746.4],[86.774416,27.842746,3746.7],[86.774477,27.84282,3746.9],[86.774561,27.842866,3747.1],[86.774637,27.84292,3747.4],[86.774711,27.842969,3747.9],[86.774793,27.842972,3748.6],[86.774893,27.842962,3749.5],[86.774949,27.842949,3749.9]]}},
{"type":"Feature","properties":{"trail":null,"hero":false,"class":"path","length_m":48.0},"geometry":{"type":"LineString","coordinates":[[86.773582,27.842312,3739.9],[86.773611,27.842256,3739.6],[86.773671,27.842216,3739.5],[86.773734,27.842175,3739.2],[86.773795,27.842129,3738.6],[86.773814,27.842061,3737.5],[86.773898,27.842004,3736.4]]}},
{"type":"Feature","properties":{"trail":null,"hero":false,"class":"path","length_m":16.9},"geometry":{"type":"LineString","coordinates":[[86.773582,27.842312,3739.9],[86.773583,27.842363,3740.4],[86.773547,27.842407,3740.4],[86.773575,27.842447,3741.0]]}},
{"type":"Feature","properties":{"trail":"Southwest Ridge Route","hero":false,"class":null,"length_m":413.5},"geometry":{"type":"LineString","coordinates":[[86.826291,27.853983,4574.7],[86.826353,27.853808,4575.0],[86.826388,27.853692,4575.4],[86.826394,27.853459,4577.1],[86.826367,27.853434,4577.3],[86.826492,27.853276,4580.8],[86.826495,27.853123,4583.8],[86.826566,27.853125,4584.5],[86.826595,27.853095,4585.4],[86.826618,27.853017,4587.5],[86.826594,27.852996,4588.0],[86.826654,27.852924,4590.8],[86.826607,27.852847,4593.0],[86.826592,27.852786,4595.0],[86.8266,27.852722,4596.8],[86.826565,27.852663,4598.3],[86.826607,27.852573,4600.7],[86.826571,27.852456,4604.4],[86.826496,27.852423,4605.7],[86.8264,27.852318,4609.3],[86.826245,27.85231,4609.4],[86.826184,27.852225,4611.8],[86.826116,27.852208,4611.6],[86.826099,27.852162,4611.4],[86.826067,27.852168,4611.5],[86.825956,27.852112,4612.0],[86.825933,27.852072,4612.2],[86.825885,27.85207,4612.6],[86.825868,27.851993,4613.2],[86.82589,27.851979,4613.0],[86.825868,27.851944,4613.5],[86.825846,27.851947,4613.8],[86.825847,27.851873,4616.7],[86.825895,27.851844,4617.0],[86.825886,27.851813,4618.4],[86.8259,27.851602,4626.5],[86.82588,27.851566,4628.4],[86.825894,27.85144,4633.4],[86.825944,27.851412,4634.1],[86.825952,27.85138,4635.5],[86.825941,27.851348,4636.9],[86.825949,27.851314,4638.4],[86.826074,27.851262,4640.3],[86.826083,27.851173,4644.7],[86.826183,27.851123,4646.8],[86.826174,27.851066,4649.3]]}},
{"type":"Feature","properties":{"trail":null,"hero":false,"class":"path","length_m":492.3},"geometry":{"type":"LineString","coordinates":[[86.826291,27.853983,4574.7],[86.826189,27.854156,4574.0],[86.826119,27.854384,4573.3],[86.826055,27.854612,4573.7],[86.825945,27.854835,4573.0],[86.825819,27.854924,4572.0],[86.825693,27.855013,4571.5],[86.825506,27.855072,4571.5],[86.825319,27.855191,4571.9],[86.825163,27.85524,4571.6],[86.825007,27.855288,4571.6],[86.824738,27.855326,4570.6],[86.824513,27.855356,4570.9],[86.824245,27.855231,4570.9],[86.823978,27.855106,4570.6],[86.82371,27.854981,4569.9],[86.823442,27.854856,4568.7],[86.823256,27.854838,4567.7],[86.822979,27.854785,4565.3],[86.822796,27.854788,4564.0],[86.822668,27.854693,4562.5],[86.82251,27.854651,4560.5],[86.822468,27.854616,4559.4],[86.822473,27.854539,4558.8],[86.822422,27.854516,4557.4]]}},
{"type":"Feature","properties":{"trail":null,"hero":false,"class":"path","length_m":623.8},"geometry":{"type":"LineString","coordinates":[[86.826174,27.851066,4649.3],[86.826,27.85114,4646.3],[86.825868,27.851244,4641.8],[86.825716,27.851373,4637.2],[86.825681,27.851449,4634.5],[86.825555,27.85148,4634.0],[86.825477,27.851604,4629.9],[86.825474,27.851657,4628.1],[86.8254,27.851811,4623.8],[86.825325,27.851965,4620.1],[86.825261,27.852036,4618.3],[86.825307,27.852081,4616.5],[86.825418,27.852131,4614.3],[86.825469,27.852246,4610.9],[86.825391,27.852247,4611.0],[86.825235,27.852323,4609.5],[86.825148,27.852375,4608.6],[86.825074,27.852472,4606.1],[86.824961,27.852549,4604.4],[86.824862,27.852603,4603.2],[86.824836,27.852669,4602.0],[86.824649,27.852825,4598.0],[86.82463,27.852894,4596.3],[86.824395,27.852982,4593.6],[86.824265,27.852988,4593.2],[86.824099,27.853074,4591.8],[86.823945,27.853083,4590.3],[86.823901,27.853153,4589.6],[86.823931,27.853235,4589.3],[86.823915,27.853407,4588.3],[86.823858,27.853444,4586.8],[86.823825,27.853518,4585.2],[86.823673,27.853637,4579.4],[86.823632,27.853773,4577.2],[86.823592,27.853908,4575.7],[86.823494,27.854002,4572.8],[86.823254,27.85403,4569.8],[86.823171,27.854069,4568.3],[86.823146,27.854148,4566.7],[86.823043,27.854166,4565.2],[86.823,27.854155,4565.0],[86.8229,27.85425,4563.5],[86.822746,27.854343,4561.7],[86.822563,27.854394,4559.1],[86.822327,27.854367,4554.1],[86.822272,27.854346,4552.7]]}},
{"type":"Feature","properties":{"trail":null,"hero":false,"class":"footway","length_m":12.1},"geometry":{"type":"LineString","coordinates":[[86.822422,27.854516,4557.4],[86.822336,27.854437,4554.7]]}},
{"type":"Feature","properties":{"trail":null,"hero":false,"class":"path","length_m":505.9},"geometry":{"type":"LineString","coordinates":[[86.822422,27.854516,4557.4],[86.822217,27.854577,4553.5],[86.822067,27.854686,4550.2],[86.821971,27.854805,4547.2],[86.821874,27.854921,4545.2],[86.821777,27.855036,4543.2],[86.821576,27.855094,4540.0],[86.821374,27.855151,4538.5],[86.821155,27.85533,4537.1],[86.821104,27.855356,4537.0],[86.820869,27.855307,4536.9],[86.820748,27.855233,4536.6],[86.820739,27.855143,4536.4],[86.820628,27.855089,4535.5],[86.820368,27.855093,4533.0],[86.820231,27.855173,4531.2],[86.820094,27.855253,4528.0],[86.819983,27.85536,4525.7],[86.819872,27.855467,4523.7],[86.819721,27.85553,4519.4],[86.81957,27.855594,4515.1],[86.819424,27.855745,4509.7],[86.819278,27.855897,4506.2],[86.819108,27.855962,4503.5],[86.818938,27.856027,4502.0],[86.818777,27.856089,4500.6],[86.818615,27.856151,4499.4],[86.818404,27.856135,4498.1],[86.818193,27.856118,4496.5]]}},
{"type":"Feature","properties":{"trail":null,"hero":false,"class":"footway","length_m":11.9},"geometry":{"type":"LineString","coordinates":[[86.822272,27.854346,4552.7],[86.822336,27.854437,4554.7]]}},
{"type":"Feature","properties":{"trail":null,"hero":false,"class":"path","length_m":574.8},"geometry":{"type":"LineString","coordinates":[[86.818193,27.856118,4496.5],[86.818091,27.85611,4495.6],[86.817943,27.856045,4493.6],[86.817843,27.85605,4492.5],[86.817663,27.856057,4489.3],[86.817483,27.856065,4484.8],[86.817347,27.856166,4480.4],[86.81721,27.856268,4475.5],[86.817073,27.856388,4469.5],[86.816937,27.856508,4465.5],[86.816686,27.856619,4456.0],[86.816608,27.856729,4455.0],[86.816468,27.856746,4446.8],[86.816312,27.856873,4441.1],[86.816156,27.857,4437.6],[86.816,27.857127,4434.0],[86.815854,27.857197,4428.7],[86.815708,27.857266,4422.1],[86.815546,27.857435,4418.4],[86.815383,27.857605,4414.5],[86.815221,27.857774,4411.3],[86.815059,27.857943,4406.6],[86.814943,27.857893,4401.5],[86.814869,27.858066,4401.2],[86.814702,27.858226,4395.9],[86.814535,27.858385,4390.0],[86.814391,27.858443,4383.7],[86.814247,27.8585,4378.4],[86.814078,27.85865,4373.6],[86.813909,27.858799,4368.8],[86.813835,27.858981,4364.6]]}},
{"type":"Feature","properties":{"trail":null,"hero":false,"class":"path","length_m":408.8},"geometry":{"type":"LineString","coordinates":[[86.818193,27.856118,4496.5],[86.818396,27.855976,4496.4],[86.818544,27.855965,4497.6],[86.818654,27.855938,4498.6],[86.818704,27.855807,4499.1],[86.818645,27.855554,4500.1],[86.818587,27.855301,4503.6],[86.818716,27.855083,4508.1],[86.818654,27.854963,4507.4],[86.818697,27.854876,4509.4],[86.818759,27.854756,4512.0],[86.818747,27.854617,4513.0],[86.818735,27.854478,4513.9],[86.818673,27.854249,4515.1],[86.818697,27.853988,4517.9],[86.818768,27.853803,4519.7],[86.818839,27.853617,4521.7],[86.818926,27.853481,4522.5],[86.819012,27.853345,4522.5],[86.819138,27.853239,4524.2],[86.819264,27.853132,4523.2],[86.819375,27.852985,4520.5]]}},
{"type":"Feature","properties":{"trail":null,"hero":false,"class":"path","length_m":100.7},"geometry":{"type":"LineString","coordinates":[[86.769688,27.839891,3715.8],[86.769715,27.839659,3718.7],[86.769757,27.839523,3720.1],[86.769909,27.839384,3723.5],[86.770034,27.839246,3726.0],[86.770148,27.839198,3727.2],[86.770205,27.839199,3727.5]]}},
{"type":"Feature","properties":{"trail":null,"hero":false,"class":"path","length_m":761.3},"geometry":{"type":"LineString","coordinates":[[86.792888,27.944284,5215.0],[86.792929,27.944228,5211.4],[86.792945,27.94419,5209.5],[86.79295,27.944138,5208.6],[86.793017,27.944007,5203.9],[86.793084,27.943877,5199.0],[86.793207,27.943946,5188.3],[86.793272,27.944052,5183.7],[86.793293,27.9441,5182.3],[86.79339,27.944171,5176.9],[86.79347,27.94423,5174.3],[86.793527,27.944259,5172.2],[86.793596,27.944273,5169.0],[86.793757,27.944304,5160.8],[86.793918,27.944334,5151.9],[86.794177,27.944261,5134.4],[86.794435,27.944187,5118.7],[86.794693,27.944114,5103.1],[86.794827,27.944176,5097.3],[86.794938,27.94418,5091.9],[86.795068,27.944251,5086.9],[86.795244,27.944197,5076.8],[86.79535,27.944155,5070.6],[86.795474,27.944103,5063.5],[86.795624,27.944089,5055.9],[86.795789,27.944113,5049.0],[86.795924,27.944018,5039.7],[86.796134,27.943928,5028.2],[86.7963,27.943828,5017.9],[86.796525,27.943767,5006.6],[86.796718,27.943719,4998.0],[86.79685,27.943608,4990.5],[86.796952,27.943445,4979.1],[86.797083,27.943426,4974.1],[86.797282,27.943288,4961.5],[86.797456,27.943193,4954.6],[86.79763,27.943099,4948.5],[86.797802,27.942966,4942.6],[86.797902,27.942883,4939.8],[86.798044,27.942876,4937.9],[86.798148,27.942897,4936.2],[86.798237,27.942824,4933.6],[86.798381,27.942719,4929.8],[86.798566,27.942686,4927.1],[86.798748,27.942645,4925.3],[86.798945,27.942552,4922.1],[86.799097,27.942481,4918.4],[86.799218,27.942388,4914.2],[86.799352,27.942359,4910.8]]}},
{"type":"Feature","properties":{"trail":null,"hero":false,"class":"path","length_m":124.4},"geometry":{"type":"LineString","coordinates":[[86.799352,27.942359,4910.8],[86.799427,27.942241,4908.7],[86.799588,27.942084,4904.0],[86.79976,27.941966,4898.0],[86.799926,27.941838,4893.1],[86.800146,27.941705,4887.0],[86.800255,27.941589,4884.4]]}},
{"type":"Feature","properties":{"trail":null,"hero":false,"class":"path","length_m":689.3},"geometry":{"type":"LineString","coordinates":[[86.799352,27.942359,4910.8],[86.799554,27.942452,4907.7],[86.799603,27.942639,4907.9],[86.799794,27.942814,4906.3],[86.799893,27.942827,4906.0],[86.800113,27.942789,4904.6],[86.800403,27.942821,4904.6],[86.800559,27.942799,4905.4],[86.800714,27.942777,4907.6],[86.800976,27.942664,4907.1],[86.801075,27.942564,4903.6],[86.801146,27.942552,4901.9],[86.801281,27.942602,4898.6],[86.801425,27.94271,4895.4],[86.80157,27.942818,4893.2],[86.80171,27.942839,4890.7],[86.801827,27.942905,4892.1],[86.801995,27.94287,4891.9],[86.802163,27.942835,4891.5],[86.802387,27.942876,4890.3],[86.802546,27.943049,4889.8],[86.802682,27.943086,4889.9],[86.802873,27.942996,4889.6],[86.803051,27.943057,4893.2],[86.803097,27.94314,4896.9],[86.8032,27.943173,4900.7],[86.803415,27.943107,4904.2],[86.803616,27.943111,4908.8],[86.803718,27.943074,4910.0],[86.803943,27.942905,4910.8],[86.804181,27.942835,4911.8],[86.804312,27.942746,4911.8],[86.804442,27.942657,4912.1],[86.804655,27.942647,4913.1],[86.804867,27.942637,4913.6],[86.804993,27.942558,4913.8],[86.805101,27.942476,4912.7],[86.805257,27.942455,4911.3],[86.805414,27.942435,4910.4]]}},
{"type":"Feature","properties":{"trail":null,"hero":false,"class":"path","length_m":731.9},"geometry":{"type":"LineString","coordinates":[[86.800255,27.941589,4884.4],[86.800398,27.941435,4880.6],[86.800517,27.941284,4880.0],[86.800688,27.941127,4879.5],[86.80086,27.940961,4880.0],[86.800962,27.940886,4880.6],[86.801053,27.940767,4881.0],[86.801214,27.940663,4878.7],[86.801321,27.940535,4877.4],[86.801514,27.940374,4873.9],[86.801643,27.940146,4871.7],[86.801807,27.939995,4870.7],[86.80197,27.939843,4867.5],[86.80204,27.939601,4863.6],[86.802123,27.939464,4861.2],[86.802206,27.939326,4859.5],[86.8023,27.939191,4856.9],[86.802394,27.939056,4855.3],[86.80252,27.938919,4853.6],[86.802646,27.938781,4850.8],[86.802788,27.938717,4848.0],[86.802931,27.938653,4845.3],[86.803156,27.938525,4842.7],[86.803322,27.938388,4841.6],[86.803322,27.938374,4841.7],[86.803491,27.938293,4838.9],[86.80366,27.938213,4835.0],[86.803773,27.938118,4831.9],[86.803867,27.937992,4827.4],[86.80396,27.937867,4824.7],[86.803917,27.937625,4824.5],[86.803993,27.937473,4823.1],[86.804003,27.937298,4823.2],[86.803917,27.937175,4825.1],[86.803864,27.937018,4827.4],[86.803864,27.937014,4827.4],[86.80388,27.936807,4825.7],[86.803896,27.9366,4823.8],[86.803913,27.936393,4823.8]]}},
{"type":"Feature","properties":{"trail":null,"hero":false,"class":"path","length_m":552.3},"geometry":{"type":"LineString","coordinates":[[86.800255,27.941589,4884.4],[86.800426,27.941584,4883.2],[86.800597,27.941578,4881.9],[86.800768,27.941626,4881.2],[86.80094,27.941673,4880.0],[86.801216,27.941759,4878.5],[86.801493,27.941844,4876.7],[86.801772,27.941882,4877.0],[86.802002,27.941818,4879.9],[86.802233,27.941754,4882.1],[86.802464,27.94174,4880.0],[86.80266,27.941831,4879.1],[86.802857,27.941923,4879.6],[86.803054,27.942014,4881.3],[86.803349,27.942071,4879.5],[86.803526,27.942176,4882.3],[86.803759,27.94206,4884.3],[86.803992,27.941943,4888.0],[86.804266,27.941967,4895.4],[86.804463,27.942021,4899.5],[86.804659,27.942075,4902.7],[86.804856,27.942128,4905.9],[86.805054,27.9421,4906.6],[86.805162,27.94218,4907.2],[86.805288,27.942307,4908.4],[86.805414,27.942435,4910.4]]}},
{"type":"Feature","properties":{"trail":null,"hero":false,"class":"path","length_m":1061.6},"geometry":{"type":"LineString","coordinates":[[86.805414,27.942435,4910.4],[86.805544,27.942538,4912.0],[86.805755,27.942567,4916.2],[86.805857,27.942422,4916.7],[86.806032,27.942325,4920.1],[86.806207,27.942228,4926.1],[86.806226,27.94203,4927.6],[86.806245,27.941832,4931.6],[86.806212,27.941677,4933.7],[86.806179,27.941523,4935.9],[86.806175,27.941382,4938.9],[86.80617,27.941242,4940.3],[86.80624,27.941131,4945.3],[86.806436,27.941085,4951.8],[86.806595,27.941139,4949.2],[86.806712,27.941308,4950.5],[86.806829,27.941477,4948.9],[86.806945,27.941647,4949.2],[86.807057,27.941741,4946.0],[86.80717,27.941836,4943.0],[86.807251,27.941964,4943.4],[86.807333,27.942092,4945.6],[86.807475,27.942265,4946.9],[86.807616,27.942439,4946.2],[86.807758,27.942612,4944.0],[86.807798,27.942754,4946.1],[86.807837,27.942896,4948.5],[86.807955,27.943076,4948.2],[86.808073,27.943255,4947.2],[86.808191,27.943435,4947.0],[86.808309,27.943614,4947.6],[86.808444,27.943806,4945.7],[86.80858,27.943998,4943.8],[86.808673,27.944256,4944.9],[86.808767,27.944514,4947.5],[86.808844,27.944704,4947.3],[86.808921,27.944893,4948.3],[86.809094,27.9451,4947.0],[86.809266,27.945306,4942.8],[86.809439,27.945512,4942.1],[86.809612,27.945718,4941.4],[86.809722,27.945908,4942.0],[86.809832,27.946098,4936.7],[86.809927,27.946337,4932.8],[86.810023,27.946576,4929.8],[86.8101,27.946794,4927.0],[86.810178,27.947011,4923.0],[86.810171,27.947201,4922.5],[86.810188,27.947247,4921.5],[86.810282,27.947308,4917.8],[86.810451,27.947365,4913.9]]}},
{"type":"Feature","properties":{"trail":null,"hero":false,"class":"path","length_m":1496.1},"geometry":{"type":"LineString","coordinates":[[86.803029,27.923974,4602.2],[86.803047,27.923712,4602.6],[86.803034,27.923599,4604.1],[86.803011,27.923533,4604.0],[86.803033,27.923398,4601.6],[86.803019,27.923358,4601.3],[86.802932,27.923329,4602.1],[86.802869,27.923336,4603.3],[86.802791,27.923338,4604.5],[86.802662,27.9233,4609.9],[86.802662,27.923158,4602.7],[86.802673,27.923009,4596.2],[86.802636,27.92294,4596.5],[86.802534,27.922916,4599.4],[86.802346,27.922786,4600.1],[86.802204,27.922677,4597.3],[86.802062,27.922568,4597.4],[86.801922,27.922395,4595.1],[86.801783,27.922222,4594.3],[86.801579,27.922066,4599.0],[86.801396,27.921888,4600.6],[86.801214,27.92171,4599.6],[86.801053,27.921492,4594.5],[86.800898,27.921426,4594.7],[86.800632,27.921367,4595.4],[86.800366,27.921307,4593.6],[86.800114,27.921227,4590.8],[86.799862,27.921146,4587.2],[86.799717,27.921165,4589.1],[86.799514,27.92125,4591.8],[86.799251,27.921293,4591.8],[86.799165,27.921284,4590.2],[86.799052,27.921269,4587.7],[86.798762,27.92135,4588.4],[86.798497,27.921369,4586.4],[86.798231,27.921388,4585.9],[86.79807,27.921416,4586.5],[86.797882,27.921469,4589.3],[86.797679,27.921488,4589.8],[86.797432,27.921455,4586.8],[86.797265,27.921431,4584.9],[86.797099,27.921407,4582.3],[86.79696,27.921492,4587.7],[86.796724,27.921504,4584.7],[86.796488,27.921516,4581.8],[86.796308,27.921564,4581.7],[86.796128,27.921611,4580.6],[86.795943,27.921701,4580.7],[86.795758,27.921791,4579.8],[86.795561,27.921899,4578.7],[86.795365,27.922006,4576.7],[86.795168,27.922113,4573.8],[86.794953,27.922222,4570.1],[86.794739,27.922331,4568.2],[86.794524,27.922441,4565.5],[86.79431,27.922565,4563.2],[86.794095,27.92269,4560.0],[86.793881,27.922815,4558.3],[86.793666,27.922853,4553.0],[86.793516,27.923038,4557.4],[86.793319,27.923179,4558.3],[86.793121,27.92332,4560.0],[86.792924,27.923461,4559.9],[86.792727,27.923602,4559.4],[86.792519,27.923653,4554.9],[86.792311,27.923704,4550.7],[86.792164,27.923814,4551.3],[86.792016,27.923924,4551.4],[86.791798,27.924,4547.8],[86.79158,27.924076,4544.7],[86.791362,27.924152,4542.1],[86.791143,27.924205,4540.5],[86.790924,27.924259,4539.2],[86.790705,27.924312,4537.8]]}},
{"type":"Feature","properties":{"trail":null,"hero":false,"class":"path","length_m":1162.5},"geometry":{"type":"LineString","coordinates":[[86.803029,27.923974,4602.2],[86.802987,27.923907,4604.0],[86.802921,27.923866,4607.7],[86.80283,27.923875,4612.8],[86.802766,27.923841,4616.0],[86.80272,27.923839,4618.0],[86.802664,27.923846,4620.4],[86.802567,27.923837,4624.5],[86.802516,27.92382,4626.6],[86.80246,27.923782,4629.7],[86.802409,27.923787,4633.0],[86.802396,27.923851,4634.3],[86.802358,27.923879,4637.0],[86.802315,27.923863,4639.7],[86.802288,27.92382,4641.1],[86.802267,27.92378,4642.3],[86.802172,27.92379,4647.8],[86.802127,27.923731,4649.2],[86.802105,27.923665,4649.2],[86.802044,27.92361,4650.6],[86.801969,27.923606,4653.0],[86.801872,27.923603,4657.2],[86.801821,27.923596,4659.3],[86.80173,27.923542,4661.2],[86.801636,27.923504,4664.3],[86.801507,27.923485,4670.3],[86.801397,27.923444,4674.5],[86.801316,27.923395,4676.7],[86.801273,27.923345,4676.6],[86.801205,27.923303,4677.7],[86.801072,27.923271,4682.5],[86.800978,27.923243,4686.0],[86.80087,27.923219,4690.5],[86.800776,27.923132,4691.4],[86.800624,27.923068,4696.3],[86.800508,27.922933,4693.8],[86.800331,27.922859,4698.7],[86.800122,27.922764,4702.5],[86.799977,27.922679,4702.5],[86.799913,27.922665,4701.6],[86.799854,27.922688,4702.8],[86.799781,27.922805,4708.0],[86.799659,27.92296,4709.1],[86.799537,27.923115,4709.8],[86.799415,27.92327,4711.3],[86.799297,27.923379,4713.8],[86.799178,27.923459,4716.3],[86.799111,27.923521,4718.4],[86.799094,27.923621,4721.1],[86.799078,27.923704,4724.2],[86.798985,27.923805,4728.8],[86.798879,27.923879,4732.6],[86.798814,27.924033,4736.6],[86.798693,27.924107,4738.7],[86.798575,27.924172,4740.5],[86.798423,27.924203,4741.8],[86.79827,27.924233,4742.3],[86.798038,27.924297,4742.6],[86.797805,27.924362,4744.3],[86.797558,27.924504,4745.2],[86.797412,27.924667,4747.7],[86.797259,27.924864,4752.2],[86.797148,27.924967,4753.9],[86.797038,27.92507,4755.7],[86.796929,27.925169,4757.7],[86.796821,27.925268,4759.9],[86.796654,27.925372,4761.5],[86.796456,27.925458,4761.5],[86.796325,27.925576,4764.1],[86.796194,27.925695,4766.5],[86.796062,27.925828,4769.4],[86.795931,27.92596,4772.7],[86.795831,27.926063,4775.1],[86.795732,27.926166,4777.3],[86.79559,27.926284,4779.1],[86.795448,27.926401,4781.3],[86.795239,27.926538,4783.2],[86.795017,27.92669,4785.8],[86.794795,27.926842,4786.9],[86.794574,27.926994,4788.9],[86.794405,27.927094,4790.1],[86.794236,27.927186,4791.0],[86.79408,27.927276,4792.2]]}},
{"type":"Feature","properties":{"trail":null,"hero":false,"class":"path","length_m":175.1},"geometry":{"type":"LineString","coordinates":[[86.803029,27.923974,4602.2],[86.803015,27.92406,4603.8],[86.803102,27.924096,4601.2],[86.803199,27.924206,4602.2],[86.803258,27.924309,4604.7],[86.803351,27.924352,4606.1],[86.803457,27.924335,4607.1],[86.803538,27.924316,4607.6],[86.803629,27.924266,4606.8],[86.803689,27.924234,4606.2],[86.803756,27.924208,4606.1],[86.803803,27.924206,4606.6],[86.803892,27.924269,4609.4],[86.803978,27.924265,4609.4],[86.804061,27.924233,4608.9],[86.804235,27.924181,4608.2],[86.80438,27.924136,4607.5],[86.804452,27.924109,4607.3]]}},
{"type":"Feature","properties":{"trail":null,"hero":false,"class":"path","length_m":2152.5},"geometry":{"type":"LineString","coordinates":[[86.790705,27.924312,4537.8],[86.790563,27.924395,4539.2],[86.790421,27.924478,4540.9],[86.790271,27.924552,4541.7],[86.790121,27.924625,4542.5],[86.789863,27.924767,4543.9],[86.789793,27.924872,4547.4],[86.78967,27.924938,4548.0],[86.789552,27.925009,4549.0],[86.789509,27.925056,4550.6],[86.789428,27.925071,4549.7],[86.789327,27.925118,4549.8],[86.789166,27.925194,4550.3],[86.789096,27.925336,4554.8],[86.788972,27.925531,4558.5],[86.788908,27.925635,4559.9],[86.788914,27.925772,4564.8],[86.788908,27.925867,4567.7],[86.788865,27.925981,4568.7],[86.788838,27.92608,4569.7],[86.788844,27.926185,4572.4],[86.788817,27.926365,4574.3],[86.788763,27.926469,4574.0],[86.788683,27.926701,4576.9],[86.788592,27.926938,4581.6],[86.788511,27.92699,4581.5],[86.788436,27.927071,4583.8],[86.788237,27.927142,4585.1],[86.788039,27.927156,4585.0],[86.787873,27.927147,4584.6],[86.787749,27.927132,4583.4],[86.787648,27.927137,4582.3],[86.787562,27.927204,4585.3],[86.787503,27.927308,4590.8],[86.787379,27.927365,4589.4],[86.787261,27.927564,4595.8],[86.787154,27.927706,4599.4],[86.787031,27.927834,4601.7],[86.786875,27.927981,4604.2],[86.786719,27.928128,4607.1],[86.786569,27.928244,4608.1],[86.786419,27.92836,4609.3],[86.78621,27.928516,4611.5],[86.786135,27.928602,4613.9],[86.786033,27.928649,4613.3],[86.785872,27.928777,4615.8],[86.785754,27.928877,4618.3],[86.785636,27.928976,4621.6],[86.785582,27.929057,4625.4],[86.785539,27.929137,4629.5],[86.7854,27.929242,4633.4],[86.785266,27.92928,4633.2],[86.785158,27.92927,4631.6],[86.785067,27.929317,4633.4],[86.784869,27.929412,4636.5],[86.784724,27.929488,4638.3],[86.784579,27.929564,4638.9],[86.784413,27.929768,4642.8],[86.7843,27.929896,4644.0],[86.784187,27.930024,4645.0],[86.784018,27.930159,4646.0],[86.78385,27.930294,4646.8],[86.783678,27.93045,4648.2],[86.783571,27.930607,4649.8],[86.783463,27.930763,4651.4],[86.783276,27.930911,4651.3],[86.783214,27.930958,4651.1],[86.783147,27.931043,4651.4],[86.783024,27.931119,4650.1],[86.782826,27.931281,4650.2],[86.782669,27.931398,4649.5],[86.782535,27.931566,4651.3],[86.782401,27.931735,4652.2],[86.782283,27.931972,4654.5],[86.782219,27.932104,4655.8],[86.782079,27.932275,4655.4],[86.782009,27.932434,4656.0],[86.78194,27.932592,4656.8],[86.781843,27.932785,4658.6],[86.781747,27.932978,4660.2],[86.78165,27.933171,4662.2],[86.781548,27.933315,4663.2],[86.781446,27.93346,4664.3],[86.781371,27.93363,4667.0],[86.781264,27.933711,4668.3],[86.781253,27.933811,4670.8],[86.781264,27.934057,4676.7],[86.781253,27.934223,4680.4],[86.781205,27.934403,4684.0],[86.781189,27.934517,4685.4],[86.78121,27.93472,4688.5],[86.781162,27.934903,4688.7],[86.781114,27.935085,4690.0],[86.781044,27.935225,4690.7],[86.780974,27.935365,4690.7],[86.780886,27.935517,4690.7],[86.780797,27.935668,4693.3],[86.78076,27.935754,4696.1],[86.780792,27.935905,4701.4],[86.780845,27.935986,4704.0],[86.780856,27.936052,4706.2],[86.780797,27.936024,4705.6],[86.780738,27.936057,4707.3],[86.780722,27.93618,4711.6],[86.780679,27.936356,4717.1],[86.780609,27.93646,4721.2],[86.780502,27.936512,4722.4],[86.780465,27.936574,4724.0],[86.780438,27.936645,4726.2],[86.780316,27.936822,4729.5],[86.780194,27.937,4732.3],[86.780072,27.937178,4731.7],[86.77995,27.937356,4730.6],[86.779923,27.937441,4731.3],[86.779827,27.937591,4730.9],[86.779732,27.937742,4731.4],[86.779633,27.937902,4732.3],[86.779534,27.938062,4734.6],[86.77941,27.938226,4736.3],[86.779257,27.938403,4737.7],[86.779098,27.938555,4738.6],[86.778939,27.938706,4740.1],[86.77878,27.938858,4743.6],[86.778683,27.93902,4747.4]]}},
{"type":"Feature","properties":{"trail":null,"hero":false,"class":"path","length_m":2398.8},"geometry":{"type":"LineString","coordinates":[[86.790705,27.924312,4537.8],[86.79092,27.924194,4535.6],[86.791134,27.924075,4533.8],[86.791338,27.923947,4531.8],[86.791483,27.923862,4531.3],[86.791617,27.923729,4528.9],[86.791714,27.923625,4527.1],[86.79181,27.923516,4526.1],[86.791907,27.923407,4524.9],[86.792009,27.923298,4523.3],[86.792207,27.923151,4521.9],[86.792395,27.923056,4521.9],[86.792529,27.923033,4523.8],[86.792752,27.922938,4525.4],[86.792796,27.922913,4525.5],[86.792982,27.922722,4523.0],[86.793167,27.92253,4521.6],[86.793251,27.922412,4519.6],[86.793334,27.922293,4517.5],[86.793382,27.922246,4517.0],[86.793457,27.922232,4518.6],[86.793559,27.922156,4518.2],[86.793666,27.922132,4520.0],[86.793741,27.92208,4519.7],[86.793919,27.921952,4518.6],[86.794128,27.921838,4520.9],[86.794251,27.921748,4521.2],[86.794348,27.921634,4520.1],[86.794594,27.921492,4522.6],[86.794653,27.921468,4523.2],[86.794798,27.921426,4524.9],[86.794975,27.921355,4526.4],[86.79512,27.921312,4528.6],[86.79526,27.921217,4527.5],[86.795501,27.921075,4527.1],[86.795694,27.920933,4525.9],[86.795903,27.920819,4522.1],[86.796061,27.920773,4522.2],[86.79622,27.920728,4521.4],[86.796421,27.920678,4520.2],[86.796622,27.920628,4518.8],[86.796767,27.920614,4519.6],[86.796912,27.920538,4516.7],[86.797089,27.920469,4515.6],[86.797266,27.920401,4513.4],[86.797555,27.92032,4510.8],[86.797738,27.920187,4507.1],[86.797986,27.920107,4504.4],[86.798033,27.920092,4503.7],[86.798194,27.92005,4500.0],[86.798344,27.920021,4496.3],[86.798451,27.919974,4495.2],[86.798639,27.91995,4494.1],[86.798778,27.919903,4492.7],[86.798929,27.919817,4487.8],[86.799106,27.919775,4486.6],[86.799218,27.919765,4486.7],[86.799283,27.919718,4483.7],[86.799374,27.919675,4481.4],[86.799508,27.919671,4480.7],[86.799637,27.919614,4475.9],[86.799739,27.919571,4472.1],[86.799835,27.919552,4470.3],[86.799934,27.919422,4461.8],[86.800034,27.919291,4459.4],[86.800125,27.919156,4457.5],[86.800216,27.919021,4457.3],[86.800259,27.918987,4457.1],[86.800404,27.918874,4457.2],[86.800538,27.91876,4456.9],[86.800629,27.918642,4456.5],[86.800742,27.918571,4456.9],[86.800871,27.91849,4456.4],[86.800999,27.918419,4455.9],[86.80108,27.918348,4455.0],[86.801128,27.918277,4453.7],[86.801171,27.918144,4451.3],[86.80116,27.918068,4449.7],[86.801214,27.917921,4448.8],[86.801192,27.91785,4448.3],[86.801214,27.91777,4447.8],[86.801267,27.917547,4446.7],[86.801332,27.91731,4442.6],[86.80142,27.917196,4438.9],[86.801509,27.917082,4437.5],[86.801589,27.916964,4435.6],[86.801664,27.916945,4435.4],[86.801681,27.916883,4434.3],[86.801681,27.916808,4432.8],[86.801566,27.916601,4430.9],[86.801649,27.91657,4429.4],[86.801718,27.916593,4429.6],[86.801772,27.916674,4430.8],[86.801847,27.916712,4431.9],[86.801997,27.91683,4434.8],[86.80211,27.916954,4437.4],[86.802212,27.917034,4439.4],[86.802239,27.917105,4440.9],[86.802271,27.917209,4442.9],[86.802249,27.917285,4444.2],[86.802287,27.917432,4446.9],[86.802319,27.917527,4448.6],[86.802314,27.917622,4450.2],[86.802335,27.917693,4451.4],[86.802442,27.917793,4453.3],[86.802523,27.917821,4454.1],[86.802598,27.917826,4454.4],[86.80262,27.917864,4455.2],[86.802636,27.917935,4456.7],[86.802668,27.917977,4457.6],[86.802716,27.918011,4458.4],[86.802764,27.918063,4459.5],[86.802791,27.918148,4461.0],[86.802856,27.918191,4461.9],[86.802936,27.918286,4463.7],[86.802952,27.918385,4465.5],[86.802947,27.918499,4467.7],[86.802974,27.918598,4469.6],[86.802974,27.918674,4471.1],[86.803043,27.918788,4473.5],[86.803118,27.918845,4474.7],[86.803156,27.918959,4476.8],[86.80321,27.919158,4480.3],[86.803239,27.919307,4483.0],[86.803269,27.919456,4485.8],[86.803317,27.91948,4486.4],[86.803451,27.919622,4489.7],[86.803532,27.919874,4494.8],[86.803601,27.92003,4498.4],[86.803628,27.920172,4501.0],[86.80366,27.920348,4504.5],[86.80366,27.920494,4508.2],[86.803655,27.92067,4514.0],[86.803682,27.920727,4516.1],[86.803719,27.920817,4519.6],[86.803708,27.920893,4523.2],[86.803714,27.921125,4534.9],[86.803789,27.921253,4542.2],[86.80387,27.921452,4552.6],[86.803902,27.921589,4556.8],[86.803934,27.921727,4560.8],[86.803953,27.921871,4564.3],[86.803971,27.922016,4567.1],[86.804041,27.922205,4571.9],[86.804073,27.922352,4574.4],[86.804103,27.922488,4577.0],[86.804132,27.922623,4579.3],[86.804159,27.922774,4581.5],[86.804197,27.922931,4584.4],[86.804213,27.923068,4586.5],[86.804202,27.923215,4589.0],[86.80424,27.923362,4592.9],[86.804293,27.923585,4598.5],[86.804309,27.923737,4601.1],[86.804406,27.923912,4604.2],[86.804411,27.923983,4605.3],[86.804422,27.924068,4606.6],[86.804452,27.924109,4607.3]]}},
{"type":"Feature","properties":{"trail":null,"hero":false,"class":"path","length_m":94.6},"geometry":{"type":"LineString","coordinates":[[86.79408,27.927276,4792.2],[86.793904,27.927419,4796.2],[86.793703,27.927528,4799.7],[86.793502,27.927637,4803.1],[86.793273,27.92773,4806.0]]}},
{"type":"Feature","properties":{"trail":null,"hero":false,"class":"path","length_m":219.8},"geometry":{"type":"LineString","coordinates":[[86.79408,27.927276,4792.2],[86.793992,27.927298,4791.7],[86.79384,27.927394,4794.3],[86.793607,27.927462,4795.9],[86.793466,27.927474,4795.9],[86.793319,27.927526,4797.6],[86.793172,27.927577,4798.7],[86.792997,27.927638,4800.5],[86.79274,27.927718,4802.5],[86.792473,27.927787,4803.1],[86.792309,27.927877,4804.3],[86.792196,27.927927,4804.0],[86.792085,27.92807,4804.1]]}},
{"type":"Feature","properties":{"trail":null,"hero":false,"class":"path","length_m":148.2},"geometry":{"type":"LineString","coordinates":[[86.804452,27.924109,4607.3],[86.804514,27.924044,4607.2],[86.804552,27.923974,4606.9],[86.804591,27.923923,4607.0],[86.804656,27.9239,4607.9],[86.804723,27.923841,4608.6],[86.804852,27.92372,4608.9],[86.805061,27.923625,4608.6],[86.805195,27.923654,4606.9],[86.805181,27.923789,4607.7],[86.805163,27.923909,4608.8],[86.805324,27.923929,4606.5],[86.805395,27.923901,4604.4]]}},
{"type":"Feature","properties":{"trail":"Three Passes Trek","hero":false,"class":null,"length_m":376.7},"geometry":{"type":"LineString","coordinates":[[86.778683,27.93902,4747.4],[86.778927,27.938979,4744.8],[86.779181,27.938963,4741.9],[86.779335,27.93897,4741.9],[86.779489,27.938977,4742.5],[86.779697,27.938813,4743.0],[86.779828,27.938766,4744.6],[86.779996,27.938657,4746.7],[86.780164,27.938548,4748.0],[86.780329,27.938458,4748.7],[86.780494,27.938368,4747.6],[86.780721,27.938318,4747.4],[86.780948,27.938267,4746.8],[86.781175,27.938216,4745.1],[86.781402,27.938165,4744.0],[86.781569,27.938035,4744.7],[86.781735,27.937905,4746.0],[86.781901,27.937774,4749.2],[86.782063,27.93768,4751.4]]}},
{"type":"Feature","properties":{"trail":null,"hero":false,"class":"steps","length_m":13.1},"geometry":{"type":"LineString","coordinates":[[86.743268,27.848085,3606.1],[86.743193,27.847988,3606.3]]}},
{"type":"Feature","properties":{"trail":null,"hero":false,"class":"path","length_m":241.7},"geometry":{"type":"LineString","coordinates":[[86.743268,27.848085,3606.1],[86.743301,27.848131,3606.6],[86.743482,27.848345,3604.6],[86.743553,27.848502,3603.5],[86.743625,27.848658,3602.4],[86.743645,27.848669,3601.2],[86.743709,27.848725,3598.2],[86.743763,27.848771,3596.0],[86.743832,27.848847,3593.8],[86.743916,27.849075,3597.5],[86.743974,27.8493,3600.8],[86.744053,27.849438,3599.2],[86.744085,27.849537,3598.8],[86.744162,27.84972,3597.3],[86.744254,27.849763,3594.0],[86.744326,27.849782,3591.4],[86.744361,27.84986,3591.3],[86.744313,27.849939,3594.4]]}},
{"type":"Feature","properties":{"trail":null,"hero":false,"class":"path","length_m":91.7},"geometry":{"type":"LineString","coordinates":[[86.743193,27.847988,3606.3],[86.743157,27.847963,3607.3],[86.74309,27.847884,3607.8],[86.743036,27.847773,3606.3],[86.742995,27.847538,3602.4],[86.742797,27.847353,3608.2],[86.742714,27.847347,3613.8]]}},
{"type":"Feature","properties":{"trail":null,"hero":false,"class":"path","length_m":188.0},"geometry":{"type":"LineString","coordinates":[[86.744313,27.849939,3594.4],[86.744085,27.849915,3604.4],[86.744039,27.850136,3608.3],[86.743974,27.850308,3612.1],[86.743923,27.850468,3614.6],[86.743785,27.85062,3623.0],[86.743605,27.85065,3634.5],[86.743476,27.850726,3642.9],[86.743433,27.850673,3646.5],[86.743425,27.850521,3648.3],[86.743322,27.850392,3656.3],[86.743269,27.850374,3660.9]]}},
{"type":"Feature","properties":{"trail":null,"hero":false,"class":"path","length_m":219.1},"geometry":{"type":"LineString","coordinates":[[86.744313,27.849939,3594.4],[86.744322,27.849973,3594.6],[86.744333,27.850019,3594.7],[86.744461,27.850171,3590.9],[86.744442,27.850231,3591.6],[86.744418,27.850306,3592.4],[86.74445,27.850367,3591.1],[86.744458,27.85041,3590.7],[86.74449,27.850496,3589.7],[86.74442,27.850574,3590.8],[86.744266,27.850733,3595.9],[86.744155,27.85087,3600.1],[86.744104,27.851001,3602.2],[86.744067,27.851143,3603.1],[86.744061,27.851228,3602.0],[86.744086,27.851302,3599.8],[86.744086,27.851386,3598.6],[86.744011,27.851506,3599.6],[86.743954,27.851582,3600.0],[86.743939,27.851647,3599.0],[86.743945,27.851708,3597.9]]}},
{"type":"Feature","properties":{"trail":null,"hero":false,"class":"path","length_m":360.0},"geometry":{"type":"LineString","coordinates":[[86.742714,27.847347,3613.8],[86.742713,27.847449,3617.2],[86.742748,27.847538,3617.7],[86.742877,27.847665,3613.6],[86.742892,27.847837,3618.7],[86.742932,27.84791,3619.1],[86.742958,27.848075,3624.9],[86.743082,27.848252,3627.3],[86.743205,27.84843,3626.8],[86.743328,27.848607,3623.0],[86.743355,27.848796,3622.1],[86.743454,27.849028,3622.3],[86.74348,27.849258,3630.2],[86.743507,27.849488,3638.1],[86.743491,27.849695,3644.3],[86.743475,27.849902,3646.7],[86.743459,27.850109,3647.7],[86.743364,27.850241,3653.9],[86.743269,27.850374,3660.9]]}},
{"type":"Feature","properties":{"trail":null,"hero":false,"class":"path","length_m":269.0},"geometry":{"type":"LineString","coordinates":[[86.742714,27.847347,3613.8],[86.742616,27.847264,3618.1],[86.742509,27.847265,3625.8],[86.742445,27.847204,3628.1],[86.742381,27.847153,3630.2],[86.742435,27.847051,3622.0],[86.742324,27.846977,3626.1],[86.742279,27.846907,3625.8],[86.742189,27.846783,3626.0],[86.742062,27.846658,3629.3],[86.741936,27.846533,3632.4],[86.741768,27.846364,3641.3],[86.741603,27.846206,3647.3],[86.741454,27.846011,3646.8],[86.7413,27.84581,3645.1],[86.74109,27.845676,3658.3],[86.741,27.845613,3656.4]]}},
{"type":"Feature","properties":{"trail":null,"hero":false,"class":"path","length_m":283.7},"geometry":{"type":"LineString","coordinates":[[86.789771,27.856144,3984.1],[86.789851,27.85605,3981.4],[86.790032,27.856042,3984.6],[86.790196,27.856035,3979.3],[86.79036,27.856027,3974.4],[86.790532,27.856014,3969.2],[86.790711,27.855988,3966.1],[86.79098,27.855967,3966.6],[86.791249,27.855945,3968.6],[86.791402,27.855929,3968.3],[86.79143,27.855834,3962.7],[86.791473,27.855754,3955.6],[86.79148,27.855732,3954.0],[86.791505,27.855741,3952.8],[86.791535,27.855776,3952.5],[86.791598,27.855856,3952.7],[86.791668,27.855991,3959.0],[86.791744,27.856029,3956.8],[86.79183,27.856047,3952.1],[86.791887,27.856089,3950.4],[86.791968,27.856177,3949.9],[86.792081,27.856299,3951.3],[86.792126,27.856306,3949.7]]}},
{"type":"Feature","properties":{"trail":null,"hero":false,"class":"path","length_m":139.5},"geometry":{"type":"LineString","coordinates":[[86.789771,27.856144,3984.1],[86.789689,27.856277,3986.0],[86.789607,27.856409,3988.2],[86.789545,27.856543,3991.8],[86.789482,27.856676,3996.0],[86.789426,27.856785,3998.8],[86.78934,27.85688,3999.5],[86.789141,27.856955,3995.6],[86.789024,27.857018,3995.4],[86.788935,27.857099,3996.4]]}},
{"type":"Feature","properties":{"trail":null,"hero":false,"class":"path","length_m":35.3},"geometry":{"type":"LineString","coordinates":[[86.789771,27.856144,3984.1],[86.789653,27.856232,3982.7],[86.789535,27.85632,3981.5],[86.789485,27.856329,3979.9]]}},
{"type":"Feature","properties":{"trail":null,"hero":false,"class":"path","length_m":331.9},"geometry":{"type":"LineString","coordinates":[[86.788935,27.857099,3996.4],[86.789003,27.85712,3999.1],[86.789136,27.857117,4002.6],[86.789227,27.857136,4006.6],[86.789369,27.857092,4010.0],[86.789582,27.856933,4009.2],[86.789653,27.856779,4004.8],[86.789762,27.856698,4005.3],[86.789873,27.856628,4007.2],[86.789993,27.856528,4007.0],[86.790047,27.856477,4004.9],[86.790152,27.856518,4008.2],[86.790418,27.856581,4010.9],[86.790646,27.856668,4014.3],[86.790814,27.856709,4016.9],[86.791024,27.856778,4017.0],[86.791149,27.856865,4018.1],[86.79133,27.85698,4020.7],[86.791461,27.857053,4021.9],[86.791568,27.857114,4023.0],[86.791688,27.857154,4022.9],[86.791737,27.85724,4025.1]]}},
{"type":"Feature","properties":{"trail":null,"hero":false,"class":"path","length_m":21.7},"geometry":{"type":"LineString","coordinates":[[86.788935,27.857099,3996.4],[86.788914,27.857105,3996.0],[86.788849,27.857077,3994.4],[86.788804,27.857091,3994.9],[86.788741,27.857132,3996.3]]}},
{"type":"Feature","properties":{"trail":null,"hero":false,"class":"path","length_m":259.3},"geometry":{"type":"LineString","coordinates":[[86.789485,27.856329,3979.9],[86.789499,27.856212,3975.1],[86.789569,27.856081,3972.5],[86.78964,27.85595,3969.2],[86.789733,27.855881,3967.5],[86.78981,27.85577,3961.6],[86.789917,27.855697,3957.4],[86.79001,27.855649,3953.8],[86.790104,27.855526,3947.3],[86.790142,27.855304,3943.5],[86.789936,27.855178,3939.5],[86.789918,27.855103,3936.9],[86.789961,27.855024,3933.9],[86.789892,27.854889,3927.6],[86.789972,27.854647,3915.8],[86.790019,27.854526,3909.7],[86.790082,27.854477,3907.2],[86.790124,27.854433,3904.9],[86.790187,27.854414,3904.3]]}},
{"type":"Feature","properties":{"trail":null,"hero":false,"class":"path","length_m":67.5},"geometry":{"type":"LineString","coordinates":[[86.773752,27.84181,3734.2],[86.773905,27.84185,3734.7],[86.774006,27.84194,3736.2],[86.774141,27.842036,3738.7],[86.774185,27.842106,3739.8],[86.774231,27.842205,3741.0]]}},
{"type":"Feature","properties":{"trail":null,"hero":false,"class":"path","length_m":677.8},"geometry":{"type":"LineString","coordinates":[[86.813835,27.858981,4364.6],[86.813728,27.859149,4359.5],[86.813621,27.859316,4356.8],[86.813478,27.859488,4352.7],[86.813336,27.85966,4350.9],[86.813213,27.859666,4350.2],[86.813021,27.859862,4347.0],[86.812828,27.860058,4341.5],[86.81281,27.860177,4339.6],[86.812643,27.860357,4334.5],[86.812444,27.860427,4331.9],[86.812278,27.860527,4330.1],[86.812112,27.860627,4328.0],[86.811897,27.860794,4327.1],[86.811729,27.86098,4322.6],[86.811467,27.861112,4316.8],[86.811204,27.861243,4314.2],[86.810941,27.861374,4314.5],[86.81079,27.861342,4314.4],[86.810612,27.861284,4313.8],[86.810445,27.861321,4312.5],[86.810199,27.861357,4309.5],[86.809954,27.861394,4307.1],[86.80981,27.861304,4305.4],[86.809641,27.861334,4302.8],[86.809472,27.861363,4299.9],[86.809265,27.861394,4296.3],[86.809057,27.861425,4293.0],[86.80885,27.861456,4289.6],[86.808655,27.861391,4287.6],[86.808459,27.861326,4286.2],[86.808264,27.861261,4285.0]]}},
{"type":"Feature","properties":{"trail":null,"hero":false,"class":"footway","length_m":301.7},"geometry":{"type":"LineString","coordinates":[[86.813835,27.858981,4364.6],[86.813841,27.859091,4362.4],[86.813958,27.859315,4358.3],[86.814001,27.859489,4354.4],[86.814075,27.859718,4348.5],[86.814149,27.85993,4343.4],[86.814223,27.86005,4342.8],[86.8143,27.860217,4342.0],[86.814333,27.86036,4341.1],[86.814305,27.860427,4340.3],[86.814235,27.860548,4339.3],[86.814165,27.860669,4337.6],[86.814082,27.860882,4333.7],[86.814019,27.861076,4328.1],[86.813924,27.861183,4325.8],[86.813828,27.861291,4322.1],[86.813722,27.86149,4316.8]]}},
{"type":"Feature","properties":{"trail":null,"hero":false,"class":"path","length_m":358.6},"geometry":{"type":"LineString","coordinates":[[86.819375,27.852985,4520.5],[86.819475,27.852877,4521.2],[86.819574,27.85277,4520.9],[86.819504,27.852604,4520.8],[86.819581,27.852486,4520.3],[86.819658,27.852369,4519.1],[86.819648,27.852212,4516.2],[86.819662,27.852156,4514.8],[86.819644,27.852106,4512.4],[86.819672,27.852062,4512.0],[86.819655,27.851978,4508.5],[86.819581,27.85199,4506.2],[86.819591,27.851874,4503.1],[86.81957,27.85178,4499.6],[86.819573,27.851715,4497.8],[86.819517,27.851596,4492.6],[86.819538,27.851518,4491.8],[86.819527,27.85143,4489.6],[86.819591,27.851292,4487.8],[86.819559,27.851148,4481.7],[86.819588,27.851064,4480.7],[86.819485,27.85102,4477.4],[86.819503,27.850939,4477.2],[86.819485,27.850907,4476.5],[86.819492,27.850826,4476.0],[86.819471,27.850666,4473.2],[86.819432,27.850644,4472.2],[86.819315,27.850544,4467.9],[86.819329,27.850469,4467.4],[86.819304,27.850441,4466.5],[86.819241,27.850432,4464.8],[86.819071,27.850475,4460.3],[86.819032,27.85046,4458.9],[86.818958,27.850479,4456.7]]}},
{"type":"Feature","properties":{"trail":null,"hero":false,"class":"path","length_m":991.2},"geometry":{"type":"LineString","coordinates":[[86.808264,27.861261,4285.0],[86.808082,27.861201,4283.6],[86.8079,27.86114,4281.6],[86.807672,27.861103,4279.1],[86.807626,27.861021,4277.9],[86.807468,27.860857,4272.9],[86.807334,27.860812,4270.2],[86.807366,27.860743,4271.0],[86.807246,27.860722,4268.3],[86.80713,27.860624,4263.7],[86.806941,27.860546,4255.7],[86.806753,27.860468,4251.4],[86.806564,27.86039,4247.2],[86.806309,27.860384,4240.3],[86.806054,27.860378,4233.5],[86.805859,27.86032,4230.8],[86.805665,27.860263,4228.5],[86.805498,27.860312,4223.1],[86.805264,27.860271,4220.1],[86.805029,27.86023,4217.6],[86.804997,27.860078,4219.0],[86.804822,27.859949,4213.8],[86.804648,27.859819,4206.5],[86.804473,27.859689,4196.2],[86.804269,27.859492,4181.6],[86.804208,27.859273,4174.0],[86.804092,27.859249,4171.1],[86.804079,27.859273,4171.0],[86.804024,27.859265,4169.2],[86.804008,27.859376,4169.5],[86.803937,27.859494,4166.6],[86.803833,27.859437,4162.2],[86.803819,27.859482,4161.3],[86.803788,27.859464,4160.0],[86.803749,27.85949,4158.0],[86.803664,27.859467,4154.4],[86.803532,27.859502,4148.0],[86.803504,27.859585,4145.8],[86.803374,27.859763,4137.9],[86.803175,27.85987,4129.2],[86.803109,27.859841,4126.3],[86.803033,27.859892,4123.0],[86.802931,27.859793,4118.4],[86.802849,27.859824,4114.5],[86.802841,27.859782,4114.4],[86.802697,27.859775,4108.6],[86.80256,27.859831,4102.9],[86.802398,27.85978,4097.1],[86.802292,27.859812,4092.5],[86.802243,27.859804,4090.5],[86.802238,27.85983,4090.1],[86.802019,27.859828,4081.7],[86.801921,27.859895,4078.0],[86.801759,27.859884,4073.0],[86.801765,27.859831,4073.1],[86.801634,27.859682,4068.0],[86.801565,27.85965,4065.2],[86.80154,27.859598,4064.0],[86.80132,27.859554,4056.2],[86.801254,27.859528,4054.2],[86.80115,27.859409,4050.4],[86.800986,27.859328,4043.1],[86.800789,27.859256,4035.7],[86.800563,27.859261,4029.2],[86.800449,27.859211,4027.1],[86.80026,27.85921,4024.5]]}},
{"type":"Feature","properties":{"trail":null,"hero":false,"class":"footway","length_m":643.1},"geometry":{"type":"LineString","coordinates":[[86.808264,27.861261,4285.0],[86.808424,27.861461,4285.3],[86.80864,27.861538,4287.3],[86.8088,27.861657,4289.1],[86.808907,27.861815,4292.3],[86.809028,27.861917,4296.4],[86.809148,27.862019,4298.8],[86.809275,27.862186,4299.6],[86.809432,27.862279,4299.3],[86.809556,27.862272,4299.1],[86.80975,27.862247,4299.2],[86.809911,27.86224,4299.0],[86.810073,27.862234,4298.6],[86.81024,27.862205,4298.8],[86.810407,27.862176,4299.9],[86.810576,27.86218,4299.9],[86.810746,27.862184,4299.8],[86.810969,27.862194,4299.4],[86.811157,27.862183,4300.7],[86.811345,27.862173,4305.4],[86.811582,27.862062,4305.6],[86.81174,27.861971,4303.6],[86.81189,27.861844,4300.0],[86.812023,27.8617,4300.1],[86.81214,27.861545,4300.3],[86.812279,27.86149,4298.3],[86.81257,27.861473,4294.1],[86.812745,27.861494,4292.3],[86.812778,27.861553,4290.3],[86.812841,27.861664,4289.2],[86.812804,27.86179,4289.0],[86.812817,27.861882,4290.5],[86.812791,27.861907,4289.5],[86.812789,27.862023,4290.8],[86.812773,27.862174,4292.1],[86.8128,27.862328,4294.0],[86.812859,27.862388,4295.8],[86.812988,27.862476,4298.7]]}},
{"type":"Feature","properties":{"trail":null,"hero":false,"class":"path","length_m":55.7},"geometry":{"type":"LineString","coordinates":[[86.813722,27.86149,4316.8],[86.813714,27.861524,4315.7],[86.813611,27.861683,4312.8],[86.813637,27.861697,4311.7],[86.813506,27.861899,4306.6],[86.813507,27.861924,4306.0]]}},
{"type":"Feature","properties":{"trail":null,"hero":false,"class":"footway","length_m":132.9},"geometry":{"type":"LineString","coordinates":[[86.813722,27.86149,4316.8],[86.813631,27.861537,4316.9],[86.81352,27.861663,4312.5],[86.813472,27.86179,4309.4],[86.813357,27.861949,4308.2],[86.813306,27.862062,4305.3],[86.813186,27.862216,4302.4],[86.813087,27.862346,4301.7],[86.812988,27.862476,4298.7]]}},
{"type":"Feature","properties":{"trail":null,"hero":false,"class":"path","length_m":940.6},"geometry":{"type":"LineString","coordinates":[[86.80026,27.85921,4024.5],[86.800023,27.859185,4022.3],[86.799785,27.859159,4016.9],[86.79956,27.859166,4013.0],[86.799335,27.859173,4009.5],[86.79912,27.859165,4006.0],[86.798941,27.8592,4002.8],[86.798773,27.859225,4000.5],[86.798613,27.859205,3998.7],[86.798429,27.859127,3996.7],[86.798302,27.859137,3995.0],[86.798101,27.858977,3992.5],[86.7979,27.858818,3990.2],[86.797768,27.858776,3988.2],[86.797673,27.858727,3986.9],[86.797605,27.858661,3986.1],[86.797488,27.858592,3984.3],[86.797411,27.858559,3981.5],[86.797357,27.85853,3979.6],[86.797284,27.858501,3977.1],[86.797202,27.858465,3973.9],[86.79714,27.858462,3970.1],[86.797154,27.858548,3970.4],[86.797135,27.858614,3968.8],[86.797127,27.858658,3967.8],[86.797066,27.858694,3963.4],[86.79705,27.85877,3961.3],[86.797004,27.858844,3957.0],[86.797022,27.858954,3955.8],[86.796952,27.859101,3946.7],[86.796987,27.859325,3941.6],[86.79702,27.859469,3938.5],[86.796982,27.859523,3933.8],[86.796884,27.859515,3928.2],[86.796768,27.859391,3924.5],[86.796688,27.859403,3918.9],[86.796674,27.859523,3915.9],[86.796446,27.859569,3913.1],[86.796273,27.859599,3914.8],[86.796101,27.85963,3918.7],[86.795902,27.85963,3926.9],[86.795853,27.859622,3928.7],[86.795818,27.859593,3929.6],[86.795799,27.859542,3929.1],[86.795758,27.859337,3926.7],[86.795631,27.859249,3933.5],[86.795564,27.859046,3935.0],[86.795531,27.859017,3936.9],[86.795524,27.858997,3937.2],[86.795571,27.858991,3933.9],[86.795549,27.858968,3935.1],[86.795414,27.858936,3944.6],[86.795269,27.858767,3952.1],[86.795125,27.858598,3952.7],[86.79505,27.858504,3953.6],[86.794964,27.858326,3953.3],[86.794785,27.858179,3956.6],[86.794681,27.85806,3955.8],[86.794577,27.857942,3957.7],[86.794424,27.857832,3959.6],[86.794272,27.857722,3963.0],[86.79411,27.857529,3963.6],[86.794106,27.857418,3961.9],[86.794083,27.857378,3961.9],[86.794071,27.857358,3961.8],[86.793991,27.857381,3963.4],[86.793839,27.857392,3965.3]]}},
{"type":"Feature","properties":{"trail":null,"hero":false,"class":"path","length_m":2202.7},"geometry":{"type":"LineString","coordinates":[[86.80026,27.85921,4024.5],[86.800331,27.859259,4025.4],[86.800448,27.859344,4027.5],[86.800455,27.859466,4028.1],[86.80054,27.85956,4030.3],[86.800745,27.859632,4037.1],[86.800859,27.859749,4041.3],[86.800972,27.859866,4045.1],[86.801059,27.859926,4048.1],[86.80111,27.859968,4050.0],[86.801154,27.860015,4051.6],[86.801197,27.860143,4053.3],[86.801283,27.860193,4055.9],[86.80129,27.86025,4056.1],[86.801311,27.860294,4056.5],[86.801397,27.860347,4058.8],[86.801458,27.860389,4060.8],[86.80155,27.860513,4063.9],[86.801718,27.860572,4069.7],[86.801868,27.860666,4073.5],[86.802005,27.860681,4077.6],[86.802124,27.860818,4079.1],[86.802348,27.860924,4085.7],[86.802572,27.861031,4092.0],[86.802623,27.861205,4093.9],[86.802557,27.861327,4093.6],[86.802659,27.861452,4096.9],[86.802762,27.861578,4099.4],[86.80282,27.861796,4101.4],[86.802754,27.86206,4098.6],[86.802798,27.862183,4101.5],[86.803031,27.862305,4111.6],[86.803118,27.862369,4113.0],[86.803213,27.86242,4114.9],[86.803395,27.862459,4120.7],[86.803401,27.862622,4118.1],[86.803408,27.862785,4116.0],[86.803423,27.862921,4115.3],[86.803527,27.863024,4119.9],[86.803656,27.863121,4124.3],[86.803875,27.86327,4130.7],[86.80404,27.863379,4133.6],[86.804205,27.863488,4135.2],[86.804371,27.863598,4136.2],[86.804616,27.863736,4139.2],[86.804862,27.863875,4141.5],[86.805061,27.863934,4146.5],[86.805315,27.863983,4153.9],[86.80557,27.864032,4157.8],[86.805825,27.86408,4160.0],[86.80584,27.86418,4155.8],[86.806044,27.864306,4158.3],[86.806301,27.864323,4167.4],[86.806558,27.86434,4175.6],[86.806815,27.864357,4180.9],[86.807026,27.864319,4186.4],[86.807237,27.86428,4191.7],[86.807448,27.864241,4197.3],[86.807565,27.864116,4203.3],[86.807681,27.86399,4206.1],[86.807826,27.863841,4208.2],[86.80797,27.863692,4206.0],[86.808095,27.8636,4203.8],[86.80822,27.863508,4205.1],[86.808387,27.863656,4196.7],[86.80854,27.863797,4192.2],[86.808664,27.863954,4185.3],[86.808792,27.864041,4182.1],[86.80908,27.863987,4186.7],[86.809362,27.863894,4193.5],[86.809618,27.863852,4197.0],[86.809874,27.863811,4199.5],[86.810095,27.863846,4198.0],[86.810316,27.863881,4197.5],[86.810422,27.863942,4197.8],[86.810517,27.864086,4196.3],[86.810545,27.864329,4192.2],[86.810561,27.864483,4189.7],[86.810628,27.864601,4188.2],[86.810824,27.864648,4193.2],[86.811021,27.864696,4195.5],[86.811205,27.864746,4196.4],[86.811329,27.864764,4198.0],[86.811447,27.86485,4198.2],[86.811475,27.864991,4195.2],[86.811447,27.865157,4196.7],[86.811419,27.865323,4196.9],[86.811438,27.865471,4195.6],[86.811502,27.865622,4193.0],[86.811673,27.865747,4193.4],[86.811841,27.865874,4192.4],[86.81201,27.866001,4190.6],[86.812178,27.866128,4188.5],[86.812414,27.866274,4188.3],[86.812638,27.866387,4190.3],[86.812744,27.866411,4192.7],[86.812863,27.866501,4189.7],[86.812957,27.866474,4193.9],[86.81307,27.866574,4190.7],[86.813182,27.866675,4192.5],[86.81327,27.866818,4192.3],[86.813458,27.867026,4189.4],[86.813558,27.86704,4191.0],[86.813662,27.86703,4192.8],[86.813766,27.867037,4193.4],[86.814017,27.867097,4195.2],[86.814267,27.867156,4197.5],[86.814456,27.867229,4198.6],[86.814635,27.86726,4198.4],[86.814745,27.867263,4198.4],[86.814849,27.867286,4198.8],[86.815089,27.867304,4200.7],[86.815388,27.867292,4205.3],[86.815552,27.867299,4207.3],[86.815694,27.867435,4207.1],[86.815835,27.86757,4207.7],[86.815932,27.867562,4209.4],[86.81618,27.867533,4213.7],[86.816303,27.867706,4213.7]]}},
{"type":"Feature","properties":{"trail":null,"hero":false,"class":"path","length_m":274.2},"geometry":{"type":"LineString","coordinates":[[86.793839,27.857392,3965.3],[86.793769,27.857538,3969.5],[86.793699,27.857684,3975.9],[86.793552,27.857838,3979.4],[86.793404,27.857992,3978.9],[86.793286,27.858091,3979.1],[86.793168,27.858189,3982.8],[86.792948,27.858339,3985.4],[86.792728,27.858489,3992.3],[86.792614,27.858445,3999.0],[86.792629,27.858228,4001.1],[86.792673,27.858055,4000.9],[86.792545,27.857994,4011.2],[86.792389,27.85809,4017.1],[86.792232,27.858186,4021.8]]}},
{"type":"Feature","properties":{"trail":null,"hero":false,"class":"path","length_m":711.8},"geometry":{"type":"LineString","coordinates":[[86.816303,27.867706,4213.7],[86.816181,27.867949,4210.7],[86.816191,27.868085,4210.2],[86.816209,27.868163,4208.8],[86.816328,27.868304,4209.6],[86.816416,27.868447,4209.4],[86.816503,27.868591,4208.9],[86.816575,27.868788,4208.0],[86.816646,27.868985,4206.8],[86.816682,27.869136,4206.4],[86.816718,27.869286,4207.5],[86.816807,27.869538,4209.7],[86.816798,27.869689,4209.4],[86.816788,27.86984,4208.3],[86.816784,27.87003,4206.4],[86.816793,27.870162,4204.0],[86.816842,27.87029,4203.3],[86.81684,27.870327,4203.6],[86.81685,27.87042,4205.0],[86.816804,27.870622,4203.4],[86.816759,27.870823,4199.4],[86.816713,27.871025,4193.4],[86.816713,27.871284,4190.4],[86.816718,27.871444,4188.8],[86.816723,27.871604,4186.1],[86.816788,27.871777,4185.0],[86.816928,27.87199,4185.6],[86.816967,27.872136,4185.7],[86.817006,27.872283,4184.9],[86.817095,27.872428,4184.2],[86.817183,27.872574,4184.7],[86.817239,27.872704,4186.0],[86.817154,27.872848,4184.1],[86.817203,27.873049,4187.3],[86.817166,27.873183,4186.3],[86.81713,27.873317,4185.4],[86.817147,27.873466,4186.6],[86.8171,27.873644,4185.3],[86.817126,27.873834,4186.1]]}},
{"type":"Feature","properties":{"trail":null,"hero":false,"class":"path","length_m":850.3},"geometry":{"type":"LineString","coordinates":[[86.816303,27.867706,4213.7],[86.816369,27.867572,4216.0],[86.816428,27.867348,4219.5],[86.81644,27.867256,4220.9],[86.816419,27.867003,4224.9],[86.816369,27.866921,4225.8],[86.816357,27.866817,4228.5],[86.81632,27.866749,4230.3],[86.816246,27.866711,4231.2],[86.816089,27.86663,4235.0],[86.815976,27.866627,4235.2],[86.81571,27.86654,4239.1],[86.815501,27.86643,4243.0],[86.815466,27.866365,4246.3],[86.815349,27.866261,4250.2],[86.815218,27.866191,4251.8],[86.815087,27.86612,4253.6],[86.814992,27.866024,4256.3],[86.814964,27.865961,4258.3],[86.814774,27.865795,4262.2],[86.814585,27.865629,4267.6],[86.814443,27.865523,4270.9],[86.814376,27.865445,4273.2],[86.814266,27.865385,4273.6],[86.814241,27.865301,4277.0],[86.814065,27.865201,4279.0],[86.813873,27.86506,4283.0],[86.813739,27.864978,4284.6],[86.813675,27.864813,4285.8],[86.813679,27.864656,4286.7],[86.813679,27.864489,4285.6],[86.813679,27.864321,4285.4],[86.813711,27.864087,4286.5],[86.813781,27.863883,4289.4],[86.813767,27.863721,4286.7],[86.813796,27.863705,4287.8],[86.813796,27.863655,4287.1],[86.813859,27.863564,4288.3],[86.813895,27.86337,4286.8],[86.813935,27.863189,4288.7],[86.814058,27.863043,4291.9],[86.814191,27.862966,4294.4],[86.81424,27.862872,4295.1],[86.814177,27.862731,4294.8],[86.814098,27.862649,4294.8],[86.814093,27.86262,4295.0],[86.814019,27.862562,4294.9],[86.814163,27.862531,4296.4],[86.814173,27.862481,4296.8],[86.814114,27.862374,4297.3],[86.81404,27.862302,4297.5],[86.813991,27.862296,4297.4],[86.813986,27.862275,4297.6],[86.813904,27.862242,4297.6],[86.813811,27.862217,4297.8],[86.813734,27.862161,4298.7],[86.813696,27.862056,4300.5],[86.813598,27.861965,4303.3],[86.813507,27.861924,4306.0]]}},
{"type":"Feature","properties":{"trail":null,"hero":false,"class":"path","length_m":137.2},"geometry":{"type":"LineString","coordinates":[[86.792232,27.858186,4021.8],[86.792136,27.858147,4023.2],[86.79202,27.858151,4025.8],[86.791891,27.85813,4030.8],[86.791912,27.857937,4033.5],[86.791879,27.857862,4036.9],[86.791882,27.857781,4038.6],[86.791861,27.857544,4029.6],[86.791825,27.857351,4024.8],[86.791737,27.85724,4025.1]]}},
{"type":"Feature","properties":{"trail":null,"hero":false,"class":"path","length_m":592.4},"geometry":{"type":"LineString","coordinates":[[86.792232,27.858186,4021.8],[86.792286,27.858256,4020.6],[86.792305,27.858333,4020.2],[86.792305,27.85845,4019.6],[86.792248,27.858574,4023.6],[86.792192,27.858783,4023.8],[86.792149,27.859006,4022.2],[86.792137,27.859087,4021.4],[86.79214,27.859174,4019.5],[86.792103,27.859261,4022.6],[86.792249,27.859294,4011.2],[86.792334,27.859286,4009.8],[86.792445,27.859289,4008.0],[86.792503,27.859306,4007.6],[86.792571,27.859321,4009.2],[86.792617,27.85934,4010.6],[86.792774,27.859303,4011.7],[86.793003,27.859155,4011.2],[86.793128,27.859046,4012.3],[86.793254,27.858937,4015.6],[86.793411,27.858863,4018.7],[86.793496,27.858866,4019.4],[86.793603,27.858908,4021.1],[86.793766,27.859012,4021.1],[86.793865,27.859091,4020.7],[86.79395,27.85922,4021.3],[86.794051,27.859291,4020.9],[86.794228,27.859379,4018.7],[86.794373,27.859485,4015.6],[86.794484,27.859583,4012.7],[86.79459,27.859687,4009.6],[86.794704,27.859836,4007.2],[86.794828,27.860022,4004.6],[86.794931,27.860088,4001.5],[86.795016,27.860173,4000.1],[86.795053,27.86029,4002.4],[86.795121,27.860397,4003.5],[86.79527,27.860527,4002.1],[86.795422,27.860658,4004.7],[86.795573,27.860707,4002.4],[86.795725,27.860756,3999.3]]}},
{"type":"Feature","properties":{"trail":null,"hero":false,"class":"path","length_m":18.7},"geometry":{"type":"LineString","coordinates":[[86.74837,27.846508,3787.9],[86.748303,27.846422,3786.7],[86.748263,27.846369,3785.8]]}},
{"type":"Feature","properties":{"trail":null,"hero":false,"class":"path","length_m":174.4},"geometry":{"type":"LineString","coordinates":[[86.74837,27.846508,3787.9],[86.74851,27.846411,3788.0],[86.748649,27.846314,3788.1],[86.748694,27.846359,3789.1],[86.748771,27.846341,3789.8],[86.748776,27.846281,3789.2],[86.74885,27.846178,3789.1],[86.748989,27.846003,3789.4],[86.748964,27.845957,3788.4],[86.748978,27.845902,3788.0],[86.749004,27.845845,3787.9],[86.749106,27.845741,3788.3],[86.749256,27.845595,3788.6],[86.749414,27.84548,3794.7],[86.749466,27.845488,3795.8]]}},
{"type":"Feature","properties":{"trail":null,"hero":false,"class":"path","length_m":94.4},"geometry":{"type":"LineString","coordinates":[[86.74837,27.846508,3787.9],[86.748459,27.846595,3789.3],[86.748535,27.846662,3790.6],[86.748622,27.846714,3792.2],[86.748665,27.84673,3793.0],[86.748738,27.846744,3794.1],[86.748784,27.84681,3795.5],[86.748746,27.846851,3795.6],[86.74879,27.846923,3796.9],[86.748813,27.846956,3797.5],[86.748831,27.846983,3798.1],[86.748866,27.847049,3799.5],[86.748887,27.847076,3800.3],[86.74894,27.84709,3800.9]]}},
{"type":"Feature","properties":{"trail":null,"hero":false,"class":"path","length_m":29.5},"geometry":{"type":"LineString","coordinates":[[86.748263,27.846369,3785.8],[86.748275,27.846303,3785.0],[86.748099,27.846179,3781.9]]}},
{"type":"Feature","properties":{"trail":null,"hero":false,"class":"path","length_m":95.9},"geometry":{"type":"LineString","coordinates":[[86.748263,27.846369,3785.8],[86.748168,27.846497,3786.0],[86.748009,27.846663,3785.9],[86.74787,27.846737,3785.9],[86.747781,27.846798,3786.1],[86.747602,27.846992,3786.8]]}},
{"type":"Feature","properties":{"trail":null,"hero":false,"class":"path","length_m":75.1},"geometry":{"type":"LineString","coordinates":[[86.749466,27.845488,3795.8],[86.749578,27.845603,3796.2],[86.749672,27.845693,3798.5],[86.749775,27.845772,3800.9],[86.749933,27.845786,3805.6],[86.750091,27.8458,3809.2]]}},
{"type":"Feature","properties":{"trail":null,"hero":false,"class":"path","length_m":37.9},"geometry":{"type":"LineString","coordinates":[[86.749466,27.845488,3795.8],[86.749324,27.845341,3797.0],[86.749226,27.84522,3796.1]]}},
{"type":"Feature","properties":{"trail":null,"hero":false,"class":"path","length_m":76.2},"geometry":{"type":"LineString","coordinates":[[86.74894,27.84709,3800.9],[86.749123,27.847133,3803.2],[86.749242,27.847188,3805.3],[86.749294,27.847251,3806.6],[86.749367,27.847303,3807.8],[86.749395,27.847403,3809.4],[86.749439,27.847461,3810.7],[86.7495,27.847498,3812.4]]}},
{"type":"Feature","properties":{"trail":null,"hero":false,"class":"path","length_m":192.8},"geometry":{"type":"LineString","coordinates":[[86.74894,27.84709,3800.9],[86.749117,27.847,3800.7],[86.749293,27.846909,3801.6],[86.74947,27.846819,3802.9],[86.749569,27.846676,3802.7],[86.749668,27.846533,3804.2],[86.749809,27.846355,3805.0],[86.749947,27.846187,3805.7],[86.750107,27.845998,3808.7],[86.750091,27.8458,3809.2]]}},
{"type":"Feature","properties":{"trail":null,"hero":false,"class":"path","length_m":116.7},"geometry":{"type":"LineString","coordinates":[[86.748099,27.846179,3781.9],[86.748006,27.846259,3781.8],[86.747964,27.846295,3781.7],[86.74791,27.846317,3781.2],[86.747753,27.846464,3781.1],[86.747692,27.846581,3781.8],[86.747553,27.846695,3781.6],[86.747441,27.846675,3779.4],[86.747332,27.846736,3778.3],[86.747315,27.846853,3780.1]]}},
{"type":"Feature","properties":{"trail":null,"hero":false,"class":"path","length_m":30.5},"geometry":{"type":"LineString","coordinates":[[86.748099,27.846179,3781.9],[86.747969,27.846069,3778.7],[86.747874,27.84599,3776.5]]}},
{"type":"Feature","properties":{"trail":null,"hero":false,"class":"path","length_m":172.2},"geometry":{"type":"LineString","coordinates":[[86.748099,27.846179,3781.9],[86.748142,27.846119,3781.5],[86.748218,27.846035,3781.0],[86.748345,27.845935,3781.3],[86.748436,27.845826,3781.3],[86.748471,27.84581,3781.6],[86.748581,27.84585,3783.2],[86.748643,27.845779,3783.3],[86.748713,27.845666,3782.9],[86.748818,27.845688,3783.9],[86.748877,27.845593,3783.5],[86.748845,27.845546,3782.9],[86.748938,27.845476,3783.5],[86.749082,27.845348,3787.6],[86.749226,27.84522,3796.1]]}},
{"type":"Feature","properties":{"trail":null,"hero":false,"class":"path","length_m":408.1},"geometry":{"type":"LineString","coordinates":[[86.747602,27.846992,3786.8],[86.747782,27.847041,3789.6],[86.747883,27.847114,3791.7],[86.74795,27.847141,3793.1],[86.748123,27.847274,3796.2],[86.748295,27.847448,3798.8],[86.748416,27.847498,3800.7],[86.748532,27.847556,3802.5],[86.748589,27.847695,3805.5],[86.748677,27.847805,3808.3],[86.748734,27.847929,3810.4],[86.748679,27.848035,3811.4],[86.74862,27.848109,3812.0],[86.748605,27.848321,3814.4],[86.748673,27.848424,3815.5],[86.748815,27.848558,3820.3],[86.74892,27.848636,3824.7],[86.749026,27.848742,3828.1],[86.749191,27.848868,3835.1],[86.749292,27.849005,3839.0],[86.749309,27.849128,3841.8],[86.74944,27.849349,3851.0],[86.749571,27.849571,3860.2],[86.749652,27.849689,3865.9],[86.749734,27.849808,3871.9]]}},
{"type":"Feature","properties":{"trail":null,"hero":false,"class":"path","length_m":32.5},"geometry":{"type":"LineString","coordinates":[[86.747602,27.846992,3786.8],[86.747484,27.84696,3785.5],[86.747315,27.846853,3780.1]]}},
{"type":"Feature","properties":{"trail":null,"hero":false,"class":"path","length_m":72.4},"geometry":{"type":"LineString","coordinates":[[86.747315,27.846853,3780.1],[86.747242,27.846861,3778.6],[86.747137,27.846851,3777.3],[86.747074,27.846867,3777.0],[86.746883,27.846816,3774.8],[86.746744,27.846795,3773.4],[86.746607,27.846741,3772.1]]}},
{"type":"Feature","properties":{"trail":null,"hero":false,"class":"path","length_m":153.6},"geometry":{"type":"LineString","coordinates":[[86.747874,27.84599,3776.5],[86.747776,27.845999,3775.3],[86.747709,27.846058,3775.3],[86.74761,27.846099,3774.9],[86.747516,27.84608,3774.1],[86.747447,27.846128,3774.1],[86.747363,27.846191,3774.2],[86.747242,27.846307,3774.2],[86.747122,27.8464,3773.2],[86.746992,27.846464,3772.0],[86.746808,27.846556,3772.4],[86.74661,27.846714,3772.4]]}},
{"type":"Feature","properties":{"trail":null,"hero":false,"class":"path","length_m":346.6},"geometry":{"type":"LineString","coordinates":[[86.747874,27.84599,3776.5],[86.747953,27.845916,3776.6],[86.747915,27.845857,3775.5],[86.747948,27.845805,3775.4],[86.747926,27.845738,3774.9],[86.747972,27.845648,3775.1],[86.747999,27.845596,3775.3],[86.747972,27.845513,3774.4],[86.747969,27.845352,3772.5],[86.747985,27.845252,3771.5],[86.747958,27.845221,3770.8],[86.747865,27.845098,3768.3],[86.747663,27.845221,3768.1],[86.747446,27.845195,3766.0],[86.747333,27.84524,3766.0],[86.747167,27.845259,3765.3],[86.74702,27.845276,3764.2],[86.746883,27.845266,3763.3],[86.746698,27.845333,3763.0],[86.746574,27.84519,3761.9],[86.746475,27.845079,3761.6],[86.746588,27.845001,3760.5],[86.746373,27.84487,3760.4],[86.746381,27.844761,3759.0],[86.746263,27.844692,3757.9],[86.746247,27.844657,3756.7],[86.74616,27.844628,3755.3]]}},
{"type":"Feature","properties":{"trail":null,"hero":false,"class":"path","length_m":420.0},"geometry":{"type":"LineString","coordinates":[[86.749226,27.84522,3796.1],[86.749032,27.845038,3791.8],[86.748837,27.844856,3785.4],[86.748642,27.844673,3779.5],[86.748511,27.844571,3775.6],[86.748339,27.84455,3769.0],[86.748154,27.844372,3764.1],[86.748003,27.844154,3758.0],[86.747851,27.843936,3754.9],[86.747814,27.84377,3753.5],[86.747573,27.843801,3749.8],[86.747333,27.843831,3748.1],[86.747175,27.843876,3747.8],[86.747017,27.843921,3747.7],[86.746906,27.844034,3747.9],[86.746794,27.844147,3748.5],[86.746596,27.844296,3749.5],[86.746389,27.844332,3747.5],[86.746275,27.84448,3751.0],[86.74616,27.844628,3755.3]]}},
{"type":"Feature","properties":{"trail":"Three Passes Trek","hero":false,"class":null,"length_m":790.7},"geometry":{"type":"LineString","coordinates":[[86.836219,27.929705,5511.0],[86.836184,27.929787,5512.1],[86.836232,27.92988,5510.4],[86.836192,27.929953,5509.2],[86.836162,27.930153,5502.4],[86.836066,27.930355,5492.2],[86.836028,27.930514,5488.7],[86.835989,27.930672,5488.3],[86.835881,27.930904,5486.5],[86.835772,27.931136,5490.7],[86.835611,27.931286,5484.3],[86.835449,27.931437,5480.1],[86.835296,27.931661,5476.1],[86.835143,27.931886,5471.2],[86.835069,27.932018,5467.4],[86.834996,27.93215,5462.1],[86.834963,27.932406,5458.5],[86.83488,27.932556,5455.1],[86.834798,27.932706,5452.1],[86.834735,27.932959,5449.2],[86.834672,27.933212,5444.1],[86.834638,27.933241,5441.1],[86.834544,27.933214,5433.1],[86.834446,27.933282,5424.1],[86.834378,27.933241,5419.2],[86.834301,27.933277,5413.5],[86.834162,27.933147,5402.5],[86.834028,27.933209,5392.4],[86.834055,27.933282,5395.0],[86.833897,27.933299,5382.8],[86.83374,27.933315,5370.8],[86.833618,27.933432,5363.1],[86.833366,27.933419,5346.8],[86.833259,27.933377,5338.6],[86.833173,27.93344,5334.8],[86.832909,27.933434,5317.5],[86.832777,27.933628,5310.8],[86.83255,27.933735,5303.2],[86.832425,27.933838,5300.3],[86.832299,27.933941,5297.0],[86.832188,27.933953,5291.8],[86.832019,27.934093,5286.9],[86.83185,27.934232,5281.2],[86.831769,27.934332,5278.4]]}},
{"type":"Feature","properties":{"trail":null,"hero":false,"class":"path","length_m":125.3},"geometry":{"type":"LineString","coordinates":[[86.831769,27.934332,5278.4],[86.831694,27.934403,5276.9],[86.831549,27.934531,5272.5],[86.831426,27.934657,5268.7],[86.831303,27.934783,5265.1],[86.831244,27.934991,5262.6],[86.83123,27.935143,5261.6],[86.831217,27.935294,5260.6]]}},
{"type":"Feature","properties":{"trail":null,"hero":false,"class":"path","length_m":686.2},"geometry":{"type":"LineString","coordinates":[[86.749734,27.849808,3871.9],[86.749737,27.849929,3875.6],[86.749594,27.850062,3874.1],[86.749715,27.850085,3878.3],[86.74969,27.850307,3879.6],[86.749713,27.850469,3880.0],[86.749545,27.850616,3871.4],[86.749488,27.850705,3868.1],[86.749464,27.850849,3865.8],[86.749571,27.85109,3867.5],[86.749519,27.851131,3863.1],[86.749498,27.851232,3857.1],[86.749511,27.851314,3853.8],[86.749653,27.851355,3858.6],[86.74964,27.851403,3855.7],[86.749765,27.851465,3860.1],[86.749832,27.851552,3861.7],[86.749865,27.851703,3860.6],[86.749966,27.851845,3866.0],[86.749898,27.852024,3862.1],[86.74983,27.852202,3862.4],[86.749783,27.852399,3862.4],[86.749765,27.852504,3862.9],[86.749809,27.852585,3867.4],[86.749841,27.852655,3870.8],[86.749817,27.852691,3870.7],[86.749675,27.852819,3869.4],[86.749607,27.852931,3871.9],[86.749603,27.853049,3877.5],[86.749626,27.853143,3883.1],[86.749608,27.853229,3886.3],[86.749555,27.853319,3888.5],[86.74949,27.853376,3888.3],[86.74946,27.853448,3889.3],[86.749497,27.853568,3895.3],[86.749515,27.853732,3900.2],[86.749482,27.853874,3900.1],[86.749463,27.854056,3908.6],[86.749372,27.854271,3919.7],[86.749283,27.854352,3923.5],[86.749132,27.854412,3924.2],[86.749053,27.854434,3923.2],[86.749027,27.854484,3925.0],[86.749024,27.854516,3926.4],[86.74903,27.854641,3932.8],[86.749008,27.854771,3936.8],[86.748919,27.854979,3936.9],[86.748936,27.855065,3939.9],[86.748948,27.855164,3942.8]]}},
{"type":"Feature","properties":{"trail":null,"hero":false,"class":"path","length_m":105.3},"geometry":{"type":"LineString","coordinates":[[86.749734,27.849808,3871.9],[86.749849,27.850005,3881.0],[86.75,27.850052,3886.3],[86.750085,27.850109,3890.1],[86.750091,27.850161,3891.7],[86.750112,27.850284,3895.7],[86.750182,27.85037,3899.6],[86.750295,27.850394,3904.4],[86.750413,27.850403,3908.3]]}},
{"type":"Feature","properties":{"trail":"Three Passes Trek","hero":false,"class":null,"length_m":56.2},"geometry":{"type":"LineString","coordinates":[[86.810537,27.947782,4911.7],[86.810544,27.947573,4911.6],[86.810551,27.947363,4911.8],[86.810524,27.947278,4912.7]]}},
{"type":"Feature","properties":{"trail":"Three Passes Trek","hero":false,"class":null,"length_m":553.2},"geometry":{"type":"LineString","coordinates":[[86.810537,27.947782,4911.7],[86.810636,27.947877,4912.1],[86.810697,27.947857,4912.1],[86.810778,27.947831,4912.0],[86.810935,27.947609,4911.5],[86.810998,27.94742,4911.4],[86.811074,27.94717,4911.0],[86.811127,27.947013,4909.7],[86.811133,27.946908,4908.7],[86.811406,27.946883,4907.8],[86.811523,27.946795,4906.8],[86.811697,27.946644,4907.1],[86.81174,27.946486,4908.5],[86.811783,27.946329,4910.2],[86.811911,27.946086,4914.4],[86.811854,27.945998,4914.4],[86.811936,27.945893,4917.7],[86.811905,27.945824,4917.9],[86.811867,27.945698,4918.3],[86.811862,27.945615,4919.1],[86.811985,27.945438,4922.3],[86.812037,27.945186,4924.3],[86.812047,27.944975,4926.3],[86.812047,27.944821,4928.1],[86.812134,27.944586,4935.0],[86.812225,27.944418,4941.4],[86.812316,27.944249,4945.3],[86.812385,27.944215,4946.7],[86.812417,27.944147,4947.0],[86.81249,27.944181,4948.3],[86.812586,27.944232,4948.9],[86.812691,27.944088,4946.9],[86.81268,27.943991,4946.2]]}},
{"type":"Feature","properties":{"trail":"Everest Base Camp Trek","hero":false,"class":null,"length_m":75.7},"geometry":{"type":"LineString","coordinates":[[86.810537,27.947782,4911.7],[86.810602,27.948008,4913.1],[86.810579,27.948218,4912.9],[86.810525,27.948452,4913.3]]}},
{"type":"Feature","properties":{"trail":"Three Passes Trek","hero":false,"class":null,"length_m":1194.0},"geometry":{"type":"LineString","coordinates":[[86.810524,27.947278,4912.7],[86.810472,27.947069,4913.8],[86.810419,27.946861,4914.1],[86.810367,27.946652,4913.6],[86.810315,27.946444,4912.3],[86.810342,27.946275,4910.1],[86.810369,27.946107,4908.0],[86.810354,27.945938,4906.3],[86.810339,27.94577,4904.2],[86.810166,27.945596,4907.2],[86.810103,27.945386,4904.3],[86.810041,27.945177,4900.9],[86.809978,27.944968,4898.9],[86.809916,27.944758,4898.6],[86.809784,27.944524,4898.2],[86.809653,27.94429,4897.0],[86.809522,27.944055,4894.4],[86.809391,27.943821,4892.9],[86.80934,27.943642,4891.3],[86.80929,27.943463,4889.7],[86.809132,27.943265,4889.8],[86.808974,27.943068,4891.2],[86.80891,27.94285,4887.2],[86.808846,27.942632,4884.9],[86.808783,27.942415,4883.0],[86.808642,27.94223,4881.8],[86.808501,27.942046,4883.0],[86.80836,27.941861,4881.2],[86.808263,27.941668,4879.1],[86.808167,27.941475,4877.7],[86.80807,27.941282,4874.2],[86.80795,27.941042,4875.3],[86.80783,27.940801,4873.5],[86.80771,27.940561,4872.8],[86.80765,27.940355,4872.0],[86.80759,27.94015,4869.7],[86.807531,27.939944,4865.9],[86.807561,27.939781,4861.2],[86.807479,27.939581,4859.8],[86.807397,27.939381,4861.7],[86.807315,27.939181,4860.1],[86.807233,27.93898,4857.1],[86.807189,27.938749,4855.6],[86.807144,27.938517,4855.0],[86.8071,27.938285,4853.0],[86.807056,27.938053,4849.5],[86.807012,27.937822,4845.6],[86.806888,27.937671,4846.0],[86.806765,27.937521,4846.2],[86.806658,27.937419,4845.9],[86.806552,27.937317,4848.5]]}},
{"type":"Feature","properties":{"trail":null,"hero":false,"class":"path","length_m":12.0},"geometry":{"type":"LineString","coordinates":[[86.810524,27.947278,4912.7],[86.810451,27.947365,4913.9]]}},
{"type":"Feature","properties":{"trail":"Three Passes Trek","hero":false,"class":null,"length_m":801.4},"geometry":{"type":"LineString","coordinates":[[86.81268,27.943991,4946.2],[86.812777,27.94391,4945.3],[86.812831,27.943808,4943.7],[86.813043,27.943802,4939.8],[86.813281,27.943754,4939.9],[86.813434,27.943649,4940.2],[86.813489,27.943521,4939.6],[86.813545,27.943394,4938.7],[86.813624,27.943212,4938.5],[86.813703,27.943031,4939.5],[86.813712,27.942848,4938.9],[86.81372,27.942664,4936.9],[86.813813,27.942442,4935.8],[86.813872,27.942307,4936.1],[86.813931,27.942172,4936.3],[86.814023,27.941964,4937.1],[86.814048,27.941836,4935.7],[86.814158,27.941717,4933.8],[86.814268,27.941598,4931.8],[86.814343,27.941521,4930.5],[86.814352,27.941367,4929.6],[86.814361,27.941213,4928.2],[86.814519,27.941062,4927.0],[86.814675,27.941033,4927.9],[86.814831,27.941004,4927.5],[86.814957,27.940927,4927.3],[86.815185,27.940864,4925.0],[86.815413,27.940801,4923.8],[86.815539,27.940588,4930.9],[86.815665,27.940375,4933.6],[86.815757,27.940119,4926.6],[86.815934,27.939996,4917.6],[86.816061,27.9398,4913.8],[86.816187,27.939708,4913.1],[86.816277,27.939583,4915.7],[86.816427,27.939556,4916.4],[86.816577,27.939528,4919.2],[86.816765,27.939536,4923.1],[86.81697,27.939452,4930.8],[86.817149,27.939462,4936.0],[86.817312,27.939507,4938.6],[86.817362,27.939586,4938.4],[86.817444,27.939666,4939.7],[86.817585,27.939706,4943.4]]}},
{"type":"Feature","properties":{"trail":null,"hero":false,"class":"path","length_m":1240.2},"geometry":{"type":"LineString","coordinates":[[86.81268,27.943991,4946.2],[86.812617,27.943793,4944.8],[86.81255,27.943603,4943.9],[86.812482,27.943414,4943.4],[86.812326,27.943185,4941.3],[86.812171,27.942956,4940.7],[86.812058,27.942801,4939.6],[86.811945,27.942645,4939.1],[86.811855,27.942474,4938.4],[86.811804,27.942244,4935.9],[86.811753,27.942014,4934.1],[86.811701,27.941784,4934.2],[86.811765,27.941557,4932.1],[86.811765,27.941365,4929.4],[86.811765,27.941172,4927.9],[86.811765,27.940978,4927.9],[86.811765,27.940784,4928.5],[86.811873,27.940585,4929.4],[86.812044,27.940533,4930.6],[86.812163,27.940355,4932.3],[86.812282,27.940177,4932.4],[86.812401,27.939999,4930.0],[86.812538,27.939901,4928.0],[86.812676,27.939804,4926.7],[86.812915,27.939647,4923.4],[86.81303,27.939483,4920.6],[86.813144,27.93932,4922.0],[86.813259,27.939156,4926.2],[86.813381,27.939049,4930.3],[86.813502,27.938942,4931.9],[86.813527,27.938787,4931.5],[86.813553,27.938632,4931.5],[86.813661,27.938508,4929.8],[86.81377,27.938384,4925.3],[86.813802,27.93813,4920.5],[86.813929,27.938063,4917.1],[86.814025,27.938119,4918.7],[86.814178,27.938176,4920.5],[86.814398,27.938212,4927.3],[86.814618,27.938249,4929.0],[86.814701,27.938052,4934.5],[86.814835,27.937928,4932.3],[86.815135,27.937939,4928.8],[86.815339,27.937976,4923.2],[86.815543,27.938014,4919.2],[86.815747,27.938052,4921.3],[86.81592,27.937916,4922.8],[86.816092,27.937781,4928.0],[86.816334,27.93773,4931.8],[86.816462,27.937928,4934.7],[86.816628,27.93808,4934.6],[86.81673,27.938229,4935.8],[86.816832,27.938378,4935.3],[86.816966,27.938559,4933.9],[86.8171,27.938739,4936.6],[86.817144,27.938869,4935.8],[86.817189,27.938998,4936.4],[86.817304,27.939156,4940.0],[86.817375,27.939296,4941.1]]}},
{"type":"Feature","properties":{"trail":"Everest Base Camp Trek","hero":false,"class":null,"length_m":825.5},"geometry":{"type":"LineString","coordinates":[[86.810525,27.948452,4913.3],[86.810588,27.948515,4913.2],[86.810645,27.948587,4913.6],[86.810673,27.948624,4913.9],[86.810826,27.948617,4914.2],[86.81098,27.94861,4913.9],[86.811209,27.94864,4914.2],[86.811408,27.948741,4915.0],[86.811535,27.948849,4915.3],[86.811617,27.949041,4916.6],[86.811816,27.949189,4917.8],[86.81205,27.949215,4917.8],[86.812221,27.949321,4918.6],[86.812392,27.949427,4919.7],[86.812662,27.949534,4922.3],[86.812855,27.949677,4924.6],[86.813046,27.949864,4928.7],[86.813237,27.950051,4931.2],[86.813406,27.950225,4933.3],[86.813576,27.950399,4933.7],[86.81366,27.950581,4936.4],[86.813743,27.950762,4938.6],[86.813728,27.95097,4943.8],[86.813713,27.951178,4950.7],[86.813791,27.951323,4951.6],[86.813868,27.951468,4951.3],[86.813982,27.951576,4949.8],[86.814095,27.951684,4947.2],[86.814155,27.951931,4948.2],[86.814214,27.952179,4952.0],[86.814351,27.952287,4951.6],[86.814488,27.952395,4951.2],[86.814598,27.952572,4952.9],[86.814707,27.95275,4953.2],[86.814816,27.952927,4954.9],[86.814898,27.953183,4957.6],[86.814979,27.95344,4959.6],[86.81506,27.953697,4961.2],[86.815141,27.953953,4962.9]]}},
{"type":"Feature","properties":{"trail":null,"hero":false,"class":"path","length_m":69.4},"geometry":{"type":"LineString","coordinates":[[86.810525,27.948452,4913.3],[86.810435,27.948462,4914.2],[86.810135,27.948432,4917.7],[86.81016,27.948295,4917.9],[86.810185,27.948158,4917.7]]}},
{"type":"Feature","properties":{"trail":"Three Passes Trek","hero":false,"class":null,"length_m":269.0},"geometry":{"type":"LineString","coordinates":[[86.806552,27.937317,4848.5],[86.806361,27.937166,4852.1],[86.806292,27.936976,4845.9],[86.806224,27.936785,4840.3],[86.806053,27.936583,4834.0],[86.805913,27.936491,4830.1],[86.80571,27.936535,4827.8],[86.805515,27.936485,4824.8],[86.805319,27.936434,4823.6],[86.805124,27.936456,4822.3],[86.804928,27.936478,4821.2],[86.804674,27.936557,4820.0],[86.804392,27.936498,4819.0]]}},
{"type":"Feature","properties":{"trail":null,"hero":false,"class":"path","length_m":94.5},"geometry":{"type":"LineString","coordinates":[[86.810451,27.947365,4913.9],[86.810336,27.947542,4915.7],[86.810221,27.947719,4917.5],[86.810176,27.947912,4918.1],[86.810173,27.948099,4917.9],[86.810185,27.948158,4917.7]]}},
{"type":"Feature","properties":{"trail":null,"hero":false,"class":"path","length_m":54.7},"geometry":{"type":"LineString","coordinates":[[86.804392,27.936498,4819.0],[86.804225,27.936545,4819.2],[86.804024,27.936514,4821.6],[86.803913,27.936393,4823.8]]}},
{"type":"Feature","properties":{"trail":"Three Passes Trek","hero":false,"class":null,"length_m":55.7},"geometry":{"type":"LineString","coordinates":[[86.804392,27.936498,4819.0],[86.804238,27.936343,4818.6],[86.804107,27.936252,4820.3],[86.803976,27.93616,4825.4]]}},
{"type":"Feature","properties":{"trail":null,"hero":false,"class":"path","length_m":329.3},"geometry":{"type":"LineString","coordinates":[[86.807039,27.92129,4560.0],[86.807262,27.921308,4570.6],[86.807404,27.921253,4572.8],[86.807488,27.921181,4574.2],[86.807527,27.92096,4574.7],[86.807567,27.920739,4576.1],[86.807606,27.920518,4578.2],[86.807726,27.920338,4584.0],[86.807846,27.920158,4588.8],[86.807965,27.919978,4593.1],[86.808022,27.919736,4594.3],[86.808079,27.919495,4595.8],[86.808136,27.919253,4597.5],[86.808193,27.919012,4599.4],[86.80825,27.91877,4600.1]]}},
{"type":"Feature","properties":{"trail":null,"hero":false,"class":"path","length_m":141.8},"geometry":{"type":"LineString","coordinates":[[86.807039,27.92129,4560.0],[86.807129,27.921455,4565.2],[86.80722,27.92162,4571.0],[86.80731,27.921785,4575.6],[86.807388,27.922018,4581.1],[86.807465,27.922251,4586.8],[86.807543,27.922484,4589.2]]}},
{"type":"Feature","properties":{"trail":null,"hero":false,"class":"path","length_m":121.2},"geometry":{"type":"LineString","coordinates":[[86.807039,27.92129,4560.0],[86.807038,27.921499,4559.8],[86.807037,27.921708,4560.3],[86.807063,27.921927,4564.1],[86.80709,27.922145,4566.6],[86.807114,27.922359,4569.2],[86.807106,27.922378,4569.0]]}},
{"type":"Feature","properties":{"trail":null,"hero":false,"class":"path","length_m":1519.6},"geometry":{"type":"LineString","coordinates":[[86.764253,27.835658,3859.2],[86.764197,27.835463,3858.3],[86.764378,27.83539,3859.1],[86.764525,27.835292,3861.0],[86.764726,27.835206,3862.4],[86.764815,27.835142,3861.9],[86.764899,27.835092,3862.8],[86.765006,27.835091,3864.7],[86.765096,27.835053,3866.7],[86.765181,27.835008,3869.4],[86.765263,27.834971,3870.1],[86.765457,27.834961,3873.2],[86.76568,27.83493,3876.9],[86.765896,27.834953,3883.5],[86.766063,27.834941,3888.1],[86.766229,27.834928,3892.9],[86.76642,27.834897,3898.2],[86.76661,27.834866,3903.7],[86.766776,27.834844,3909.2],[86.766942,27.834822,3915.3],[86.767147,27.834793,3920.3],[86.767355,27.834607,3920.5],[86.767562,27.834421,3922.7],[86.76777,27.834234,3922.2],[86.767978,27.834048,3919.9],[86.76812,27.833853,3923.3],[86.768262,27.833659,3928.4],[86.768321,27.83354,3931.9],[86.768526,27.83339,3937.7],[86.768732,27.83324,3944.3],[86.768938,27.833089,3955.2],[86.768981,27.832976,3960.3],[86.769072,27.833009,3962.7],[86.769061,27.832909,3966.1],[86.76929,27.832739,3983.8],[86.76936,27.832613,3992.7],[86.76943,27.832487,4003.3],[86.769587,27.832302,4017.4],[86.769596,27.832203,4021.6],[86.769737,27.832269,4027.7],[86.769742,27.832169,4031.4],[86.769952,27.83215,4040.9],[86.770009,27.832103,4045.4],[86.769973,27.83206,4045.1],[86.770172,27.832074,4056.4],[86.77037,27.832088,4066.9],[86.77053,27.832079,4075.8],[86.77069,27.83207,4084.2],[86.770819,27.832131,4084.8],[86.771077,27.832131,4100.2],[86.771307,27.832264,4101.7],[86.771491,27.832326,4104.8],[86.771513,27.832212,4114.3],[86.771582,27.832136,4122.1],[86.771577,27.832079,4126.3],[86.771629,27.832022,4131.9],[86.771565,27.831923,4138.3],[86.771497,27.831818,4146.2],[86.771577,27.831685,4159.0],[86.771631,27.831647,4162.6],[86.771463,27.831491,4173.4],[86.771303,27.831391,4177.6],[86.771297,27.831301,4179.5],[86.771228,27.831244,4176.5],[86.771384,27.831235,4186.5],[86.771502,27.83114,4191.6],[86.771733,27.831135,4195.3],[86.772026,27.83113,4201.0],[86.772194,27.831012,4207.6],[86.772321,27.831002,4212.9],[86.772425,27.830988,4217.8],[86.772639,27.830888,4230.4],[86.772777,27.830893,4234.7],[86.772815,27.830808,4239.7],[86.772974,27.830794,4248.2],[86.773133,27.830779,4256.3],[86.773337,27.830774,4265.6],[86.77354,27.83077,4273.4],[86.77372,27.830722,4281.8],[86.7739,27.830675,4290.0],[86.774125,27.830589,4306.1],[86.77415,27.830485,4313.8],[86.774315,27.830442,4321.9],[86.774479,27.8304,4331.0],[86.774479,27.830328,4336.6],[86.774612,27.830329,4341.9],[86.774704,27.830272,4349.9],[86.774908,27.830243,4356.2],[86.774892,27.830167,4357.8],[86.775057,27.830139,4365.8]]}},
{"type":"Feature","properties":{"trail":null,"hero":false,"class":"path","length_m":169.6},"geometry":{"type":"LineString","coordinates":[[86.747248,27.857173,4006.6],[86.747426,27.856956,3995.9],[86.747479,27.856704,3982.9],[86.747636,27.856572,3978.5],[86.747729,27.85644,3972.1],[86.747811,27.856423,3972.5],[86.748021,27.856352,3968.7],[86.74828,27.856229,3965.4],[86.748351,27.856123,3959.7]]}},
{"type":"Feature","properties":{"trail":null,"hero":false,"class":"path","length_m":122.3},"geometry":{"type":"LineString","coordinates":[[86.748351,27.856123,3959.7],[86.748448,27.855976,3957.0],[86.748547,27.855857,3954.3],[86.748646,27.855737,3951.4],[86.748805,27.855522,3947.7],[86.748873,27.855348,3943.3],[86.748948,27.855164,3942.8]]}},
{"type":"Feature","properties":{"trail":null,"hero":false,"class":"path","length_m":642.4},"geometry":{"type":"LineString","coordinates":[[86.748948,27.855164,3942.8],[86.749002,27.855144,3946.0],[86.749018,27.854992,3943.6],[86.749096,27.854862,3944.7],[86.74916,27.854705,3943.2],[86.749219,27.854583,3938.2],[86.749258,27.854552,3937.4],[86.749297,27.854544,3938.0],[86.749381,27.854538,3940.2],[86.749469,27.854485,3938.8],[86.749567,27.854427,3937.4],[86.749641,27.854319,3933.6],[86.749712,27.854213,3931.5],[86.749746,27.854144,3930.8],[86.749793,27.854034,3930.2],[86.749807,27.853908,3926.6],[86.749846,27.853786,3925.1],[86.749894,27.853733,3926.3],[86.749935,27.853679,3926.6],[86.750016,27.853651,3929.9],[86.750075,27.853567,3927.8],[86.750102,27.853335,3916.7],[86.75014,27.853236,3914.0],[86.75018,27.853202,3914.3],[86.750297,27.853059,3911.5],[86.750414,27.852917,3908.9],[86.750502,27.852759,3904.9],[86.75075,27.852662,3915.7],[86.750741,27.852545,3915.8],[86.750661,27.852469,3911.9],[86.750612,27.852384,3910.2],[86.750648,27.852292,3913.6],[86.750766,27.852202,3921.5],[86.750818,27.852071,3925.8],[86.750784,27.851916,3925.1],[86.750676,27.851777,3919.5],[86.750639,27.851556,3918.5],[86.750605,27.851496,3916.7],[86.750624,27.851387,3918.8],[86.750547,27.851246,3919.2],[86.750399,27.851161,3913.0],[86.750303,27.851126,3908.6],[86.75023,27.851055,3906.6],[86.750199,27.850981,3906.7],[86.750253,27.850913,3911.8],[86.750281,27.850868,3914.8],[86.750286,27.850788,3914.7],[86.750342,27.850653,3913.2],[86.750341,27.850517,3909.2],[86.750356,27.850459,3908.1],[86.750413,27.850403,3908.3]]}},
{"type":"Feature","properties":{"trail":null,"hero":false,"class":"path","length_m":216.0},"geometry":{"type":"LineString","coordinates":[[86.750413,27.850403,3908.3],[86.750625,27.850423,3914.6],[86.750759,27.850415,3916.6],[86.750881,27.850405,3918.3],[86.751023,27.85043,3922.1],[86.751139,27.85041,3923.6],[86.751192,27.850342,3922.1],[86.751335,27.850247,3922.5],[86.751477,27.850152,3922.5],[86.751526,27.850069,3920.8],[86.751516,27.849987,3917.6],[86.751509,27.849815,3911.7],[86.751502,27.849643,3906.1],[86.751476,27.849455,3899.6],[86.751451,27.849267,3892.7]]}},
{"type":"Feature","properties":{"trail":null,"hero":false,"class":"path","length_m":163.0},"geometry":{"type":"LineString","coordinates":[[86.750413,27.850403,3908.3],[86.750507,27.850285,3906.7],[86.75073,27.850134,3903.5],[86.750954,27.849982,3900.9],[86.751107,27.849833,3899.6],[86.751261,27.849685,3898.8],[86.751267,27.849473,3892.4],[86.751272,27.849261,3885.6]]}},
{"type":"Feature","properties":{"trail":null,"hero":false,"class":"path","length_m":3.0},"geometry":{"type":"LineString","coordinates":[[86.746607,27.846741,3772.1],[86.74661,27.846714,3772.4]]}},
{"type":"Feature","properties":{"trail":null,"hero":false,"class":"path","length_m":23.2},"geometry":{"type":"LineString","coordinates":[[86.746607,27.846741,3772.1],[86.746578,27.846767,3771.5],[86.746418,27.846669,3770.6]]}},
{"type":"Feature","properties":{"trail":null,"hero":false,"class":"path","length_m":118.4},"geometry":{"type":"LineString","coordinates":[[86.826418,27.890071,4312.8],[86.826664,27.889912,4303.0],[86.826675,27.889733,4300.6],[86.826686,27.889554,4296.8],[86.826836,27.889495,4293.7],[86.826986,27.889436,4291.7],[86.827152,27.889423,4290.1]]}},
{"type":"Feature","properties":{"trail":"Three Passes Trek","hero":false,"class":null,"length_m":13.6},"geometry":{"type":"LineString","coordinates":[[86.827152,27.889423,4290.1],[86.827263,27.889495,4290.6]]}},
{"type":"Feature","properties":{"trail":"Three Passes Trek","hero":false,"class":null,"length_m":268.0},"geometry":{"type":"LineString","coordinates":[[86.827152,27.889423,4290.1],[86.827098,27.889346,4289.6],[86.826904,27.88918,4290.2],[86.826759,27.889025,4290.3],[86.826646,27.88886,4288.6],[86.826497,27.888698,4288.6],[86.82639,27.888602,4288.9],[86.826333,27.888467,4288.9],[86.826276,27.888331,4288.5],[86.826176,27.888085,4287.9],[86.826059,27.887901,4288.3],[86.826062,27.88773,4288.0],[86.826065,27.88756,4289.5],[86.825963,27.887329,4293.1]]}},
{"type":"Feature","properties":{"trail":"Three Passes Trek","hero":false,"class":null,"length_m":278.9},"geometry":{"type":"LineString","coordinates":[[86.827263,27.889495,4290.6],[86.827441,27.889699,4295.0],[86.827574,27.889941,4297.0],[86.827672,27.890058,4298.1],[86.82777,27.890175,4299.8],[86.827949,27.890251,4300.8],[86.828021,27.890349,4301.8],[86.828104,27.890447,4303.4],[86.828207,27.890559,4305.5],[86.82831,27.890672,4306.5],[86.828443,27.890782,4307.5],[86.828553,27.890854,4308.2],[86.828588,27.890896,4308.1],[86.828588,27.89094,4307.8],[86.828659,27.891059,4307.1],[86.828775,27.89114,4307.5],[86.828847,27.891196,4307.9],[86.828915,27.891199,4308.0],[86.829007,27.891266,4308.2],[86.82909,27.891328,4309.1]]}},
{"type":"Feature","properties":{"trail":null,"hero":false,"class":"path","length_m":351.3},"geometry":{"type":"LineString","coordinates":[[86.827263,27.889495,4290.6],[86.82744,27.889362,4290.9],[86.827616,27.889229,4291.5],[86.827766,27.889138,4293.3],[86.827884,27.889093,4294.9],[86.827959,27.889074,4295.0],[86.828002,27.889076,4295.2],[86.828045,27.889081,4295.6],[86.828099,27.88909,4295.6],[86.828142,27.889105,4296.0],[86.828329,27.889259,4300.9],[86.828492,27.889416,4300.0],[86.828654,27.889574,4300.2],[86.828858,27.889771,4297.2],[86.829027,27.889991,4300.4],[86.829011,27.890088,4301.2],[86.829051,27.890155,4301.3],[86.829268,27.890304,4300.6],[86.829432,27.890428,4301.4],[86.829512,27.89048,4301.6],[86.829614,27.890506,4301.3],[86.829629,27.890521,4301.4],[86.829718,27.890596,4301.0],[86.829849,27.890676,4299.8]]}},
{"type":"Feature","properties":{"trail":null,"hero":false,"class":"path","length_m":889.5},"geometry":{"type":"LineString","coordinates":[[86.826811,27.893092,4407.6],[86.826976,27.893229,4408.0],[86.827142,27.893367,4412.1],[86.827362,27.89348,4411.8],[86.827474,27.893499,4413.1],[86.827647,27.893647,4416.0],[86.82782,27.893794,4424.1],[86.827993,27.893942,4434.6],[86.828006,27.894031,4438.4],[86.82796,27.894215,4445.8],[86.82784,27.894299,4448.0],[86.827954,27.894383,4455.4],[86.827875,27.894487,4458.6],[86.827943,27.894583,4465.5],[86.827904,27.894695,4469.8],[86.828005,27.894786,4476.5],[86.827909,27.894848,4474.8],[86.827945,27.894969,4479.6],[86.828041,27.895126,4487.0],[86.827987,27.89523,4486.9],[86.828089,27.895254,4489.8],[86.828048,27.89541,4494.3],[86.828075,27.895562,4499.6],[86.828164,27.895709,4504.9],[86.828252,27.895856,4512.3],[86.828236,27.895941,4512.3],[86.828397,27.896012,4520.5],[86.82851,27.896188,4532.6],[86.828622,27.896268,4541.9],[86.828717,27.896292,4546.5],[86.828703,27.896368,4548.7],[86.828933,27.896415,4558.8],[86.829034,27.896493,4563.4],[86.829122,27.89661,4570.0],[86.829101,27.89672,4573.6],[86.82911,27.896885,4579.3],[86.82916,27.897015,4585.2],[86.82913,27.897244,4591.4],[86.829148,27.897443,4597.8],[86.829207,27.897604,4601.9],[86.829266,27.897765,4605.9],[86.829279,27.897906,4609.7],[86.829293,27.898046,4613.6],[86.82933,27.898207,4619.9],[86.829368,27.898368,4626.3],[86.829475,27.898567,4633.7],[86.829475,27.898677,4636.2],[86.82954,27.898767,4637.3],[86.829513,27.898923,4641.5],[86.829583,27.899089,4646.9],[86.829569,27.899243,4652.5],[86.829556,27.899397,4658.6],[86.829611,27.899431,4662.0],[86.829642,27.899484,4665.3],[86.829736,27.899481,4668.5],[86.829736,27.89956,4671.8]]}},
{"type":"Feature","properties":{"trail":null,"hero":false,"class":"path","length_m":207.3},"geometry":{"type":"LineString","coordinates":[[86.826811,27.893092,4407.6],[86.826668,27.893018,4408.1],[86.826526,27.892943,4407.2],[86.826359,27.892846,4409.3],[86.826193,27.892749,4407.3],[86.825986,27.892641,4402.3],[86.825739,27.892523,4396.3],[86.825525,27.892383,4388.3],[86.825376,27.892415,4385.7],[86.825261,27.892405,4383.5],[86.825221,27.892379,4382.7],[86.825201,27.892258,4381.8],[86.825094,27.892333,4380.4]]}},
{"type":"Feature","properties":{"trail":null,"hero":false,"class":"path","length_m":401.7},"geometry":{"type":"LineString","coordinates":[[86.826811,27.893092,4407.6],[86.826869,27.893075,4408.1],[86.827014,27.893069,4407.1],[86.827227,27.893124,4405.8],[86.82744,27.893159,4402.1],[86.827729,27.893189,4394.2],[86.827959,27.893245,4389.2],[86.82817,27.893315,4387.6],[86.828381,27.893384,4388.5],[86.828591,27.893453,4384.6],[86.828821,27.893505,4375.4],[86.829051,27.893558,4369.1],[86.829281,27.89361,4365.7],[86.829517,27.893685,4363.0],[86.829753,27.893761,4357.9],[86.829941,27.893832,4353.3],[86.83013,27.893903,4350.3],[86.830271,27.893918,4346.6],[86.830504,27.893931,4344.7],[86.830738,27.893944,4345.3]]}},
{"type":"Feature","properties":{"trail":null,"hero":false,"class":"path","length_m":886.0},"geometry":{"type":"LineString","coordinates":[[86.829736,27.89956,4671.8],[86.829835,27.899663,4679.1],[86.829913,27.899658,4681.4],[86.83006,27.899824,4693.1],[86.83013,27.899933,4699.6],[86.830272,27.900032,4708.4],[86.830414,27.900132,4717.2],[86.830441,27.900265,4724.7],[86.830704,27.900341,4737.6],[86.830739,27.900464,4745.0],[86.830879,27.900511,4753.1],[86.830875,27.900625,4758.1],[86.831101,27.900594,4766.1],[86.831326,27.900563,4772.9],[86.831369,27.900701,4781.8],[86.831267,27.9009,4787.0],[86.831321,27.901038,4794.9],[86.831374,27.901175,4802.5],[86.83155,27.901151,4809.3],[86.831726,27.901128,4815.7],[86.831809,27.90127,4824.2],[86.83176,27.901336,4824.6],[86.831964,27.901417,4836.4],[86.832168,27.901497,4846.8],[86.832316,27.901698,4860.2],[86.832463,27.901899,4872.2],[86.832611,27.9021,4886.2],[86.832758,27.902301,4900.5],[86.832906,27.902502,4913.3],[86.833003,27.902725,4927.2],[86.833099,27.902947,4939.2],[86.833138,27.903174,4949.2],[86.833277,27.903276,4956.6],[86.833258,27.903477,4964.2],[86.833301,27.903687,4972.9],[86.833362,27.90381,4978.8],[86.833534,27.903962,4989.9],[86.833596,27.904079,4994.6],[86.833755,27.904114,5002.9],[86.833787,27.904165,5005.5],[86.833888,27.90422,5010.6],[86.833917,27.904272,5012.2],[86.83403,27.904266,5017.9],[86.834076,27.904269,5020.2],[86.834157,27.904251,5024.2],[86.834257,27.90432,5028.4],[86.834387,27.904396,5035.0],[86.834504,27.904487,5037.6],[86.834502,27.904548,5037.1],[86.834595,27.904647,5036.8],[86.8346,27.904767,5035.8],[86.834717,27.904846,5036.6]]}},
{"type":"Feature","properties":{"trail":null,"hero":false,"class":"path","length_m":265.2},"geometry":{"type":"LineString","coordinates":[[86.829736,27.89956,4671.8],[86.829851,27.899394,4666.5],[86.829907,27.89925,4659.0],[86.830015,27.89916,4654.9],[86.829987,27.899049,4647.8],[86.830018,27.899021,4646.5],[86.830076,27.899021,4647.2],[86.830092,27.898926,4641.3],[86.830147,27.898893,4639.6],[86.830261,27.898869,4638.8],[86.83032,27.898787,4633.6],[86.830393,27.898722,4629.9],[86.830523,27.898659,4627.0],[86.830726,27.898577,4623.4],[86.830877,27.898436,4614.8],[86.830834,27.898362,4610.5],[86.830871,27.89833,4607.6],[86.830847,27.898308,4606.5],[86.83088,27.898289,4604.6],[86.830813,27.898237,4601.2],[86.83089,27.898194,4597.9],[86.830862,27.898158,4595.8],[86.830957,27.898125,4592.5],[86.830908,27.898038,4587.0],[86.830914,27.897943,4580.2],[86.830961,27.897908,4577.2]]}},
{"type":"Feature","properties":{"trail":null,"hero":false,"class":"path","length_m":1118.9},"geometry":{"type":"LineString","coordinates":[[86.825094,27.892333,4380.4],[86.825044,27.892583,4381.1],[86.824994,27.892834,4382.6],[86.82493,27.893086,4385.2],[86.824867,27.893338,4387.7],[86.824803,27.89359,4388.4],[86.824739,27.893842,4390.6],[86.82466,27.894096,4393.6],[86.824581,27.89435,4394.9],[86.824502,27.894605,4396.6],[86.824423,27.894859,4399.0],[86.824344,27.895114,4401.2],[86.824265,27.895368,4403.7],[86.824179,27.895593,4406.0],[86.824093,27.895818,4407.8],[86.824006,27.896044,4409.7],[86.82392,27.896269,4412.3],[86.823834,27.896494,4414.3],[86.823748,27.896719,4415.4],[86.823741,27.896938,4418.7],[86.823706,27.897063,4420.6],[86.823472,27.89717,4419.5],[86.823352,27.897389,4421.7],[86.823341,27.897539,4424.3],[86.82333,27.897689,4427.1],[86.823154,27.897764,4425.8],[86.823072,27.897945,4428.7],[86.822991,27.898127,4431.2],[86.822793,27.898171,4428.1],[86.8228,27.89834,4432.7],[86.822807,27.898508,4435.2],[86.822616,27.898621,4429.9],[86.82252,27.898842,4432.6],[86.822449,27.89898,4433.4],[86.822379,27.899118,4434.0],[86.822317,27.899276,4436.0],[86.822255,27.899434,4438.2],[86.822207,27.899551,4439.3],[86.822197,27.899662,4441.6],[86.822191,27.899772,4444.6],[86.822049,27.899822,4442.5],[86.82195,27.899897,4443.1],[86.821828,27.900069,4445.5],[86.821706,27.900241,4447.6],[86.821584,27.900413,4448.2],[86.821462,27.900585,4449.9],[86.821371,27.900781,4450.2],[86.821279,27.900978,4452.7],[86.821188,27.901174,4458.4],[86.821097,27.90137,4466.5]]}},
{"type":"Feature","properties":{"trail":null,"hero":false,"class":"path","length_m":124.5},"geometry":{"type":"LineString","coordinates":[[86.825094,27.892333,4380.4],[86.825146,27.892192,4379.8],[86.825199,27.892052,4375.6],[86.825323,27.891949,4373.0],[86.825447,27.891846,4372.0],[86.825532,27.891646,4367.2],[86.825574,27.891502,4362.3],[86.825692,27.891376,4359.6]]}},
{"type":"Feature","properties":{"trail":null,"hero":false,"class":"path","length_m":284.0},"geometry":{"type":"LineString","coordinates":[[86.830738,27.893944,4345.3],[86.830493,27.893879,4342.1],[86.830343,27.893845,4342.3],[86.830204,27.893791,4342.7],[86.830093,27.893757,4344.1],[86.829984,27.893667,4342.5],[86.829823,27.893515,4342.7],[86.829636,27.893395,4342.3],[86.829469,27.893324,4341.2],[86.829303,27.893253,4341.0],[86.829143,27.8931,4335.9],[86.829025,27.892941,4332.2],[86.828906,27.892782,4327.0],[86.828791,27.892676,4326.3],[86.828676,27.892569,4324.9],[86.828505,27.892438,4324.2]]}},
{"type":"Feature","properties":{"trail":null,"hero":false,"class":"path","length_m":92.9},"geometry":{"type":"LineString","coordinates":[[86.830738,27.893944,4345.3],[86.830782,27.893947,4345.5],[86.831062,27.893957,4344.9],[86.831279,27.894036,4345.7],[86.831447,27.894113,4346.4],[86.831643,27.894102,4344.1]]}},
{"type":"Feature","properties":{"trail":null,"hero":false,"class":"path","length_m":71.7},"geometry":{"type":"LineString","coordinates":[[86.830961,27.897908,4577.2],[86.83109,27.897948,4578.9],[86.831179,27.898019,4581.3],[86.831259,27.898038,4579.7],[86.831383,27.898147,4582.8],[86.831552,27.898264,4586.7]]}},
{"type":"Feature","properties":{"trail":null,"hero":false,"class":"path","length_m":191.8},"geometry":{"type":"LineString","coordinates":[[86.830961,27.897908,4577.2],[86.830835,27.897792,4570.4],[86.83089,27.897745,4566.0],[86.830875,27.897707,4563.0],[86.830995,27.897713,4562.1],[86.830967,27.897664,4558.4],[86.831057,27.897653,4556.6],[86.831026,27.897574,4550.5],[86.831137,27.897571,4548.9],[86.831164,27.897503,4542.9],[86.831306,27.897446,4536.0],[86.831229,27.897285,4527.2],[86.831198,27.897165,4520.2],[86.831294,27.897105,4514.8],[86.831266,27.897067,4513.0],[86.831297,27.89701,4509.2],[86.831377,27.897002,4507.5],[86.831371,27.896926,4503.5],[86.831528,27.89683,4497.3]]}},
{"type":"Feature","properties":{"trail":null,"hero":false,"class":"path","length_m":22.3},"geometry":{"type":"LineString","coordinates":[[86.825692,27.891376,4359.6],[86.825789,27.89142,4362.9],[86.825906,27.891418,4362.8]]}},
{"type":"Feature","properties":{"trail":null,"hero":false,"class":"path","length_m":478.4},"geometry":{"type":"LineString","coordinates":[[86.813053,27.957742,4981.6],[86.813107,27.957695,4981.7],[86.813214,27.957619,4981.8],[86.813192,27.957486,4980.7],[86.813326,27.957358,4981.8],[86.813461,27.95723,4984.5],[86.813552,27.957067,4985.1],[86.813689,27.956887,4985.1],[86.813825,27.956804,4985.8],[86.813903,27.956648,4982.8],[86.813981,27.956493,4984.9],[86.81412,27.956261,4984.9],[86.814259,27.956029,4985.3],[86.814353,27.955845,4984.8],[86.814447,27.955661,4982.3],[86.814528,27.955426,4982.3],[86.814609,27.955191,4978.5],[86.814678,27.954956,4975.6],[86.814734,27.954769,4972.0],[86.814789,27.954583,4969.7],[86.814845,27.954397,4966.8],[86.814973,27.954236,4963.5],[86.815057,27.954095,4962.1],[86.815141,27.953953,4962.9]]}},
{"type":"Feature","properties":{"trail":null,"hero":false,"class":"path","length_m":1156.5},"geometry":{"type":"LineString","coordinates":[[86.813053,27.957742,4981.6],[86.812964,27.957793,4981.6],[86.812926,27.957913,4982.9],[86.813038,27.958145,4986.7],[86.813267,27.958163,4988.8],[86.813428,27.958185,4991.3],[86.813589,27.958207,4994.3],[86.813836,27.958287,5002.4],[86.813989,27.958413,5008.2],[86.814142,27.958538,5014.6],[86.81433,27.958752,5022.9],[86.814475,27.958752,5028.8],[86.814651,27.958747,5035.8],[86.814732,27.958548,5040.6],[86.814953,27.958478,5046.2],[86.81516,27.958445,5049.5],[86.815368,27.958412,5051.7],[86.815567,27.958484,5054.1],[86.815765,27.958556,5058.5],[86.816022,27.958478,5061.5],[86.816204,27.958523,5061.9],[86.816304,27.958651,5063.6],[86.816405,27.958779,5064.4],[86.8165,27.958964,5066.2],[86.816595,27.959149,5068.3],[86.81669,27.959334,5070.4],[86.816752,27.959503,5073.5],[86.816813,27.959671,5076.6],[86.816925,27.959905,5080.2],[86.817036,27.96014,5082.8],[86.817147,27.960374,5084.3],[86.817259,27.960609,5085.9],[86.817289,27.960792,5090.1],[86.817319,27.960975,5092.6],[86.81735,27.961158,5094.7],[86.817401,27.961367,5097.1],[86.817452,27.961576,5100.9],[86.817503,27.961784,5105.7],[86.817554,27.961992,5111.1],[86.817594,27.96217,5115.4],[86.817634,27.962348,5119.1],[86.817693,27.962485,5120.5],[86.817752,27.962623,5119.9],[86.817791,27.96285,5121.7],[86.817831,27.963077,5123.5],[86.81787,27.963305,5125.3],[86.8179,27.963499,5128.6],[86.817931,27.963693,5130.9],[86.817961,27.963888,5132.2],[86.818208,27.963978,5130.5],[86.818381,27.964079,5128.7],[86.818491,27.96428,5129.0],[86.818602,27.964482,5132.8],[86.818712,27.964684,5134.7]]}},
{"type":"Feature","properties":{"trail":"Everest Base Camp Trek","hero":false,"class":null,"length_m":1549.0},"geometry":{"type":"LineString","coordinates":[[86.815141,27.953953,4962.9],[86.815184,27.954091,4963.8],[86.815228,27.954228,4965.7],[86.815391,27.954455,4972.1],[86.815554,27.954682,4975.3],[86.815717,27.95491,4979.5],[86.81588,27.955137,4980.2],[86.816043,27.955364,4982.1],[86.816206,27.955592,4982.5],[86.816277,27.955844,4983.9],[86.816349,27.956097,4983.2],[86.816488,27.956276,4983.9],[86.816628,27.956455,4985.5],[86.816767,27.956634,4985.3],[86.816907,27.956813,4987.2],[86.817046,27.956992,4988.1],[86.817108,27.957173,4991.0],[86.817169,27.957354,4993.3],[86.817231,27.957535,4994.6],[86.81727,27.957803,4996.0],[86.817308,27.958072,4997.9],[86.81744,27.9583,4998.7],[86.817571,27.958528,4998.8],[86.817702,27.958757,4999.4],[86.817753,27.958901,4999.0],[86.817803,27.959046,5000.1],[86.817914,27.959207,5000.7],[86.818024,27.959367,5001.4],[86.818098,27.959552,5003.6],[86.818171,27.959736,5006.2],[86.818245,27.95992,5007.9],[86.81838,27.960139,5007.0],[86.818516,27.960358,5008.0],[86.818651,27.960576,5008.3],[86.818787,27.960795,5009.7],[86.818879,27.961053,5010.4],[86.81897,27.961311,5012.3],[86.819061,27.961569,5014.2],[86.819181,27.961816,5015.1],[86.8193,27.962064,5017.4],[86.819374,27.962322,5019.0],[86.819449,27.96258,5019.3],[86.819523,27.962838,5022.7],[86.819598,27.963096,5027.3],[86.819711,27.963301,5027.5],[86.819825,27.963507,5030.6],[86.819938,27.963712,5031.7],[86.820053,27.963865,5031.6],[86.820168,27.964017,5032.8],[86.820284,27.96417,5030.9],[86.820353,27.964418,5034.8],[86.820423,27.964665,5038.9],[86.820492,27.964913,5041.6],[86.820635,27.965113,5040.0],[86.820778,27.965313,5040.0],[86.820921,27.965513,5040.6],[86.820973,27.965695,5042.6],[86.821025,27.965878,5044.5],[86.821077,27.96606,5046.2],[86.821157,27.96619,5046.4],[86.821237,27.966319,5047.5],[86.821308,27.966477,5048.5],[86.82138,27.966636,5049.3]]}},
{"type":"Feature","properties":{"trail":null,"hero":false,"class":"path","length_m":90.4},"geometry":{"type":"LineString","coordinates":[[86.763475,27.835209,3843.2],[86.763323,27.835225,3843.6],[86.763256,27.835208,3841.9],[86.763182,27.835208,3841.4],[86.763122,27.835246,3843.9],[86.763195,27.835248,3844.4],[86.763152,27.835288,3846.9],[86.763144,27.835352,3850.5],[86.763213,27.835363,3851.5],[86.76316,27.835404,3853.6],[86.763215,27.835425,3855.1],[86.763238,27.835453,3856.7],[86.763217,27.835474,3857.8],[86.763215,27.835535,3861.2]]}},
{"type":"Feature","properties":{"trail":null,"hero":false,"class":"path","length_m":81.1},"geometry":{"type":"LineString","coordinates":[[86.763215,27.835535,3861.2],[86.763441,27.835541,3862.4],[86.763667,27.835548,3863.1],[86.763826,27.835559,3862.7],[86.763936,27.835584,3862.2],[86.764034,27.835591,3861.2]]}},
{"type":"Feature","properties":{"trail":null,"hero":false,"class":"path","length_m":320.9},"geometry":{"type":"LineString","coordinates":[[86.763215,27.835535,3861.2],[86.763132,27.83559,3862.3],[86.76287,27.835697,3860.5],[86.762738,27.835667,3857.6],[86.76262,27.835762,3859.8],[86.762513,27.835869,3861.2],[86.762339,27.835951,3857.9],[86.762165,27.836034,3857.7],[86.761982,27.836093,3860.0],[86.761823,27.836163,3862.2],[86.761665,27.836232,3867.5],[86.761484,27.836317,3870.0],[86.761303,27.836402,3871.7],[86.761122,27.836486,3865.9],[86.760916,27.836558,3863.7],[86.760709,27.836629,3864.1],[86.760507,27.836665,3864.9],[86.760306,27.8367,3864.6]]}},
{"type":"Feature","properties":{"trail":null,"hero":false,"class":"path","length_m":289.2},"geometry":{"type":"LineString","coordinates":[[86.77966,27.849837,3776.3],[86.779815,27.849856,3778.0],[86.779971,27.849876,3777.7],[86.780107,27.849822,3776.9],[86.780227,27.849801,3774.7],[86.780404,27.849824,3771.7],[86.780561,27.849924,3763.9],[86.780681,27.849943,3764.7],[86.780921,27.850067,3764.9],[86.781161,27.850192,3767.2],[86.781175,27.850234,3765.8],[86.781039,27.850434,3774.5],[86.781002,27.850466,3777.7],[86.780977,27.850494,3780.5],[86.780943,27.85051,3782.8],[86.780861,27.850496,3783.7],[86.780777,27.850473,3783.1],[86.780673,27.850446,3782.2],[86.780542,27.850417,3781.6],[86.780452,27.850423,3783.4],[86.780425,27.850437,3785.0],[86.780356,27.850459,3787.7],[86.780115,27.850517,3793.3]]}},
{"type":"Feature","properties":{"trail":null,"hero":false,"class":"path","length_m":17.0},"geometry":{"type":"LineString","coordinates":[[86.779423,27.849822,3768.9],[86.779423,27.849891,3769.9],[86.779434,27.849919,3770.4],[86.779397,27.849962,3770.9]]}},
{"type":"Feature","properties":{"trail":null,"hero":false,"class":"path","length_m":57.2},"geometry":{"type":"LineString","coordinates":[[86.764773,27.83612,3850.3],[86.764889,27.836244,3850.0],[86.765005,27.836369,3849.7],[86.765111,27.836537,3849.9]]}},
{"type":"Feature","properties":{"trail":null,"hero":false,"class":"path","length_m":33.6},"geometry":{"type":"LineString","coordinates":[[86.778404,27.853283,4054.2],[86.778295,27.8534,4062.9],[86.778185,27.853516,4074.2]]}},
{"type":"Feature","properties":{"trail":null,"hero":false,"class":"steps","length_m":18.8},"geometry":{"type":"LineString","coordinates":[[86.778185,27.853516,4074.2],[86.778115,27.853577,4079.5],[86.77807,27.853649,4086.0]]}},
{"type":"Feature","properties":{"trail":null,"hero":false,"class":"path","length_m":26.5},"geometry":{"type":"LineString","coordinates":[[86.803913,27.936393,4823.8],[86.803976,27.93616,4825.4]]}},
{"type":"Feature","properties":{"trail":"Three Passes Trek","hero":false,"class":null,"length_m":1946.5},"geometry":{"type":"LineString","coordinates":[[86.803976,27.93616,4825.4],[86.80398,27.936013,4828.8],[86.803983,27.935865,4832.8],[86.803956,27.935697,4839.7],[86.803928,27.935529,4846.4],[86.803928,27.935322,4845.6],[86.803812,27.935075,4843.7],[86.803653,27.934953,4847.5],[86.803493,27.934831,4848.5],[86.803333,27.934709,4851.9],[86.80313,27.934569,4851.8],[86.802928,27.93443,4855.0],[86.802745,27.934266,4855.5],[86.802563,27.934102,4854.9],[86.802381,27.933938,4858.4],[86.80228,27.933809,4858.3],[86.802179,27.93368,4858.1],[86.80212,27.933519,4853.0],[86.802061,27.933358,4847.9],[86.801901,27.933204,4847.1],[86.801644,27.933109,4846.1],[86.801388,27.933014,4849.3],[86.801291,27.932846,4846.0],[86.801195,27.932678,4843.2],[86.801097,27.93254,4842.9],[86.800999,27.932401,4844.5],[86.800923,27.93226,4845.0],[86.800846,27.932119,4843.2],[86.800747,27.931974,4841.9],[86.80075,27.931847,4838.9],[86.800616,27.931646,4840.7],[86.800481,27.931446,4842.5],[86.800441,27.931261,4842.1],[86.800401,27.931076,4841.8],[86.80036,27.930891,4840.0],[86.800324,27.930658,4838.5],[86.800288,27.930424,4838.3],[86.800197,27.930216,4841.0],[86.800184,27.92998,4839.7],[86.800131,27.929802,4839.3],[86.800078,27.929624,4839.0],[86.800025,27.929446,4838.9],[86.79996,27.929258,4838.5],[86.799895,27.92907,4838.3],[86.79983,27.928882,4838.5],[86.799813,27.928652,4836.5],[86.799768,27.928517,4836.7],[86.799722,27.928382,4836.1],[86.799732,27.928124,4831.6],[86.799741,27.927866,4828.7],[86.799666,27.927679,4832.9],[86.799591,27.927493,4837.1],[86.799628,27.92729,4831.9],[86.799666,27.927087,4828.0],[86.799689,27.926944,4826.0],[86.799713,27.926801,4822.4],[86.799649,27.926672,4823.7],[86.799586,27.926543,4825.7],[86.799537,27.926389,4827.1],[86.799541,27.926155,4823.8],[86.799366,27.925992,4825.2],[86.799221,27.925946,4819.5],[86.799097,27.925932,4817.1],[86.79891,27.925901,4815.5],[86.798664,27.925778,4810.0],[86.798441,27.925751,4808.6],[86.798218,27.925723,4806.1],[86.79794,27.925778,4806.8],[86.797663,27.925832,4805.9],[86.797404,27.925966,4807.9],[86.797146,27.926101,4810.1],[86.796887,27.926235,4810.6],[86.79665,27.92635,4810.0],[86.796412,27.926465,4810.0],[86.796174,27.92658,4808.9],[86.795937,27.926696,4807.8],[86.795699,27.926811,4807.2],[86.795473,27.926933,4807.2],[86.795246,27.927055,4806.7],[86.79502,27.927177,4806.1],[86.794793,27.9273,4806.1],[86.794567,27.927422,4806.9],[86.794372,27.927491,4806.4],[86.794177,27.92756,4806.1],[86.793942,27.927613,4805.7],[86.793718,27.927677,4806.5],[86.793494,27.927742,4807.5],[86.793273,27.92773,4806.0]]}},
{"type":"Feature","properties":{"trail":null,"hero":false,"class":"path","length_m":772.5},"geometry":{"type":"LineString","coordinates":[[86.810185,27.948158,4917.7],[86.810087,27.948155,4919.1],[86.81005,27.948246,4919.3],[86.809878,27.948246,4921.9],[86.809818,27.9482,4924.0],[86.809836,27.947937,4929.5],[86.809708,27.947877,4937.8],[86.809521,27.947943,4945.9],[86.809317,27.94813,4951.0],[86.809183,27.948239,4954.5],[86.80905,27.948348,4958.1],[86.808867,27.948387,4964.7],[86.808682,27.948462,4971.6],[86.808497,27.948538,4979.4],[86.808353,27.948599,4985.9],[86.808202,27.948648,4991.7],[86.808052,27.948697,4997.4],[86.807922,27.94877,5002.5],[86.807793,27.948843,5008.0],[86.807595,27.948997,5017.0],[86.807388,27.949154,5024.8],[86.807243,27.949275,5030.5],[86.807158,27.949402,5033.0],[86.806999,27.949535,5040.1],[86.806857,27.949568,5044.5],[86.806734,27.949571,5047.0],[86.80661,27.949578,5050.2],[86.806573,27.949601,5052.7],[86.806578,27.949646,5055.6],[86.80657,27.949677,5057.9],[86.806519,27.949701,5060.8],[86.806506,27.949751,5063.7],[86.806455,27.949815,5068.1],[86.806385,27.949853,5072.9],[86.806283,27.949867,5077.7],[86.806235,27.949902,5081.7],[86.806155,27.949924,5086.3],[86.806101,27.949973,5091.8],[86.80609,27.950047,5096.2],[86.805999,27.950132,5104.7],[86.805916,27.950173,5110.9],[86.8058,27.950199,5117.9],[86.805674,27.950203,5124.0],[86.805487,27.950301,5137.9],[86.80543,27.950416,5147.0],[86.80543,27.950419,5147.1],[86.805326,27.950649,5164.0],[86.805149,27.950857,5178.7],[86.804918,27.951021,5187.1],[86.804926,27.951078,5189.5],[86.804921,27.951175,5192.5],[86.804878,27.951184,5192.6],[86.804819,27.951177,5192.1],[86.804792,27.951227,5193.3],[86.804789,27.95131,5195.7],[86.804848,27.951348,5196.9],[86.804953,27.951383,5198.0],[86.804998,27.951405,5198.7]]}},
{"type":"Feature","properties":{"trail":null,"hero":false,"class":"path","length_m":10.9},"geometry":{"type":"LineString","coordinates":[[86.831552,27.898264,4586.7],[86.831663,27.898264,4583.9]]}},
{"type":"Feature","properties":{"trail":null,"hero":false,"class":"path","length_m":218.9},"geometry":{"type":"LineString","coordinates":[[86.831552,27.898264,4586.7],[86.831597,27.898153,4575.7],[86.831742,27.898108,4567.3],[86.831887,27.898063,4559.5],[86.831852,27.898007,4556.5],[86.832068,27.897903,4547.6],[86.831891,27.897703,4536.7],[86.831902,27.897597,4530.6],[86.831788,27.897537,4529.5],[86.831781,27.897422,4523.6],[86.831661,27.897297,4518.5],[86.831689,27.897221,4514.0],[86.831594,27.897062,4508.0],[86.831636,27.89699,4504.2],[86.83159,27.896927,4501.6],[86.831602,27.896889,4499.6],[86.831528,27.89683,4497.3]]}},
{"type":"Feature","properties":{"trail":null,"hero":false,"class":"path","length_m":280.3},"geometry":{"type":"LineString","coordinates":[[86.831528,27.89683,4497.3],[86.83158,27.896779,4494.3],[86.831574,27.896659,4488.3],[86.831654,27.896574,4482.9],[86.831626,27.896514,4479.6],[86.831691,27.89649,4477.1],[86.831673,27.896433,4474.4],[86.831725,27.896381,4469.5],[86.831697,27.896327,4466.9],[86.831725,27.896269,4462.2],[86.831639,27.89616,4457.3],[86.831864,27.896087,4446.3],[86.831947,27.896019,4439.3],[86.83224,27.896016,4429.3],[86.832147,27.895907,4425.5],[86.832055,27.895798,4421.6],[86.832049,27.895733,4418.1],[86.83215,27.895572,4405.9],[86.832326,27.895458,4396.1],[86.832351,27.895276,4386.6],[86.832212,27.895063,4381.7]]}},
{"type":"Feature","properties":{"trail":null,"hero":false,"class":"path","length_m":294.1},"geometry":{"type":"LineString","coordinates":[[86.828505,27.892438,4324.2],[86.828323,27.892252,4321.6],[86.828243,27.892161,4320.5],[86.828066,27.892035,4320.6],[86.82789,27.891909,4318.6],[86.827714,27.891783,4316.9],[86.827577,27.891643,4314.9],[86.827439,27.891504,4314.3],[86.827302,27.891364,4313.2],[86.827048,27.891255,4315.8],[86.826852,27.891057,4315.0],[86.826681,27.890881,4315.3],[86.826512,27.890759,4318.9],[86.826343,27.890637,4322.0]]}},
{"type":"Feature","properties":{"trail":null,"hero":false,"class":"path","length_m":58.5},"geometry":{"type":"LineString","coordinates":[[86.828505,27.892438,4324.2],[86.82831,27.892483,4331.5],[86.828151,27.892526,4339.4],[86.828017,27.892522,4344.2],[86.827926,27.892535,4349.0]]}},
{"type":"Feature","properties":{"trail":null,"hero":false,"class":"path","length_m":211.4},"geometry":{"type":"LineString","coordinates":[[86.827926,27.892535,4349.0],[86.82769,27.892396,4349.6],[86.827455,27.892258,4348.2],[86.827219,27.89212,4349.8],[86.827001,27.892039,4354.6],[86.826783,27.891958,4356.6],[86.826565,27.891877,4360.2],[86.826371,27.891679,4359.2],[86.826176,27.89148,4359.3]]}},
{"type":"Feature","properties":{"trail":null,"hero":false,"class":"path","length_m":112.2},"geometry":{"type":"LineString","coordinates":[[86.827926,27.892535,4349.0],[86.827843,27.892599,4356.4],[86.827763,27.892669,4363.9],[86.827689,27.892738,4371.0],[86.827621,27.892796,4377.0],[86.827444,27.892841,4386.0],[86.827212,27.892906,4396.4],[86.826925,27.892938,4403.8]]}},
{"type":"Feature","properties":{"trail":"Three Passes Trek","hero":false,"class":null,"length_m":484.4},"geometry":{"type":"LineString","coordinates":[[86.835839,27.896228,4366.4],[86.835633,27.896148,4363.7],[86.835426,27.896068,4362.2],[86.835174,27.896011,4362.3],[86.834921,27.89593,4360.6],[86.834661,27.895836,4358.5],[86.834402,27.895741,4357.7],[86.834244,27.895698,4357.3],[86.834086,27.895654,4356.8],[86.833939,27.895603,4355.9],[86.833793,27.895553,4356.0],[86.83364,27.895495,4357.1],[86.833493,27.895421,4357.7],[86.833347,27.895346,4357.3],[86.833225,27.895242,4355.1],[86.833104,27.895138,4353.5],[86.832975,27.895053,4353.5],[86.832817,27.894905,4352.4],[86.832659,27.894756,4349.8],[86.832501,27.894607,4348.0],[86.83234,27.8945,4347.7],[86.83218,27.894394,4346.5],[86.832103,27.894342,4345.9],[86.831976,27.894271,4345.5],[86.831824,27.89417,4344.1],[86.831737,27.894107,4343.3],[86.831643,27.894102,4344.1]]}},
{"type":"Feature","properties":{"trail":"Three Passes Trek","hero":false,"class":null,"length_m":346.9},"geometry":{"type":"LineString","coordinates":[[86.835839,27.896228,4366.4],[86.836023,27.896348,4369.4],[86.836217,27.896406,4369.9],[86.83651,27.896385,4367.9],[86.836804,27.896364,4367.3],[86.83699,27.896433,4368.4],[86.837177,27.896503,4368.4],[86.837388,27.89661,4369.5],[86.837599,27.896717,4372.4],[86.837859,27.896733,4370.9],[86.838036,27.89672,4369.7],[86.838213,27.896707,4368.6],[86.83841,27.896743,4369.6],[86.838607,27.896779,4369.4],[86.838902,27.896714,4365.4],[86.839192,27.89671,4365.9]]}},
{"type":"Feature","properties":{"trail":null,"hero":false,"class":"path","length_m":127.3},"geometry":{"type":"LineString","coordinates":[[86.831643,27.894102,4344.1],[86.83171,27.894156,4344.9],[86.83175,27.894252,4347.5],[86.831787,27.894385,4351.4],[86.831867,27.894426,4351.9],[86.831951,27.894577,4358.6],[86.832036,27.894728,4365.1],[86.832135,27.894783,4366.9],[86.832144,27.894924,4375.6],[86.832221,27.895006,4379.4],[86.832212,27.895063,4381.7]]}},
{"type":"Feature","properties":{"trail":"Three Passes Trek","hero":false,"class":null,"length_m":415.4},"geometry":{"type":"LineString","coordinates":[[86.831643,27.894102,4344.1],[86.831616,27.893992,4341.3],[86.83154,27.893991,4341.9],[86.831488,27.893955,4341.3],[86.831454,27.893811,4337.7],[86.831398,27.893778,4337.2],[86.831338,27.893737,4336.5],[86.831256,27.893672,4335.2],[86.831205,27.893629,4334.3],[86.831117,27.893518,4332.1],[86.831051,27.893471,4330.7],[86.830967,27.893356,4326.6],[86.830896,27.89327,4325.6],[86.830859,27.893219,4325.8],[86.830825,27.893158,4326.3],[86.830804,27.8931,4327.0],[86.830748,27.893009,4327.3],[86.83069,27.892948,4326.5],[86.830651,27.892885,4325.6],[86.830507,27.892749,4322.7],[86.830422,27.892701,4322.0],[86.830314,27.892691,4321.4],[86.830236,27.892667,4320.9],[86.830143,27.89261,4320.1],[86.830019,27.892486,4318.5],[86.829941,27.892415,4317.9],[86.82978,27.892359,4316.7],[86.829749,27.892292,4316.2],[86.829715,27.892243,4315.7],[86.829702,27.892229,4315.5],[86.82968,27.892178,4315.5],[86.829661,27.892119,4315.7],[86.829606,27.892024,4315.8],[86.829515,27.89188,4314.9],[86.829412,27.891765,4313.2],[86.829308,27.891649,4311.4],[86.829254,27.891585,4310.8],[86.829166,27.89146,4310.5],[86.829142,27.891383,4310.2],[86.82909,27.891328,4309.1]]}},
{"type":"Feature","properties":{"trail":"Three Passes Trek","hero":false,"class":null,"length_m":93.7},"geometry":{"type":"LineString","coordinates":[[86.839192,27.89671,4365.9],[86.839344,27.896835,4369.3],[86.839504,27.896923,4371.9],[86.839664,27.897011,4375.5],[86.839897,27.897025,4377.0],[86.840031,27.897009,4377.5]]}},
{"type":"Feature","properties":{"trail":"Three Passes Trek","hero":false,"class":null,"length_m":124.6},"geometry":{"type":"LineString","coordinates":[[86.793273,27.92773,4806.0],[86.793191,27.927715,4805.0],[86.79303,27.92775,4806.1],[86.792869,27.927784,4806.8],[86.792627,27.927853,4807.6],[86.792385,27.927921,4807.3],[86.792235,27.927995,4807.4],[86.792085,27.92807,4804.1]]}},
{"type":"Feature","properties":{"trail":"Three Passes Trek","hero":false,"class":null,"length_m":77.2},"geometry":{"type":"LineString","coordinates":[[86.792085,27.92807,4804.1],[86.792062,27.928155,4802.2],[86.792083,27.928294,4801.5],[86.792105,27.928434,4801.0],[86.792109,27.928563,4799.8],[86.792026,27.928747,4794.5]]}},
{"type":"Feature","properties":{"trail":null,"hero":false,"class":"path","length_m":27.9},"geometry":{"type":"LineString","coordinates":[[86.751102,27.848314,3853.0],[86.750925,27.848255,3849.0],[86.750836,27.848227,3846.9]]}},
{"type":"Feature","properties":{"trail":null,"hero":false,"class":"path","length_m":142.7},"geometry":{"type":"LineString","coordinates":[[86.751102,27.848314,3853.0],[86.751115,27.848302,3853.2],[86.751183,27.848121,3854.4],[86.751251,27.847939,3855.5],[86.751229,27.847726,3853.3],[86.751192,27.847489,3850.8],[86.7512,27.847395,3850.2],[86.751432,27.847406,3860.9],[86.751581,27.847429,3867.6]]}},
{"type":"Feature","properties":{"trail":null,"hero":false,"class":"path","length_m":69.1},"geometry":{"type":"LineString","coordinates":[[86.751102,27.848314,3853.0],[86.75122,27.848405,3858.7],[86.75128,27.848545,3864.1],[86.751312,27.848692,3869.3],[86.751306,27.8488,3872.5],[86.751331,27.848873,3875.7]]}},
{"type":"Feature","properties":{"trail":null,"hero":false,"class":"path","length_m":130.7},"geometry":{"type":"LineString","coordinates":[[86.750836,27.848227,3846.9],[86.750756,27.848126,3844.3],[86.750649,27.848065,3841.3],[86.750531,27.84796,3837.3],[86.750466,27.847923,3835.4],[86.7504,27.847876,3833.4],[86.75023,27.847818,3829.3],[86.750109,27.847836,3827.5],[86.750044,27.847794,3825.6],[86.749914,27.847764,3822.6],[86.749781,27.847801,3820.9],[86.749711,27.847781,3819.2]]}},
{"type":"Feature","properties":{"trail":null,"hero":false,"class":"path","length_m":134.2},"geometry":{"type":"LineString","coordinates":[[86.751581,27.847429,3867.6],[86.751563,27.84751,3867.6],[86.751559,27.847588,3867.3],[86.751608,27.847842,3869.4],[86.751635,27.847974,3871.1],[86.751655,27.848136,3872.3],[86.751712,27.848239,3875.7],[86.751771,27.848335,3879.9],[86.751814,27.848465,3884.6],[86.751858,27.848596,3889.0]]}},
{"type":"Feature","properties":{"trail":null,"hero":false,"class":"path","length_m":250.1},"geometry":{"type":"LineString","coordinates":[[86.751581,27.847429,3867.6],[86.751665,27.847198,3868.1],[86.75175,27.846966,3866.7],[86.751834,27.846735,3863.4],[86.75196,27.846557,3860.3],[86.752089,27.846373,3858.8],[86.752217,27.846189,3858.6],[86.752345,27.846005,3860.7],[86.752395,27.845759,3861.0],[86.752419,27.845551,3861.1],[86.752443,27.845343,3860.0]]}},
{"type":"Feature","properties":{"trail":null,"hero":false,"class":"path","length_m":60.5},"geometry":{"type":"LineString","coordinates":[[86.751331,27.848873,3875.7],[86.751424,27.848839,3877.9],[86.751641,27.848717,3880.5],[86.751858,27.848596,3889.0]]}},
{"type":"Feature","properties":{"trail":null,"hero":false,"class":"path","length_m":43.3},"geometry":{"type":"LineString","coordinates":[[86.751331,27.848873,3875.7],[86.751317,27.84902,3879.7],[86.751272,27.849261,3885.6]]}},
{"type":"Feature","properties":{"trail":null,"hero":false,"class":"path","length_m":40.0},"geometry":{"type":"LineString","coordinates":[[86.749711,27.847781,3819.2],[86.749659,27.84771,3817.9],[86.749595,27.847673,3816.6],[86.749538,27.847619,3815.0],[86.749487,27.847523,3812.6],[86.7495,27.847498,3812.4]]}},
{"type":"Feature","properties":{"trail":null,"hero":false,"class":"path","length_m":291.2},"geometry":{"type":"LineString","coordinates":[[86.749711,27.847781,3819.2],[86.749852,27.847664,3820.2],[86.749972,27.847565,3820.3],[86.750004,27.847536,3820.2],[86.750104,27.847431,3820.6],[86.750164,27.847241,3818.8],[86.750287,27.847044,3818.3],[86.750356,27.84696,3819.5],[86.750402,27.84691,3820.4],[86.75051,27.846857,3822.6],[86.750534,27.846719,3821.4],[86.750559,27.846581,3820.9],[86.750679,27.846422,3822.3],[86.750738,27.846293,3822.0],[86.750797,27.846165,3821.5],[86.750732,27.846103,3820.1],[86.750616,27.846073,3818.5],[86.750745,27.845902,3819.3],[86.750773,27.845756,3820.7],[86.750703,27.845634,3822.3]]}},
{"type":"Feature","properties":{"trail":null,"hero":false,"class":"path","length_m":157.2},"geometry":{"type":"LineString","coordinates":[[86.750703,27.845634,3822.3],[86.750928,27.845545,3826.6],[86.751147,27.84551,3830.0],[86.751328,27.845387,3835.5],[86.751493,27.845322,3838.7],[86.751747,27.845222,3842.1],[86.751957,27.845249,3846.8],[86.752068,27.845239,3849.2],[86.752185,27.845254,3852.2]]}},
{"type":"Feature","properties":{"trail":null,"hero":false,"class":"path","length_m":63.0},"geometry":{"type":"LineString","coordinates":[[86.750703,27.845634,3822.3],[86.75043,27.84571,3817.1],[86.750216,27.845766,3812.1],[86.750091,27.8458,3809.2]]}},
{"type":"Feature","properties":{"trail":null,"hero":false,"class":"path","length_m":339.1},"geometry":{"type":"LineString","coordinates":[[86.814108,27.877226,4164.8],[86.813974,27.877462,4171.0],[86.81402,27.877678,4174.1],[86.813918,27.877932,4176.4],[86.813819,27.878076,4177.6],[86.813725,27.878169,4183.1],[86.813676,27.878276,4188.2],[86.813642,27.878354,4192.9],[86.813698,27.878399,4190.2],[86.813794,27.878655,4193.5],[86.813863,27.878837,4198.1],[86.813932,27.87902,4200.8],[86.814053,27.879198,4199.6],[86.814174,27.879377,4198.5],[86.814251,27.87953,4199.0],[86.814279,27.879736,4201.7],[86.814241,27.879903,4204.9],[86.814234,27.880032,4206.6]]}},
{"type":"Feature","properties":{"trail":null,"hero":false,"class":"path","length_m":438.0},"geometry":{"type":"LineString","coordinates":[[86.814234,27.880032,4206.6],[86.814242,27.880093,4206.9],[86.814177,27.880248,4209.9],[86.814088,27.880391,4213.8],[86.814054,27.880481,4215.4],[86.814029,27.88055,4216.7],[86.813969,27.880757,4223.6],[86.813912,27.880904,4230.2],[86.813909,27.880975,4232.3],[86.81393,27.88105,4233.2],[86.813979,27.881252,4237.0],[86.814055,27.881341,4235.0],[86.814059,27.881478,4238.5],[86.814171,27.88142,4229.1],[86.814261,27.881456,4227.0],[86.814399,27.881492,4223.4],[86.814554,27.881522,4222.4],[86.814663,27.881564,4223.0],[86.814727,27.881608,4223.7],[86.814773,27.881613,4224.3],[86.814932,27.881682,4228.0],[86.815094,27.881716,4231.4],[86.815236,27.881799,4235.6],[86.815459,27.881877,4240.5],[86.81564,27.882036,4246.2],[86.815757,27.882157,4250.1],[86.815801,27.88224,4251.7],[86.815943,27.882467,4259.3],[86.815993,27.882544,4261.9],[86.81606,27.882621,4264.5],[86.816162,27.88273,4267.6]]}},
{"type":"Feature","properties":{"trail":null,"hero":false,"class":"path","length_m":104.5},"geometry":{"type":"LineString","coordinates":[[86.814234,27.880032,4206.6],[86.814428,27.880128,4201.7],[86.814542,27.880171,4198.4],[86.814654,27.880169,4193.7],[86.814806,27.880144,4188.6],[86.814916,27.880129,4185.7],[86.81501,27.88006,4183.0],[86.815124,27.880012,4179.7],[86.815211,27.879993,4177.1]]}},
{"type":"Feature","properties":{"trail":null,"hero":false,"class":"path","length_m":75.4},"geometry":{"type":"LineString","coordinates":[[86.818112,27.8869,4231.2],[86.81833,27.886933,4224.7],[86.818417,27.886983,4228.8],[86.818452,27.887077,4230.3],[86.818509,27.887106,4232.1],[86.818647,27.8872,4235.3],[86.818696,27.887268,4236.0]]}},
{"type":"Feature","properties":{"trail":null,"hero":false,"class":"path","length_m":20.8},"geometry":{"type":"LineString","coordinates":[[86.818696,27.887268,4236.0],[86.818777,27.887296,4238.6],[86.818899,27.887318,4242.8]]}},
{"type":"Feature","properties":{"trail":null,"hero":false,"class":"path","length_m":122.6},"geometry":{"type":"LineString","coordinates":[[86.790622,27.857497,4044.9],[86.790673,27.857464,4042.3],[86.790725,27.857523,4041.7],[86.790815,27.857546,4039.1],[86.790963,27.85751,4036.4],[86.791122,27.857436,4033.0],[86.791346,27.857391,4035.2],[86.791451,27.8573,4031.7],[86.791624,27.857255,4028.9],[86.791684,27.857243,4027.5],[86.791737,27.85724,4025.1]]}},
{"type":"Feature","properties":{"trail":null,"hero":false,"class":"footway","length_m":57.2},"geometry":{"type":"LineString","coordinates":[[86.790622,27.857497,4044.9],[86.790343,27.857426,4050.5],[86.790063,27.857355,4046.8]]}},
{"type":"Feature","properties":{"trail":null,"hero":false,"class":"path","length_m":10.3},"geometry":{"type":"LineString","coordinates":[[86.790063,27.857355,4046.8],[86.789963,27.857381,4045.7]]}},
{"type":"Feature","properties":{"trail":null,"hero":false,"class":"path","length_m":440.0},"geometry":{"type":"LineString","coordinates":[[86.809854,27.868868,4098.2],[86.810017,27.868956,4098.3],[86.810282,27.869,4091.9],[86.810395,27.86905,4092.1],[86.810576,27.869237,4095.4],[86.810701,27.869383,4098.9],[86.810827,27.869528,4099.2],[86.810946,27.869628,4097.3],[86.811064,27.869729,4098.1],[86.811177,27.869843,4096.6],[86.811291,27.869957,4095.1],[86.81139,27.870088,4094.2],[86.811489,27.87022,4095.9],[86.811581,27.870417,4098.5],[86.811642,27.870554,4098.7],[86.81173,27.870779,4101.6],[86.811916,27.870974,4107.3],[86.812079,27.871151,4107.9],[86.812243,27.871327,4107.4],[86.812344,27.871511,4107.3],[86.812446,27.871694,4109.9],[86.812547,27.871878,4113.1]]}},
{"type":"Feature","properties":{"trail":null,"hero":false,"class":"path","length_m":109.8},"geometry":{"type":"LineString","coordinates":[[86.809854,27.868868,4098.2],[86.80984,27.868845,4096.8],[86.809767,27.868806,4095.7],[86.809711,27.868741,4091.3],[86.80964,27.868704,4089.4],[86.809598,27.868612,4083.2],[86.809526,27.868603,4084.5],[86.809464,27.868558,4084.6],[86.809399,27.868566,4086.3],[86.809343,27.868538,4086.7],[86.809289,27.868497,4086.8],[86.809201,27.868476,4088.3],[86.809162,27.868447,4088.6],[86.809103,27.868433,4088.7],[86.809025,27.868415,4088.7],[86.808955,27.868385,4088.3]]}},
{"type":"Feature","properties":{"trail":null,"hero":false,"class":"path","length_m":7.4},"geometry":{"type":"LineString","coordinates":[[86.809854,27.868868,4098.2],[86.809824,27.868929,4102.1]]}},
{"type":"Feature","properties":{"trail":null,"hero":false,"class":"path","length_m":50.6},"geometry":{"type":"LineString","coordinates":[[86.812547,27.871878,4113.1],[86.812397,27.871794,4112.8],[86.812246,27.871709,4112.9],[86.812092,27.871678,4110.8]]}},
{"type":"Feature","properties":{"trail":null,"hero":false,"class":"path","length_m":43.9},"geometry":{"type":"LineString","coordinates":[[86.812547,27.871878,4113.1],[86.812614,27.872075,4115.7],[86.81264,27.872264,4119.0]]}},
{"type":"Feature","properties":{"trail":null,"hero":false,"class":"path","length_m":43.2},"geometry":{"type":"LineString","coordinates":[[86.808955,27.868385,4088.3],[86.808694,27.868362,4087.6],[86.808518,27.86837,4087.7]]}},
{"type":"Feature","properties":{"trail":null,"hero":false,"class":"path","length_m":167.5},"geometry":{"type":"LineString","coordinates":[[86.808955,27.868385,4088.3],[86.808923,27.868359,4087.6],[86.808869,27.868262,4083.3],[86.808783,27.868237,4082.3],[86.80866,27.868244,4083.1],[86.808579,27.868227,4082.5],[86.808494,27.868247,4082.9],[86.80841,27.86824,4082.3],[86.808293,27.868245,4082.9],[86.808223,27.86822,4083.1],[86.808173,27.868173,4082.4],[86.808096,27.868125,4082.7],[86.807958,27.868086,4087.3],[86.807853,27.868016,4089.6],[86.807726,27.868019,4093.1],[86.807668,27.868026,4093.7],[86.807576,27.868016,4093.1],[86.80745,27.868093,4095.9]]}},
{"type":"Feature","properties":{"trail":null,"hero":false,"class":"path","length_m":198.1},"geometry":{"type":"LineString","coordinates":[[86.826155,27.889718,4308.3],[86.826171,27.889841,4313.1],[86.826162,27.889985,4319.0],[86.826152,27.890128,4323.9],[86.826074,27.890318,4332.6],[86.825997,27.890507,4337.7],[86.825908,27.890626,4343.6],[86.82582,27.890745,4348.8],[86.825812,27.890979,4353.9],[86.825822,27.891235,4359.6],[86.825906,27.891418,4362.8]]}},
{"type":"Feature","properties":{"trail":null,"hero":false,"class":"path","length_m":27.4},"geometry":{"type":"LineString","coordinates":[[86.825906,27.891418,4362.8],[86.826176,27.89148,4359.3]]}},
{"type":"Feature","properties":{"trail":null,"hero":false,"class":"path","length_m":2394.2},"geometry":{"type":"LineString","coordinates":[[86.752185,27.845254,3852.2],[86.752296,27.845028,3850.2],[86.752559,27.844967,3855.8],[86.752659,27.844829,3856.0],[86.75276,27.844691,3856.9],[86.752826,27.844526,3852.0],[86.752893,27.84436,3847.0],[86.752968,27.84422,3844.0],[86.753044,27.84408,3843.2],[86.753084,27.843928,3841.6],[86.753124,27.843776,3841.2],[86.753261,27.843608,3845.7],[86.753398,27.843439,3849.1],[86.753566,27.843341,3850.9],[86.753735,27.843242,3848.2],[86.753937,27.843172,3844.4],[86.75406,27.843164,3840.4],[86.754143,27.843322,3849.6],[86.754226,27.84348,3852.1],[86.754263,27.843561,3852.4],[86.754323,27.843684,3851.8],[86.754269,27.843813,3862.5],[86.75424,27.843905,3868.7],[86.754389,27.844015,3858.3],[86.75465,27.844076,3838.8],[86.754832,27.844257,3834.5],[86.75498,27.844261,3823.4],[86.755076,27.844409,3823.4],[86.755172,27.844557,3822.4],[86.75528,27.844791,3825.1],[86.755437,27.844684,3803.5],[86.755463,27.844938,3816.2],[86.755667,27.84503,3803.7],[86.755684,27.844918,3796.1],[86.755767,27.844903,3789.3],[86.755945,27.84498,3779.2],[86.756124,27.845057,3769.4],[86.756345,27.845028,3752.7],[86.756567,27.844999,3740.4],[86.756706,27.845157,3749.0],[86.756914,27.845226,3746.9],[86.757084,27.845283,3746.7],[86.757252,27.845134,3732.7],[86.757419,27.844984,3722.1],[86.757536,27.844853,3712.7],[86.757654,27.844722,3703.4],[86.757788,27.844576,3693.1],[86.757632,27.844511,3687.3],[86.757804,27.844384,3677.7],[86.757975,27.844257,3666.9],[86.758154,27.844151,3659.9],[86.758332,27.844046,3656.8],[86.758425,27.843869,3647.7],[86.758519,27.843692,3639.9],[86.758579,27.843646,3638.5],[86.758775,27.843648,3640.0],[86.758971,27.84365,3639.5],[86.759208,27.843544,3629.9],[86.759445,27.843438,3628.1],[86.759588,27.843321,3625.2],[86.759732,27.843204,3621.6],[86.759984,27.843069,3624.0],[86.760236,27.842935,3623.8],[86.760488,27.8428,3626.1],[86.760686,27.842639,3628.8],[86.760884,27.842478,3635.8],[86.76094,27.84226,3634.4],[86.760997,27.842043,3631.6],[86.761023,27.841962,3630.6],[86.761238,27.841824,3634.5],[86.761453,27.841686,3635.1],[86.761688,27.841655,3638.8],[86.761888,27.841649,3636.4],[86.762088,27.841643,3634.5],[86.762231,27.841549,3627.5],[86.762375,27.841455,3623.6],[86.762414,27.84139,3620.0],[86.76224,27.841355,3614.3],[86.762066,27.84132,3610.9],[86.762231,27.841224,3604.5],[86.762005,27.841217,3601.8],[86.762136,27.841118,3595.2],[86.762268,27.841019,3591.2],[86.762385,27.840802,3582.1],[86.762502,27.840584,3575.6],[86.76252,27.840405,3569.1],[86.762493,27.840265,3564.3],[86.762538,27.840049,3574.1],[86.762604,27.840041,3574.8],[86.762647,27.839987,3577.6],[86.762383,27.839878,3587.1],[86.762322,27.83969,3602.5],[86.762297,27.83945,3622.8],[86.762394,27.839335,3633.1],[86.762492,27.83922,3643.1],[86.762723,27.839051,3659.6],[86.762936,27.838891,3671.8],[86.762857,27.838795,3677.0],[86.762759,27.83868,3683.3],[86.762734,27.838472,3696.9],[86.762708,27.838265,3711.5],[86.76251,27.838102,3724.6],[86.762445,27.837979,3735.0],[86.76238,27.837856,3745.5],[86.762156,27.837744,3759.7],[86.762282,27.837613,3763.7],[86.762156,27.837463,3776.2],[86.762222,27.837287,3784.1],[86.762288,27.837111,3793.9],[86.762354,27.836935,3804.3],[86.762445,27.836686,3817.8],[86.762537,27.836538,3825.5],[86.762629,27.836389,3835.1],[86.762725,27.836282,3842.4],[86.76282,27.836175,3849.4],[86.763023,27.836066,3857.8],[86.763268,27.835993,3864.1],[86.763235,27.835917,3864.0],[86.763321,27.835691,3863.8],[86.763349,27.835611,3863.3]]}},
{"type":"Feature","properties":{"trail":null,"hero":false,"class":"path","length_m":27.4},"geometry":{"type":"LineString","coordinates":[[86.752185,27.845254,3852.2],[86.752251,27.845288,3854.4],[86.752343,27.84531,3857.0],[86.752443,27.845343,3860.0]]}},
{"type":"Feature","properties":{"trail":"Three Passes Trek","hero":false,"class":null,"length_m":2106.4},"geometry":{"type":"LineString","coordinates":[[86.840031,27.897009,4377.5],[86.840137,27.896996,4378.3],[86.840424,27.897044,4379.4],[86.840711,27.897092,4381.8],[86.840874,27.897081,4383.1],[86.841037,27.897069,4383.6],[86.841304,27.897128,4386.1],[86.841571,27.897187,4388.1],[86.841748,27.897207,4388.4],[86.841926,27.897227,4388.5],[86.842128,27.89721,4390.7],[86.842329,27.897193,4392.2],[86.84251,27.897137,4392.5],[86.842692,27.897082,4393.3],[86.842891,27.897077,4395.6],[86.84309,27.897072,4398.2],[86.843313,27.897073,4400.2],[86.843535,27.897074,4403.1],[86.843757,27.897076,4406.0],[86.844002,27.897022,4409.0],[86.844246,27.896969,4413.0],[86.844488,27.896871,4413.5],[86.844733,27.896871,4414.1],[86.844979,27.896871,4412.9],[86.845164,27.896889,4414.6],[86.845349,27.896907,4416.5],[86.845522,27.89696,4418.5],[86.845696,27.897013,4422.4],[86.845922,27.897031,4426.5],[86.846148,27.897048,4429.8],[86.846388,27.897116,4431.5],[86.846628,27.897183,4433.8],[86.846871,27.897304,4438.6],[86.847092,27.897321,4441.4],[86.847314,27.897337,4443.7],[86.847464,27.897396,4445.8],[86.847614,27.897456,4447.4],[86.847778,27.897482,4448.2],[86.847943,27.897507,4449.3],[86.848211,27.897606,4453.3],[86.848434,27.897637,4454.7],[86.848658,27.897667,4455.7],[86.848855,27.897741,4458.3],[86.849102,27.897848,4463.4],[86.849343,27.897907,4467.0],[86.849585,27.897966,4469.6],[86.849787,27.89803,4471.0],[86.849905,27.898161,4472.7],[86.850039,27.898185,4471.4],[86.850298,27.898201,4470.1],[86.850549,27.898253,4472.2],[86.850748,27.898307,4473.6],[86.85099,27.898365,4476.4],[86.851266,27.898273,4479.3],[86.851373,27.898344,4481.0],[86.851424,27.898471,4481.4],[86.851559,27.898538,4483.4],[86.851694,27.898605,4486.0],[86.851964,27.898696,4489.0],[86.852099,27.89883,4490.6],[86.852287,27.898899,4492.8],[86.852363,27.899062,4494.6],[86.852549,27.899168,4498.4],[86.852736,27.899274,4500.9],[86.852917,27.899387,4502.8],[86.853097,27.8995,4504.0],[86.853269,27.899604,4504.1],[86.85344,27.899708,4507.3],[86.853641,27.899806,4511.1],[86.853828,27.899943,4513.5],[86.854006,27.900014,4514.5],[86.854185,27.900086,4516.8],[86.854443,27.900105,4520.0],[86.85461,27.900141,4522.3],[86.854897,27.90014,4524.2],[86.855105,27.900215,4526.7],[86.855327,27.900228,4529.2],[86.855549,27.90024,4530.9],[86.855772,27.900253,4532.7],[86.855976,27.900356,4538.4],[86.856223,27.900379,4543.0],[86.856471,27.900402,4548.8],[86.856665,27.900336,4549.8],[86.856859,27.90027,4549.0],[86.857132,27.900308,4554.8],[86.857286,27.900315,4557.0],[86.85744,27.900322,4558.1],[86.857618,27.900497,4563.2],[86.857771,27.900529,4563.4],[86.857925,27.90056,4564.7],[86.858051,27.900636,4567.2],[86.858178,27.900713,4569.9],[86.858325,27.900754,4571.2],[86.858472,27.900795,4573.0],[86.85866,27.900835,4575.4],[86.858798,27.900872,4577.2],[86.859001,27.900871,4579.0],[86.859112,27.900782,4579.0],[86.859325,27.900653,4580.3],[86.85943,27.900599,4581.4],[86.859595,27.900586,4583.8],[86.859765,27.90063,4587.3],[86.859902,27.900609,4589.5]]}},
{"type":"Feature","properties":{"trail":null,"hero":false,"class":"path","length_m":2094.1},"geometry":{"type":"LineString","coordinates":[[86.832212,27.895063,4381.7],[86.832422,27.89522,4382.6],[86.832633,27.895377,4385.0],[86.832871,27.895515,4384.1],[86.833109,27.895654,4385.5],[86.833348,27.895792,4388.2],[86.833586,27.895931,4389.5],[86.833824,27.896069,4390.0],[86.834006,27.896155,4389.0],[86.834189,27.89624,4389.3],[86.834427,27.896309,4391.6],[86.834666,27.896377,4392.2],[86.834905,27.896446,4393.7],[86.835144,27.896515,4395.9],[86.835396,27.896605,4399.8],[86.835648,27.896695,4400.9],[86.835927,27.896761,4397.5],[86.836206,27.896828,4396.9],[86.836485,27.896894,4397.4],[86.836721,27.896994,4400.7],[86.836957,27.897093,4405.0],[86.837193,27.897198,4409.4],[86.837429,27.897302,4411.9],[86.837672,27.89734,4411.1],[86.837915,27.897378,4411.9],[86.838158,27.897416,4413.9],[86.838416,27.897496,4417.4],[86.838673,27.897577,4418.0],[86.838925,27.897629,4417.1],[86.839178,27.897681,4418.9],[86.839446,27.897776,4423.7],[86.839653,27.897833,4424.5],[86.839861,27.89789,4424.6],[86.840068,27.897947,4424.9],[86.840283,27.898046,4427.5],[86.840497,27.898146,4428.8],[86.840731,27.898233,4429.9],[86.840964,27.898321,4431.9],[86.841197,27.898409,4434.2],[86.841431,27.898497,4436.3],[86.841656,27.8985,4437.8],[86.841881,27.898503,4441.6],[86.842107,27.898506,4445.5],[86.842392,27.898475,4448.0],[86.842678,27.898444,4451.6],[86.842964,27.898414,4455.1],[86.843249,27.898383,4457.6],[86.843493,27.898403,4462.8],[86.843736,27.898423,4467.1],[86.84398,27.898443,4469.3],[86.844223,27.898462,4470.5],[86.844467,27.898482,4472.0],[86.844695,27.898508,4476.1],[86.844923,27.898534,4478.8],[86.845151,27.898561,4481.1],[86.845379,27.898587,4483.2],[86.84563,27.898647,4486.3],[86.84588,27.898708,4487.8],[86.846131,27.898768,4488.4],[86.846382,27.898828,4490.1],[86.846588,27.898945,4492.2],[86.846793,27.899062,4494.4],[86.846999,27.899179,4497.3],[86.847152,27.899227,4498.1],[86.847305,27.899274,4498.7],[86.847476,27.89938,4500.4],[86.847648,27.899486,4501.4],[86.84782,27.899592,4501.5],[86.847948,27.899815,4504.7],[86.848171,27.89995,4506.0],[86.848394,27.900085,4508.5],[86.8486,27.900203,4510.1],[86.848807,27.900322,4513.9],[86.849029,27.900346,4516.2],[86.849252,27.900369,4518.4],[86.849531,27.900391,4519.6],[86.84981,27.900412,4520.1],[86.84996,27.900507,4522.6],[86.850164,27.900494,4524.0],[86.850368,27.900481,4525.8],[86.850572,27.900469,4527.2],[86.850767,27.900554,4529.8],[86.850963,27.900639,4533.1],[86.851151,27.900744,4536.7],[86.851339,27.900848,4537.9],[86.851484,27.901028,4542.9],[86.851628,27.901208,4545.4]]}},
{"type":"Feature","properties":{"trail":null,"hero":false,"class":"path","length_m":106.7},"geometry":{"type":"LineString","coordinates":[[86.82909,27.891328,4309.1],[86.829165,27.89123,4307.9],[86.829205,27.891199,4307.0],[86.829225,27.891176,4306.5],[86.829276,27.891127,4305.1],[86.829326,27.891071,4304.2],[86.829382,27.891044,4303.7],[86.829428,27.891037,4303.3],[86.829504,27.891013,4301.7],[86.82955,27.890993,4300.7],[86.829581,27.890962,4300.2],[86.829618,27.890915,4299.6],[86.829661,27.890858,4299.2],[86.829707,27.890807,4298.9],[86.829849,27.890676,4299.8]]}},
{"type":"Feature","properties":{"trail":null,"hero":false,"class":"path","length_m":2867.3},"geometry":{"type":"LineString","coordinates":[[86.817126,27.873834,4186.1],[86.817047,27.874082,4184.7],[86.816969,27.874329,4183.9],[86.816908,27.874478,4183.7],[86.816846,27.874628,4185.3],[86.816781,27.874867,4187.7],[86.816798,27.874947,4189.7],[86.816852,27.874994,4192.4],[86.816834,27.87504,4191.6],[86.816882,27.875148,4192.5],[86.816875,27.87523,4191.6],[86.816949,27.875246,4194.1],[86.816882,27.8754,4191.3],[86.816826,27.875528,4188.8],[86.816891,27.875624,4191.8],[86.816925,27.875827,4194.7],[86.816992,27.875867,4197.6],[86.81701,27.876056,4198.5],[86.817029,27.876246,4197.9],[86.817048,27.876435,4197.0],[86.817081,27.87665,4197.6],[86.817114,27.876864,4198.4],[86.817228,27.877048,4204.1],[86.817342,27.877232,4207.5],[86.817409,27.877387,4208.2],[86.81752,27.877549,4210.7],[86.817631,27.877711,4210.1],[86.817763,27.877948,4210.0],[86.817849,27.878015,4212.0],[86.817956,27.878168,4213.8],[86.818008,27.878261,4215.1],[86.817971,27.87841,4212.0],[86.817942,27.878492,4210.3],[86.817924,27.878627,4208.8],[86.817907,27.878762,4205.7],[86.817922,27.878953,4200.4],[86.817883,27.879104,4192.8],[86.817898,27.879135,4191.5],[86.81796,27.879163,4190.2],[86.818058,27.879144,4191.4],[86.818169,27.879189,4188.4],[86.818235,27.879217,4186.7],[86.818313,27.879286,4182.5],[86.818407,27.879354,4180.6],[86.818648,27.879431,4182.5],[86.818768,27.879452,4185.9],[86.818847,27.879509,4185.0],[86.819009,27.879555,4187.6],[86.819114,27.879584,4189.2],[86.819283,27.879607,4193.6],[86.819465,27.879705,4192.3],[86.819703,27.879786,4196.3],[86.819732,27.879881,4193.9],[86.819843,27.879976,4194.0],[86.819905,27.880114,4192.0],[86.819983,27.880148,4193.8],[86.820065,27.880206,4195.1],[86.820133,27.880189,4197.6],[86.820175,27.880258,4197.4],[86.820231,27.880275,4198.7],[86.820276,27.88033,4198.9],[86.820221,27.880393,4195.4],[86.820358,27.880488,4198.4],[86.820436,27.880451,4202.1],[86.820547,27.880474,4206.0],[86.820579,27.880563,4205.8],[86.82067,27.880525,4209.3],[86.820849,27.880603,4211.7],[86.821066,27.880548,4219.8],[86.821283,27.880493,4227.9],[86.821343,27.880543,4228.5],[86.82144,27.880525,4232.2],[86.821489,27.880571,4232.2],[86.821573,27.880635,4231.9],[86.821765,27.880691,4235.6],[86.821883,27.880817,4234.2],[86.822095,27.880961,4233.2],[86.822096,27.88105,4229.2],[86.822153,27.881111,4228.2],[86.822286,27.881234,4223.6],[86.822504,27.881296,4223.3],[86.822722,27.881358,4220.4],[86.82294,27.881421,4217.2],[86.823194,27.881405,4219.9],[86.823319,27.881463,4219.1],[86.823447,27.881512,4219.5],[86.823556,27.881616,4216.4],[86.8237,27.881762,4217.4],[86.823845,27.881907,4219.3],[86.823902,27.882043,4218.3],[86.82396,27.882178,4217.1],[86.82406,27.882314,4217.0],[86.824161,27.88251,4214.9],[86.824303,27.882721,4217.6],[86.824424,27.882867,4218.2],[86.824546,27.883013,4219.5],[86.824689,27.88323,4219.9],[86.824833,27.883447,4221.9],[86.825001,27.883653,4222.5],[86.825169,27.883859,4225.2],[86.825337,27.884065,4226.2],[86.825504,27.884271,4226.1],[86.82564,27.88447,4229.3],[86.825775,27.884669,4230.2],[86.825911,27.884868,4231.4],[86.82616,27.88496,4235.7],[86.826397,27.885116,4238.6],[86.826586,27.885243,4240.9],[86.826678,27.885467,4238.0],[86.826825,27.885623,4238.0],[86.826971,27.885778,4239.3],[86.827142,27.88595,4242.3],[86.827313,27.886121,4244.5],[86.827484,27.886293,4246.5],[86.82759,27.886461,4246.8],[86.827696,27.88663,4247.1],[86.827738,27.88676,4247.1],[86.82778,27.886891,4247.5],[86.827948,27.887026,4249.8],[86.828116,27.887161,4251.6],[86.828288,27.887323,4254.5],[86.82846,27.887485,4257.4],[86.828619,27.88762,4259.9],[86.828778,27.887754,4260.0],[86.829021,27.88777,4262.7],[86.829149,27.887992,4265.2],[86.829322,27.888028,4267.7],[86.829494,27.888063,4270.3],[86.829686,27.888159,4273.4],[86.829877,27.888256,4275.7],[86.830069,27.888352,4278.8],[86.830226,27.888289,4282.6],[86.830382,27.888227,4289.1],[86.830466,27.888145,4294.7],[86.830515,27.888063,4299.2],[86.830709,27.888047,4309.5],[86.830891,27.888188,4315.1],[86.831019,27.888008,4326.1],[86.831164,27.887815,4338.3],[86.83131,27.887622,4349.0],[86.831379,27.887401,4356.8],[86.831447,27.88718,4364.7],[86.831471,27.886968,4368.7],[86.831496,27.886755,4378.8],[86.831597,27.886778,4380.0],[86.831763,27.88687,4381.9],[86.831929,27.886962,4386.4],[86.832068,27.887018,4389.9],[86.832207,27.887075,4393.8],[86.832379,27.887255,4398.6],[86.832552,27.887434,4401.8],[86.832764,27.887625,4404.8],[86.832976,27.887816,4409.3],[86.833188,27.888007,4407.1],[86.8334,27.888198,4411.1]]}},
{"type":"Feature","properties":{"trail":null,"hero":false,"class":"path","length_m":578.3},"geometry":{"type":"LineString","coordinates":[[86.817126,27.873834,4186.1],[86.816926,27.873873,4177.7],[86.816772,27.873846,4171.8],[86.816618,27.87382,4166.1],[86.816434,27.873832,4159.8],[86.816285,27.87386,4155.4],[86.81626,27.874007,4155.5],[86.816147,27.874023,4153.0],[86.816055,27.874095,4151.7],[86.816055,27.87422,4153.5],[86.815967,27.874345,4152.4],[86.815903,27.874417,4150.7],[86.81591,27.874589,4153.0],[86.815942,27.874652,4155.1],[86.81585,27.874824,4151.9],[86.815914,27.874996,4154.0],[86.815992,27.875137,4153.4],[86.81597,27.875262,4148.8],[86.816002,27.875334,4149.2],[86.816013,27.875406,4148.7],[86.816009,27.87554,4146.4],[86.81603,27.87564,4146.4],[86.816022,27.875858,4142.8],[86.816013,27.876075,4140.5],[86.816099,27.876268,4142.7],[86.816186,27.87646,4143.0],[86.816268,27.876613,4142.8],[86.816391,27.876832,4147.4],[86.816395,27.876998,4145.8],[86.816406,27.877178,4144.6],[86.816416,27.877358,4141.7],[86.816466,27.877558,4141.4],[86.816434,27.877683,4136.6],[86.81643,27.877899,4134.7],[86.816399,27.877955,4133.3],[86.816381,27.878006,4132.8]]}},
{"type":"Feature","properties":{"trail":null,"hero":false,"class":"path","length_m":12.2},"geometry":{"type":"LineString","coordinates":[[86.813507,27.861924,4306.0],[86.813508,27.861965,4304.9],[86.813536,27.862029,4303.0]]}},
{"type":"Feature","properties":{"trail":null,"hero":false,"class":"path","length_m":86.4},"geometry":{"type":"LineString","coordinates":[[86.751858,27.848596,3889.0],[86.751731,27.848733,3885.6],[86.751603,27.84887,3884.7],[86.751489,27.849076,3888.0],[86.751451,27.849267,3892.7]]}},
{"type":"Feature","properties":{"trail":null,"hero":false,"class":"path","length_m":17.6},"geometry":{"type":"LineString","coordinates":[[86.751451,27.849267,3892.7],[86.751272,27.849261,3885.6]]}},
{"type":"Feature","properties":{"trail":null,"hero":false,"class":"path","length_m":1057.0},"geometry":{"type":"LineString","coordinates":[[86.8334,27.888198,4411.1],[86.83355,27.888094,4417.1],[86.833734,27.888148,4423.0],[86.833918,27.888201,4429.5],[86.83412,27.888229,4435.8],[86.834322,27.888257,4443.7],[86.834577,27.888207,4454.5],[86.834704,27.888207,4460.0],[86.83486,27.888332,4466.8],[86.834938,27.888463,4470.4],[86.835086,27.888476,4476.9],[86.83521,27.888279,4482.2],[86.835334,27.888082,4488.0],[86.83549,27.887991,4495.6],[86.835646,27.8879,4502.9],[86.835787,27.887744,4509.5],[86.835922,27.887857,4516.1],[86.836077,27.88775,4522.7],[86.836233,27.887644,4530.2],[86.836481,27.887744,4542.4],[86.836552,27.887732,4546.2],[86.836658,27.887616,4551.7],[86.836764,27.8875,4556.8],[86.836941,27.88755,4565.5],[86.837118,27.8876,4572.2],[86.837217,27.887588,4576.4],[86.837344,27.887663,4581.2],[86.837507,27.887603,4589.0],[86.83767,27.887544,4594.6],[86.837886,27.887541,4602.2],[86.838102,27.887537,4609.5],[86.83835,27.887575,4615.2],[86.83859,27.887559,4623.3],[86.838831,27.887544,4632.6],[86.83905,27.887475,4638.0],[86.83927,27.887406,4640.5],[86.839404,27.887475,4644.9],[86.839574,27.887456,4648.8],[86.839772,27.887312,4650.8],[86.839971,27.887168,4650.7],[86.84013,27.887103,4654.0],[86.840289,27.887037,4658.4],[86.840427,27.88694,4664.0],[86.840565,27.886843,4669.6],[86.840735,27.886812,4672.3],[86.840905,27.886781,4674.3],[86.841082,27.886768,4676.0],[86.841259,27.886755,4675.0],[86.841453,27.886762,4674.4],[86.841648,27.886768,4676.6],[86.8418,27.886827,4677.8],[86.841953,27.886887,4679.2],[86.842115,27.886868,4678.6],[86.842278,27.886849,4678.0],[86.842512,27.886793,4676.6],[86.842671,27.886834,4678.4],[86.84283,27.886874,4679.8]]}},
{"type":"Feature","properties":{"trail":null,"hero":false,"class":"path","length_m":1633.0},"geometry":{"type":"LineString","coordinates":[[86.8334,27.888198,4411.1],[86.833593,27.888217,4418.4],[86.833757,27.888361,4424.0],[86.833921,27.888505,4427.4],[86.834041,27.888693,4426.9],[86.834162,27.888882,4427.9],[86.834331,27.889038,4432.5],[86.8345,27.889194,4436.5],[86.834697,27.889316,4439.4],[86.834894,27.889437,4438.5],[86.83509,27.889557,4441.3],[86.835233,27.88975,4441.9],[86.835375,27.889941,4443.2],[86.835474,27.890124,4440.1],[86.835573,27.890307,4435.2],[86.835788,27.890389,4441.4],[86.835892,27.890523,4438.8],[86.835997,27.890657,4438.3],[86.836217,27.890842,4441.7],[86.836437,27.891027,4441.4],[86.836587,27.891127,4443.1],[86.836737,27.891226,4443.6],[86.837011,27.891247,4452.7],[86.837134,27.891407,4448.9],[86.83722,27.891579,4445.2],[86.837408,27.891661,4451.6],[86.837596,27.891743,4456.1],[86.837655,27.891848,4452.3],[86.837893,27.891964,4456.1],[86.838132,27.89208,4459.1],[86.838325,27.892172,4460.6],[86.838518,27.892265,4461.8],[86.838711,27.892357,4463.7],[86.83891,27.892523,4461.6],[86.839151,27.892675,4464.6],[86.83943,27.892783,4468.7],[86.839709,27.892891,4473.6],[86.839891,27.892968,4475.2],[86.840074,27.893044,4476.5],[86.840213,27.89315,4477.0],[86.840353,27.893256,4478.2],[86.840511,27.893323,4482.5],[86.840669,27.89339,4484.3],[86.840894,27.893405,4490.4],[86.841098,27.893343,4498.5],[86.841039,27.893191,4506.4],[86.841071,27.893182,4507.7],[86.841034,27.893106,4511.4],[86.841007,27.892983,4518.4],[86.841066,27.892973,4520.4],[86.841061,27.892869,4526.9],[86.841131,27.89276,4535.7],[86.841184,27.892637,4544.4],[86.841313,27.892622,4549.2],[86.84135,27.892537,4554.7],[86.84142,27.892461,4560.9],[86.84149,27.892352,4568.7],[86.841635,27.892272,4577.6],[86.841796,27.892248,4584.6],[86.841764,27.892172,4587.7],[86.84178,27.892058,4595.7],[86.841715,27.891859,4606.6],[86.841769,27.891802,4612.6],[86.841828,27.891731,4619.4],[86.841946,27.891665,4627.3],[86.841994,27.891594,4633.2],[86.842075,27.891527,4639.4],[86.842085,27.891442,4644.1],[86.842085,27.891328,4649.5],[86.842198,27.891271,4654.5],[86.842316,27.891153,4661.9],[86.842359,27.890987,4667.1],[86.842332,27.890811,4670.2],[86.842337,27.890617,4670.5],[86.842412,27.890489,4670.4],[86.842595,27.890408,4672.2],[86.842836,27.890314,4676.2],[86.843035,27.890204,4678.3],[86.843185,27.890129,4681.7],[86.84318,27.890048,4680.4],[86.843324,27.889906,4682.8],[86.84348,27.889858,4684.5],[86.843603,27.889787,4685.1],[86.843743,27.889683,4684.0],[86.843834,27.889673,4684.1],[86.843856,27.889612,4683.5],[86.844033,27.889503,4683.3],[86.844247,27.889375,4681.9],[86.844392,27.889313,4680.8]]}},
{"type":"Feature","properties":{"trail":null,"hero":false,"class":"path","length_m":279.7},"geometry":{"type":"LineString","coordinates":[[86.792026,27.928747,4794.5],[86.792023,27.928974,4792.5],[86.792019,27.9292,4790.3],[86.791994,27.929379,4787.1],[86.791968,27.929558,4785.5],[86.791952,27.929707,4785.3],[86.791909,27.929783,4783.6],[86.791907,27.929866,4783.3],[86.791866,27.930046,4782.0],[86.791834,27.930183,4781.0],[86.791839,27.930401,4780.5],[86.791869,27.930515,4780.4],[86.791885,27.930714,4779.5],[86.791831,27.930885,4778.4],[86.791778,27.931055,4778.2],[86.791743,27.931152,4778.5],[86.79177,27.931228,4779.4]]}},
{"type":"Feature","properties":{"trail":"Three Passes Trek","hero":false,"class":null,"length_m":460.4},"geometry":{"type":"LineString","coordinates":[[86.792026,27.928747,4794.5],[86.791987,27.928894,4791.8],[86.791947,27.929041,4788.5],[86.791936,27.929256,4785.7],[86.791853,27.929461,4780.3],[86.791695,27.929652,4775.4],[86.791611,27.929801,4774.4],[86.791527,27.929949,4774.1],[86.791419,27.930066,4772.8],[86.791312,27.930183,4773.2],[86.791028,27.930233,4774.2],[86.790837,27.930292,4775.6],[86.790645,27.93035,4776.2],[86.790453,27.930389,4777.6],[86.790265,27.930353,4779.5],[86.790113,27.930289,4781.0],[86.78996,27.930224,4781.0],[86.789734,27.930203,4780.3],[86.789508,27.930182,4779.7],[86.789345,27.930196,4780.8],[86.789182,27.93021,4782.7],[86.788934,27.930323,4784.7],[86.788744,27.930358,4787.1],[86.788554,27.930394,4791.6]]}},
{"type":"Feature","properties":{"trail":"Three Passes Trek","hero":false,"class":null,"length_m":278.3},"geometry":{"type":"LineString","coordinates":[[86.782063,27.93768,4751.4],[86.782162,27.937513,4752.5],[86.78232,27.937335,4753.4],[86.782505,27.937181,4754.9],[86.78263,27.936997,4755.2],[86.782754,27.936813,4756.7],[86.782862,27.936638,4757.2],[86.783017,27.936573,4758.7],[86.783194,27.936486,4759.2],[86.783356,27.936383,4758.5],[86.783519,27.93628,4758.2],[86.783691,27.936093,4759.2],[86.78375,27.935992,4761.2],[86.783739,27.935792,4762.8]]}},
{"type":"Feature","properties":{"trail":null,"hero":false,"class":"path","length_m":523.3},"geometry":{"type":"LineString","coordinates":[[86.783739,27.935792,4762.8],[86.78364,27.935676,4761.8],[86.783696,27.935434,4765.3],[86.783685,27.935268,4765.5],[86.783707,27.935053,4766.0],[86.783677,27.934785,4766.4],[86.78364,27.934631,4766.2],[86.783602,27.934477,4766.0],[86.783622,27.93428,4768.8],[86.783642,27.934083,4769.8],[86.783661,27.933887,4768.1],[86.783736,27.93364,4768.8],[86.783766,27.933435,4766.8],[86.783795,27.93323,4763.2],[86.783919,27.933051,4765.0],[86.784042,27.932872,4765.9],[86.784179,27.932701,4766.5],[86.784316,27.93253,4766.7],[86.784453,27.932358,4764.7],[86.784638,27.93228,4767.9],[86.784852,27.932138,4768.3],[86.784986,27.932041,4768.5],[86.78512,27.931944,4768.4],[86.785362,27.931851,4772.9],[86.785466,27.931851,4777.0]]}},
{"type":"Feature","properties":{"trail":"Three Passes Trek","hero":false,"class":null,"length_m":83.6},"geometry":{"type":"LineString","coordinates":[[86.783739,27.935792,4762.8],[86.783795,27.935532,4767.5],[86.783798,27.935361,4768.4],[86.783833,27.935211,4769.8],[86.783864,27.935048,4770.8]]}},
{"type":"Feature","properties":{"trail":null,"hero":false,"class":"path","length_m":71.7},"geometry":{"type":"LineString","coordinates":[[86.791278,27.935529,4855.8],[86.791111,27.935378,4847.2],[86.790933,27.935263,4845.1],[86.790868,27.935249,4845.4],[86.790891,27.935143,4840.2],[86.790896,27.935071,4836.8]]}},
{"type":"Feature","properties":{"trail":null,"hero":false,"class":"path","length_m":68.2},"geometry":{"type":"LineString","coordinates":[[86.791278,27.935529,4855.8],[86.791177,27.93532,4846.3],[86.791094,27.935223,4841.1],[86.791121,27.935157,4837.7],[86.791158,27.93504,4832.8],[86.791132,27.934968,4829.0]]}},
{"type":"Feature","properties":{"trail":null,"hero":false,"class":"path","length_m":1221.2},"geometry":{"type":"LineString","coordinates":[[86.809227,27.917658,4590.2],[86.809219,27.917828,4593.0],[86.809212,27.917997,4595.0],[86.809221,27.918234,4597.8],[86.80923,27.918471,4600.7],[86.809255,27.918688,4603.3],[86.809279,27.918904,4605.6],[86.80928,27.91905,4608.1],[86.809281,27.919196,4610.8],[86.809302,27.919447,4615.8],[86.809322,27.919697,4619.9],[86.809305,27.919867,4623.0],[86.809288,27.920036,4625.9],[86.809295,27.920257,4629.6],[86.809301,27.920478,4633.2],[86.8093,27.920644,4636.0],[86.809298,27.92081,4638.9],[86.809309,27.92101,4641.7],[86.809319,27.921211,4644.2],[86.809356,27.921406,4646.2],[86.809393,27.921601,4649.0],[86.809371,27.921792,4652.6],[86.809348,27.921982,4656.0],[86.809381,27.922247,4659.3],[86.809453,27.922503,4661.5],[86.809398,27.922697,4664.7],[86.809329,27.922884,4668.4],[86.809304,27.923053,4671.3],[86.80928,27.923222,4674.3],[86.80934,27.923475,4677.8],[86.809379,27.923618,4679.6],[86.809417,27.92376,4681.8],[86.809417,27.923905,4683.7],[86.809356,27.924028,4684.0],[86.80938,27.924293,4688.4],[86.809466,27.924442,4692.8],[86.809526,27.924678,4695.6],[86.809689,27.924886,4701.8],[86.809678,27.925026,4704.1],[86.809666,27.925166,4705.8],[86.809785,27.925382,4711.5],[86.809832,27.925574,4714.4],[86.809878,27.925765,4716.9],[86.809931,27.925886,4719.8],[86.809986,27.926041,4724.0],[86.810113,27.926218,4728.1],[86.810245,27.926324,4731.6],[86.810336,27.926432,4734.5],[86.810405,27.926611,4737.4],[86.810513,27.9267,4740.1],[86.810618,27.92683,4743.1],[86.810808,27.926798,4747.7],[86.811005,27.92684,4753.2],[86.81119,27.9269,4758.9],[86.811403,27.926883,4765.9],[86.811605,27.926922,4773.3],[86.811846,27.926901,4782.2],[86.81205,27.926862,4790.5],[86.812238,27.926894,4797.4]]}},
{"type":"Feature","properties":{"trail":null,"hero":false,"class":"path","length_m":89.9},"geometry":{"type":"LineString","coordinates":[[86.807532,27.922526,4589.2],[86.807468,27.922532,4586.6],[86.807397,27.922708,4586.4],[86.807389,27.922597,4584.1],[86.807359,27.922615,4583.0],[86.807344,27.922604,4582.1],[86.807315,27.922538,4579.6],[86.807254,27.922572,4577.4],[86.807214,27.92251,4574.5],[86.807164,27.922521,4572.7],[86.807148,27.922437,4571.2],[86.807106,27.922378,4569.0]]}},
{"type":"Feature","properties":{"trail":null,"hero":false,"class":"path","length_m":166.4},"geometry":{"type":"LineString","coordinates":[[86.807106,27.922378,4569.0],[86.807018,27.922573,4567.8],[86.806976,27.922777,4569.4],[86.806977,27.922921,4571.6],[86.806824,27.922929,4569.6],[86.806721,27.922959,4569.6],[86.806658,27.923211,4574.6],[86.806595,27.923464,4580.1],[86.806399,27.923544,4583.1]]}},
{"type":"Feature","properties":{"trail":null,"hero":false,"class":"path","length_m":428.9},"geometry":{"type":"LineString","coordinates":[[86.818899,27.887318,4242.8],[86.819065,27.887386,4248.0],[86.81913,27.887417,4250.0],[86.819244,27.887345,4254.8],[86.819328,27.887339,4257.3],[86.819427,27.887372,4259.8],[86.819492,27.887465,4260.8],[86.819529,27.887471,4261.8],[86.819569,27.887372,4263.5],[86.819609,27.887281,4265.1],[86.819611,27.887211,4265.6],[86.819634,27.887165,4266.6],[86.819627,27.88711,4267.0],[86.819716,27.886905,4270.7],[86.819751,27.886895,4272.0],[86.819742,27.886819,4271.9],[86.819788,27.886709,4273.8],[86.81973,27.886656,4272.1],[86.819749,27.886445,4271.6],[86.819884,27.886305,4272.8],[86.819971,27.886323,4273.9],[86.820071,27.886272,4275.1],[86.820127,27.886297,4276.3],[86.820212,27.886134,4277.9],[86.820234,27.886028,4279.0],[86.820263,27.885929,4280.4],[86.820339,27.885759,4282.3],[86.820421,27.88564,4283.5],[86.820463,27.885587,4284.3],[86.820484,27.885512,4284.6],[86.820564,27.88544,4286.9],[86.820601,27.885248,4289.3],[86.820692,27.885034,4295.8],[86.820779,27.884879,4300.8],[86.820853,27.884809,4304.8],[86.820883,27.884808,4306.2]]}},
{"type":"Feature","properties":{"trail":null,"hero":false,"class":"path","length_m":466.9},"geometry":{"type":"LineString","coordinates":[[86.818899,27.887318,4242.8],[86.818892,27.887205,4244.3],[86.818829,27.887102,4243.6],[86.818703,27.886992,4240.6],[86.81867,27.886875,4238.1],[86.818801,27.886842,4243.1],[86.818857,27.886699,4243.6],[86.818845,27.886606,4240.9],[86.818843,27.886437,4236.1],[86.818906,27.886206,4233.6],[86.818939,27.886179,4235.4],[86.818915,27.886103,4231.3],[86.818948,27.886092,4233.5],[86.818993,27.885951,4232.6],[86.819039,27.88581,4231.8],[86.819076,27.885657,4230.0],[86.819041,27.885549,4225.4],[86.81903,27.885436,4222.5],[86.819088,27.885347,4223.4],[86.819109,27.885195,4221.6],[86.81913,27.885042,4219.7],[86.819111,27.884982,4218.1],[86.819125,27.884937,4218.6],[86.819086,27.884831,4216.6],[86.819069,27.884699,4215.9],[86.818976,27.884592,4213.4],[86.818921,27.884412,4213.4],[86.818866,27.884233,4213.2],[86.818801,27.884144,4211.8],[86.818731,27.884005,4208.9],[86.818661,27.883865,4204.9],[86.818616,27.88382,4202.4],[86.818612,27.883766,4201.8],[86.818539,27.883673,4202.3],[86.818544,27.883593,4201.6],[86.818509,27.883556,4201.9],[86.818469,27.883496,4202.2]]}},
{"type":"Feature","properties":{"trail":null,"hero":false,"class":"path","length_m":119.4},"geometry":{"type":"LineString","coordinates":[[86.77762,27.845067,3767.1],[86.777758,27.845031,3769.6],[86.777903,27.845119,3771.4],[86.778047,27.845207,3772.5],[86.778176,27.845295,3774.8],[86.778388,27.845207,3781.8],[86.778584,27.845337,3787.5],[86.778576,27.845269,3786.8]]}},
{"type":"Feature","properties":{"trail":null,"hero":false,"class":"path","length_m":20.9},"geometry":{"type":"LineString","coordinates":[[86.74661,27.846714,3772.4],[86.746542,27.846665,3772.0],[86.746418,27.846669,3770.6]]}},
{"type":"Feature","properties":{"trail":null,"hero":false,"class":"path","length_m":332.3},"geometry":{"type":"LineString","coordinates":[[86.746418,27.846669,3770.6],[86.746346,27.846687,3769.2],[86.746144,27.846637,3766.4],[86.746113,27.84667,3765.9],[86.746019,27.846682,3761.7],[86.745944,27.846662,3759.5],[86.745772,27.846521,3757.3],[86.745776,27.846452,3759.7],[86.745809,27.846305,3762.9],[86.745794,27.846243,3762.7],[86.745756,27.84612,3762.8],[86.74577,27.845895,3762.7],[86.745802,27.845767,3762.7],[86.74577,27.845679,3762.5],[86.745689,27.845577,3762.6],[86.745641,27.845494,3762.5],[86.745657,27.845406,3762.2],[86.745657,27.84533,3761.9],[86.745609,27.845233,3761.2],[86.745563,27.845145,3760.2],[86.745542,27.844929,3753.5],[86.745585,27.844866,3750.7],[86.745697,27.844801,3750.8],[86.745856,27.84478,3755.2],[86.74589,27.844777,3755.7],[86.745983,27.844733,3756.6],[86.746097,27.844607,3753.7],[86.74616,27.844628,3755.3]]}},
{"type":"Feature","properties":{"trail":null,"hero":false,"class":"path","length_m":874.5},"geometry":{"type":"LineString","coordinates":[[86.746418,27.846669,3770.6],[86.74647,27.846781,3769.6],[86.746547,27.846874,3769.9],[86.746427,27.84683,3768.1],[86.74651,27.846934,3768.4],[86.746411,27.846914,3766.3],[86.746502,27.846968,3766.2],[86.746574,27.847038,3762.5],[86.746564,27.847088,3758.2],[86.746553,27.847175,3751.0],[86.746604,27.847231,3747.8],[86.74668,27.847239,3749.0],[86.746792,27.847303,3747.3],[86.746859,27.847394,3741.7],[86.746956,27.847524,3734.5],[86.747017,27.847707,3725.9],[86.747049,27.847813,3721.1],[86.747022,27.847888,3716.7],[86.747089,27.847934,3717.1],[86.747162,27.848018,3715.5],[86.747197,27.848208,3712.5],[86.747167,27.848316,3709.4],[86.747113,27.848447,3706.2],[86.747043,27.84853,3702.4],[86.746963,27.848644,3697.5],[86.746998,27.848734,3697.5],[86.747046,27.848798,3698.6],[86.747091,27.848901,3698.6],[86.747108,27.848987,3697.5],[86.747065,27.849035,3694.0],[86.747017,27.84907,3690.3],[86.746963,27.84916,3684.5],[86.746979,27.849234,3684.1],[86.747012,27.849397,3683.2],[86.746955,27.849537,3676.8],[86.746947,27.849677,3674.0],[86.746903,27.849917,3674.6],[86.746839,27.850052,3672.0],[86.746775,27.850186,3667.6],[86.746695,27.850247,3662.6],[86.746705,27.85036,3663.6],[86.746618,27.850492,3659.7],[86.74653,27.850625,3656.4],[86.746499,27.850728,3656.1],[86.746379,27.850785,3651.0],[86.746282,27.850851,3646.9],[86.746172,27.850894,3641.6],[86.745984,27.85107,3634.7],[86.745912,27.851096,3631.7],[86.745818,27.851157,3628.5],[86.745677,27.85121,3622.6],[86.74565,27.851308,3623.3],[86.74567,27.851475,3628.2],[86.745559,27.851512,3625.7],[86.745485,27.851425,3619.1],[86.745434,27.851423,3617.0],[86.745362,27.851443,3615.2],[86.745232,27.851486,3611.9],[86.745117,27.851544,3608.3],[86.744884,27.851662,3600.4],[86.744658,27.851533,3591.2],[86.744599,27.851544,3591.0],[86.744521,27.851561,3590.7],[86.744458,27.851626,3590.7],[86.744398,27.851689,3591.5],[86.744308,27.851763,3593.0],[86.744145,27.851801,3593.8],[86.743945,27.851708,3597.9]]}},
{"type":"Feature","properties":{"trail":null,"hero":false,"class":"path","length_m":162.1},"geometry":{"type":"LineString","coordinates":[[86.743945,27.851708,3597.9],[86.743855,27.85168,3601.5],[86.743695,27.851592,3612.6],[86.743709,27.851327,3618.5],[86.743602,27.851354,3624.1],[86.743539,27.85118,3631.1],[86.743385,27.851298,3638.7],[86.743231,27.851415,3647.2],[86.743215,27.851354,3649.3],[86.743045,27.851392,3660.1],[86.742993,27.85132,3665.8]]}},
{"type":"Feature","properties":{"trail":null,"hero":false,"class":"path","length_m":26.5},"geometry":{"type":"LineString","coordinates":[[86.82063,27.893171,4253.6],[86.820791,27.893363,4256.1]]}},
{"type":"Feature","properties":{"trail":null,"hero":false,"class":"path","length_m":139.1},"geometry":{"type":"LineString","coordinates":[[86.820791,27.893363,4256.1],[86.820992,27.89346,4264.0],[86.821032,27.893394,4265.4],[86.821091,27.893422,4268.1],[86.821137,27.893368,4270.5],[86.821266,27.893552,4280.6],[86.821325,27.893406,4283.8],[86.821352,27.893439,4285.9],[86.821389,27.893372,4288.0],[86.821491,27.893398,4295.7],[86.821507,27.893439,4297.4],[86.821547,27.893472,4300.9],[86.82155,27.893515,4301.8],[86.821585,27.893562,4305.3],[86.821664,27.893534,4311.2]]}},
{"type":"Feature","properties":{"trail":null,"hero":false,"class":"path","length_m":26.6},"geometry":{"type":"LineString","coordinates":[[86.821664,27.893534,4311.2],[86.821708,27.893607,4315.6],[86.821714,27.893666,4315.8],[86.821771,27.893749,4319.5]]}},
{"type":"Feature","properties":{"trail":null,"hero":false,"class":"path","length_m":252.3},"geometry":{"type":"LineString","coordinates":[[86.821771,27.893749,4319.5],[86.821739,27.893891,4316.8],[86.821707,27.894034,4314.8],[86.821635,27.894166,4309.1],[86.821562,27.894299,4305.7],[86.821463,27.894515,4300.0],[86.821364,27.894731,4293.6],[86.821297,27.894927,4288.4],[86.82123,27.895124,4282.8],[86.821128,27.895333,4275.7],[86.821004,27.895527,4272.3],[86.820972,27.895722,4273.1],[86.820784,27.895745,4267.2]]}},
{"type":"Feature","properties":{"trail":null,"hero":false,"class":"path","length_m":109.0},"geometry":{"type":"LineString","coordinates":[[86.788434,27.857069,3997.5],[86.788383,27.857222,4000.8],[86.788343,27.857266,4002.5],[86.788283,27.85738,4006.5],[86.788343,27.857486,4008.6],[86.7885,27.857495,4009.9],[86.788766,27.857493,4014.6],[86.788884,27.857594,4023.6]]}},
{"type":"Feature","properties":{"trail":null,"hero":false,"class":"path","length_m":44.2},"geometry":{"type":"LineString","coordinates":[[86.788434,27.857069,3997.5],[86.788437,27.85716,3999.0],[86.788516,27.857215,3999.0],[86.788641,27.857182,3997.3],[86.788741,27.857132,3996.3]]}},
{"type":"Feature","properties":{"trail":null,"hero":false,"class":"path","length_m":110.4},"geometry":{"type":"LineString","coordinates":[[86.788884,27.857594,4023.6],[86.789059,27.85758,4026.0],[86.789254,27.85759,4031.4],[86.789422,27.857519,4032.3],[86.789551,27.857476,4034.9],[86.78983,27.857398,4041.3],[86.789963,27.857381,4045.7]]}},
{"type":"Feature","properties":{"trail":null,"hero":false,"class":"path","length_m":430.7},"geometry":{"type":"LineString","coordinates":[[86.788884,27.857594,4023.6],[86.788716,27.857616,4020.1],[86.78852,27.857642,4017.8],[86.78845,27.857697,4020.2],[86.788324,27.857796,4024.9],[86.788145,27.857865,4027.9],[86.788099,27.857941,4032.2],[86.787898,27.858,4036.6],[86.787762,27.85803,4039.1],[86.787651,27.858036,4041.9],[86.78749,27.858036,4045.9],[86.787353,27.858,4051.1],[86.787179,27.857998,4058.7],[86.787015,27.85796,4062.3],[86.786833,27.857872,4063.0],[86.786677,27.857832,4066.7],[86.786508,27.857948,4073.0],[86.786377,27.857903,4070.8],[86.786356,27.85778,4064.7],[86.786447,27.857583,4057.6],[86.786345,27.857493,4059.5],[86.786417,27.857374,4053.0],[86.786484,27.857227,4047.2],[86.786581,27.856988,4039.4],[86.786691,27.856826,4029.9],[86.786948,27.856765,4021.0]]}},
{"type":"Feature","properties":{"trail":null,"hero":false,"class":"path","length_m":68.8},"geometry":{"type":"LineString","coordinates":[[86.789963,27.857381,4045.7],[86.789939,27.857431,4047.1],[86.789915,27.857464,4047.8],[86.789861,27.857547,4049.5],[86.78981,27.857633,4051.6],[86.789671,27.857863,4058.7],[86.789637,27.857929,4060.7]]}},
{"type":"Feature","properties":{"trail":null,"hero":false,"class":"path","length_m":308.4},"geometry":{"type":"LineString","coordinates":[[86.742993,27.85132,3665.8],[86.742874,27.851471,3670.6],[86.742707,27.851553,3680.7],[86.742516,27.851548,3695.7],[86.742344,27.851684,3704.2],[86.742312,27.851849,3697.8],[86.742303,27.85202,3688.6],[86.742143,27.852159,3691.4],[86.741982,27.852299,3695.5],[86.741822,27.852438,3700.1],[86.741773,27.852528,3699.5],[86.741641,27.852549,3706.4],[86.741461,27.852647,3711.2],[86.741281,27.852745,3716.6],[86.741236,27.852894,3711.8],[86.741191,27.853044,3706.6],[86.74106,27.853157,3703.6],[86.741,27.853162,3703.2]]}},
{"type":"Feature","properties":{"trail":null,"hero":false,"class":"path","length_m":116.7},"geometry":{"type":"LineString","coordinates":[[86.742993,27.85132,3665.8],[86.742981,27.851275,3668.0],[86.74316,27.851131,3657.3],[86.743287,27.850906,3653.7],[86.74324,27.850779,3660.5],[86.74325,27.85061,3661.5],[86.743259,27.85044,3661.5],[86.743269,27.850374,3660.9]]}},
{"type":"Feature","properties":{"trail":null,"hero":false,"class":"path","length_m":482.1},"geometry":{"type":"LineString","coordinates":[[86.790896,27.935071,4836.8],[86.790868,27.934984,4833.2],[86.790879,27.93491,4829.5],[86.790796,27.93478,4824.2],[86.790713,27.93465,4818.5],[86.790831,27.9345,4811.1],[86.790718,27.934371,4807.0],[86.790605,27.934242,4804.1],[86.790534,27.934087,4801.6],[86.790463,27.933932,4800.3],[86.790595,27.933809,4799.8],[86.790724,27.933636,4799.1],[86.790893,27.933494,4797.2],[86.791062,27.933352,4795.0],[86.79108,27.933176,4792.5],[86.791099,27.933001,4790.2],[86.791156,27.932809,4788.2],[86.791215,27.932582,4786.0],[86.791207,27.932404,4784.3],[86.791233,27.93224,4782.8],[86.791325,27.932058,4782.0],[86.791424,27.931936,4781.6],[86.791561,27.93175,4782.4],[86.791603,27.931662,4782.5],[86.791687,27.931445,4780.9],[86.79177,27.931228,4779.4]]}},
{"type":"Feature","properties":{"trail":null,"hero":false,"class":"path","length_m":26.0},"geometry":{"type":"LineString","coordinates":[[86.790896,27.935071,4836.8],[86.791003,27.93501,4832.1],[86.791132,27.934968,4829.0]]}},
{"type":"Feature","properties":{"trail":null,"hero":false,"class":"path","length_m":445.5},"geometry":{"type":"LineString","coordinates":[[86.79177,27.931228,4779.4],[86.791818,27.931321,4780.6],[86.791783,27.931461,4781.7],[86.791762,27.931609,4782.9],[86.791708,27.931743,4783.6],[86.791738,27.931961,4784.6],[86.791815,27.9321,4786.2],[86.79181,27.932275,4787.0],[86.791869,27.932489,4787.2],[86.791928,27.932702,4787.5],[86.791906,27.932841,4788.1],[86.791885,27.93298,4789.3],[86.791833,27.933106,4790.6],[86.791831,27.933256,4792.4],[86.791831,27.93341,4793.8],[86.791831,27.933564,4794.9],[86.791799,27.93383,4798.6],[86.791735,27.934048,4802.9],[86.791645,27.934093,4803.2],[86.791617,27.934204,4805.7],[86.791564,27.934348,4810.0],[86.791505,27.934423,4811.9],[86.791536,27.934535,4817.5],[86.791415,27.934623,4818.3],[86.791335,27.934747,4821.6],[86.791234,27.934858,4826.0],[86.791132,27.934968,4829.0]]}},
{"type":"Feature","properties":{"trail":null,"hero":false,"class":"path","length_m":366.9},"geometry":{"type":"LineString","coordinates":[[86.788554,27.930394,4791.6],[86.788323,27.930228,4792.0],[86.788151,27.930299,4794.3],[86.787918,27.930427,4797.8],[86.787685,27.930555,4797.7],[86.787478,27.930678,4796.3],[86.787272,27.930801,4793.0],[86.787096,27.930959,4793.7],[86.78692,27.931117,4795.7],[86.786696,27.93122,4792.2],[86.786472,27.931323,4788.1],[86.786317,27.931474,4789.2],[86.786115,27.931586,4786.1],[86.785914,27.931697,4784.5],[86.785735,27.931725,4779.8],[86.785544,27.931797,4777.1],[86.785466,27.931851,4777.0]]}},
{"type":"Feature","properties":{"trail":"Three Passes Trek","hero":false,"class":null,"length_m":35.2},"geometry":{"type":"LineString","coordinates":[[86.788554,27.930394,4791.6],[86.788382,27.930439,4798.2],[86.78821,27.930484,4803.6]]}},
{"type":"Feature","properties":{"trail":null,"hero":false,"class":"path","length_m":416.1},"geometry":{"type":"LineString","coordinates":[[86.785466,27.931851,4777.0],[86.785281,27.931972,4776.7],[86.785163,27.932067,4777.4],[86.785032,27.932158,4777.3],[86.7849,27.932249,4777.0],[86.784746,27.932358,4777.7],[86.784592,27.932467,4777.8],[86.784453,27.932638,4779.2],[86.784353,27.932787,4780.1],[86.784254,27.932937,4780.6],[86.784157,27.933102,4782.1],[86.784061,27.933268,4781.2],[86.783994,27.933408,4780.5],[86.783927,27.933548,4778.9],[86.78386,27.933737,4778.3],[86.783814,27.933912,4778.5],[86.783768,27.934086,4777.7],[86.783756,27.934284,4776.5],[86.783744,27.934481,4773.3],[86.783806,27.934735,4772.3],[86.783835,27.934892,4771.4],[86.783864,27.935048,4770.8]]}},
{"type":"Feature","properties":{"trail":"Three Passes Trek","hero":false,"class":null,"length_m":213.3},"geometry":{"type":"LineString","coordinates":[[86.78821,27.930484,4803.6],[86.788022,27.930555,4809.9],[86.787765,27.930654,4808.1],[86.787647,27.930766,4809.9],[86.787556,27.930903,4813.4],[86.787459,27.931045,4817.2],[86.787363,27.931186,4819.9],[86.787192,27.931336,4818.8],[86.787022,27.931485,4818.2],[86.786851,27.931635,4818.1],[86.786681,27.931784,4818.3]]}},
{"type":"Feature","properties":{"trail":"Three Passes Trek","hero":false,"class":null,"length_m":493.0},"geometry":{"type":"LineString","coordinates":[[86.783864,27.935048,4770.8],[86.78389,27.934912,4773.1],[86.783875,27.934744,4775.1],[86.78386,27.934576,4777.5],[86.783853,27.934406,4780.1],[86.783846,27.934237,4782.3],[86.783906,27.934053,4786.0],[86.783967,27.93387,4788.1],[86.784062,27.933763,4792.3],[86.784157,27.933656,4796.4],[86.784267,27.933494,4800.0],[86.784376,27.933331,4802.7],[86.784486,27.933169,4802.2],[86.784703,27.932995,4807.6],[86.784919,27.93282,4809.9],[86.785148,27.93268,4812.3],[86.785377,27.932541,4813.6],[86.785632,27.932446,4816.7],[86.785886,27.932351,4819.4],[86.78608,27.932242,4818.5],[86.786274,27.932133,4818.5],[86.78642,27.932009,4817.9],[86.786566,27.931885,4817.9],[86.786681,27.931784,4818.3]]}},
{"type":"Feature","properties":{"trail":"Three Passes Trek","hero":false,"class":null,"length_m":1159.4},"geometry":{"type":"LineString","coordinates":[[86.831217,27.935294,5260.6],[86.831095,27.935439,5257.8],[86.830974,27.935583,5256.6],[86.830827,27.935771,5252.4],[86.830676,27.935837,5250.1],[86.830503,27.935903,5246.0],[86.830429,27.935866,5246.2],[86.830383,27.935887,5244.6],[86.830329,27.935868,5244.4],[86.830325,27.935893,5243.4],[86.830293,27.935926,5241.7],[86.830292,27.936022,5238.2],[86.830227,27.935995,5237.5],[86.83019,27.935955,5237.9],[86.830134,27.935924,5237.2],[86.829863,27.935902,5228.9],[86.829774,27.935937,5225.1],[86.829675,27.93592,5222.0],[86.829668,27.935957,5220.8],[86.829602,27.935939,5218.9],[86.829594,27.935971,5217.7],[86.829551,27.935955,5216.5],[86.829546,27.936017,5214.5],[86.829474,27.93603,5211.2],[86.829455,27.936082,5208.6],[86.829363,27.936095,5205.0],[86.829311,27.936205,5200.4],[86.829049,27.936322,5186.4],[86.828788,27.936438,5176.8],[86.828509,27.936361,5165.9],[86.828239,27.936481,5155.3],[86.828216,27.936646,5154.1],[86.828057,27.936672,5142.7],[86.827898,27.936698,5137.2],[86.827756,27.936762,5132.0],[86.827614,27.936826,5126.0],[86.827405,27.936998,5116.9],[86.827238,27.937012,5109.7],[86.827072,27.937025,5102.1],[86.82685,27.937096,5092.2],[86.826628,27.937167,5080.1],[86.826402,27.937339,5065.1],[86.826177,27.93751,5049.5],[86.826037,27.937685,5042.5],[86.825897,27.937861,5035.8],[86.825735,27.937851,5031.9],[86.825673,27.937975,5028.6],[86.825525,27.9381,5022.6],[86.825378,27.938225,5019.2],[86.825105,27.9383,5011.9],[86.824869,27.938441,5005.6],[86.824634,27.938581,4998.4],[86.824424,27.938689,4987.6],[86.82436,27.938865,4985.6],[86.824223,27.939005,4978.5],[86.823921,27.939038,4969.2],[86.823619,27.939071,4957.5],[86.823463,27.939,4952.3],[86.823327,27.939109,4947.7],[86.82319,27.939218,4941.2],[86.822994,27.939236,4933.9],[86.822798,27.939255,4927.7],[86.822617,27.939335,4922.4],[86.822463,27.939341,4918.7],[86.822308,27.939347,4916.2],[86.822173,27.939486,4912.4],[86.822037,27.939625,4909.2],[86.821902,27.939764,4906.6]]}},
{"type":"Feature","properties":{"trail":"Three Passes Trek","hero":false,"class":null,"length_m":651.7},"geometry":{"type":"LineString","coordinates":[[86.821902,27.939764,4906.6],[86.821764,27.939972,4903.0],[86.821625,27.94018,4900.2],[86.821406,27.940244,4899.7],[86.821281,27.940354,4897.8],[86.821155,27.940465,4895.8],[86.82102,27.940685,4893.7],[86.820792,27.940772,4894.4],[86.820558,27.940835,4897.0],[86.820325,27.940897,4899.8],[86.820178,27.940891,4902.2],[86.819892,27.940975,4911.5],[86.819684,27.94092,4916.8],[86.819608,27.940962,4920.6],[86.819516,27.940978,4924.5],[86.819483,27.941033,4926.8],[86.819419,27.941014,4929.2],[86.819351,27.941057,4933.5],[86.819322,27.94105,4934.8],[86.819302,27.941088,4936.7],[86.819268,27.941074,4938.1],[86.819249,27.941123,4940.5],[86.819187,27.941099,4942.9],[86.819157,27.941136,4945.7],[86.819095,27.941167,4949.4],[86.819076,27.941296,4954.3],[86.819003,27.94141,4960.1],[86.818909,27.94155,4961.4],[86.818874,27.941476,4962.3],[86.818753,27.941415,4957.9],[86.818564,27.941354,4951.4],[86.818506,27.941248,4951.4],[86.818446,27.941147,4950.2],[86.818419,27.941007,4949.2],[86.818324,27.940866,4945.4],[86.818233,27.940738,4946.6],[86.818184,27.940665,4946.8],[86.818114,27.94061,4945.7],[86.818108,27.940531,4945.9],[86.81801,27.940437,4944.7],[86.817956,27.940326,4944.7],[86.817911,27.940243,4944.9],[86.81785,27.940139,4944.7],[86.817778,27.940072,4942.4],[86.817748,27.940028,4942.1],[86.817706,27.939914,4943.2],[86.817642,27.939804,4943.6],[86.817585,27.939706,4943.4]]}},
{"type":"Feature","properties":{"trail":null,"hero":false,"class":"path","length_m":489.4},"geometry":{"type":"LineString","coordinates":[[86.821902,27.939764,4906.6],[86.821817,27.939717,4906.7],[86.821667,27.939745,4905.4],[86.821399,27.939872,4903.1],[86.821154,27.940013,4901.1],[86.820934,27.940018,4898.8],[86.820717,27.940055,4895.8],[86.820436,27.940059,4893.2],[86.820155,27.940064,4892.4],[86.819982,27.939988,4892.2],[86.819808,27.939911,4893.3],[86.819564,27.939858,4895.7],[86.81932,27.939804,4901.0],[86.819087,27.939917,4912.7],[86.818841,27.939821,4921.1],[86.81864,27.939861,4933.5],[86.818498,27.93981,4940.3],[86.818356,27.939759,4947.6],[86.818226,27.939816,4953.1],[86.818057,27.939647,4957.0],[86.817805,27.93952,4953.9],[86.81759,27.939408,4946.5],[86.817375,27.939296,4941.1]]}},
{"type":"Feature","properties":{"trail":null,"hero":false,"class":"path","length_m":604.1},"geometry":{"type":"LineString","coordinates":[[86.824601,27.885244,4280.6],[86.824531,27.885266,4282.5],[86.824415,27.88525,4282.1],[86.824386,27.885378,4285.5],[86.82438,27.885532,4290.3],[86.824313,27.885641,4290.9],[86.824295,27.8858,4294.8],[86.824151,27.885868,4291.8],[86.824008,27.885937,4290.3],[86.823975,27.885973,4290.9],[86.823887,27.885977,4288.6],[86.823718,27.886051,4286.6],[86.823629,27.886044,4283.6],[86.823474,27.886117,4284.1],[86.823358,27.886115,4283.0],[86.823259,27.886191,4283.7],[86.823117,27.886219,4283.3],[86.823018,27.886193,4285.4],[86.822868,27.886103,4296.0],[86.822865,27.886004,4294.4],[86.822892,27.885925,4291.4],[86.822881,27.885842,4290.6],[86.822897,27.885764,4289.4],[86.822854,27.88565,4290.8],[86.822744,27.885544,4294.0],[86.822567,27.885451,4296.8],[86.822492,27.885368,4297.3],[86.822409,27.885316,4300.5],[86.822363,27.885167,4301.2],[86.82228,27.884998,4304.1],[86.8222,27.884944,4306.1],[86.822087,27.884901,4309.8],[86.821988,27.88479,4311.3],[86.821932,27.884771,4313.8],[86.821897,27.884667,4312.7],[86.821733,27.884555,4317.8],[86.821671,27.884451,4317.6],[86.821529,27.88428,4319.5],[86.821403,27.884254,4323.6],[86.821285,27.884278,4323.5],[86.82117,27.884358,4322.2],[86.821111,27.884325,4321.7],[86.82103,27.884382,4317.3],[86.821017,27.884463,4315.7],[86.820963,27.884595,4311.7],[86.820883,27.884808,4306.2]]}},
{"type":"Feature","properties":{"trail":null,"hero":false,"class":"path","length_m":38.6},"geometry":{"type":"LineString","coordinates":[[86.770158,27.839601,3721.9],[86.770248,27.839447,3724.0],[86.770338,27.839292,3726.9]]}},
{"type":"Feature","properties":{"trail":null,"hero":false,"class":"path","length_m":39.1},"geometry":{"type":"LineString","coordinates":[[86.764415,27.835707,3858.0],[86.764672,27.835751,3855.2],[86.764783,27.835819,3852.3]]}},
{"type":"Feature","properties":{"trail":null,"hero":false,"class":"path","length_m":93.8},"geometry":{"type":"LineString","coordinates":[[86.764783,27.835819,3852.3],[86.764965,27.83593,3848.9],[86.765092,27.836007,3846.9],[86.76522,27.836083,3844.8],[86.765342,27.836183,3844.8],[86.765464,27.836283,3844.7],[86.765508,27.836355,3844.0]]}},
{"type":"Feature","properties":{"trail":null,"hero":false,"class":"path","length_m":158.6},"geometry":{"type":"LineString","coordinates":[[86.764783,27.835819,3852.3],[86.764902,27.835827,3850.7],[86.765112,27.835882,3848.3],[86.765323,27.835936,3846.9],[86.765548,27.836012,3847.4],[86.765773,27.836087,3848.7],[86.765998,27.836225,3850.0],[86.766185,27.836432,3850.8]]}},
{"type":"Feature","properties":{"trail":null,"hero":false,"class":"path","length_m":33.3},"geometry":{"type":"LineString","coordinates":[[86.818678,27.850538,4448.8],[86.818738,27.850501,4450.3],[86.818802,27.850541,4452.6],[86.818883,27.850507,4454.7],[86.818933,27.850513,4456.3],[86.818958,27.850479,4456.7]]}},
{"type":"Feature","properties":{"trail":null,"hero":false,"class":"path","length_m":162.2},"geometry":{"type":"LineString","coordinates":[[86.818958,27.850479,4456.7],[86.818936,27.850442,4455.6],[86.818929,27.850373,4454.5],[86.818926,27.850323,4453.8],[86.818866,27.850295,4451.7],[86.818788,27.850288,4449.8],[86.81877,27.850213,4448.5],[86.818848,27.850063,4448.8],[86.818887,27.8498,4448.1],[86.818859,27.849669,4445.2],[86.818936,27.849584,4446.5],[86.818883,27.849543,4443.4],[86.81889,27.84945,4441.6],[86.818933,27.849328,4438.8],[86.818837,27.849218,4431.9]]}},
{"type":"Feature","properties":{"trail":null,"hero":false,"class":"path","length_m":50.0},"geometry":{"type":"LineString","coordinates":[[86.817585,27.939706,4943.4],[86.81748,27.939501,4941.1],[86.817375,27.939296,4941.1]]}},
{"type":"Feature","properties":{"trail":"Everest Base Camp Trek","hero":true,"from_mile":0.0,"to_mile":1.907,"length_m":3069.1},"geometry":{"type":"LineString","coordinates":[[86.741,27.829827,3433.8],[86.741097,27.829975,3440.4],[86.741357,27.830037,3442.3],[86.741607,27.829908,3435.5],[86.741857,27.829779,3426.1],[86.74206,27.829758,3423.9],[86.742262,27.829736,3420.9],[86.742482,27.829834,3420.2],[86.742448,27.829935,3426.9],[86.74251,27.829923,3423.9],[86.74257,27.83013,3429.8],[86.742694,27.83024,3426.5],[86.742849,27.830335,3419.9],[86.743004,27.830429,3412.8],[86.743028,27.830349,3408.3],[86.743069,27.830503,3411.2],[86.743314,27.830616,3401.3],[86.743364,27.830567,3396.8],[86.743593,27.830635,3384.6],[86.743823,27.830703,3371.8],[86.74393,27.830634,3362.1],[86.744075,27.830819,3360.6],[86.744139,27.830614,3348.0],[86.744333,27.830751,3343.3],[86.744528,27.830887,3337.2],[86.744523,27.831034,3340.6],[86.744517,27.83118,3342.7],[86.744707,27.831387,3328.9],[86.744739,27.831329,3327.0],[86.744779,27.831425,3323.5],[86.744893,27.831403,3316.0],[86.744828,27.831626,3318.0],[86.745045,27.831769,3304.7],[86.745132,27.831922,3302.4],[86.745218,27.832074,3302.2],[86.745312,27.832173,3302.1],[86.745281,27.832296,3305.4],[86.745197,27.83229,3308.4],[86.745101,27.832211,3310.0],[86.745338,27.832079,3299.7],[86.745575,27.831947,3295.8],[86.745811,27.831815,3297.5],[86.746018,27.831742,3301.1],[86.746225,27.831669,3302.1],[86.746398,27.831777,3305.9],[86.746571,27.831884,3306.8],[86.746634,27.832034,3312.3],[86.746696,27.832183,3320.5],[86.74662,27.832285,3326.8],[86.746776,27.832449,3337.1],[86.747008,27.832518,3340.0],[86.74724,27.832587,3344.2],[86.747496,27.83258,3349.2],[86.747752,27.832573,3356.3],[86.747915,27.832503,3355.3],[86.748077,27.832432,3355.4],[86.748351,27.832453,3360.7],[86.748482,27.832537,3366.0],[86.748614,27.832622,3372.7],[86.748866,27.832678,3371.8],[86.748998,27.832786,3378.8],[86.749129,27.832894,3387.0],[86.749368,27.832938,3389.1],[86.749607,27.832982,3394.1],[86.749846,27.833025,3401.5],[86.750085,27.833069,3409.1],[86.750039,27.833215,3421.5],[86.749993,27.833362,3433.4],[86.750249,27.833321,3431.6],[86.750449,27.833389,3436.2],[86.750648,27.833457,3442.8],[86.750848,27.833525,3450.5],[86.750695,27.833652,3457.6],[86.750541,27.833778,3464.9],[86.75076,27.833838,3470.3],[86.750979,27.833899,3475.1],[86.751198,27.833959,3480.0],[86.751417,27.834019,3484.6],[86.75165,27.834028,3488.8],[86.751883,27.834037,3493.7],[86.752116,27.834046,3498.2],[86.752349,27.834054,3502.4],[86.75228,27.834178,3509.8],[86.752489,27.834232,3516.2],[86.752698,27.834286,3524.9],[86.75258,27.834408,3530.7],[86.752749,27.834406,3534.4],[86.752919,27.834404,3538.2],[86.752801,27.834543,3545.6],[86.753026,27.834565,3552.3],[86.753252,27.834588,3558.3],[86.753478,27.83461,3564.2],[86.753356,27.834743,3571.4],[86.753233,27.834876,3579.2],[86.753517,27.834883,3584.8],[86.7538,27.83489,3591.4],[86.754083,27.834897,3598.2],[86.754366,27.834903,3604.6],[86.75465,27.83491,3612.1],[86.754508,27.835042,3618.7],[86.754366,27.835174,3624.9],[86.754224,27.835306,3631.3],[86.754386,27.835305,3635.3],[86.754548,27.835303,3638.7],[86.754402,27.835395,3642.4],[86.75467,27.835409,3648.7],[86.754938,27.835423,3654.9],[86.755206,27.835437,3661.4],[86.755452,27.835421,3665.9],[86.755698,27.835404,3671.2],[86.755944,27.835388,3676.6],[86.756187,27.835283,3674.6],[86.756447,27.835288,3677.6],[86.756708,27.835293,3681.9],[86.756968,27.835298,3688.1],[86.757229,27.835303,3692.5],[86.757473,27.835271,3695.3],[86.757718,27.83524,3699.3],[86.757962,27.835208,3703.9],[86.758187,27.835241,3713.5],[86.758412,27.835274,3722.5],[86.75869,27.835197,3723.1],[86.758968,27.83512,3725.0],[86.759171,27.835164,3733.8],[86.759373,27.835208,3741.8],[86.759634,27.835097,3746.6],[86.759895,27.834987,3745.9],[86.760177,27.83508,3755.4],[86.76046,27.835173,3766.4],[86.760688,27.835174,3773.1],[86.760877,27.835081,3774.4],[86.761066,27.834989,3772.5],[86.761297,27.835057,3781.4],[86.761529,27.835125,3791.3],[86.761767,27.835068,3795.7],[86.762005,27.835011,3799.2],[86.762268,27.835001,3801.3],[86.762421,27.835085,3811.0],[86.762678,27.835023,3814.3],[86.762935,27.834961,3818.9],[86.76312,27.834988,3825.1],[86.763304,27.835015,3827.7],[86.763475,27.835209,3843.2]]}},
{"type":"Feature","properties":{"trail":"Everest Base Camp Trek","hero":true,"from_mile":1.907,"to_mile":1.995,"length_m":142.0},"geometry":{"type":"LineString","coordinates":[[86.763475,27.835209,3843.2],[86.763698,27.835234,3846.9],[86.76392,27.835259,3851.1],[86.764125,27.835214,3851.4],[86.76433,27.835169,3853.4],[86.764298,27.835302,3857.5],[86.764166,27.835446,3857.9],[86.764034,27.835591,3861.2]]}},
{"type":"Feature","properties":{"trail":"Everest Base Camp Trek","hero":true,"from_mile":1.995,"to_mile":2.009,"length_m":22.8},"geometry":{"type":"LineString","coordinates":[[86.764034,27.835591,3861.2],[86.764253,27.835658,3859.2]]}},
{"type":"Feature","properties":{"trail":"Everest Base Camp Trek","hero":true,"from_mile":2.009,"to_mile":2.02,"length_m":16.9},"geometry":{"type":"LineString","coordinates":[[86.764253,27.835658,3859.2],[86.764415,27.835707,3858.0]]}},
{"type":"Feature","properties":{"trail":"Everest Base Camp Trek","hero":true,"from_mile":2.02,"to_mile":2.026,"length_m":10.0},"geometry":{"type":"LineString","coordinates":[[86.764415,27.835707,3858.0],[86.764466,27.835784,3856.7]]}},
{"type":"Feature","properties":{"trail":"Everest Base Camp Trek","hero":true,"from_mile":2.026,"to_mile":2.057,"length_m":49.1},"geometry":{"type":"LineString","coordinates":[[86.764466,27.835784,3856.7],[86.764552,27.835914,3854.7],[86.764638,27.836043,3852.9],[86.764773,27.83612,3850.3]]}},
{"type":"Feature","properties":{"trail":"Everest Base Camp Trek","hero":true,"from_mile":2.057,"to_mile":2.104,"length_m":76.9},"geometry":{"type":"LineString","coordinates":[[86.764773,27.83612,3850.3],[86.765018,27.836198,3847.6],[86.765263,27.836277,3846.4],[86.765508,27.836355,3844.0]]}},
{"type":"Feature","properties":{"trail":"Everest Base Camp Trek","hero":true,"from_mile":2.104,"to_mile":2.505,"length_m":644.9},"geometry":{"type":"LineString","coordinates":[[86.765508,27.836355,3844.0],[86.765656,27.836464,3843.7],[86.765752,27.836675,3840.7],[86.765848,27.836886,3834.3],[86.766069,27.836991,3833.1],[86.766145,27.837176,3829.7],[86.766221,27.837361,3822.8],[86.766464,27.837391,3823.4],[86.766706,27.837421,3819.3],[86.766858,27.837488,3812.6],[86.766841,27.837562,3809.1],[86.766999,27.837543,3807.8],[86.767156,27.837524,3807.3],[86.76728,27.837604,3802.2],[86.767403,27.837685,3796.7],[86.767677,27.837646,3795.9],[86.767952,27.837606,3787.2],[86.768226,27.837567,3777.5],[86.768416,27.837653,3771.8],[86.768533,27.837896,3766.7],[86.768651,27.838139,3763.4],[86.768769,27.838382,3760.0],[86.768887,27.838625,3755.1],[86.769101,27.838706,3748.6],[86.76928,27.838688,3745.3],[86.769458,27.838671,3741.7],[86.769645,27.838803,3736.6],[86.769832,27.838935,3733.3],[86.770019,27.839067,3730.0],[86.770205,27.839199,3727.5]]}},
{"type":"Feature","properties":{"trail":"Everest Base Camp Trek","hero":true,"from_mile":2.505,"to_mile":2.516,"length_m":16.6},"geometry":{"type":"LineString","coordinates":[[86.770205,27.839199,3727.5],[86.770338,27.839292,3726.9]]}},
{"type":"Feature","properties":{"trail":"Everest Base Camp Trek","hero":true,"from_mile":2.516,"to_mile":2.796,"length_m":451.7},"geometry":{"type":"LineString","coordinates":[[86.770338,27.839292,3726.9],[86.770588,27.839365,3726.8],[86.770838,27.839438,3726.9],[86.771088,27.83951,3730.4],[86.771268,27.839724,3730.0],[86.771448,27.839938,3729.8],[86.771628,27.840152,3730.5],[86.771809,27.840366,3732.2],[86.771989,27.84058,3731.5],[86.772191,27.840745,3731.2],[86.772392,27.84091,3730.7],[86.772594,27.841075,3729.1],[86.772795,27.84124,3728.8],[86.772997,27.841405,3730.5],[86.773199,27.841569,3730.3],[86.773424,27.841621,3731.1],[86.77365,27.841673,3732.0],[86.773752,27.84181,3734.2]]}},
{"type":"Feature","properties":{"trail":"Everest Base Camp Trek","hero":true,"from_mile":2.796,"to_mile":2.812,"length_m":25.8},"geometry":{"type":"LineString","coordinates":[[86.773752,27.84181,3734.2],[86.773898,27.842004,3736.4]]}},
{"type":"Feature","properties":{"trail":"Everest Base Camp Trek","hero":true,"from_mile":2.812,"to_mile":2.838,"length_m":42.3},"geometry":{"type":"LineString","coordinates":[[86.773898,27.842004,3736.4],[86.774008,27.84215,3739.6],[86.774231,27.842205,3741.0]]}},
{"type":"Feature","properties":{"trail":"Everest Base Camp Trek","hero":true,"from_mile":2.838,"to_mile":2.907,"length_m":111.1},"geometry":{"type":"LineString","coordinates":[[86.774231,27.842205,3741.0],[86.77432,27.842228,3741.6],[86.774495,27.842448,3745.4],[86.774669,27.842668,3747.5],[86.774844,27.842888,3749.1],[86.774949,27.842949,3749.9]]}},
{"type":"Feature","properties":{"trail":"Everest Base Camp Trek","hero":true,"from_mile":2.907,"to_mile":3.149,"length_m":389.3},"geometry":{"type":"LineString","coordinates":[[86.774949,27.842949,3749.9],[86.775091,27.843032,3750.8],[86.775322,27.843094,3750.7],[86.775553,27.843156,3751.8],[86.775738,27.843146,3754.2],[86.775924,27.843136,3757.3],[86.776218,27.843205,3759.5],[86.776381,27.843344,3756.3],[86.776544,27.843484,3756.8],[86.776483,27.843514,3753.8],[86.776628,27.843638,3755.0],[86.776772,27.843763,3758.7],[86.776912,27.843946,3760.2],[86.777052,27.844129,3761.1],[86.777192,27.844313,3762.9],[86.777332,27.844496,3764.3],[86.777428,27.844686,3763.7],[86.777524,27.844877,3765.8],[86.77762,27.845067,3767.1]]}},
{"type":"Feature","properties":{"trail":"Everest Base Camp Trek","hero":true,"from_mile":3.149,"to_mile":3.506,"length_m":574.5},"geometry":{"type":"LineString","coordinates":[[86.77762,27.845067,3767.1],[86.777744,27.845312,3767.8],[86.777868,27.845557,3770.2],[86.777992,27.845802,3771.1],[86.778115,27.846046,3773.4],[86.778239,27.846291,3774.3],[86.778363,27.846536,3778.5],[86.778486,27.846781,3782.6],[86.778534,27.846962,3785.3],[86.778582,27.847143,3786.2],[86.778571,27.847288,3782.7],[86.77856,27.847433,3777.9],[86.778666,27.84754,3784.5],[86.778747,27.847795,3786.9],[86.778828,27.848051,3784.4],[86.778971,27.848149,3792.3],[86.779114,27.848248,3799.1],[86.779252,27.84848,3795.9],[86.77939,27.848712,3791.5],[86.779434,27.848848,3787.0],[86.779478,27.848985,3784.2],[86.779455,27.849246,3774.8],[86.779433,27.849508,3769.8],[86.77941,27.84977,3767.7],[86.779423,27.849822,3768.9]]}},
{"type":"Feature","properties":{"trail":"Everest Base Camp Trek","hero":true,"from_mile":3.506,"to_mile":3.521,"length_m":23.4},"geometry":{"type":"LineString","coordinates":[[86.779423,27.849822,3768.9],[86.77966,27.849837,3776.3]]}},
{"type":"Feature","properties":{"trail":"Everest Base Camp Trek","hero":true,"from_mile":3.521,"to_mile":3.586,"length_m":104.4},"geometry":{"type":"LineString","coordinates":[[86.77966,27.849837,3776.3],[86.779673,27.850104,3776.8],[86.779686,27.850371,3788.0],[86.7799,27.850444,3790.2],[86.780115,27.850517,3793.4]]}},
{"type":"Feature","properties":{"trail":"Everest Base Camp Trek","hero":true,"from_mile":3.586,"to_mile":3.924,"length_m":544.2},"geometry":{"type":"LineString","coordinates":[[86.780115,27.850517,3793.4],[86.78036,27.850601,3798.5],[86.780605,27.850685,3803.1],[86.780711,27.850811,3812.0],[86.780924,27.850871,3815.2],[86.781137,27.85093,3818.4],[86.781224,27.851021,3828.9],[86.781493,27.85107,3830.5],[86.78172,27.851041,3822.7],[86.781948,27.851013,3818.4],[86.782176,27.850985,3815.0],[86.782427,27.85106,3823.0],[86.782678,27.851136,3825.7],[86.782533,27.851215,3835.2],[86.782561,27.851267,3838.8],[86.782795,27.851301,3838.1],[86.78303,27.851334,3840.6],[86.783264,27.851368,3841.1],[86.78345,27.851534,3848.0],[86.783636,27.851699,3856.7],[86.783822,27.851865,3865.0],[86.784008,27.85203,3875.9],[86.784162,27.8521,3880.6],[86.784316,27.852169,3882.4],[86.784403,27.85213,3876.8],[86.784485,27.852245,3883.6],[86.784567,27.85236,3888.6]]}},
{"type":"Feature","properties":{"trail":"Everest Base Camp Trek","hero":true,"from_mile":3.924,"to_mile":4.333,"length_m":657.8},"geometry":{"type":"LineString","coordinates":[[86.784567,27.85236,3888.6],[86.784693,27.852536,3895.3],[86.784818,27.852712,3894.5],[86.784944,27.852888,3893.7],[86.785069,27.853064,3898.1],[86.785225,27.853145,3899.2],[86.785381,27.853227,3905.0],[86.785613,27.853129,3906.1],[86.785845,27.853032,3912.1],[86.786021,27.853135,3918.6],[86.786196,27.853237,3923.1],[86.786371,27.85334,3922.8],[86.786545,27.853316,3921.3],[86.786719,27.853292,3918.5],[86.786914,27.853393,3920.8],[86.78711,27.853494,3922.5],[86.787306,27.853594,3922.1],[86.787587,27.853681,3915.3],[86.787867,27.853768,3911.6],[86.788106,27.853689,3910.5],[86.788346,27.853609,3912.2],[86.788606,27.853606,3906.0],[86.788827,27.853752,3907.5],[86.789048,27.853899,3907.3],[86.789269,27.854045,3908.1],[86.78949,27.854192,3905.2],[86.789722,27.854266,3899.7],[86.789955,27.85434,3902.2],[86.790187,27.854414,3904.3]]}},
{"type":"Feature","properties":{"trail":"Everest Base Camp Trek","hero":true,"from_mile":4.333,"to_mile":4.543,"length_m":339.4},"geometry":{"type":"LineString","coordinates":[[86.790187,27.854414,3904.3],[86.79042,27.854418,3904.7],[86.790555,27.854572,3912.9],[86.79069,27.854726,3917.0],[86.790825,27.854879,3922.3],[86.791,27.8549,3917.8],[86.791175,27.854921,3914.4],[86.790947,27.854983,3923.8],[86.79108,27.855111,3928.0],[86.791212,27.85524,3933.8],[86.791388,27.85534,3934.3],[86.791565,27.855439,3933.1],[86.791741,27.855539,3930.3],[86.791837,27.855731,3935.2],[86.791934,27.855922,3938.8],[86.79203,27.856114,3944.5],[86.792126,27.856306,3949.6]]}},
{"type":"Feature","properties":{"trail":"Everest Base Camp Trek","hero":true,"from_mile":4.543,"to_mile":4.725,"length_m":292.7},"geometry":{"type":"LineString","coordinates":[[86.792126,27.856306,3949.6],[86.792358,27.856221,3943.2],[86.79259,27.856137,3942.1],[86.792822,27.856052,3942.5],[86.792997,27.856033,3943.6],[86.793171,27.856014,3942.5],[86.793291,27.856156,3942.8],[86.793411,27.856299,3943.9],[86.793352,27.856442,3947.4],[86.793293,27.856586,3952.4],[86.793465,27.856627,3952.2],[86.793544,27.856861,3957.4],[86.793624,27.857094,3960.8],[86.793731,27.857243,3962.6],[86.793839,27.857392,3965.3]]}},
{"type":"Feature","properties":{"trail":"Everest Base Camp Trek","hero":true,"from_mile":4.725,"to_mile":4.992,"length_m":428.5},"geometry":{"type":"LineString","coordinates":[[86.793839,27.857392,3965.3],[86.793983,27.857593,3970.0],[86.794128,27.857793,3971.6],[86.794272,27.857993,3973.8],[86.794417,27.858193,3975.8],[86.794562,27.858394,3975.4],[86.794629,27.858649,3980.5],[86.794696,27.858905,3983.2],[86.794763,27.859161,3984.3],[86.794909,27.859364,3982.0],[86.795054,27.859568,3978.8],[86.795028,27.859718,3985.4],[86.795002,27.859867,3991.3],[86.795159,27.860095,3989.6],[86.795316,27.860323,3990.6],[86.795473,27.86055,3994.4],[86.795599,27.860653,3997.2],[86.795725,27.860756,3999.3]]}},
{"type":"Feature","properties":{"trail":"Everest Base Camp Trek","hero":true,"from_mile":4.992,"to_mile":5.944,"length_m":1533.4},"geometry":{"type":"LineString","coordinates":[[86.795725,27.860756,3999.3],[86.795944,27.860819,3991.7],[86.796162,27.860883,3980.8],[86.796292,27.861068,3980.0],[86.796422,27.861253,3980.8],[86.796552,27.861437,3985.7],[86.796745,27.861583,3988.2],[86.796938,27.861729,3992.2],[86.79713,27.861875,3994.9],[86.797323,27.862021,3997.7],[86.7975,27.862006,3988.5],[86.797676,27.861991,3981.8],[86.797856,27.86219,3990.2],[86.798073,27.862142,3979.5],[86.798173,27.86229,3983.2],[86.798415,27.862411,3977.6],[86.798658,27.862532,3974.2],[86.798817,27.862698,3979.0],[86.798977,27.862865,3982.4],[86.799134,27.862905,3976.3],[86.799291,27.862946,3972.3],[86.79944,27.863163,3984.2],[86.799588,27.86338,3997.7],[86.799853,27.863513,3993.3],[86.800117,27.863645,3989.4],[86.800382,27.863778,3985.8],[86.800646,27.86391,3982.5],[86.800789,27.864139,3988.2],[86.800932,27.864368,3994.4],[86.800921,27.864607,4010.2],[86.801096,27.864651,4003.9],[86.80127,27.864695,3995.3],[86.801475,27.864828,3990.9],[86.801681,27.864962,3983.9],[86.801822,27.865145,3988.5],[86.801963,27.865329,3992.8],[86.802105,27.865512,4001.2],[86.802246,27.865696,4009.6],[86.802426,27.865876,4017.8],[86.802606,27.866056,4024.5],[86.802787,27.866236,4027.8],[86.802967,27.866416,4029.6],[86.803147,27.866596,4031.5],[86.803327,27.866776,4040.1],[86.803564,27.86692,4042.4],[86.8038,27.867064,4043.4],[86.804025,27.867131,4039.8],[86.80425,27.867199,4039.6],[86.804457,27.867391,4047.6],[86.804664,27.867583,4055.4],[86.804757,27.867636,4056.9],[86.804891,27.867598,4056.2],[86.805047,27.867708,4060.2],[86.805204,27.867818,4065.0],[86.805471,27.867779,4068.0],[86.805739,27.86774,4071.4],[86.80592,27.867926,4079.4],[86.806012,27.867954,4082.4],[86.806053,27.86788,4081.2],[86.80633,27.867936,4084.0],[86.806607,27.867992,4083.3],[86.806735,27.868119,4088.0],[86.806953,27.868101,4087.4],[86.807171,27.868084,4087.7],[86.807389,27.868067,4092.7],[86.80745,27.868093,4095.9]]}},
{"type":"Feature","properties":{"trail":"Everest Base Camp Trek","hero":true,"from_mile":5.944,"to_mile":6.013,"length_m":110.7},"geometry":{"type":"LineString","coordinates":[[86.80745,27.868093,4095.9],[86.807686,27.868191,4097.5],[86.807922,27.86829,4091.5],[86.80822,27.86833,4087.2],[86.808518,27.86837,4087.7]]}},
{"type":"Feature","properties":{"trail":"Everest Base Camp Trek","hero":true,"from_mile":6.013,"to_mile":6.102,"length_m":143.1},"geometry":{"type":"LineString","coordinates":[[86.808518,27.86837,4087.7],[86.808747,27.868461,4091.0],[86.808976,27.868551,4092.9],[86.809204,27.868642,4092.3],[86.809433,27.868732,4094.6],[86.809662,27.868823,4098.7],[86.809824,27.868929,4102.1]]}},
{"type":"Feature","properties":{"trail":"Everest Base Camp Trek","hero":true,"from_mile":6.102,"to_mile":6.342,"length_m":385.6},"geometry":{"type":"LineString","coordinates":[[86.809824,27.868929,4102.1],[86.810061,27.869085,4103.9],[86.810298,27.86924,4104.7],[86.810535,27.869395,4102.8],[86.81072,27.869609,4101.9],[86.810905,27.869822,4099.8],[86.811089,27.870036,4096.2],[86.811274,27.87025,4095.6],[86.811458,27.870463,4097.1],[86.811491,27.870658,4099.3],[86.811598,27.870854,4101.5],[86.811704,27.871049,4105.2],[86.811811,27.871245,4108.3],[86.811951,27.871461,4109.8],[86.812092,27.871678,4110.8]]}},
{"type":"Feature","properties":{"trail":"Everest Base Camp Trek","hero":true,"from_mile":6.342,"to_mile":6.394,"length_m":84.4},"geometry":{"type":"LineString","coordinates":[[86.812092,27.871678,4110.8],[86.812275,27.871873,4114.2],[86.812457,27.872069,4117.4],[86.81264,27.872264,4119.0]]}},
{"type":"Feature","properties":{"trail":"Everest Base Camp Trek","hero":true,"from_mile":6.394,"to_mile":6.759,"length_m":586.8},"geometry":{"type":"LineString","coordinates":[[86.81264,27.872264,4119.0],[86.812722,27.872441,4119.5],[86.812803,27.872619,4118.6],[86.812822,27.872825,4117.4],[86.812841,27.87303,4114.2],[86.812859,27.873236,4115.1],[86.81283,27.87339,4117.2],[86.8128,27.873544,4119.5],[86.812817,27.873725,4120.8],[86.812833,27.873905,4122.0],[86.812849,27.874086,4124.7],[86.812951,27.874255,4125.1],[86.812952,27.874479,4128.6],[86.812953,27.874704,4131.0],[86.813045,27.874896,4130.3],[86.813137,27.875088,4131.9],[86.813229,27.87528,4135.5],[86.813285,27.87552,4142.6],[86.81334,27.87576,4142.7],[86.813395,27.876,4144.3],[86.813451,27.87624,4149.3],[86.813624,27.876457,4153.2],[86.813798,27.876674,4156.8],[86.813832,27.876902,4160.4],[86.814022,27.877012,4161.2],[86.814108,27.877226,4164.8]]}},
{"type":"Feature","properties":{"trail":"Everest Base Camp Trek","hero":true,"from_mile":6.759,"to_mile":6.988,"length_m":369.1},"geometry":{"type":"LineString","coordinates":[[86.814108,27.877226,4164.8],[86.814182,27.877411,4166.4],[86.814256,27.877597,4167.6],[86.814241,27.87775,4169.3],[86.814227,27.877903,4169.3],[86.814104,27.878063,4170.3],[86.813982,27.878223,4171.7],[86.81386,27.878384,4177.6],[86.813875,27.878557,4184.1],[86.813971,27.878679,4184.4],[86.814068,27.878801,4184.6],[86.814245,27.878957,4180.8],[86.814421,27.879114,4177.3],[86.814598,27.879271,4177.0],[86.814774,27.879427,4176.9],[86.814951,27.879584,4176.5],[86.815081,27.879789,4177.1],[86.815211,27.879993,4177.1]]}},
{"type":"Feature","properties":{"trail":"Everest Base Camp Trek","hero":true,"from_mile":6.988,"to_mile":7.744,"length_m":1216.5},"geometry":{"type":"LineString","coordinates":[[86.815211,27.879993,4177.1],[86.815382,27.880091,4176.3],[86.815625,27.880134,4173.6],[86.815867,27.880177,4167.8],[86.816076,27.880265,4165.8],[86.816284,27.880352,4164.4],[86.816492,27.88044,4163.2],[86.8167,27.880528,4161.5],[86.81695,27.880529,4154.3],[86.8172,27.88053,4149.6],[86.817264,27.880654,4152.0],[86.817327,27.880779,4154.8],[86.817425,27.880798,4155.3],[86.817527,27.880634,4154.5],[86.817628,27.88047,4155.0],[86.817792,27.88042,4157.6],[86.818054,27.880549,4173.7],[86.818316,27.880678,4191.2],[86.818578,27.880806,4203.6],[86.81884,27.880935,4211.7],[86.819102,27.881064,4216.2],[86.819365,27.881193,4222.3],[86.819627,27.881321,4229.5],[86.819889,27.88145,4235.8],[86.820151,27.881579,4237.6],[86.820348,27.881639,4238.0],[86.820545,27.8817,4243.6],[86.820848,27.881679,4242.6],[86.82115,27.881657,4240.3],[86.821338,27.881754,4244.1],[86.821526,27.881851,4247.4],[86.821756,27.882011,4252.1],[86.821842,27.882213,4255.7],[86.821929,27.882415,4251.4],[86.822015,27.882618,4249.6],[86.82215,27.882849,4249.1],[86.822285,27.88308,4249.5],[86.82242,27.883311,4250.0],[86.822556,27.883541,4251.1],[86.822746,27.883697,4252.2],[86.822937,27.883852,4254.2],[86.822996,27.883987,4255.4],[86.823056,27.884122,4256.5],[86.823251,27.884264,4258.9],[86.823446,27.884406,4259.3],[86.82364,27.884548,4261.3],[86.823846,27.884615,4263.0],[86.824051,27.884682,4263.6],[86.824204,27.884789,4265.0],[86.824357,27.884895,4268.3],[86.824479,27.885069,4275.0],[86.824601,27.885244,4280.6]]}},
{"type":"Feature","properties":{"trail":"Everest Base Camp Trek","hero":true,"from_mile":7.744,"to_mile":7.912,"length_m":269.7},"geometry":{"type":"LineString","coordinates":[[86.824601,27.885244,4280.6],[86.824757,27.885467,4286.9],[86.824913,27.885691,4291.1],[86.825069,27.885914,4294.3],[86.825225,27.886137,4293.3],[86.825382,27.886361,4292.1],[86.825513,27.886471,4290.7],[86.825644,27.886582,4291.0],[86.82575,27.886831,4293.5],[86.825857,27.88708,4294.0],[86.825963,27.887329,4293.1]]}},
{"type":"Feature","properties":{"trail":"Everest Base Camp Trek","hero":true,"from_mile":7.912,"to_mile":8.092,"length_m":290.2},"geometry":{"type":"LineString","coordinates":[[86.825963,27.887329,4293.1],[86.825932,27.887466,4294.9],[86.825902,27.887603,4294.0],[86.825806,27.887723,4293.5],[86.82571,27.887844,4294.3],[86.825748,27.888074,4294.4],[86.825785,27.888304,4295.5],[86.825858,27.888482,4297.7],[86.825931,27.88866,4300.1],[86.826003,27.888838,4301.7],[86.825979,27.889102,4302.6],[86.825955,27.889365,4303.0],[86.825931,27.889629,4306.9],[86.826155,27.889718,4308.3]]}},
{"type":"Feature","properties":{"trail":"Everest Base Camp Trek","hero":true,"from_mile":8.092,"to_mile":8.122,"length_m":48.0},"geometry":{"type":"LineString","coordinates":[[86.826155,27.889718,4308.3],[86.826244,27.889925,4314.8],[86.826418,27.890071,4312.8]]}},
{"type":"Feature","properties":{"trail":"Everest Base Camp Trek","hero":true,"from_mile":8.122,"to_mile":8.162,"length_m":64.5},"geometry":{"type":"LineString","coordinates":[[86.826418,27.890071,4312.8],[86.826362,27.890272,4315.8],[86.826306,27.890473,4320.8],[86.826343,27.890637,4322.0]]}},
{"type":"Feature","properties":{"trail":"Everest Base Camp Trek","hero":true,"from_mile":8.162,"to_mile":8.224,"length_m":100.1},"geometry":{"type":"LineString","coordinates":[[86.826343,27.890637,4322.0],[86.826217,27.890754,4332.5],[86.826247,27.89095,4338.0],[86.826277,27.891146,4344.3],[86.826227,27.891313,4351.9],[86.826176,27.89148,4359.3]]}},
{"type":"Feature","properties":{"trail":"Everest Base Camp Trek","hero":true,"from_mile":8.224,"to_mile":8.341,"length_m":189.2},"geometry":{"type":"LineString","coordinates":[[86.826176,27.89148,4359.3],[86.826127,27.891645,4365.5],[86.826077,27.89181,4374.1],[86.826156,27.891944,4378.4],[86.826234,27.892078,4382.8],[86.826372,27.892213,4385.7],[86.82651,27.892348,4388.2],[86.826647,27.892484,4390.4],[86.826786,27.892711,4399.0],[86.826925,27.892938,4403.8]]}},
{"type":"Feature","properties":{"trail":"Everest Base Camp Trek","hero":true,"from_mile":8.341,"to_mile":8.356,"length_m":22.8},"geometry":{"type":"LineString","coordinates":[[86.826925,27.892938,4403.8],[86.826837,27.892975,4406.1],[86.826811,27.893092,4407.6]]}},
{"type":"Feature","properties":{"trail":"Everest Base Camp Trek","hero":true,"from_mile":8.356,"to_mile":9.046,"length_m":1110.7},"geometry":{"type":"LineString","coordinates":[[86.826811,27.893092,4407.6],[86.826798,27.89315,4406.5],[86.826851,27.893349,4404.1],[86.826904,27.893549,4400.6],[86.826957,27.893748,4400.8],[86.826807,27.893864,4400.1],[86.826656,27.893981,4400.8],[86.826538,27.894213,4402.1],[86.826348,27.894404,4405.4],[86.826158,27.894595,4408.8],[86.826051,27.894783,4410.7],[86.825944,27.894971,4412.6],[86.825836,27.895159,4414.1],[86.825671,27.895349,4415.0],[86.825506,27.89554,4416.5],[86.82534,27.895731,4418.0],[86.825175,27.895922,4419.6],[86.82501,27.896113,4420.4],[86.824844,27.896303,4418.8],[86.824774,27.896452,4419.3],[86.824704,27.8966,4421.2],[86.824518,27.896744,4422.5],[86.824331,27.896887,4423.2],[86.824181,27.8971,4425.5],[86.824032,27.897312,4427.2],[86.823882,27.897524,4429.5],[86.823733,27.897736,4432.8],[86.823583,27.897949,4435.3],[86.823523,27.898089,4437.0],[86.823462,27.898229,4438.8],[86.823301,27.898439,4441.1],[86.823139,27.898648,4443.6],[86.822978,27.898858,4445.0],[86.822816,27.899068,4445.8],[86.822655,27.899278,4446.2],[86.822493,27.899488,4447.8],[86.822442,27.899711,4450.1],[86.822391,27.899933,4453.3],[86.822246,27.900023,4453.5],[86.822102,27.900114,4452.6],[86.821978,27.900284,4453.9],[86.821854,27.900454,4452.6],[86.821729,27.900624,4452.9],[86.82158,27.900748,4453.0],[86.821431,27.900871,4452.3],[86.82132,27.901038,4454.4],[86.821209,27.901204,4459.4],[86.821097,27.90137,4466.6]]}},
{"type":"Feature","properties":{"trail":"Everest Base Camp Trek","hero":true,"from_mile":9.046,"to_mile":10.408,"length_m":2192.9},"geometry":{"type":"LineString","coordinates":[[86.821097,27.90137,4466.6],[86.820967,27.901566,4464.5],[86.820836,27.901761,4464.2],[86.820705,27.901956,4464.9],[86.820575,27.902152,4466.5],[86.820444,27.902347,4465.6],[86.820313,27.902543,4464.6],[86.820281,27.902761,4466.0],[86.820248,27.902979,4467.6],[86.820146,27.903144,4471.1],[86.819959,27.903201,4471.7],[86.819773,27.903259,4470.3],[86.81968,27.90347,4476.5],[86.819535,27.903599,4479.0],[86.819391,27.903728,4476.7],[86.819258,27.903942,4475.1],[86.819125,27.904155,4474.0],[86.819093,27.904356,4475.2],[86.819062,27.904556,4478.6],[86.818914,27.904681,4479.7],[86.818766,27.904805,4479.9],[86.818618,27.904929,4478.9],[86.818543,27.905138,4480.1],[86.818468,27.905346,4480.4],[86.818465,27.905485,4482.7],[86.818462,27.905625,4485.3],[86.818319,27.90577,4486.3],[86.818176,27.905915,4489.1],[86.81806,27.906106,4491.6],[86.817944,27.906297,4492.0],[86.817827,27.906488,4493.7],[86.817711,27.906679,4494.9],[86.81751,27.906806,4496.2],[86.81731,27.906933,4496.7],[86.817153,27.907163,4497.1],[86.816996,27.907394,4496.1],[86.816839,27.907624,4496.7],[86.816682,27.907855,4500.2],[86.816525,27.908085,4505.0],[86.816473,27.908264,4507.0],[86.816421,27.908444,4508.4],[86.81637,27.908623,4509.9],[86.816237,27.90884,4512.9],[86.816105,27.909057,4516.3],[86.815973,27.909274,4518.0],[86.81584,27.909491,4520.3],[86.815708,27.909708,4526.2],[86.815538,27.909923,4529.0],[86.815367,27.910138,4533.2],[86.815197,27.910353,4538.1],[86.815026,27.910569,4544.2],[86.814856,27.910784,4547.3],[86.814686,27.910999,4550.9],[86.814515,27.911214,4551.9],[86.814345,27.911429,4554.4],[86.814174,27.911644,4559.8],[86.814004,27.911859,4561.0],[86.813833,27.912074,4563.6],[86.813663,27.91229,4565.9],[86.813456,27.912486,4568.7],[86.81325,27.912682,4572.6],[86.813043,27.912878,4576.1],[86.812836,27.913074,4579.4],[86.81263,27.91327,4580.4],[86.812423,27.913466,4580.2],[86.812216,27.913662,4579.3],[86.81201,27.913858,4579.5],[86.811803,27.914054,4579.3],[86.811671,27.914283,4580.1],[86.811539,27.914511,4578.4],[86.811406,27.914739,4578.7],[86.811274,27.914968,4578.6],[86.811142,27.915196,4579.0],[86.81101,27.915424,4581.3],[86.810834,27.915543,4579.2],[86.810658,27.915661,4578.5],[86.810475,27.91586,4580.6],[86.810293,27.916058,4581.5],[86.81011,27.916257,4583.3],[86.809963,27.91649,4587.1],[86.809815,27.916724,4588.7],[86.809668,27.916958,4588.8],[86.809521,27.917191,4588.5],[86.809374,27.917425,4588.6],[86.809227,27.917658,4590.2]]}},
{"type":"Feature","properties":{"trail":"Everest Base Camp Trek","hero":true,"from_mile":10.408,"to_mile":10.508,"length_m":160.3},"geometry":{"type":"LineString","coordinates":[[86.809227,27.917658,4590.2],[86.809015,27.91784,4591.5],[86.808804,27.918022,4595.4],[86.808592,27.918203,4599.4],[86.808381,27.918385,4598.6],[86.808315,27.918577,4600.4],[86.80825,27.91877,4600.1]]}},
{"type":"Feature","properties":{"trail":"Everest Base Camp Trek","hero":true,"from_mile":10.508,"to_mile":10.769,"length_m":419.3},"geometry":{"type":"LineString","coordinates":[[86.80825,27.91877,4600.1],[86.808212,27.919022,4600.4],[86.808175,27.919274,4599.5],[86.808138,27.919526,4598.8],[86.8081,27.919778,4598.2],[86.808063,27.920031,4597.8],[86.808026,27.920283,4597.8],[86.807988,27.920535,4597.8],[86.807951,27.920787,4596.0],[86.807914,27.921039,4595.1],[86.807876,27.921292,4593.8],[86.807839,27.921544,4593.3],[86.807802,27.921796,4592.2],[86.807764,27.922048,4592.3],[86.807654,27.922266,4592.5],[86.807543,27.922484,4589.2]]}},
{"type":"Feature","properties":{"trail":"Everest Base Camp Trek","hero":true,"from_mile":10.769,"to_mile":10.772,"length_m":4.8},"geometry":{"type":"LineString","coordinates":[[86.807543,27.922484,4589.2],[86.807532,27.922526,4589.2]]}},
{"type":"Feature","properties":{"trail":"Everest Base Camp Trek","hero":true,"from_mile":10.772,"to_mile":11.003,"length_m":372.4},"geometry":{"type":"LineString","coordinates":[[86.807532,27.922526,4589.2],[86.807466,27.922785,4590.9],[86.8074,27.923043,4591.7],[86.807334,27.923301,4588.5],[86.807268,27.923559,4590.9],[86.807202,27.923818,4594.0],[86.80706,27.924003,4594.6],[86.807084,27.924194,4598.6],[86.806981,27.924373,4601.0],[86.806878,27.924551,4607.1],[86.806725,27.924581,4613.0],[86.806684,27.924354,4604.9],[86.806642,27.924127,4597.8],[86.806561,27.923933,4595.1],[86.80648,27.923739,4590.1],[86.806399,27.923544,4583.1]]}},
{"type":"Feature","properties":{"trail":"Everest Base Camp Trek","hero":true,"from_mile":11.003,"to_mile":11.074,"length_m":114.3},"geometry":{"type":"LineString","coordinates":[[86.806399,27.923544,4583.1],[86.806306,27.923489,4582.6],[86.806154,27.923595,4586.9],[86.806002,27.923701,4592.8],[86.805759,27.923752,4596.7],[86.805516,27.923803,4601.7],[86.805395,27.923901,4604.4]]}},
{"type":"Feature","properties":{"trail":"Everest Base Camp Trek","hero":true,"from_mile":11.074,"to_mile":12.141,"length_m":1717.8},"geometry":{"type":"LineString","coordinates":[[86.805395,27.923901,4604.4],[86.80526,27.924011,4609.2],[86.805126,27.92412,4612.5],[86.805045,27.924295,4616.5],[86.805056,27.924475,4619.7],[86.805067,27.924654,4622.2],[86.805034,27.924913,4625.8],[86.805,27.925171,4628.8],[86.804967,27.925429,4632.3],[86.804933,27.925687,4637.0],[86.804859,27.925917,4642.6],[86.804785,27.926147,4648.7],[86.804711,27.926378,4653.2],[86.804637,27.926608,4658.8],[86.804563,27.926838,4665.2],[86.804489,27.927068,4671.2],[86.804415,27.927298,4677.6],[86.804526,27.927451,4683.0],[86.804636,27.927604,4688.6],[86.804597,27.927799,4694.8],[86.804745,27.927919,4699.9],[86.804686,27.928019,4702.4],[86.804847,27.928104,4708.4],[86.804751,27.92835,4713.9],[86.804654,27.928595,4721.5],[86.804742,27.928729,4726.1],[86.804671,27.928937,4733.3],[86.804682,27.929099,4738.6],[86.804693,27.92926,4744.0],[86.804771,27.929325,4746.3],[86.80472,27.929417,4749.2],[86.804847,27.929541,4754.4],[86.80477,27.92974,4761.9],[86.804885,27.929939,4770.2],[86.805,27.930138,4778.4],[86.805234,27.930283,4786.8],[86.80515,27.930379,4790.1],[86.805282,27.930496,4795.9],[86.805197,27.930676,4803.0],[86.805113,27.930855,4809.8],[86.804925,27.930933,4812.2],[86.804738,27.931012,4815.5],[86.804563,27.930996,4815.1],[86.804481,27.931224,4816.9],[86.804399,27.931452,4819.6],[86.804317,27.93168,4823.4],[86.804235,27.931907,4824.1],[86.804129,27.93205,4824.2],[86.804022,27.932192,4826.1],[86.803996,27.932399,4830.5],[86.80397,27.932607,4833.8],[86.803944,27.932814,4835.9],[86.803918,27.933021,4837.0],[86.803969,27.933204,4839.1],[86.804019,27.933387,4838.8],[86.804204,27.933536,4838.4],[86.804389,27.933686,4839.5],[86.804575,27.933835,4840.9],[86.804696,27.934043,4840.0],[86.804817,27.93425,4839.4],[86.804938,27.934458,4836.4],[86.805131,27.934645,4834.0],[86.805325,27.934832,4833.1],[86.805518,27.93502,4833.8],[86.805662,27.935219,4833.0],[86.805805,27.935418,4832.1],[86.805948,27.935618,4832.1],[86.806092,27.935817,4831.7],[86.806235,27.936017,4831.9],[86.806378,27.936216,4832.1],[86.806522,27.936415,4834.1],[86.806592,27.936627,4834.6],[86.806579,27.936857,4836.4],[86.806565,27.937087,4841.0],[86.806552,27.937317,4848.5]]}}
]}
