{"type": "FeatureCollection", "attribution": "© OpenStreetMap contributors (ODbL 1.0), via Overture Maps Foundation release 2026-09-23.0", "license": "ODbL-1.0", "source": "https://overturemaps-us-west-2.s3.amazonaws.com/release/2026-09-23.0/theme=transportation/type=segment/", "mountain_slug": "mount-washington", "hero_trail": "Tuckerman Ravine Trail", "hero_length_mi": 3.649, "elevation": "meters above the EGM2008 geoid, sampled from the Copernicus DEM (step 10)", "features": [
{"type":"Feature","properties":{"trail":"Jewell Trail","hero":false,"class":null,"length_m":38.7},"geometry":{"type":"LineString","coordinates":[[-71.319532,44.284277,1565.0],[-71.319476,44.284263,1566.7],[-71.319374,44.284283,1569.9],[-71.319282,44.284306,1572.7],[-71.319165,44.284311,1576.1],[-71.31906,44.284314,1579.1]]}},
{"type":"Feature","properties":{"trail":"Jewell Trail","hero":false,"class":null,"length_m":3427.3},"geometry":{"type":"LineString","coordinates":[[-71.319532,44.284277,1565.0],[-71.319605,44.284285,1562.7],[-71.319775,44.284295,1557.0],[-71.319891,44.284239,1552.3],[-71.319895,44.284037,1550.3],[-71.319945,44.283886,1547.0],[-71.320031,44.283791,1542.3],[-71.320229,44.283741,1535.7],[-71.320543,44.283798,1527.7],[-71.320697,44.283683,1522.3],[-71.32082,44.283687,1518.5],[-71.320929,44.283662,1514.5],[-71.321073,44.283558,1507.7],[-71.321165,44.283594,1505.1],[-71.321249,44.28369,1502.7],[-71.321361,44.283853,1500.0],[-71.321507,44.28399,1496.5],[-71.321687,44.284081,1492.0],[-71.32185,44.284049,1487.5],[-71.321951,44.283965,1484.1],[-71.321967,44.283865,1482.4],[-71.321964,44.283759,1480.0],[-71.321908,44.283653,1479.3],[-71.321862,44.283557,1477.7],[-71.321887,44.283498,1474.6],[-71.322145,44.283487,1466.0],[-71.322439,44.283516,1458.2],[-71.322669,44.283528,1452.2],[-71.3229,44.283541,1446.5],[-71.323105,44.283644,1444.1],[-71.323311,44.283747,1439.2],[-71.323564,44.283901,1433.2],[-71.323746,44.283975,1428.3],[-71.323821,44.283912,1426.0],[-71.323857,44.283767,1423.2],[-71.323893,44.283621,1420.0],[-71.324044,44.283598,1416.3],[-71.324294,44.28357,1410.1],[-71.324515,44.28361,1407.7],[-71.324736,44.28365,1403.9],[-71.324947,44.28366,1399.8],[-71.325157,44.28367,1394.8],[-71.325262,44.283798,1392.7],[-71.325367,44.283925,1390.4],[-71.325595,44.283945,1385.0],[-71.325803,44.283997,1380.1],[-71.325999,44.284002,1375.4],[-71.326173,44.284106,1370.4],[-71.326347,44.28421,1365.6],[-71.326687,44.284307,1357.0],[-71.326877,44.284395,1352.7],[-71.327067,44.284482,1348.2],[-71.327328,44.284549,1342.5],[-71.3275,44.284574,1339.2],[-71.327864,44.284544,1334.2],[-71.328209,44.284559,1328.6],[-71.328553,44.284575,1323.1],[-71.328883,44.284575,1318.2],[-71.329212,44.284576,1314.6],[-71.329493,44.284593,1310.4],[-71.329773,44.28461,1306.5],[-71.33001,44.284611,1303.7],[-71.330248,44.284612,1300.9],[-71.330589,44.284602,1296.7],[-71.33093,44.284591,1291.3],[-71.33129,44.284519,1287.2],[-71.33165,44.284447,1282.2],[-71.331858,44.284425,1278.4],[-71.332066,44.284404,1274.8],[-71.33235,44.284346,1270.2],[-71.332634,44.284288,1265.1],[-71.332793,44.284213,1263.2],[-71.332951,44.284139,1261.0],[-71.333316,44.284084,1253.6],[-71.333667,44.283994,1247.4],[-71.333941,44.283919,1243.3],[-71.334215,44.283843,1239.0],[-71.334475,44.283755,1234.3],[-71.334735,44.283668,1229.6],[-71.334982,44.283606,1225.2],[-71.335155,44.283556,1221.8],[-71.335433,44.283395,1216.5],[-71.33551,44.283396,1214.6],[-71.335637,44.283544,1209.9],[-71.335729,44.283687,1205.5],[-71.33584,44.283744,1201.6],[-71.336062,44.283702,1195.7],[-71.336206,44.283581,1193.5],[-71.336314,44.283455,1191.3],[-71.336531,44.283246,1186.2],[-71.336713,44.283118,1182.5],[-71.336903,44.283015,1178.4],[-71.337093,44.282912,1173.2],[-71.337225,44.282819,1169.8],[-71.337353,44.282709,1165.8],[-71.337454,44.282568,1163.3],[-71.337555,44.282427,1160.5],[-71.337665,44.282209,1157.1],[-71.337761,44.282085,1153.9],[-71.337856,44.28196,1150.5],[-71.337899,44.281817,1145.7],[-71.33793,44.281678,1141.6],[-71.337962,44.281539,1137.4],[-71.337971,44.281369,1132.6],[-71.337825,44.281179,1127.7],[-71.337605,44.281029,1122.3],[-71.337391,44.280946,1118.4],[-71.337443,44.2809,1115.7],[-71.337622,44.280835,1111.7],[-71.337801,44.280771,1107.1],[-71.338021,44.280728,1103.2],[-71.338241,44.280686,1099.5],[-71.338465,44.280659,1096.6],[-71.33869,44.280632,1093.8],[-71.338933,44.280649,1092.0],[-71.339176,44.28066,1089.7],[-71.339419,44.28067,1086.3],[-71.33971,44.280662,1081.7],[-71.34,44.280653,1077.4],[-71.340184,44.280689,1074.8],[-71.340368,44.280725,1072.0],[-71.340545,44.280778,1069.8],[-71.340721,44.280832,1067.5],[-71.340919,44.280945,1064.4],[-71.341101,44.281104,1061.2],[-71.341284,44.281262,1056.3],[-71.341467,44.281421,1051.9],[-71.341608,44.281481,1048.9],[-71.341712,44.281432,1046.1],[-71.341796,44.281304,1043.2],[-71.34188,44.281176,1040.1],[-71.341949,44.281028,1037.2],[-71.342017,44.280881,1034.2],[-71.342164,44.280646,1028.7],[-71.342269,44.280472,1025.3],[-71.342373,44.280298,1021.0],[-71.342459,44.280162,1017.6],[-71.342545,44.280026,1014.8],[-71.342661,44.279852,1009.4],[-71.342792,44.279679,1004.4],[-71.342844,44.279485,1001.3],[-71.342844,44.279355,999.1],[-71.34281,44.279252,997.6],[-71.342745,44.279108,995.4],[-71.34276,44.278937,992.1],[-71.342846,44.27877,987.6],[-71.343114,44.27863,981.3],[-71.343381,44.278489,975.7],[-71.343648,44.278348,972.0],[-71.343876,44.2782,965.8],[-71.34402,44.278012,961.7],[-71.344163,44.277824,959.8],[-71.344352,44.277656,955.9],[-71.344455,44.277491,952.0],[-71.344558,44.277327,948.1],[-71.344658,44.277118,943.0],[-71.344733,44.276991,939.9],[-71.344808,44.276864,936.1],[-71.344835,44.27678,933.5],[-71.344951,44.276641,930.0],[-71.345113,44.276543,927.8],[-71.34531,44.276494,926.6],[-71.3454,44.276439,925.4],[-71.345541,44.276347,923.4],[-71.345683,44.276256,921.3],[-71.345755,44.276125,919.2],[-71.345799,44.275994,916.8],[-71.345773,44.27592,915.2],[-71.345712,44.275812,912.4],[-71.345713,44.275726,909.5],[-71.345852,44.275621,906.6],[-71.345991,44.275517,901.9],[-71.346154,44.275464,898.8],[-71.346341,44.275424,896.3],[-71.346575,44.275323,892.7],[-71.346664,44.275277,891.2],[-71.346647,44.275146,887.3],[-71.346732,44.274918,883.3],[-71.346669,44.274886,884.3],[-71.34681,44.274719,883.6],[-71.34695,44.274552,883.9],[-71.347083,44.274369,885.0],[-71.347216,44.274185,887.5],[-71.347341,44.274058,888.9],[-71.347465,44.273931,891.3],[-71.347707,44.273736,890.4],[-71.347789,44.273604,891.8]]}},
{"type":"Feature","properties":{"trail":"Jewell Trail","hero":false,"class":null,"length_m":291.7},"geometry":{"type":"LineString","coordinates":[[-71.31906,44.284314,1579.1],[-71.318928,44.284249,1582.4],[-71.318707,44.284156,1587.6],[-71.318565,44.284077,1590.2],[-71.318247,44.283963,1597.4],[-71.317995,44.283795,1602.7],[-71.317744,44.283628,1609.1],[-71.317603,44.283491,1612.9],[-71.317462,44.283355,1616.8],[-71.31733,44.283218,1620.5],[-71.317239,44.283071,1623.1],[-71.317156,44.282988,1625.5],[-71.317103,44.282949,1627.1],[-71.317076,44.282913,1627.8],[-71.31703,44.282835,1629.1],[-71.316988,44.282752,1630.4],[-71.31693,44.282666,1632.6],[-71.31684,44.282576,1635.8],[-71.316752,44.282494,1638.9],[-71.316641,44.282432,1642.9]]}},
{"type":"Feature","properties":{"trail":"Gulfside Trail","hero":false,"class":null,"length_m":510.7},"geometry":{"type":"LineString","coordinates":[[-71.316641,44.282432,1642.9],[-71.316591,44.282228,1645.3],[-71.316541,44.282024,1646.0],[-71.316457,44.281911,1647.8],[-71.316386,44.28181,1649.0],[-71.31638,44.281784,1648.9],[-71.316375,44.281748,1648.7],[-71.316349,44.281637,1648.5],[-71.316305,44.281549,1649.2],[-71.316278,44.281509,1649.7],[-71.31623,44.281484,1651.1],[-71.316163,44.281412,1652.8],[-71.316097,44.281351,1653.8],[-71.316056,44.281307,1653.8],[-71.316011,44.281276,1654.3],[-71.315981,44.281232,1654.1],[-71.31589,44.281156,1654.8],[-71.315809,44.281088,1655.3],[-71.315726,44.280986,1654.8],[-71.315637,44.280866,1654.0],[-71.315432,44.280682,1653.7],[-71.315365,44.280604,1653.0],[-71.315333,44.280562,1652.5],[-71.315281,44.280487,1651.3],[-71.315177,44.280359,1649.8],[-71.315059,44.280156,1645.7],[-71.314847,44.280035,1645.6],[-71.31467,44.279817,1642.6],[-71.314602,44.279725,1641.9],[-71.314576,44.279709,1642.2],[-71.314566,44.279688,1642.0],[-71.314528,44.279678,1642.6],[-71.314488,44.27963,1642.7],[-71.314459,44.279623,1643.3],[-71.314415,44.279618,1643.8],[-71.314403,44.279581,1643.4],[-71.314399,44.279525,1642.5],[-71.314408,44.279487,1641.8],[-71.314353,44.279397,1640.8],[-71.314308,44.279322,1639.8],[-71.314258,44.279261,1639.3],[-71.314078,44.279143,1639.7],[-71.313885,44.279036,1640.7],[-71.313851,44.279016,1640.7],[-71.313805,44.278995,1640.8],[-71.313757,44.278966,1640.9],[-71.313726,44.278948,1641.1],[-71.313662,44.278913,1641.7],[-71.313591,44.278878,1642.4],[-71.313549,44.278843,1642.8],[-71.313486,44.278801,1643.4],[-71.313433,44.27879,1643.8],[-71.313376,44.278765,1644.4],[-71.313303,44.278713,1645.2]]}},
{"type":"Feature","properties":{"trail":"Gulfside Trail","hero":false,"class":null,"length_m":1039.1},"geometry":{"type":"LineString","coordinates":[[-71.316641,44.282432,1642.9],[-71.316668,44.282533,1641.5],[-71.316708,44.282675,1639.5],[-71.316739,44.282716,1638.3],[-71.316766,44.282758,1637.2],[-71.316848,44.282965,1634.7],[-71.316936,44.283198,1632.7],[-71.316978,44.283338,1631.8],[-71.317019,44.283478,1631.0],[-71.317053,44.283627,1630.6],[-71.3171,44.283846,1630.2],[-71.31717,44.284071,1630.7],[-71.317269,44.28423,1629.6],[-71.317367,44.284422,1628.7],[-71.317453,44.284653,1628.0],[-71.317567,44.284861,1626.1],[-71.317678,44.28506,1623.7],[-71.317702,44.285272,1622.5],[-71.317697,44.285417,1622.5],[-71.317693,44.285562,1622.5],[-71.31768,44.285696,1622.5],[-71.317686,44.285777,1622.2],[-71.317748,44.28585,1620.5],[-71.317825,44.285971,1618.4],[-71.317866,44.286109,1617.0],[-71.31788,44.286215,1615.1],[-71.31781,44.286389,1614.3],[-71.317751,44.286613,1611.0],[-71.317725,44.286845,1606.1],[-71.317745,44.287057,1600.8],[-71.317781,44.2872,1597.0],[-71.317817,44.287343,1593.7],[-71.317825,44.287465,1591.4],[-71.317806,44.2876,1588.7],[-71.317713,44.287729,1587.8],[-71.317639,44.287792,1588.4],[-71.317613,44.287888,1586.8],[-71.317657,44.288093,1581.0],[-71.317634,44.288309,1577.6],[-71.317632,44.2885,1573.9],[-71.317661,44.288611,1570.9],[-71.317647,44.288704,1569.1],[-71.317596,44.288845,1567.2],[-71.31754,44.289035,1563.5],[-71.317501,44.289298,1558.2],[-71.317476,44.289415,1556.5],[-71.317499,44.289521,1553.5],[-71.317488,44.289721,1548.9],[-71.31738,44.289898,1544.3],[-71.317258,44.290125,1538.7],[-71.317228,44.290214,1536.3],[-71.317235,44.290353,1532.3],[-71.317172,44.290473,1530.6],[-71.317173,44.290578,1528.2],[-71.317105,44.290702,1527.1],[-71.317074,44.290846,1525.0],[-71.31702,44.291051,1523.9],[-71.317031,44.291201,1523.5],[-71.316999,44.29138,1524.3],[-71.316969,44.291504,1525.7]]}},
{"type":"Feature","properties":{"trail":"Crawford Path","hero":false,"class":null,"length_m":677.0},"geometry":{"type":"LineString","coordinates":[[-71.305657,44.270874,1870.6],[-71.305672,44.270866,1870.5],[-71.305728,44.270845,1869.9],[-71.305763,44.270835,1869.5],[-71.305786,44.270825,1869.2],[-71.305806,44.27081,1869.0],[-71.305853,44.270795,1868.4],[-71.305895,44.270782,1867.9],[-71.305925,44.270777,1867.6],[-71.305954,44.270778,1867.3],[-71.306011,44.270782,1866.7],[-71.30604,44.270784,1866.4],[-71.306059,44.270781,1866.2],[-71.30607,44.270768,1866.0],[-71.306089,44.27076,1865.8],[-71.306116,44.270744,1865.4],[-71.306145,44.270734,1864.9],[-71.306179,44.27073,1864.4],[-71.30626,44.270714,1863.1],[-71.30632,44.270703,1862.2],[-71.306412,44.27068,1860.5],[-71.306426,44.270676,1860.2],[-71.306481,44.270654,1858.9],[-71.306546,44.270624,1857.4],[-71.306565,44.270609,1856.9],[-71.306593,44.270584,1856.1],[-71.306598,44.270563,1855.9],[-71.306602,44.27054,1855.4],[-71.306598,44.270502,1854.8],[-71.306599,44.270481,1854.4],[-71.306617,44.270452,1853.5],[-71.306639,44.27042,1852.6],[-71.306673,44.270384,1851.4],[-71.306702,44.27035,1850.4],[-71.306714,44.270324,1849.8],[-71.30672,44.27029,1849.1],[-71.306723,44.270252,1848.1],[-71.306718,44.270216,1847.1],[-71.3067,44.270196,1846.8],[-71.30669,44.270179,1846.4],[-71.306695,44.270142,1845.3],[-71.306697,44.270125,1844.7],[-71.306725,44.27007,1842.7],[-71.306738,44.270046,1841.7],[-71.306759,44.270028,1840.8],[-71.306759,44.270011,1840.3],[-71.306771,44.269986,1839.4],[-71.306771,44.26997,1838.9],[-71.306778,44.269949,1838.2],[-71.306797,44.269931,1837.3],[-71.30682,44.269907,1836.1],[-71.306849,44.269889,1835.0],[-71.306881,44.26986,1833.3],[-71.306905,44.269838,1832.1],[-71.306926,44.269827,1831.3],[-71.306961,44.269806,1829.9],[-71.306987,44.269795,1829.0],[-71.307016,44.269795,1828.5],[-71.307039,44.269805,1828.4],[-71.307059,44.269816,1828.4],[-71.307079,44.269826,1828.4],[-71.30714,44.269818,1827.0],[-71.307184,44.269793,1825.3],[-71.307204,44.269776,1824.4],[-71.30722,44.269756,1823.4],[-71.307225,44.269722,1822.1],[-71.307221,44.269685,1821.1],[-71.307223,44.26966,1820.4],[-71.307223,44.269646,1820.0],[-71.307233,44.269631,1819.3],[-71.307249,44.269613,1818.5],[-71.307262,44.269606,1818.0],[-71.307285,44.269595,1817.2],[-71.307318,44.269586,1816.3],[-71.307342,44.269582,1815.6],[-71.307367,44.269574,1814.9],[-71.307393,44.26956,1813.8],[-71.3074,44.269552,1813.4],[-71.307406,44.269537,1812.8],[-71.307406,44.269521,1812.2],[-71.307399,44.269505,1811.8],[-71.307397,44.269484,1811.1],[-71.307403,44.269464,1810.3],[-71.307433,44.269442,1808.9],[-71.307452,44.269433,1808.2],[-71.307474,44.269428,1807.5],[-71.307495,44.26943,1807.0],[-71.307544,44.26945,1806.3],[-71.307568,44.269449,1805.7],[-71.307589,44.269438,1804.8],[-71.30761,44.269427,1804.0],[-71.307628,44.269409,1803.2],[-71.307671,44.269375,1801.2],[-71.307724,44.269352,1799.3],[-71.30776,44.269315,1797.5],[-71.307787,44.269297,1796.3],[-71.307791,44.269287,1795.9],[-71.307797,44.269268,1795.3],[-71.30781,44.269248,1794.4],[-71.307832,44.269227,1793.3],[-71.307861,44.269213,1792.2],[-71.307872,44.269194,1791.4],[-71.307875,44.269179,1790.9],[-71.307872,44.269141,1790.0],[-71.307879,44.269107,1788.9],[-71.30789,44.269088,1788.2],[-71.307892,44.269067,1787.5],[-71.307898,44.26905,1786.9],[-71.307908,44.26904,1786.4],[-71.307919,44.269024,1785.7],[-71.307921,44.268976,1784.5],[-71.307943,44.268923,1782.6],[-71.30796,44.26891,1781.8],[-71.307977,44.268865,1780.2],[-71.307979,44.268845,1779.6],[-71.307971,44.268818,1779.0],[-71.30797,44.268796,1778.4],[-71.307975,44.268773,1777.7],[-71.30799,44.268745,1776.5],[-71.30801,44.268721,1775.3],[-71.308021,44.268699,1774.4],[-71.308021,44.26869,1774.2],[-71.308003,44.268663,1773.9],[-71.307996,44.268639,1773.3],[-71.30798,44.268612,1773.0],[-71.307957,44.268569,1772.3],[-71.307954,44.268553,1771.9],[-71.307931,44.268527,1771.8],[-71.307924,44.268507,1771.4],[-71.307922,44.26849,1771.0],[-71.30791,44.268472,1770.8],[-71.307897,44.268471,1771.1],[-71.307881,44.268464,1771.4],[-71.307871,44.268454,1771.4],[-71.307871,44.26844,1771.0],[-71.307864,44.26843,1770.9],[-71.307842,44.268416,1771.1],[-71.307821,44.268388,1771.0],[-71.307796,44.268341,1770.5],[-71.307776,44.268308,1770.3],[-71.307757,44.268275,1770.1],[-71.307743,44.268233,1769.5],[-71.307742,44.268203,1768.8],[-71.307741,44.268163,1767.8],[-71.307747,44.268144,1767.2],[-71.307746,44.268121,1766.6],[-71.307733,44.268096,1766.4],[-71.307729,44.268077,1766.0],[-71.307739,44.26806,1765.3],[-71.307744,44.268036,1764.5],[-71.307738,44.268024,1764.3],[-71.30773,44.268012,1764.3],[-71.307726,44.26797,1763.2],[-71.307726,44.267925,1762.0],[-71.307716,44.267861,1760.6],[-71.307713,44.267795,1758.9],[-71.30772,44.267758,1757.5],[-71.30773,44.267735,1756.5],[-71.307704,44.267698,1756.2],[-71.307709,44.267674,1755.3],[-71.307708,44.267631,1754.0],[-71.307706,44.26761,1753.5],[-71.30772,44.267579,1752.1],[-71.307719,44.267541,1751.0],[-71.307716,44.267513,1750.2],[-71.307728,44.267507,1749.7],[-71.307758,44.26749,1748.3],[-71.307771,44.267466,1747.2],[-71.307774,44.267452,1746.8],[-71.30778,44.267434,1746.1],[-71.307794,44.267402,1744.9],[-71.307808,44.267394,1744.3],[-71.307828,44.267392,1743.7],[-71.307844,44.267396,1743.3],[-71.307854,44.267403,1743.2],[-71.307862,44.267414,1743.3],[-71.307869,44.267427,1743.4],[-71.307887,44.267433,1743.1],[-71.307908,44.267438,1742.6],[-71.307925,44.267434,1742.0],[-71.307961,44.267441,1741.2],[-71.308,44.26744,1740.0],[-71.30802,44.267441,1739.5],[-71.308031,44.267431,1738.9],[-71.30804,44.267415,1738.3],[-71.308022,44.26739,1738.2],[-71.308017,44.267379,1738.1],[-71.307999,44.267352,1737.9],[-71.307983,44.267329,1737.8],[-71.30797,44.267302,1737.5],[-71.307969,44.267289,1737.2],[-71.307954,44.26726,1736.9],[-71.30795,44.267245,1736.6],[-71.30794,44.267231,1736.5],[-71.30794,44.267217,1736.2],[-71.307941,44.267204,1735.9],[-71.307945,44.267184,1735.4],[-71.307945,44.267163,1735.1],[-71.307944,44.267141,1734.6],[-71.307938,44.26712,1734.4],[-71.307943,44.2671,1733.9],[-71.307958,44.26708,1733.1],[-71.30797,44.267069,1732.6],[-71.307965,44.267055,1732.4],[-71.307968,44.267042,1732.1],[-71.307982,44.267029,1731.5],[-71.307989,44.267012,1731.0],[-71.307993,44.266997,1730.6],[-71.308005,44.266993,1730.2],[-71.308011,44.267001,1730.2],[-71.308035,44.267007,1729.7],[-71.308085,44.267017,1728.6],[-71.308135,44.267021,1727.3],[-71.308175,44.26702,1726.3],[-71.308199,44.26702,1725.6],[-71.308245,44.267018,1724.4],[-71.308269,44.267011,1723.6],[-71.308283,44.266992,1723.0],[-71.308289,44.266978,1722.6],[-71.308292,44.266955,1722.1],[-71.308288,44.266923,1721.6],[-71.308273,44.2669,1721.4],[-71.308277,44.266863,1720.4],[-71.308282,44.266835,1719.7],[-71.308278,44.266792,1718.8],[-71.308275,44.266728,1717.3],[-71.308267,44.266624,1715.2],[-71.308269,44.266588,1714.3],[-71.308273,44.266561,1713.6],[-71.308271,44.266513,1712.5],[-71.308282,44.266486,1711.7],[-71.308288,44.266469,1711.2],[-71.308307,44.266407,1709.4]]}},
{"type":"Feature","properties":{"trail":"Crawford Path / Gulfside Trail","hero":false,"class":null,"length_m":194.3},"geometry":{"type":"LineString","coordinates":[[-71.305657,44.270874,1870.6],[-71.305617,44.270866,1871.1],[-71.30558,44.27086,1871.6],[-71.305549,44.270854,1872.0],[-71.30552,44.270851,1872.5],[-71.305489,44.270839,1873.1],[-71.305449,44.270837,1873.8],[-71.30543,44.270844,1874.1],[-71.30541,44.270841,1874.5],[-71.305393,44.270821,1875.0],[-71.305392,44.270795,1875.3],[-71.305408,44.270731,1875.7],[-71.305408,44.270707,1876.0],[-71.30539,44.270695,1876.5],[-71.305367,44.270693,1876.9],[-71.305287,44.270638,1879.2],[-71.305262,44.270618,1879.9],[-71.305173,44.27057,1882.2],[-71.305131,44.270512,1883.2],[-71.305113,44.270469,1883.6],[-71.305081,44.270444,1884.3],[-71.305021,44.270393,1885.8],[-71.30499,44.270367,1886.7],[-71.304904,44.270346,1889.1],[-71.304805,44.270334,1891.9],[-71.304697,44.270305,1895.0],[-71.304598,44.27025,1897.4],[-71.304501,44.270212,1899.4],[-71.304418,44.270184,1901.0],[-71.304385,44.270133,1901.2],[-71.304386,44.270098,1901.0],[-71.304368,44.270068,1901.0],[-71.304331,44.270033,1901.3],[-71.304351,44.270013,1900.8],[-71.304325,44.269957,1901.1],[-71.304304,44.269935,1901.4],[-71.304267,44.269921,1902.0],[-71.304218,44.269925,1902.7],[-71.304109,44.269918,1904.3],[-71.303994,44.269918,1905.8]]}},
{"type":"Feature","properties":{"trail":"Gulfside Trail","hero":false,"class":null,"length_m":121.7},"geometry":{"type":"LineString","coordinates":[[-71.305657,44.270874,1870.6],[-71.305642,44.270923,1870.5],[-71.305639,44.270943,1870.5],[-71.305631,44.27096,1870.5],[-71.305614,44.27102,1870.3],[-71.305583,44.271192,1869.2],[-71.30551,44.271357,1868.1],[-71.305483,44.271426,1867.6],[-71.305488,44.271497,1866.6],[-71.305552,44.27156,1865.2],[-71.305576,44.271632,1864.1],[-71.305565,44.271719,1862.7],[-71.305552,44.271785,1861.5],[-71.305549,44.271845,1860.4],[-71.305514,44.271933,1858.9]]}},
{"type":"Feature","properties":{"trail":"Crawford Path","hero":false,"class":null,"length_m":28.6},"geometry":{"type":"LineString","coordinates":[[-71.308307,44.266407,1709.4],[-71.308304,44.266352,1708.5],[-71.308317,44.266322,1707.8],[-71.308334,44.266312,1707.3],[-71.30834,44.266272,1706.5],[-71.308341,44.266257,1706.3],[-71.30833,44.266241,1706.3],[-71.308308,44.266223,1706.4],[-71.308301,44.266203,1706.2],[-71.308272,44.266172,1706.3]]}},
{"type":"Feature","properties":{"trail":"Westside Trail","hero":false,"class":null,"length_m":1241.9},"geometry":{"type":"LineString","coordinates":[[-71.308307,44.266407,1709.4],[-71.308376,44.26644,1708.6],[-71.30841,44.266464,1708.3],[-71.308429,44.266489,1708.4],[-71.308447,44.266519,1708.6],[-71.308482,44.266556,1708.6],[-71.308516,44.266584,1708.4],[-71.308555,44.266618,1708.2],[-71.30861,44.266668,1707.9],[-71.308636,44.266694,1707.8],[-71.30871,44.266779,1707.8],[-71.308777,44.266854,1707.8],[-71.308815,44.266879,1707.5],[-71.308836,44.26689,1707.2],[-71.308867,44.266911,1707.0],[-71.308892,44.266929,1706.8],[-71.30893,44.266938,1706.1],[-71.308948,44.266953,1706.0],[-71.308953,44.266979,1706.2],[-71.308972,44.267053,1706.8],[-71.309002,44.267098,1706.7],[-71.309074,44.267307,1707.8],[-71.30923,44.26753,1707.4],[-71.309421,44.267699,1706.1],[-71.309492,44.267814,1706.3],[-71.309649,44.268006,1705.1],[-71.309682,44.268062,1705.0],[-71.30969,44.268143,1706.2],[-71.309728,44.268221,1706.4],[-71.30981,44.268327,1705.7],[-71.309922,44.268493,1705.5],[-71.310034,44.268659,1705.0],[-71.310146,44.268825,1705.0],[-71.310295,44.268966,1703.0],[-71.310302,44.269002,1703.7],[-71.310326,44.269061,1704.4],[-71.310421,44.269186,1703.8],[-71.310516,44.269309,1703.2],[-71.310632,44.269496,1703.3],[-71.310747,44.269683,1703.6],[-71.310862,44.26987,1704.1],[-71.310912,44.269973,1705.2],[-71.310904,44.270056,1707.6],[-71.310919,44.270151,1709.0],[-71.310949,44.270209,1709.2],[-71.311032,44.270277,1707.7],[-71.3111,44.270515,1710.0],[-71.311164,44.27055,1708.4],[-71.311186,44.270555,1707.7],[-71.3112,44.270575,1707.3],[-71.311209,44.270605,1707.1],[-71.311218,44.27062,1706.9],[-71.311234,44.270636,1706.4],[-71.311174,44.270762,1709.2],[-71.311131,44.270926,1710.2],[-71.311054,44.271067,1711.6],[-71.310976,44.271209,1713.0],[-71.310866,44.27146,1714.6],[-71.310867,44.271603,1713.7],[-71.310774,44.271723,1716.4],[-71.310691,44.271981,1717.6],[-71.310678,44.272143,1718.0],[-71.310697,44.272302,1717.8],[-71.310671,44.272551,1720.5],[-71.310672,44.272644,1721.2],[-71.310701,44.272719,1720.9],[-71.310734,44.27275,1720.1],[-71.310739,44.272794,1720.4],[-71.310803,44.272911,1720.2],[-71.31083,44.27298,1720.3],[-71.310843,44.273024,1720.5],[-71.310892,44.273209,1722.5],[-71.311071,44.273422,1722.2],[-71.311119,44.273468,1722.1],[-71.31113,44.273493,1722.5],[-71.311174,44.273528,1722.6],[-71.311272,44.273655,1724.0],[-71.311319,44.27374,1725.1],[-71.311372,44.273755,1724.6],[-71.311424,44.273782,1724.4],[-71.31144,44.273819,1725.1],[-71.311436,44.273852,1726.0],[-71.311566,44.273964,1726.3],[-71.311755,44.274111,1725.5],[-71.311836,44.274242,1724.8],[-71.311848,44.274394,1724.6],[-71.31179,44.274555,1723.5],[-71.31168,44.27471,1722.5],[-71.311647,44.274869,1720.7],[-71.311639,44.274895,1720.5],[-71.311649,44.27495,1719.6],[-71.311643,44.27497,1719.3],[-71.311653,44.274989,1719.0],[-71.311676,44.275012,1718.4],[-71.31169,44.275048,1717.9],[-71.311692,44.275069,1717.7],[-71.311678,44.275093,1717.7],[-71.311634,44.275129,1718.0],[-71.311621,44.275152,1718.0],[-71.31158,44.275356,1716.3],[-71.311541,44.275395,1716.3],[-71.311523,44.275427,1716.1],[-71.311525,44.275465,1715.5],[-71.31155,44.275618,1712.5],[-71.311605,44.275832,1707.6],[-71.31166,44.276046,1703.7],[-71.311699,44.276222,1701.0],[-71.311738,44.276399,1698.3],[-71.311784,44.276451,1696.8],[-71.311785,44.276495,1696.0],[-71.311818,44.276568,1694.3]]}},
{"type":"Feature","properties":{"trail":"Crawford Path / Gulfside Trail","hero":false,"class":null,"length_m":35.0},"geometry":{"type":"LineString","coordinates":[[-71.303994,44.269918,1905.8],[-71.303967,44.269929,1906.2],[-71.303939,44.269949,1906.7],[-71.303907,44.269992,1907.3],[-71.303878,44.270001,1907.7],[-71.303825,44.270023,1908.1],[-71.303792,44.270045,1908.3],[-71.30367,44.270121,1909.2]]}},
{"type":"Feature","properties":{"trail":null,"hero":false,"class":"footway","length_m":25.3},"geometry":{"type":"LineString","coordinates":[[-71.303994,44.269918,1905.8],[-71.30392,44.269907,1906.7],[-71.303729,44.269936,1907.9],[-71.303687,44.26995,1908.2]]}},
{"type":"Feature","properties":{"trail":"Trinity Heights Connector","hero":false,"class":null,"length_m":235.5},"geometry":{"type":"LineString","coordinates":[[-71.305514,44.271933,1858.9],[-71.305394,44.27187,1861.0],[-71.305276,44.271783,1863.6],[-71.305244,44.271761,1864.4],[-71.305212,44.271746,1865.0],[-71.305208,44.271727,1865.5],[-71.305188,44.271706,1866.1],[-71.305167,44.271705,1866.3],[-71.305154,44.271697,1866.6],[-71.305134,44.271689,1867.0],[-71.305122,44.271676,1867.4],[-71.305117,44.271658,1867.8],[-71.305105,44.271652,1868.0],[-71.305101,44.271644,1868.2],[-71.305106,44.271632,1868.3],[-71.305097,44.271622,1868.6],[-71.30508,44.271616,1868.9],[-71.305068,44.271606,1869.2],[-71.305069,44.271591,1869.4],[-71.305062,44.271581,1869.7],[-71.305038,44.271579,1870.0],[-71.305023,44.271571,1870.3],[-71.30502,44.271557,1870.6],[-71.305011,44.271538,1871.0],[-71.304969,44.271469,1873.0],[-71.30492,44.271419,1874.8],[-71.304867,44.271373,1876.7],[-71.304844,44.271358,1877.4],[-71.304823,44.271332,1878.3],[-71.304798,44.27132,1879.0],[-71.304786,44.271302,1879.5],[-71.304778,44.271295,1879.8],[-71.304761,44.271293,1880.2],[-71.304733,44.271281,1880.9],[-71.304708,44.271268,1881.6],[-71.304682,44.271251,1882.4],[-71.304641,44.271232,1883.5],[-71.30461,44.271217,1884.3],[-71.304561,44.271195,1885.6],[-71.304516,44.271184,1886.6],[-71.304492,44.271177,1887.1],[-71.304475,44.271173,1887.5],[-71.304462,44.271167,1887.8],[-71.304462,44.271157,1888.0],[-71.304455,44.271146,1888.3],[-71.304439,44.27114,1888.7],[-71.304423,44.271123,1889.2],[-71.304383,44.271104,1890.1],[-71.304357,44.271086,1890.9],[-71.304351,44.271063,1891.5],[-71.30434,44.271045,1892.1],[-71.304318,44.271037,1892.6],[-71.304307,44.271029,1893.0],[-71.304296,44.271013,1893.5],[-71.304281,44.271007,1893.9],[-71.304274,44.270991,1894.4],[-71.304271,44.270971,1894.9],[-71.304247,44.270956,1895.7],[-71.304224,44.270942,1896.5],[-71.304216,44.270934,1896.9],[-71.304214,44.270918,1897.3],[-71.304201,44.270916,1897.6],[-71.304192,44.270899,1898.2],[-71.304187,44.27089,1898.5],[-71.304177,44.270885,1898.9],[-71.304167,44.270878,1899.2],[-71.304115,44.270846,1901.0],[-71.304065,44.270813,1902.6],[-71.303959,44.270732,1905.8],[-71.303929,44.27073,1906.3],[-71.303908,44.27072,1906.8],[-71.303899,44.270712,1907.1],[-71.30388,44.270687,1907.7],[-71.303828,44.270657,1908.8],[-71.303777,44.270628,1909.9],[-71.303747,44.270603,1910.7],[-71.303704,44.27059,1911.4],[-71.303691,44.270596,1911.5],[-71.303672,44.270595,1911.8],[-71.303648,44.270589,1912.2],[-71.303621,44.270583,1912.7],[-71.303588,44.27058,1912.9],[-71.303543,44.270566,1913.1],[-71.303509,44.270545,1913.1]]}},
{"type":"Feature","properties":{"trail":"Gulfside Trail","hero":false,"class":null,"length_m":234.3},"geometry":{"type":"LineString","coordinates":[[-71.305514,44.271933,1858.9],[-71.305521,44.272004,1857.5],[-71.305524,44.272057,1856.4],[-71.305518,44.272106,1855.6],[-71.30551,44.272129,1855.2],[-71.305503,44.272155,1854.7],[-71.305487,44.272181,1854.3],[-71.305465,44.272187,1854.3],[-71.305445,44.272214,1853.9],[-71.305445,44.272243,1853.4],[-71.305421,44.272319,1852.5],[-71.305416,44.272361,1851.9],[-71.305418,44.27241,1851.3],[-71.305408,44.272456,1850.7],[-71.305398,44.272501,1850.0],[-71.305397,44.272547,1849.2],[-71.305403,44.272592,1848.5],[-71.305382,44.272629,1847.8],[-71.305363,44.272653,1847.4],[-71.305338,44.272704,1846.5],[-71.305293,44.272753,1845.7],[-71.305264,44.272789,1844.9],[-71.30525,44.272825,1844.0],[-71.305238,44.272839,1843.7],[-71.305205,44.272878,1842.7],[-71.305182,44.272894,1842.2],[-71.305167,44.272902,1842.0],[-71.305104,44.272928,1841.4],[-71.305067,44.272945,1841.0],[-71.304996,44.272975,1840.3],[-71.304976,44.273013,1839.5],[-71.304963,44.273076,1838.3],[-71.304959,44.273119,1837.7],[-71.304943,44.273154,1837.1],[-71.304922,44.273197,1836.5],[-71.304919,44.273243,1835.8],[-71.304918,44.273284,1835.1],[-71.3049,44.273331,1834.4],[-71.304898,44.27338,1833.4],[-71.304897,44.273433,1832.2],[-71.304886,44.273481,1831.2],[-71.304884,44.273538,1830.0],[-71.304879,44.273569,1829.3],[-71.304869,44.273594,1828.9],[-71.304863,44.273621,1828.4],[-71.304852,44.273697,1827.1],[-71.304836,44.273793,1825.4],[-71.304813,44.273887,1823.8]]}},
{"type":"Feature","properties":{"trail":"Crawford Path","hero":false,"class":null,"length_m":1044.5},"geometry":{"type":"LineString","coordinates":[[-71.308272,44.266172,1706.3],[-71.308243,44.266074,1705.3],[-71.308244,44.26603,1704.6],[-71.308295,44.265803,1699.9],[-71.308329,44.265635,1696.5],[-71.308359,44.26557,1694.9],[-71.308404,44.265491,1692.9],[-71.30846,44.265404,1690.5],[-71.308461,44.265367,1689.9],[-71.308448,44.265281,1688.9],[-71.308458,44.265205,1687.6],[-71.308476,44.265165,1686.7],[-71.308579,44.265012,1682.7],[-71.308639,44.264917,1680.8],[-71.308673,44.264891,1680.0],[-71.30886,44.264764,1676.3],[-71.308879,44.264747,1676.0],[-71.30892,44.264593,1674.2],[-71.308958,44.264514,1673.0],[-71.309008,44.264452,1671.8],[-71.309076,44.264371,1670.0],[-71.309192,44.264272,1667.4],[-71.309322,44.264166,1664.8],[-71.309415,44.264118,1663.2],[-71.309449,44.264099,1662.6],[-71.309502,44.264028,1661.4],[-71.309589,44.26393,1659.5],[-71.309658,44.263849,1658.3],[-71.309747,44.263755,1657.0],[-71.309777,44.263732,1656.6],[-71.309967,44.263638,1654.1],[-71.310157,44.263478,1651.9],[-71.310288,44.263374,1650.3],[-71.310349,44.263337,1649.6],[-71.310396,44.263287,1648.9],[-71.310424,44.263234,1648.5],[-71.310451,44.263208,1648.1],[-71.31052,44.263149,1647.1],[-71.310588,44.26305,1646.0],[-71.310705,44.262961,1644.6],[-71.310778,44.262904,1643.6],[-71.310829,44.262874,1642.8],[-71.310854,44.26287,1642.3],[-71.310895,44.262872,1641.5],[-71.310934,44.26287,1640.7],[-71.310957,44.262862,1640.2],[-71.311005,44.262847,1639.2],[-71.311045,44.26284,1638.4],[-71.311098,44.262829,1637.2],[-71.31113,44.26281,1636.5],[-71.31116,44.262782,1635.8],[-71.311182,44.262776,1635.3],[-71.311203,44.262771,1634.9],[-71.31123,44.262757,1634.4],[-71.311257,44.262744,1633.8],[-71.311282,44.262731,1633.4],[-71.311336,44.262714,1632.3],[-71.311521,44.262534,1629.7],[-71.311552,44.26247,1629.5],[-71.311717,44.262296,1628.0],[-71.311791,44.262225,1627.6],[-71.311918,44.262134,1626.6],[-71.31209,44.262007,1623.9],[-71.312161,44.261944,1622.6],[-71.312229,44.261898,1621.4],[-71.312267,44.26187,1620.4],[-71.312316,44.261831,1619.2],[-71.312334,44.261805,1618.8],[-71.312359,44.261786,1618.2],[-71.312404,44.261745,1617.2],[-71.31243,44.261733,1616.6],[-71.312461,44.26172,1615.8],[-71.312533,44.261723,1613.9],[-71.312594,44.261702,1612.3],[-71.312656,44.26166,1610.7],[-71.312759,44.261599,1608.5],[-71.312811,44.261564,1607.5],[-71.31295,44.261488,1604.1],[-71.312994,44.26148,1602.8],[-71.31305,44.261458,1601.3],[-71.313087,44.261433,1600.4],[-71.313157,44.261382,1598.6],[-71.313202,44.261323,1598.3],[-71.313265,44.261268,1597.1],[-71.313325,44.261222,1595.9],[-71.313395,44.261174,1594.3],[-71.313427,44.261141,1593.7],[-71.313461,44.261088,1593.6],[-71.313592,44.261029,1590.4],[-71.313622,44.260982,1590.5],[-71.313729,44.260954,1587.0],[-71.313786,44.260895,1586.1],[-71.313906,44.260826,1582.7],[-71.31402,44.260751,1580.3],[-71.314076,44.260686,1579.6],[-71.314108,44.26065,1579.2],[-71.31414,44.260617,1578.7],[-71.314152,44.260581,1578.9],[-71.314203,44.26055,1578.0],[-71.314279,44.260507,1576.7],[-71.314335,44.260453,1576.3],[-71.314418,44.260409,1575.1],[-71.314473,44.260391,1574.2],[-71.314497,44.260375,1574.0],[-71.314522,44.260346,1574.1],[-71.314584,44.26031,1573.6],[-71.314627,44.260287,1573.1],[-71.314658,44.260257,1572.9],[-71.314684,44.260228,1572.7],[-71.31471,44.260216,1572.3],[-71.314756,44.260204,1571.6],[-71.314795,44.260177,1571.2],[-71.314818,44.26016,1571.0],[-71.314844,44.260149,1570.7],[-71.314859,44.260126,1570.8],[-71.314901,44.260123,1570.1],[-71.314957,44.260096,1569.6],[-71.315005,44.260079,1569.0],[-71.315073,44.260072,1567.7],[-71.315114,44.260062,1567.1],[-71.315159,44.260065,1566.1],[-71.315246,44.260076,1564.1],[-71.315301,44.260077,1562.9],[-71.315344,44.260064,1562.4],[-71.31537,44.260046,1562.3],[-71.315429,44.259988,1562.4],[-71.315456,44.259966,1562.2],[-71.315496,44.259941,1561.8],[-71.315525,44.259915,1561.6],[-71.315541,44.259892,1561.7],[-71.315574,44.259874,1561.3],[-71.315626,44.259844,1560.7],[-71.315645,44.259813,1560.7],[-71.315679,44.259774,1560.5],[-71.315786,44.259712,1558.9],[-71.315818,44.25968,1558.5],[-71.315862,44.259623,1557.9],[-71.315892,44.259598,1557.5],[-71.315938,44.25953,1556.9],[-71.315971,44.259462,1556.7],[-71.316039,44.259366,1555.3],[-71.316116,44.259285,1553.3]]}},
{"type":"Feature","properties":{"trail":"Davis Path","hero":false,"class":null,"length_m":178.0},"geometry":{"type":"LineString","coordinates":[[-71.308272,44.266172,1706.3],[-71.308239,44.266148,1706.5],[-71.308193,44.266118,1706.9],[-71.308172,44.2661,1707.0],[-71.308148,44.266083,1707.2],[-71.308106,44.266059,1707.6],[-71.308087,44.26605,1707.8],[-71.308074,44.266037,1707.9],[-71.308043,44.266014,1708.2],[-71.308015,44.265978,1708.2],[-71.307991,44.265963,1708.6],[-71.307966,44.265945,1708.9],[-71.307961,44.26592,1708.6],[-71.307978,44.265891,1707.9],[-71.307999,44.26585,1706.9],[-71.308005,44.265834,1706.5],[-71.308014,44.265796,1705.6],[-71.308033,44.265772,1704.8],[-71.308045,44.265704,1703.3],[-71.308044,44.265648,1702.4],[-71.308037,44.265592,1701.6],[-71.308032,44.26556,1701.1],[-71.308031,44.265539,1700.8],[-71.308049,44.265491,1699.7],[-71.308056,44.265466,1699.2],[-71.308057,44.265441,1698.8],[-71.308048,44.265376,1698.0],[-71.308077,44.265346,1697.0],[-71.308072,44.265329,1696.8],[-71.308043,44.265301,1697.0],[-71.308006,44.265236,1696.8],[-71.307963,44.265187,1697.0],[-71.307943,44.265163,1697.1],[-71.307921,44.265114,1696.9],[-71.307898,44.265067,1696.8],[-71.307885,44.26504,1696.7],[-71.307861,44.265021,1697.0],[-71.307819,44.265006,1697.6],[-71.307767,44.264995,1698.4],[-71.307664,44.265004,1700.1],[-71.307619,44.264997,1700.7],[-71.3076,44.264988,1700.8],[-71.307559,44.264973,1701.1],[-71.307478,44.264934,1701.6]]}},
{"type":"Feature","properties":{"trail":null,"hero":false,"class":"track","length_m":635.7},"geometry":{"type":"LineString","coordinates":[[-71.311818,44.276568,1694.3],[-71.311704,44.276515,1696.6],[-71.311491,44.276446,1700.8],[-71.311398,44.276432,1702.4],[-71.311341,44.276406,1703.6],[-71.311317,44.276356,1704.6],[-71.311172,44.276306,1707.3],[-71.310927,44.276222,1712.2],[-71.310682,44.276137,1718.0],[-71.310437,44.276053,1724.2],[-71.310174,44.275945,1730.2],[-71.309911,44.275838,1735.9],[-71.309647,44.275731,1739.7],[-71.309332,44.275613,1743.5],[-71.309017,44.275495,1747.6],[-71.308703,44.275377,1752.8],[-71.308388,44.275259,1758.6],[-71.308099,44.275147,1764.1],[-71.307811,44.275034,1769.7],[-71.307522,44.274921,1774.4],[-71.307257,44.274819,1778.4],[-71.306991,44.274717,1783.4],[-71.306725,44.274616,1788.5],[-71.30646,44.274512,1793.7],[-71.306194,44.274408,1799.0],[-71.305925,44.274298,1804.8],[-71.305655,44.274188,1810.4],[-71.305386,44.274078,1814.8],[-71.305099,44.273982,1819.2],[-71.304813,44.273887,1823.8]]}},
{"type":"Feature","properties":{"trail":"Westside Trail","hero":false,"class":null,"length_m":113.0},"geometry":{"type":"LineString","coordinates":[[-71.311818,44.276568,1694.3],[-71.311861,44.276674,1692.0],[-71.311867,44.276746,1690.5],[-71.311868,44.276836,1688.7],[-71.311873,44.276879,1687.9],[-71.311874,44.276922,1687.0],[-71.311867,44.276959,1686.5],[-71.31187,44.277003,1686.0],[-71.31188,44.277056,1685.3],[-71.311883,44.277084,1685.0],[-71.312029,44.27723,1681.7],[-71.31201,44.277396,1679.3],[-71.312119,44.277522,1675.7]]}},
{"type":"Feature","properties":{"trail":null,"hero":false,"class":"track","length_m":3109.6},"geometry":{"type":"LineString","coordinates":[[-71.311818,44.276568,1694.3],[-71.312,44.276658,1690.6],[-71.312333,44.276763,1684.1],[-71.312549,44.276794,1680.3],[-71.312766,44.276824,1676.3],[-71.312892,44.27684,1673.8],[-71.313151,44.276812,1669.1],[-71.313409,44.276783,1663.7],[-71.313667,44.276754,1657.8],[-71.314031,44.27671,1649.5],[-71.314394,44.276667,1640.7],[-71.314651,44.276604,1635.0],[-71.314908,44.276541,1629.2],[-71.315165,44.276479,1623.3],[-71.315408,44.276425,1617.2],[-71.31565,44.276372,1610.0],[-71.315892,44.276319,1601.7],[-71.316187,44.276268,1591.2],[-71.316482,44.276218,1581.2],[-71.316848,44.276157,1570.4],[-71.317138,44.27611,1562.9],[-71.317428,44.276062,1554.1],[-71.317712,44.275998,1545.5],[-71.317996,44.275935,1537.2],[-71.318262,44.275833,1531.9],[-71.318529,44.275732,1524.3],[-71.318843,44.275653,1513.9],[-71.31892,44.27562,1511.8],[-71.319038,44.275587,1508.0],[-71.319287,44.275469,1500.4],[-71.319537,44.275352,1492.6],[-71.319725,44.275252,1487.4],[-71.319913,44.275151,1481.7],[-71.32019,44.274991,1473.6],[-71.320321,44.274932,1468.9],[-71.320471,44.274887,1463.3],[-71.320686,44.274842,1455.3],[-71.3209,44.274797,1448.3],[-71.321173,44.274774,1441.3],[-71.321446,44.27475,1434.8],[-71.321707,44.274704,1428.2],[-71.321969,44.274658,1420.8],[-71.322255,44.274598,1412.2],[-71.322541,44.274538,1403.4],[-71.322826,44.274478,1394.8],[-71.323172,44.274392,1386.1],[-71.323519,44.274305,1376.7],[-71.323865,44.274219,1366.4],[-71.324211,44.274133,1358.3],[-71.324503,44.274096,1351.6],[-71.324794,44.274059,1344.8],[-71.325055,44.27405,1338.6],[-71.325316,44.274041,1332.6],[-71.325552,44.274005,1327.2],[-71.325789,44.273969,1321.6],[-71.326046,44.273942,1315.7],[-71.326303,44.273915,1310.0],[-71.326553,44.273897,1304.1],[-71.326802,44.27388,1299.0],[-71.327096,44.27388,1292.5],[-71.32739,44.27388,1285.7],[-71.327666,44.273931,1279.1],[-71.327876,44.273905,1275.7],[-71.328075,44.273916,1271.5],[-71.328396,44.273931,1263.6],[-71.328718,44.273946,1255.1],[-71.329067,44.273989,1246.1],[-71.329287,44.273999,1241.6],[-71.329506,44.274008,1237.4],[-71.329694,44.273997,1233.7],[-71.329959,44.274017,1228.1],[-71.330224,44.274036,1222.1],[-71.330489,44.274056,1215.7],[-71.33069,44.274084,1210.4],[-71.330993,44.274111,1203.2],[-71.331306,44.274078,1197.2],[-71.331618,44.274046,1191.2],[-71.331919,44.273962,1184.5],[-71.332232,44.273932,1177.7],[-71.332426,44.273904,1173.3],[-71.332619,44.273876,1169.6],[-71.332782,44.273881,1167.0],[-71.332904,44.273901,1165.7],[-71.332976,44.273889,1164.7],[-71.333095,44.273827,1163.0],[-71.333206,44.273767,1161.4],[-71.333275,44.273744,1160.4],[-71.333476,44.273708,1157.3],[-71.333694,44.273682,1153.9],[-71.333911,44.273657,1150.6],[-71.334224,44.273615,1145.3],[-71.334536,44.273573,1140.5],[-71.334744,44.273543,1137.4],[-71.334952,44.273513,1133.9],[-71.335134,44.273475,1130.7],[-71.335316,44.273437,1127.3],[-71.335637,44.273356,1120.4],[-71.335915,44.273315,1114.8],[-71.336244,44.273285,1107.7],[-71.336571,44.2732,1099.2],[-71.336834,44.273162,1092.2],[-71.337036,44.273125,1086.4],[-71.337238,44.273089,1080.3],[-71.337395,44.273035,1076.0],[-71.337671,44.273027,1069.4],[-71.337873,44.272978,1064.3],[-71.338075,44.272929,1058.7],[-71.338376,44.272914,1051.6],[-71.338654,44.272868,1043.6],[-71.338845,44.272821,1038.2],[-71.339036,44.272774,1032.9],[-71.339308,44.272735,1026.8],[-71.33958,44.272695,1020.0],[-71.339851,44.272656,1013.0],[-71.340147,44.2726,1004.9],[-71.340443,44.272543,997.4],[-71.340755,44.272491,991.2],[-71.341066,44.272438,986.2],[-71.341378,44.272386,980.0],[-71.341689,44.272333,973.2],[-71.342001,44.272281,967.1],[-71.342248,44.27226,962.5],[-71.342588,44.272194,956.9],[-71.34288,44.272144,950.6],[-71.343171,44.272094,945.0],[-71.343536,44.272039,935.6],[-71.343901,44.271983,927.8],[-71.34418,44.271931,923.3],[-71.34446,44.271878,919.3],[-71.34474,44.271825,914.4],[-71.344927,44.271803,911.5],[-71.345113,44.271781,908.5],[-71.345299,44.271743,905.2],[-71.345484,44.271705,901.9],[-71.3458,44.271673,898.0],[-71.346094,44.271602,894.4],[-71.346372,44.271575,890.7],[-71.346702,44.271501,884.9],[-71.346664,44.271336,882.9],[-71.346748,44.271299,882.2],[-71.3469,44.271272,880.4],[-71.347075,44.271221,877.8],[-71.347249,44.27117,874.6],[-71.347437,44.271155,870.7],[-71.347644,44.271126,866.1],[-71.34785,44.271098,861.9],[-71.348016,44.27105,859.4],[-71.348248,44.270989,856.3],[-71.348514,44.270936,851.7],[-71.34878,44.270883,845.8],[-71.349011,44.270833,840.3]]}},
{"type":"Feature","properties":{"trail":"Crawford Path","hero":false,"class":null,"length_m":94.3},"geometry":{"type":"LineString","coordinates":[[-71.316116,44.259285,1553.3],[-71.316153,44.259252,1552.3],[-71.316178,44.259226,1551.7],[-71.316193,44.259204,1551.3],[-71.316215,44.259174,1550.8],[-71.316256,44.259141,1550.1],[-71.316288,44.259093,1549.9],[-71.31632,44.259073,1549.5],[-71.316389,44.259071,1548.0],[-71.316456,44.259068,1547.1],[-71.316538,44.259077,1545.8],[-71.316574,44.259079,1545.2],[-71.316631,44.259061,1544.7],[-71.31679,44.258989,1543.7],[-71.31698,44.258935,1541.6],[-71.317063,44.258885,1541.4]]}},
{"type":"Feature","properties":{"trail":"Tuckerman Crossover","hero":false,"class":null,"length_m":1072.4},"geometry":{"type":"LineString","coordinates":[[-71.316116,44.259285,1553.3],[-71.316059,44.259275,1554.7],[-71.316038,44.259246,1555.3],[-71.316019,44.259222,1555.8],[-71.316002,44.259214,1556.2],[-71.315987,44.259216,1556.6],[-71.31597,44.259215,1557.1],[-71.315954,44.259201,1557.5],[-71.315929,44.259184,1558.2],[-71.315917,44.259181,1558.5],[-71.315906,44.259184,1558.8],[-71.315892,44.25918,1559.2],[-71.315835,44.259148,1560.7],[-71.315799,44.259127,1561.4],[-71.315783,44.259107,1561.6],[-71.315772,44.259101,1561.8],[-71.315755,44.259085,1562.1],[-71.315741,44.259072,1562.2],[-71.315739,44.259064,1562.2],[-71.315727,44.259057,1562.4],[-71.315716,44.259044,1562.5],[-71.315706,44.259039,1562.6],[-71.315692,44.259024,1562.7],[-71.315674,44.259014,1562.9],[-71.315657,44.259013,1563.1],[-71.315645,44.259017,1563.3],[-71.315637,44.259016,1563.4],[-71.31562,44.259006,1563.6],[-71.315612,44.259004,1563.7],[-71.315588,44.259013,1564.1],[-71.315573,44.259019,1564.4],[-71.315549,44.259028,1564.9],[-71.315531,44.259033,1565.2],[-71.315516,44.259035,1565.4],[-71.315489,44.259035,1565.6],[-71.315467,44.259033,1565.8],[-71.315462,44.259036,1566.0],[-71.31544,44.25905,1566.4],[-71.315415,44.259063,1567.0],[-71.315396,44.259069,1567.3],[-71.315356,44.259081,1568.0],[-71.315345,44.259093,1568.4],[-71.315321,44.259105,1568.9],[-71.315306,44.259111,1569.2],[-71.31528,44.25912,1569.8],[-71.315234,44.259137,1570.8],[-71.315206,44.259151,1571.5],[-71.315188,44.259163,1572.0],[-71.31517,44.259177,1572.3],[-71.315145,44.259199,1572.6],[-71.315115,44.259212,1573.0],[-71.315066,44.259218,1573.6],[-71.315013,44.259228,1574.3],[-71.314945,44.259243,1575.4],[-71.314922,44.259249,1575.8],[-71.314902,44.259248,1576.1],[-71.314881,44.259253,1576.4],[-71.314866,44.259262,1576.7],[-71.314848,44.259266,1577.0],[-71.314815,44.259274,1577.5],[-71.314783,44.259269,1578.0],[-71.314756,44.259248,1578.6],[-71.314732,44.25924,1579.0],[-71.314712,44.259241,1579.3],[-71.31465,44.259235,1580.2],[-71.314622,44.259216,1580.6],[-71.314604,44.259188,1581.0],[-71.314576,44.259147,1581.1],[-71.314526,44.259104,1581.1],[-71.314478,44.259068,1581.1],[-71.314443,44.259047,1581.1],[-71.314419,44.259024,1581.0],[-71.314402,44.259011,1581.0],[-71.314387,44.259,1581.1],[-71.314364,44.259004,1581.4],[-71.314337,44.259019,1582.0],[-71.314317,44.259029,1582.5],[-71.314303,44.259038,1582.8],[-71.314296,44.259042,1583.0],[-71.314288,44.259041,1583.0],[-71.314285,44.259031,1582.9],[-71.314272,44.259024,1583.0],[-71.314265,44.25901,1582.8],[-71.314241,44.259006,1583.0],[-71.314224,44.259008,1583.3],[-71.314194,44.259013,1583.8],[-71.31417,44.259025,1584.3],[-71.314161,44.259045,1584.7],[-71.314151,44.259061,1585.1],[-71.314124,44.259064,1585.4],[-71.314098,44.259068,1585.7],[-71.314074,44.259097,1586.3],[-71.314062,44.259123,1586.8],[-71.314058,44.259131,1586.9],[-71.314054,44.259152,1587.2],[-71.314032,44.259188,1587.6],[-71.314012,44.259204,1587.7],[-71.314006,44.259223,1587.8],[-71.31399,44.259241,1587.9],[-71.313982,44.259257,1588.0],[-71.313957,44.259261,1588.2],[-71.313942,44.259253,1588.2],[-71.313924,44.25925,1588.3],[-71.313884,44.259259,1588.7],[-71.313871,44.259266,1588.9],[-71.313834,44.259278,1589.7],[-71.313808,44.259272,1590.1],[-71.313782,44.259255,1590.5],[-71.313746,44.259256,1591.1],[-71.313694,44.259253,1592.1],[-71.313627,44.259238,1593.0],[-71.313588,44.259221,1593.6],[-71.313559,44.259206,1594.1],[-71.313522,44.259183,1594.6],[-71.313503,44.259167,1594.7],[-71.313489,44.259151,1594.9],[-71.313476,44.259133,1595.1],[-71.313468,44.259114,1595.1],[-71.313463,44.259093,1595.1],[-71.313441,44.259082,1595.6],[-71.313391,44.25908,1596.8],[-71.313277,44.259112,1599.3],[-71.313233,44.259125,1600.1],[-71.313192,44.259125,1600.8],[-71.313142,44.259117,1601.7],[-71.313112,44.2591,1602.2],[-71.313083,44.25909,1602.8],[-71.31305,44.259086,1603.3],[-71.313012,44.259068,1603.8],[-71.312997,44.259058,1604.0],[-71.312999,44.25904,1604.0],[-71.312985,44.259018,1604.2],[-71.312958,44.258993,1604.6],[-71.312917,44.258965,1605.1],[-71.312866,44.258964,1605.8],[-71.312818,44.258974,1606.3],[-71.312778,44.258989,1606.8],[-71.312737,44.259008,1606.9],[-71.312707,44.259008,1607.1],[-71.312687,44.259005,1607.2],[-71.312656,44.258989,1607.4],[-71.312614,44.258984,1607.6],[-71.312567,44.258985,1607.8],[-71.31252,44.258983,1608.1],[-71.312468,44.258968,1608.3],[-71.312424,44.258953,1608.4],[-71.312384,44.258931,1608.6],[-71.312353,44.258922,1608.7],[-71.312313,44.258919,1608.9],[-71.312261,44.258906,1609.1],[-71.312221,44.258895,1609.2],[-71.31219,44.258893,1609.5],[-71.312158,44.25889,1609.7],[-71.312134,44.258884,1609.9],[-71.31212,44.258875,1609.9],[-71.312095,44.258862,1610.0],[-71.312062,44.258851,1610.1],[-71.312014,44.258847,1610.4],[-71.311964,44.258841,1610.7],[-71.311931,44.258835,1610.9],[-71.311894,44.25882,1610.9],[-71.311852,44.258803,1610.9],[-71.311839,44.258791,1610.8],[-71.311834,44.258776,1610.6],[-71.31181,44.258757,1610.5],[-71.311768,44.258744,1610.5],[-71.311722,44.258734,1610.5],[-71.311685,44.258739,1610.7],[-71.311666,44.258754,1611.1],[-71.311637,44.258768,1611.3],[-71.311577,44.258781,1611.5],[-71.311551,44.258789,1611.6],[-71.311518,44.258791,1611.6],[-71.311461,44.258794,1611.6],[-71.311411,44.258809,1611.8],[-71.31139,44.258815,1611.9],[-71.311381,44.258825,1612.1],[-71.311355,44.258831,1612.4],[-71.311334,44.25883,1612.4],[-71.311269,44.258838,1612.8],[-71.311232,44.258843,1613.1],[-71.311165,44.258838,1613.2],[-71.311118,44.258826,1613.2],[-71.31105,44.258823,1613.3],[-71.310995,44.258826,1613.5],[-71.310928,44.25884,1614.1],[-71.310864,44.258856,1614.7],[-71.310737,44.258902,1615.7],[-71.310693,44.258904,1615.7],[-71.310656,44.258901,1615.5],[-71.31062,44.258895,1615.3],[-71.310585,44.258896,1615.2],[-71.310561,44.258904,1615.3],[-71.310542,44.258906,1615.4],[-71.310505,44.258899,1615.3],[-71.310491,44.258889,1615.2],[-71.310462,44.258892,1615.3],[-71.310446,44.258899,1615.5],[-71.310427,44.2589,1615.5],[-71.310404,44.258893,1615.5],[-71.310375,44.258888,1615.4],[-71.310352,44.258898,1615.7],[-71.310334,44.25891,1616.0],[-71.310313,44.258915,1616.1],[-71.310275,44.258912,1616.2],[-71.31024,44.258911,1616.5],[-71.310207,44.258903,1616.6],[-71.310186,44.258905,1616.9],[-71.310154,44.258902,1617.1],[-71.31012,44.25891,1617.6],[-71.310086,44.258927,1618.2],[-71.310052,44.258936,1618.7],[-71.309995,44.258928,1619.1],[-71.309927,44.258927,1619.3],[-71.309788,44.25893,1619.8],[-71.309743,44.258936,1620.0],[-71.309719,44.258945,1620.2],[-71.309693,44.258948,1620.3],[-71.309662,44.258953,1620.5],[-71.309637,44.258967,1620.8],[-71.309604,44.258973,1621.0],[-71.30956,44.258976,1621.2],[-71.309517,44.258977,1621.4],[-71.309484,44.258993,1621.8],[-71.309434,44.259002,1622.1],[-71.309402,44.25902,1622.5],[-71.309382,44.259024,1622.7],[-71.309338,44.259018,1622.7],[-71.30927,44.259015,1623.0],[-71.3091,44.259013,1623.7],[-71.30906,44.259011,1623.9],[-71.309031,44.259019,1624.2],[-71.309002,44.259048,1624.9],[-71.308969,44.259083,1625.7],[-71.308945,44.259108,1626.2],[-71.308924,44.259122,1626.6],[-71.308896,44.259122,1626.8],[-71.308849,44.259134,1627.3],[-71.308808,44.259147,1627.8],[-71.308776,44.259151,1628.1],[-71.308738,44.259152,1628.4],[-71.308717,44.259157,1628.6],[-71.308695,44.25917,1629.0],[-71.308677,44.259185,1629.3],[-71.308651,44.259194,1629.6],[-71.308615,44.259189,1629.8],[-71.308583,44.259179,1629.8],[-71.308558,44.25917,1629.9],[-71.308524,44.259177,1630.1],[-71.308498,44.259179,1630.3],[-71.308462,44.259176,1630.4],[-71.308429,44.259169,1630.5],[-71.308375,44.25916,1630.7],[-71.308336,44.259167,1631.0],[-71.308277,44.259166,1631.4],[-71.308213,44.259172,1631.8],[-71.308148,44.259181,1632.3],[-71.307952,44.259183,1633.8],[-71.307742,44.259194,1636.0],[-71.307529,44.259187,1638.5],[-71.307421,44.259196,1639.7],[-71.30738,44.259197,1640.0],[-71.307352,44.25921,1640.4],[-71.307324,44.259225,1640.9],[-71.307155,44.25923,1642.3],[-71.30703,44.259232,1643.3],[-71.306986,44.259233,1643.6],[-71.306686,44.259233,1646.4],[-71.306471,44.259237,1648.1],[-71.306303,44.259229,1649.3],[-71.306199,44.259212,1649.9],[-71.306099,44.259184,1650.4],[-71.306038,44.259179,1650.9],[-71.305997,44.259167,1651.1],[-71.305942,44.259161,1651.5],[-71.305918,44.259165,1651.7],[-71.305875,44.259163,1652.1],[-71.305849,44.259155,1652.2],[-71.305821,44.259154,1652.4],[-71.305728,44.259151,1653.0],[-71.305679,44.259144,1653.3],[-71.305604,44.259138,1653.8],[-71.305541,44.259123,1654.2],[-71.305474,44.259105,1654.9],[-71.305409,44.259083,1655.5],[-71.305364,44.259076,1656.0],[-71.305314,44.259061,1656.4],[-71.305261,44.259048,1656.9],[-71.305234,44.259048,1657.2],[-71.305172,44.259035,1657.6],[-71.305125,44.259021,1657.9],[-71.305079,44.259003,1658.2],[-71.305054,44.259005,1658.4],[-71.305022,44.259016,1658.7],[-71.304993,44.259022,1659.0],[-71.304966,44.25902,1659.1],[-71.304907,44.258998,1659.4],[-71.304858,44.258982,1659.6],[-71.304818,44.258972,1659.8],[-71.304787,44.258974,1660.0],[-71.304771,44.258971,1660.0],[-71.304747,44.258958,1660.1],[-71.304684,44.258948,1660.4],[-71.304641,44.258944,1660.7],[-71.304611,44.25894,1660.8],[-71.304585,44.258926,1660.9],[-71.304553,44.258919,1661.1],[-71.304507,44.258904,1661.3],[-71.304473,44.258897,1661.5],[-71.304429,44.258895,1661.7],[-71.30439,44.258892,1661.8],[-71.304351,44.25888,1661.9],[-71.304232,44.258876,1662.2],[-71.304172,44.258882,1662.4]]}},
{"type":"Feature","properties":{"trail":"Tuckerman Crossover","hero":false,"class":null,"length_m":800.4},"geometry":{"type":"LineString","coordinates":[[-71.316116,44.259285,1553.3],[-71.316057,44.259298,1554.8],[-71.31602,44.259307,1555.7],[-71.315974,44.259306,1556.9],[-71.315939,44.259312,1557.7],[-71.315921,44.259334,1558.1],[-71.315891,44.259354,1558.8],[-71.315849,44.259355,1559.8],[-71.315789,44.259366,1561.1],[-71.315732,44.259376,1562.3],[-71.315705,44.259401,1562.8],[-71.315683,44.259407,1563.3],[-71.315647,44.259444,1564.0],[-71.315613,44.259456,1564.6],[-71.31558,44.259455,1565.4],[-71.315556,44.259463,1565.8],[-71.315541,44.25947,1566.0],[-71.315507,44.259481,1566.5],[-71.315474,44.259484,1567.0],[-71.315398,44.259469,1568.4],[-71.315346,44.259465,1569.3],[-71.3153,44.259461,1570.1],[-71.315265,44.259461,1570.6],[-71.315209,44.259467,1571.3],[-71.315139,44.259466,1572.3],[-71.315083,44.259479,1572.9],[-71.315042,44.259509,1573.3],[-71.315038,44.259527,1573.2],[-71.315029,44.259544,1573.2],[-71.315009,44.25956,1573.3],[-71.314972,44.259557,1573.8],[-71.314948,44.259557,1574.1],[-71.314923,44.25958,1574.3],[-71.314888,44.259589,1574.7],[-71.314762,44.259579,1576.4],[-71.314738,44.25958,1576.7],[-71.31469,44.259577,1577.4],[-71.314645,44.259578,1578.2],[-71.31454,44.259596,1579.7],[-71.314517,44.259601,1580.0],[-71.314496,44.259609,1580.3],[-71.314466,44.259629,1580.6],[-71.314459,44.259655,1580.4],[-71.314435,44.259656,1580.8],[-71.314423,44.259673,1580.7],[-71.314424,44.259733,1580.1],[-71.314418,44.259746,1580.2],[-71.314367,44.25977,1581.1],[-71.314317,44.259792,1581.9],[-71.314262,44.259813,1583.0],[-71.3142,44.25983,1584.1],[-71.314185,44.25985,1584.4],[-71.314149,44.259869,1585.2],[-71.314121,44.2599,1585.9],[-71.314089,44.259923,1586.7],[-71.314056,44.259939,1587.5],[-71.314032,44.259962,1588.1],[-71.314002,44.259964,1588.8],[-71.31398,44.259977,1589.4],[-71.313956,44.25999,1590.0],[-71.313928,44.259999,1590.7],[-71.313903,44.259984,1591.3],[-71.313873,44.259978,1592.0],[-71.31384,44.259976,1592.9],[-71.313802,44.259964,1593.9],[-71.313755,44.259968,1595.2],[-71.313712,44.259945,1596.3],[-71.31367,44.259918,1597.4],[-71.313631,44.259914,1598.5],[-71.313555,44.259907,1600.4],[-71.313517,44.259918,1601.4],[-71.313472,44.259948,1602.5],[-71.313433,44.259972,1603.4],[-71.313412,44.259997,1603.8],[-71.313383,44.260012,1604.5],[-71.313281,44.260035,1606.9],[-71.31319,44.260046,1608.9],[-71.313143,44.260051,1609.9],[-71.313104,44.260069,1610.9],[-71.313071,44.260092,1611.7],[-71.31295,44.260146,1614.6],[-71.312922,44.260161,1615.3],[-71.31291,44.260173,1615.6],[-71.312888,44.260171,1616.0],[-71.312876,44.260167,1616.3],[-71.31286,44.260174,1616.7],[-71.312835,44.260173,1617.2],[-71.312809,44.260184,1617.8],[-71.31279,44.260198,1618.3],[-71.312785,44.260223,1618.5],[-71.312788,44.260242,1618.6],[-71.312776,44.26027,1619.0],[-71.312749,44.260281,1619.4],[-71.31274,44.260305,1619.6],[-71.312721,44.260325,1620.0],[-71.312709,44.260368,1620.4],[-71.312675,44.260392,1621.0],[-71.312647,44.260393,1621.4],[-71.312622,44.26038,1621.6],[-71.31258,44.260371,1622.1],[-71.31254,44.260375,1622.6],[-71.312493,44.260388,1623.3],[-71.312462,44.260411,1623.7],[-71.312415,44.26043,1624.1],[-71.312324,44.260462,1624.9],[-71.312271,44.260475,1625.4],[-71.312238,44.260481,1625.6],[-71.312196,44.260489,1626.0],[-71.312162,44.260486,1626.2],[-71.312139,44.260497,1626.4],[-71.312113,44.260511,1626.7],[-71.312088,44.26052,1627.0],[-71.312051,44.260522,1627.2],[-71.311981,44.260549,1628.0],[-71.311898,44.26059,1628.8],[-71.311821,44.260626,1629.4],[-71.311716,44.260664,1630.2],[-71.31168,44.260674,1630.5],[-71.311645,44.260677,1630.6],[-71.311612,44.260682,1630.7],[-71.311568,44.2607,1631.0],[-71.31153,44.260704,1631.1],[-71.311489,44.260693,1631.1],[-71.311461,44.260703,1631.2],[-71.311434,44.260709,1631.4],[-71.311313,44.260729,1632.2],[-71.311293,44.260738,1632.4],[-71.311277,44.260749,1632.7],[-71.311269,44.260768,1632.9],[-71.311243,44.26078,1633.2],[-71.311211,44.260795,1633.5],[-71.311121,44.260821,1634.3],[-71.310979,44.260851,1635.3],[-71.310922,44.260862,1635.7],[-71.310848,44.260852,1635.9],[-71.310787,44.260857,1636.0],[-71.310727,44.260871,1636.3],[-71.310645,44.260901,1636.9],[-71.310576,44.260922,1637.3],[-71.310521,44.260967,1638.2],[-71.310465,44.260983,1638.6],[-71.310386,44.260994,1638.9],[-71.310327,44.261003,1639.2],[-71.31019,44.261042,1640.1],[-71.310119,44.261065,1640.6],[-71.310087,44.261076,1640.9],[-71.310053,44.261094,1641.3],[-71.31,44.261102,1641.6],[-71.309934,44.261113,1642.1],[-71.309904,44.261118,1642.4],[-71.309818,44.261145,1643.3],[-71.309755,44.261172,1644.1],[-71.309727,44.261194,1644.6],[-71.309641,44.26124,1646.1],[-71.309589,44.261246,1646.6],[-71.309535,44.261259,1647.3],[-71.309421,44.261283,1648.8],[-71.309313,44.261324,1650.6],[-71.30925,44.261343,1651.6],[-71.309196,44.26135,1652.3],[-71.309123,44.261366,1653.6],[-71.30897,44.261382,1656.6],[-71.30885,44.261403,1659.1],[-71.308731,44.261443,1662.0],[-71.308676,44.261452,1663.1],[-71.308616,44.261463,1664.4],[-71.308548,44.261484,1665.3],[-71.308516,44.261507,1666.0],[-71.308481,44.261539,1666.9],[-71.308424,44.26157,1667.9],[-71.308352,44.261596,1668.7],[-71.308268,44.261608,1669.0],[-71.308179,44.261612,1669.1],[-71.30811,44.26162,1669.3],[-71.308051,44.261629,1669.4],[-71.308001,44.261633,1669.4],[-71.307959,44.261652,1669.6],[-71.307876,44.261673,1669.8],[-71.307849,44.261698,1670.1],[-71.307806,44.261711,1670.1],[-71.307746,44.261723,1670.1],[-71.307716,44.26175,1670.4],[-71.307672,44.26177,1670.5],[-71.307616,44.261781,1670.5],[-71.307542,44.261803,1670.5],[-71.307472,44.261816,1670.5]]}},
{"type":"Feature","properties":{"trail":"Davis Path","hero":false,"class":null,"length_m":409.6},"geometry":{"type":"LineString","coordinates":[[-71.307478,44.264934,1701.6],[-71.30746,44.264906,1701.3],[-71.307446,44.264886,1701.1],[-71.307434,44.264859,1700.8],[-71.307413,44.264848,1700.8],[-71.307391,44.264825,1700.7],[-71.307363,44.264798,1700.6],[-71.307346,44.264781,1700.5],[-71.307327,44.264759,1700.3],[-71.307292,44.264732,1700.3],[-71.307284,44.264715,1700.1],[-71.307276,44.264701,1699.9],[-71.307268,44.264692,1699.9],[-71.307273,44.264678,1699.5],[-71.307261,44.264666,1699.4],[-71.307234,44.264631,1699.0],[-71.307216,44.264612,1698.8],[-71.307201,44.264585,1698.3],[-71.307195,44.264553,1697.6],[-71.307194,44.264528,1697.1],[-71.307197,44.264486,1696.2],[-71.307186,44.264445,1695.4],[-71.307162,44.2644,1694.8],[-71.307147,44.264375,1694.4],[-71.307108,44.264337,1693.9],[-71.307093,44.264312,1693.5],[-71.307057,44.264265,1692.8],[-71.307048,44.264246,1692.5],[-71.30702,44.264236,1692.4],[-71.307,44.264237,1692.4],[-71.306978,44.264236,1692.5],[-71.306958,44.264223,1692.3],[-71.306947,44.264199,1691.8],[-71.306915,44.264171,1691.3],[-71.306894,44.264163,1691.2],[-71.306877,44.264156,1691.1],[-71.306809,44.264091,1690.0],[-71.306737,44.264022,1689.0],[-71.306696,44.263998,1688.7],[-71.306664,44.263982,1688.6],[-71.306647,44.263954,1688.2],[-71.306654,44.263913,1687.5],[-71.306661,44.263881,1687.1],[-71.306646,44.263855,1686.7],[-71.306609,44.26381,1686.1],[-71.306599,44.263776,1685.7],[-71.306602,44.263755,1685.4],[-71.306617,44.263735,1685.1],[-71.306639,44.263714,1684.7],[-71.306662,44.263688,1684.3],[-71.306693,44.263672,1684.0],[-71.306736,44.263657,1683.8],[-71.30675,44.263646,1683.6],[-71.306766,44.263607,1683.1],[-71.306822,44.263551,1682.7],[-71.306862,44.263523,1682.6],[-71.306886,44.263506,1682.5],[-71.30691,44.263495,1682.4],[-71.306931,44.263458,1682.3],[-71.306939,44.26342,1682.1],[-71.306942,44.263394,1682.1],[-71.306959,44.263363,1681.9],[-71.306974,44.263349,1681.8],[-71.306992,44.263338,1681.7],[-71.307097,44.263279,1681.3],[-71.307133,44.263242,1681.2],[-71.307144,44.263218,1681.1],[-71.307155,44.263197,1681.1],[-71.307182,44.26318,1681.0],[-71.307219,44.263168,1681.0],[-71.307239,44.263163,1680.9],[-71.307282,44.263142,1680.8],[-71.307352,44.263107,1680.7],[-71.307384,44.263087,1680.7],[-71.307409,44.263058,1680.7],[-71.30746,44.262991,1680.6],[-71.307494,44.262939,1680.6],[-71.307518,44.262888,1680.6],[-71.307529,44.26286,1680.6],[-71.307557,44.262856,1680.6],[-71.307569,44.262838,1680.7],[-71.307595,44.262775,1680.8],[-71.307614,44.262705,1680.2],[-71.307651,44.262651,1679.8],[-71.307644,44.262607,1679.3],[-71.307629,44.262581,1679.0],[-71.307617,44.262529,1678.5],[-71.307612,44.262485,1678.0],[-71.307615,44.262403,1677.0],[-71.307614,44.262384,1676.7],[-71.307614,44.262355,1676.4],[-71.307621,44.262335,1676.1],[-71.307624,44.262322,1676.0],[-71.307628,44.262299,1675.7],[-71.307626,44.262276,1675.4],[-71.307623,44.262245,1675.0],[-71.307617,44.262184,1674.4],[-71.307621,44.262171,1674.2],[-71.307615,44.262144,1674.0],[-71.307604,44.26212,1673.7],[-71.3076,44.262092,1673.4],[-71.307608,44.262074,1673.3],[-71.307609,44.262047,1673.0],[-71.307602,44.262009,1672.6],[-71.307589,44.261957,1672.1],[-71.307581,44.261925,1671.8],[-71.307565,44.261905,1671.5],[-71.30755,44.261885,1671.3],[-71.307524,44.26186,1671.0],[-71.307498,44.261846,1670.8],[-71.307481,44.261834,1670.6],[-71.307472,44.261816,1670.5]]}},
{"type":"Feature","properties":{"trail":"South Side Trail","hero":false,"class":null,"length_m":430.3},"geometry":{"type":"LineString","coordinates":[[-71.307478,44.264934,1701.6],[-71.307176,44.264922,1704.8],[-71.306857,44.264857,1706.8],[-71.306517,44.264819,1708.3],[-71.306162,44.264775,1707.6],[-71.305923,44.264759,1708.0],[-71.305684,44.264742,1708.4],[-71.30544,44.264686,1707.1],[-71.305196,44.26463,1704.8],[-71.30496,44.264541,1700.4],[-71.304734,44.264466,1695.9],[-71.304611,44.264366,1692.3],[-71.304574,44.264343,1691.3],[-71.304516,44.264325,1690.2],[-71.304468,44.264321,1689.5],[-71.304433,44.264308,1688.7],[-71.304404,44.264287,1687.8],[-71.304297,44.264252,1685.1],[-71.304248,44.264243,1683.9],[-71.304166,44.264251,1682.6],[-71.303955,44.264158,1676.4],[-71.303907,44.264123,1674.8],[-71.303871,44.264095,1673.5],[-71.303835,44.264083,1672.8],[-71.303793,44.264081,1672.1],[-71.303777,44.26408,1671.9],[-71.303748,44.264067,1671.1],[-71.303713,44.264065,1670.6],[-71.303677,44.264061,1670.0],[-71.303655,44.264038,1669.0],[-71.30363,44.26401,1667.9],[-71.303617,44.263977,1666.9],[-71.303594,44.263951,1665.9],[-71.303558,44.263939,1665.2],[-71.303509,44.263919,1664.1],[-71.303459,44.263908,1663.2],[-71.303423,44.263911,1662.8],[-71.303375,44.263905,1662.1],[-71.303271,44.263884,1660.3],[-71.303232,44.26387,1659.5],[-71.303206,44.263869,1659.1],[-71.30318,44.263856,1658.5],[-71.303152,44.263838,1657.7],[-71.303083,44.263816,1656.3],[-71.302996,44.263771,1654.0],[-71.302929,44.263706,1651.4],[-71.302903,44.263685,1650.6],[-71.302839,44.263666,1649.1],[-71.30264,44.26358,1643.6]]}},
{"type":"Feature","properties":{"trail":"Crawford Path","hero":false,"class":null,"length_m":84.8},"geometry":{"type":"LineString","coordinates":[[-71.317063,44.258885,1541.4],[-71.317116,44.25889,1541.0],[-71.31716,44.258905,1540.7],[-71.317216,44.258906,1540.3],[-71.317361,44.258918,1539.3],[-71.31756,44.258966,1537.4],[-71.317597,44.258997,1536.8],[-71.31763,44.259005,1536.2],[-71.317683,44.259007,1535.2],[-71.317724,44.259018,1534.5],[-71.31779,44.259027,1533.3],[-71.317839,44.259017,1532.7],[-71.31789,44.258995,1532.0],[-71.317933,44.258963,1531.6],[-71.317979,44.258884,1531.4]]}},
{"type":"Feature","properties":{"trail":null,"hero":false,"class":"path","length_m":42.7},"geometry":{"type":"LineString","coordinates":[[-71.317063,44.258885,1541.4],[-71.317082,44.258853,1540.9],[-71.317086,44.258781,1540.2],[-71.317112,44.258718,1539.2],[-71.317169,44.258616,1537.2],[-71.317208,44.258572,1535.5],[-71.317243,44.258529,1534.1]]}},
{"type":"Feature","properties":{"trail":"Davis Path","hero":false,"class":null,"length_m":434.3},"geometry":{"type":"LineString","coordinates":[[-71.304172,44.258882,1662.4],[-71.304186,44.258892,1662.3],[-71.304218,44.258915,1662.2],[-71.30428,44.258952,1662.0],[-71.304331,44.258988,1661.8],[-71.304361,44.259004,1661.8],[-71.304383,44.259024,1661.7],[-71.304421,44.259056,1661.6],[-71.304446,44.259084,1661.5],[-71.304462,44.259107,1661.5],[-71.304493,44.259128,1661.4],[-71.304519,44.259143,1661.3],[-71.304538,44.259156,1661.3],[-71.304567,44.259178,1661.3],[-71.304614,44.259206,1661.2],[-71.304656,44.259231,1661.1],[-71.304662,44.259243,1661.1],[-71.304666,44.259261,1661.1],[-71.304681,44.259274,1661.1],[-71.304709,44.259296,1661.1],[-71.304739,44.259317,1661.0],[-71.304781,44.259339,1660.9],[-71.304834,44.259379,1660.7],[-71.304863,44.259397,1660.7],[-71.304884,44.259418,1660.6],[-71.304899,44.259427,1660.6],[-71.304909,44.259441,1660.6],[-71.304934,44.259455,1660.5],[-71.304963,44.259478,1660.4],[-71.304988,44.259496,1660.4],[-71.305018,44.259526,1660.2],[-71.305033,44.25954,1660.2],[-71.305049,44.259552,1660.1],[-71.305075,44.259579,1660.0],[-71.305091,44.259598,1659.9],[-71.305142,44.259643,1659.7],[-71.305165,44.259681,1659.6],[-71.305184,44.2597,1659.5],[-71.305203,44.25971,1659.5],[-71.305222,44.259725,1659.4],[-71.305235,44.259739,1659.3],[-71.305233,44.259755,1659.3],[-71.305247,44.259779,1659.3],[-71.305256,44.259804,1659.2],[-71.305259,44.259824,1659.2],[-71.305268,44.259858,1659.2],[-71.305276,44.259885,1659.2],[-71.305299,44.259928,1659.1],[-71.305319,44.259969,1659.0],[-71.305335,44.259998,1658.9],[-71.305352,44.260029,1658.9],[-71.305382,44.260086,1659.0],[-71.305387,44.260109,1659.0],[-71.305396,44.26013,1659.0],[-71.3054,44.260147,1659.1],[-71.305422,44.260175,1659.1],[-71.30546,44.260199,1659.1],[-71.305504,44.260241,1659.2],[-71.305541,44.26028,1659.3],[-71.305554,44.260294,1659.3],[-71.30557,44.260306,1659.4],[-71.305575,44.260324,1659.4],[-71.305607,44.260346,1659.5],[-71.305643,44.260386,1659.6],[-71.305693,44.260441,1659.8],[-71.305732,44.260481,1660.0],[-71.30577,44.260524,1660.2],[-71.305802,44.260569,1660.5],[-71.305841,44.260596,1660.7],[-71.305882,44.260624,1660.9],[-71.305916,44.260649,1661.1],[-71.305931,44.260674,1661.3],[-71.305961,44.260712,1661.6],[-71.306028,44.260772,1662.2],[-71.306059,44.260802,1662.5],[-71.306086,44.260845,1662.9],[-71.30617,44.260921,1663.6],[-71.306235,44.260995,1664.3],[-71.306284,44.261043,1664.7],[-71.306333,44.261086,1665.0],[-71.306387,44.261143,1665.5],[-71.306444,44.261197,1665.8],[-71.306456,44.261222,1666.0],[-71.306487,44.261245,1666.1],[-71.306506,44.261261,1666.3],[-71.306525,44.261274,1666.3],[-71.306542,44.261293,1666.5],[-71.306584,44.261313,1666.6],[-71.306633,44.261337,1666.8],[-71.30667,44.261364,1667.0],[-71.306707,44.261381,1667.1],[-71.306753,44.261407,1667.2],[-71.306818,44.261451,1667.4],[-71.306869,44.261475,1667.5],[-71.306916,44.261493,1667.5],[-71.306957,44.26151,1667.5],[-71.307007,44.261519,1667.5],[-71.307063,44.26153,1667.5],[-71.307111,44.261543,1667.5],[-71.307134,44.261549,1667.6],[-71.307181,44.261566,1667.6],[-71.307215,44.261578,1667.7],[-71.307246,44.261587,1667.8],[-71.307293,44.261592,1668.0],[-71.307311,44.261595,1668.0],[-71.307328,44.2616,1668.1],[-71.307353,44.261629,1668.5],[-71.307361,44.26164,1668.6],[-71.30737,44.261651,1668.8],[-71.307383,44.261658,1668.9],[-71.307396,44.26168,1669.2],[-71.307425,44.261707,1669.5],[-71.307444,44.26175,1669.9],[-71.307447,44.261784,1670.1],[-71.307472,44.261816,1670.5]]}},
{"type":"Feature","properties":{"trail":"Davis Path","hero":false,"class":null,"length_m":231.7},"geometry":{"type":"LineString","coordinates":[[-71.304172,44.258882,1662.4],[-71.304142,44.258866,1662.4],[-71.304123,44.258852,1662.4],[-71.304106,44.258834,1662.4],[-71.304089,44.258824,1662.4],[-71.304062,44.258802,1662.5],[-71.304047,44.258787,1662.5],[-71.304041,44.258781,1662.5],[-71.304026,44.25878,1662.5],[-71.304007,44.258772,1662.6],[-71.303981,44.258756,1662.6],[-71.303959,44.258744,1662.7],[-71.303938,44.258731,1662.7],[-71.303916,44.258715,1662.8],[-71.303899,44.258711,1662.8],[-71.303881,44.258703,1662.8],[-71.303847,44.258687,1662.9],[-71.30384,44.258676,1662.9],[-71.303829,44.25866,1662.9],[-71.303806,44.258635,1663.0],[-71.303771,44.258592,1663.2],[-71.303751,44.258568,1663.3],[-71.303716,44.258538,1663.4],[-71.303657,44.258489,1663.7],[-71.303616,44.258461,1663.9],[-71.303556,44.258424,1664.0],[-71.303539,44.258418,1664.1],[-71.303512,44.258402,1664.2],[-71.303507,44.258392,1664.2],[-71.30349,44.258384,1664.3],[-71.30347,44.258379,1664.3],[-71.303449,44.258369,1664.4],[-71.303362,44.258329,1664.6],[-71.30328,44.25828,1664.8],[-71.303222,44.258259,1664.9],[-71.303206,44.258238,1665.0],[-71.303184,44.258215,1665.0],[-71.303163,44.258206,1665.1],[-71.303153,44.258201,1665.1],[-71.303115,44.258174,1665.2],[-71.303062,44.258145,1665.3],[-71.303002,44.258094,1665.5],[-71.302958,44.258058,1665.6],[-71.302931,44.258043,1665.7],[-71.302846,44.25799,1665.8],[-71.302787,44.257954,1665.9],[-71.302759,44.257938,1666.0],[-71.302733,44.25793,1666.0],[-71.302708,44.257919,1666.1],[-71.302679,44.257918,1666.1],[-71.302652,44.257913,1666.1],[-71.302624,44.257897,1666.2],[-71.302587,44.257883,1666.3],[-71.302552,44.257877,1666.4],[-71.302498,44.257859,1666.5],[-71.302419,44.257833,1666.8],[-71.302386,44.257819,1667.0],[-71.302322,44.257795,1667.3],[-71.302289,44.257778,1667.5],[-71.302252,44.257757,1667.8],[-71.302228,44.25775,1667.9],[-71.302186,44.257745,1668.1],[-71.302145,44.257745,1668.2],[-71.302113,44.257742,1668.3],[-71.302078,44.257731,1668.5],[-71.30201,44.257724,1668.8],[-71.301961,44.257722,1669.0],[-71.301892,44.257731,1669.3]]}},
{"type":"Feature","properties":{"trail":"Tuckerman Crossover","hero":false,"class":null,"length_m":442.3},"geometry":{"type":"LineString","coordinates":[[-71.307472,44.261816,1670.5],[-71.307377,44.261848,1670.5],[-71.30727,44.261878,1670.5],[-71.307188,44.261907,1670.6],[-71.307093,44.261937,1670.8],[-71.306993,44.261955,1670.9],[-71.306944,44.261976,1671.1],[-71.306925,44.261978,1671.1],[-71.306873,44.261985,1671.3],[-71.306856,44.262001,1671.5],[-71.3068,44.262014,1671.8],[-71.306709,44.262036,1672.2],[-71.3066,44.262056,1672.6],[-71.306534,44.262083,1672.9],[-71.306518,44.262099,1673.1],[-71.306444,44.262119,1673.3],[-71.306289,44.262163,1673.5],[-71.306196,44.262183,1673.4],[-71.306133,44.262212,1673.5],[-71.305872,44.262286,1673.3],[-71.30561,44.26236,1672.7],[-71.305509,44.262389,1672.0],[-71.305367,44.262455,1670.2],[-71.305254,44.262507,1668.7],[-71.30499,44.262685,1667.1],[-71.304727,44.262862,1665.6],[-71.304578,44.262903,1663.9],[-71.304349,44.263032,1661.9],[-71.304185,44.263053,1659.6],[-71.304138,44.263065,1659.0],[-71.304111,44.263076,1658.7],[-71.304084,44.263088,1658.5],[-71.304066,44.263088,1658.2],[-71.304057,44.263093,1658.1],[-71.30405,44.263099,1658.1],[-71.304012,44.263118,1657.7],[-71.303965,44.263138,1657.2],[-71.303871,44.263178,1656.2],[-71.3038,44.263209,1655.2],[-71.303783,44.263213,1654.9],[-71.303775,44.263214,1654.8],[-71.303763,44.263211,1654.6],[-71.303733,44.263221,1654.1],[-71.303724,44.263229,1654.1],[-71.303722,44.263244,1654.2],[-71.303658,44.263259,1653.3],[-71.30362,44.263274,1652.8],[-71.303506,44.263296,1651.6],[-71.303459,44.263328,1651.5],[-71.303439,44.263352,1651.6],[-71.303408,44.263366,1651.5],[-71.303374,44.263381,1651.3],[-71.303307,44.263383,1650.6],[-71.303276,44.263383,1650.2],[-71.303176,44.263402,1649.4],[-71.303156,44.263411,1649.3],[-71.303111,44.263414,1648.9],[-71.30307,44.263427,1648.6],[-71.303007,44.263453,1648.2],[-71.302892,44.263506,1647.3],[-71.302734,44.263548,1645.3],[-71.30264,44.26358,1643.6]]}},
{"type":"Feature","properties":{"trail":"Crawford Path","hero":false,"class":null,"length_m":69.9},"geometry":{"type":"LineString","coordinates":[[-71.317979,44.258884,1531.4],[-71.318048,44.25882,1531.0],[-71.318117,44.258792,1531.1],[-71.31819,44.258781,1531.1],[-71.318384,44.25877,1530.9],[-71.318653,44.258767,1529.9],[-71.318686,44.258764,1529.8],[-71.318798,44.258764,1529.5]]}},
{"type":"Feature","properties":{"trail":null,"hero":false,"class":"path","length_m":40.7},"geometry":{"type":"LineString","coordinates":[[-71.317979,44.258884,1531.4],[-71.317968,44.258807,1531.7],[-71.317957,44.258733,1531.9],[-71.317935,44.258708,1532.1],[-71.3179,44.258684,1532.1],[-71.317873,44.258645,1532.1],[-71.317833,44.258542,1532.3]]}},
{"type":"Feature","properties":{"trail":"Crawford Path","hero":false,"class":null,"length_m":28.1},"geometry":{"type":"LineString","coordinates":[[-71.318798,44.258764,1529.5],[-71.318904,44.258723,1529.5],[-71.319108,44.258644,1527.8]]}},
{"type":"Feature","properties":{"trail":"Dry River Trail","hero":false,"class":null,"length_m":6001.4},"geometry":{"type":"LineString","coordinates":[[-71.318798,44.258764,1529.5],[-71.318782,44.258736,1529.9],[-71.318767,44.258722,1530.2],[-71.318732,44.258717,1530.4],[-71.318712,44.258708,1530.6],[-71.318699,44.258694,1530.9],[-71.318676,44.258672,1531.3],[-71.318645,44.258654,1531.8],[-71.31862,44.258634,1532.3],[-71.318606,44.258609,1532.8],[-71.318597,44.258594,1533.0],[-71.318588,44.258581,1533.3],[-71.318562,44.258565,1533.6],[-71.318548,44.258541,1534.1],[-71.318544,44.258512,1534.6],[-71.318534,44.258486,1535.1],[-71.318512,44.25847,1535.4],[-71.318487,44.25846,1535.6],[-71.318467,44.258463,1535.6],[-71.31845,44.258467,1535.5],[-71.31843,44.25847,1535.5],[-71.318412,44.258466,1535.7],[-71.318392,44.25846,1535.8],[-71.318354,44.258461,1535.9],[-71.318304,44.258455,1535.8],[-71.318253,44.258436,1535.7],[-71.318203,44.258408,1535.8],[-71.318177,44.258392,1535.9],[-71.318154,44.258375,1535.9],[-71.318137,44.258363,1535.9],[-71.318117,44.25836,1535.8],[-71.318094,44.258358,1535.7],[-71.318066,44.258354,1535.5],[-71.318037,44.258341,1535.4],[-71.318024,44.25833,1535.4],[-71.318008,44.258313,1535.5],[-71.317983,44.258294,1535.5],[-71.317954,44.258279,1535.4],[-71.31792,44.258248,1535.3],[-71.317895,44.258232,1535.2],[-71.317872,44.258218,1535.0],[-71.317866,44.258204,1535.1],[-71.317861,44.258191,1535.2],[-71.31785,44.25818,1535.1],[-71.317821,44.258162,1534.9],[-71.317812,44.258151,1534.8],[-71.317804,44.258133,1534.9],[-71.317788,44.258125,1534.7],[-71.317766,44.25812,1534.5],[-71.317758,44.258103,1534.5],[-71.317768,44.258079,1534.9],[-71.31778,44.257986,1535.9],[-71.317784,44.257971,1536.1],[-71.317782,44.257953,1536.2],[-71.317769,44.257939,1536.2],[-71.317748,44.257903,1536.4],[-71.317698,44.257899,1536.1],[-71.317674,44.257887,1536.1],[-71.317639,44.257853,1536.2],[-71.317623,44.257828,1536.4],[-71.317617,44.257809,1536.6],[-71.317602,44.257802,1536.6],[-71.317588,44.257784,1536.8],[-71.317571,44.25778,1536.8],[-71.317559,44.257786,1536.6],[-71.317546,44.257799,1536.4],[-71.317519,44.257798,1536.2],[-71.317502,44.257808,1536.0],[-71.317479,44.257821,1535.8],[-71.317458,44.257826,1535.6],[-71.317304,44.257747,1536.3],[-71.317122,44.257646,1539.7],[-71.316955,44.257631,1541.9],[-71.316624,44.25759,1550.9],[-71.316292,44.257549,1559.0],[-71.316098,44.257507,1563.8],[-71.315788,44.257509,1568.7],[-71.315583,44.25738,1571.6],[-71.315419,44.257363,1572.2],[-71.315202,44.257388,1573.3],[-71.314984,44.257412,1575.1],[-71.314776,44.257443,1575.9],[-71.314547,44.257235,1573.7],[-71.314548,44.257107,1571.1],[-71.314477,44.256883,1565.5],[-71.314521,44.256667,1560.8],[-71.314564,44.256462,1555.7],[-71.314655,44.25628,1549.9],[-71.314772,44.256277,1550.7],[-71.314842,44.256176,1545.8],[-71.314974,44.256139,1544.0],[-71.315037,44.256077,1540.2],[-71.31494,44.255978,1534.3],[-71.314911,44.255884,1528.4],[-71.314919,44.255786,1522.5],[-71.315082,44.255671,1516.5],[-71.315308,44.255617,1515.2],[-71.315465,44.255538,1513.7],[-71.315594,44.255388,1509.3],[-71.31587,44.255238,1505.9],[-71.31591,44.25515,1500.0],[-71.316107,44.255098,1498.3],[-71.316193,44.255062,1496.9],[-71.316402,44.255072,1498.5],[-71.316581,44.25513,1501.2],[-71.316775,44.255066,1499.8],[-71.316892,44.255018,1499.6],[-71.316777,44.254947,1496.0],[-71.31668,44.254797,1489.5],[-71.316584,44.254647,1482.8],[-71.316449,44.254527,1475.4],[-71.316315,44.254407,1467.5],[-71.316162,44.254367,1461.7],[-71.315878,44.25448,1457.2],[-71.315588,44.254509,1452.7],[-71.315375,44.254443,1447.3],[-71.315385,44.254269,1441.7],[-71.315395,44.254094,1436.8],[-71.315344,44.25385,1429.3],[-71.315252,44.253721,1424.5],[-71.315146,44.253574,1419.0],[-71.315119,44.253371,1414.1],[-71.315028,44.253275,1408.7],[-71.314912,44.253115,1401.3],[-71.314877,44.252973,1396.4],[-71.314909,44.252842,1393.1],[-71.314817,44.252689,1386.2],[-71.314806,44.252566,1381.4],[-71.314823,44.252486,1378.7],[-71.31471,44.252268,1367.7],[-71.314654,44.252122,1359.3],[-71.314633,44.251963,1350.5],[-71.31467,44.251882,1347.5],[-71.31461,44.251788,1341.5],[-71.314618,44.251641,1335.3],[-71.314628,44.251477,1332.2],[-71.314659,44.251317,1330.1],[-71.31469,44.251158,1327.8],[-71.314699,44.251007,1324.3],[-71.314708,44.250857,1320.6],[-71.314733,44.25079,1319.9],[-71.314684,44.250741,1317.8],[-71.314539,44.250714,1313.4],[-71.31446,44.25063,1310.4],[-71.314395,44.250566,1307.5],[-71.314476,44.250486,1309.3],[-71.314504,44.250427,1309.4],[-71.314652,44.25045,1313.5],[-71.314769,44.250387,1316.0],[-71.314866,44.250378,1317.7],[-71.314957,44.250276,1318.0],[-71.314934,44.250101,1315.5],[-71.314954,44.249999,1314.6],[-71.315112,44.249885,1315.9],[-71.315202,44.249728,1315.1],[-71.315179,44.249507,1309.9],[-71.315157,44.249287,1305.3],[-71.315297,44.249111,1305.5],[-71.315276,44.24896,1302.0],[-71.315255,44.248809,1298.3],[-71.315151,44.248603,1291.7],[-71.315206,44.248485,1291.0],[-71.315207,44.248334,1288.7],[-71.315085,44.248094,1283.8],[-71.31477,44.247999,1275.4],[-71.314671,44.247828,1270.2],[-71.314572,44.247657,1264.9],[-71.314348,44.247503,1257.4],[-71.314273,44.247326,1253.7],[-71.314209,44.24721,1250.9],[-71.314288,44.247045,1251.5],[-71.314224,44.246911,1249.1],[-71.314161,44.246776,1246.6],[-71.314204,44.24656,1245.5],[-71.314247,44.246343,1244.9],[-71.314251,44.246119,1244.9],[-71.314254,44.245894,1246.7],[-71.314149,44.245734,1247.6],[-71.314044,44.245573,1248.2],[-71.313956,44.245332,1247.8],[-71.313967,44.245142,1247.1],[-71.313978,44.244953,1246.2],[-71.31399,44.244764,1246.0],[-71.313969,44.244543,1243.5],[-71.313949,44.244323,1240.6],[-71.313864,44.244173,1237.6],[-71.313766,44.244039,1236.2],[-71.313668,44.243905,1235.1],[-71.313475,44.243799,1232.2],[-71.313404,44.24365,1229.8],[-71.313264,44.243491,1229.3],[-71.313217,44.243336,1230.4],[-71.31317,44.243182,1230.6],[-71.313033,44.243008,1229.6],[-71.312858,44.242863,1227.1],[-71.312623,44.242742,1223.4],[-71.312448,44.242684,1220.2],[-71.312274,44.242626,1217.4],[-71.312183,44.242472,1215.5],[-71.312135,44.242255,1212.7],[-71.312102,44.242114,1212.5],[-71.312069,44.241973,1213.1],[-71.311958,44.241889,1212.9],[-71.311712,44.241775,1210.5],[-71.311589,44.241588,1208.2],[-71.311465,44.241401,1204.5],[-71.311369,44.241224,1200.7],[-71.311324,44.241082,1198.4],[-71.311279,44.240941,1196.4],[-71.311195,44.240807,1194.6],[-71.31119,44.24071,1193.6],[-71.311215,44.240639,1193.1],[-71.311371,44.24059,1193.2],[-71.311397,44.240498,1192.5],[-71.311476,44.240346,1191.3],[-71.311546,44.240209,1188.9],[-71.311703,44.240078,1185.6],[-71.311818,44.239993,1183.1],[-71.312092,44.239833,1180.1],[-71.312151,44.239628,1177.1],[-71.312146,44.239534,1175.3],[-71.31208,44.239391,1171.9],[-71.312064,44.239275,1169.0],[-71.312095,44.239184,1166.9],[-71.31222,44.238957,1159.5],[-71.312261,44.238776,1155.6],[-71.312325,44.238642,1154.0],[-71.312389,44.238508,1152.8],[-71.312406,44.238302,1151.2],[-71.312374,44.238184,1151.4],[-71.312197,44.237965,1150.6],[-71.312141,44.237869,1149.4],[-71.312119,44.237734,1147.7],[-71.312212,44.237603,1145.3],[-71.312423,44.237425,1142.3],[-71.312492,44.237319,1140.4],[-71.312568,44.237192,1137.8],[-71.312601,44.236985,1133.5],[-71.312711,44.236739,1129.5],[-71.312655,44.236623,1127.8],[-71.31255,44.236435,1126.0],[-71.312597,44.236261,1125.5],[-71.312506,44.23609,1125.6],[-71.312524,44.235955,1124.8],[-71.312542,44.23582,1123.9],[-71.312694,44.235602,1121.7],[-71.312838,44.235513,1120.1],[-71.312982,44.235425,1118.3],[-71.313141,44.23526,1116.1],[-71.313331,44.235185,1113.8],[-71.313594,44.235198,1112.3],[-71.313872,44.235197,1113.1],[-71.314151,44.235195,1113.2],[-71.314276,44.235115,1110.4],[-71.314428,44.235012,1107.4],[-71.31458,44.234908,1105.1],[-71.314803,44.234735,1103.1],[-71.314982,44.234666,1102.7],[-71.31516,44.234598,1103.1],[-71.315467,44.234443,1103.5],[-71.315612,44.234323,1101.5],[-71.315757,44.234203,1099.7],[-71.315938,44.234138,1098.7],[-71.316119,44.234072,1097.0],[-71.316298,44.233945,1093.3],[-71.316478,44.233818,1089.9],[-71.316638,44.233694,1086.6],[-71.316798,44.23357,1082.9],[-71.316888,44.233425,1079.4],[-71.316978,44.23328,1076.5],[-71.317092,44.233159,1074.6],[-71.317206,44.233037,1072.9],[-71.317449,44.232966,1071.8],[-71.317703,44.232815,1069.2],[-71.317957,44.232663,1065.6],[-71.318211,44.232512,1062.3],[-71.318505,44.232362,1059.3],[-71.318799,44.232211,1056.7],[-71.319047,44.232138,1053.3],[-71.319295,44.232064,1051.9],[-71.319447,44.231974,1051.2],[-71.3196,44.231883,1047.6],[-71.319809,44.231812,1044.0],[-71.320018,44.231742,1040.4],[-71.320355,44.231703,1038.8],[-71.320602,44.231615,1036.2],[-71.320909,44.231595,1035.0],[-71.321216,44.231575,1034.1],[-71.321404,44.231498,1031.5],[-71.321591,44.23142,1028.4],[-71.32189,44.231367,1025.4],[-71.322189,44.231314,1023.0],[-71.322443,44.231277,1022.0],[-71.322696,44.231239,1020.4],[-71.322999,44.231174,1017.4],[-71.323301,44.231108,1014.3],[-71.32359,44.230993,1010.5],[-71.323785,44.230858,1006.6],[-71.323896,44.230745,1002.6],[-71.324008,44.230633,998.6],[-71.324188,44.230546,995.6],[-71.324368,44.230459,991.9],[-71.324608,44.230317,985.6],[-71.324856,44.230143,977.3],[-71.3249,44.230059,974.7],[-71.324922,44.229897,972.1],[-71.325016,44.229744,970.6],[-71.325022,44.229614,968.9],[-71.32496,44.22944,966.4],[-71.324945,44.22935,965.3],[-71.324995,44.229251,963.3],[-71.32509,44.229157,962.6],[-71.325202,44.22915,963.4],[-71.325411,44.229047,963.8],[-71.325455,44.22888,959.8],[-71.325648,44.228803,960.2],[-71.325832,44.228664,957.4],[-71.326015,44.228525,956.0],[-71.326126,44.22834,954.0],[-71.326238,44.2281,953.1],[-71.326253,44.227946,952.5],[-71.326268,44.227792,952.2],[-71.326258,44.227561,951.8],[-71.326152,44.227345,945.9],[-71.326213,44.227152,943.9],[-71.326338,44.226974,942.8],[-71.326464,44.226796,941.4],[-71.326683,44.226591,939.3],[-71.326921,44.226449,935.6],[-71.32716,44.226308,933.7],[-71.327329,44.226194,932.9],[-71.327499,44.22608,932.2],[-71.327579,44.225982,930.6],[-71.327657,44.225859,928.7],[-71.327774,44.22572,928.9],[-71.327782,44.225602,928.1],[-71.327713,44.225505,926.0],[-71.327657,44.225366,922.9],[-71.327677,44.225234,921.3],[-71.32777,44.225105,920.7],[-71.327939,44.224979,920.1],[-71.328108,44.224853,918.1],[-71.328353,44.22466,916.0],[-71.328598,44.224467,913.4],[-71.328743,44.224323,912.2],[-71.328889,44.224178,910.8],[-71.32893,44.223991,908.5],[-71.328984,44.223837,906.7],[-71.329038,44.223684,903.8],[-71.329182,44.223489,900.6],[-71.329308,44.223288,898.1],[-71.329458,44.223119,897.0],[-71.329608,44.22295,894.8],[-71.329758,44.222782,892.9],[-71.329988,44.222621,891.7],[-71.330194,44.222419,888.1],[-71.330402,44.222375,887.8],[-71.330609,44.222331,887.2],[-71.330842,44.222239,883.7],[-71.331074,44.222147,883.0],[-71.331278,44.222102,882.2],[-71.331482,44.222056,881.1],[-71.33174,44.221984,879.7],[-71.331845,44.221885,878.6],[-71.331887,44.221743,875.2],[-71.331868,44.221629,872.4],[-71.331919,44.221417,870.2],[-71.332035,44.221198,870.1],[-71.332151,44.220978,871.5],[-71.332242,44.220832,873.0],[-71.332408,44.220802,871.2],[-71.332776,44.220782,866.1],[-71.333014,44.220718,864.8],[-71.333144,44.220546,862.7],[-71.333168,44.220362,861.6],[-71.333078,44.220179,859.8],[-71.332988,44.219995,858.8],[-71.332743,44.219836,860.5],[-71.332627,44.219669,860.8]]}},
{"type":"Feature","properties":{"trail":"Ammonoosuc Ravine Trail","hero":false,"class":null,"length_m":1104.3},"geometry":{"type":"LineString","coordinates":[[-71.319108,44.258644,1527.8],[-71.319129,44.258675,1527.2],[-71.319187,44.258711,1525.8],[-71.319255,44.258743,1523.8],[-71.319281,44.258798,1522.4],[-71.319256,44.258855,1522.2],[-71.319239,44.25892,1521.5],[-71.319252,44.258999,1519.8],[-71.319277,44.259052,1518.3],[-71.319334,44.2591,1516.6],[-71.319401,44.259148,1514.9],[-71.319437,44.259195,1513.6],[-71.319506,44.259254,1511.4],[-71.319595,44.259355,1508.5],[-71.319612,44.259449,1507.1],[-71.319631,44.25955,1504.9],[-71.319726,44.259665,1502.0],[-71.319745,44.259743,1500.1],[-71.319781,44.259829,1496.6],[-71.319774,44.259885,1494.7],[-71.319758,44.259935,1493.1],[-71.319693,44.259989,1491.5],[-71.319663,44.260032,1489.7],[-71.319723,44.260071,1487.9],[-71.319842,44.260116,1484.9],[-71.319868,44.260172,1482.1],[-71.319806,44.260261,1478.6],[-71.319804,44.260314,1476.2],[-71.319863,44.260379,1472.6],[-71.319894,44.260428,1470.0],[-71.319869,44.260487,1467.6],[-71.319888,44.260535,1465.2],[-71.319935,44.260579,1462.6],[-71.319949,44.260621,1460.5],[-71.31995,44.260662,1458.5],[-71.319863,44.260764,1454.7],[-71.319863,44.260875,1449.6],[-71.320018,44.260995,1441.8],[-71.320239,44.261117,1433.6],[-71.320338,44.261251,1427.2],[-71.320437,44.261386,1420.8],[-71.320402,44.2616,1414.9],[-71.320385,44.261748,1410.2],[-71.320453,44.261985,1400.5],[-71.320668,44.262162,1391.4],[-71.320738,44.262315,1384.6],[-71.320712,44.262459,1378.7],[-71.320843,44.262645,1370.9],[-71.320932,44.262836,1364.5],[-71.321088,44.262929,1359.6],[-71.321244,44.263023,1355.0],[-71.321504,44.263112,1350.4],[-71.3216,44.263211,1346.8],[-71.321689,44.263365,1341.0],[-71.321777,44.263518,1335.9],[-71.321873,44.263755,1327.0],[-71.322085,44.263878,1322.3],[-71.322118,44.263956,1319.2],[-71.322067,44.26405,1315.4],[-71.322128,44.26411,1312.8],[-71.322339,44.264214,1307.8],[-71.322589,44.264326,1301.6],[-71.322822,44.26453,1289.7],[-71.322906,44.264726,1276.9],[-71.32289,44.264762,1275.6],[-71.322896,44.264828,1273.2],[-71.323068,44.264922,1265.3],[-71.323241,44.265016,1255.8],[-71.323269,44.265129,1251.4],[-71.323201,44.265265,1249.5],[-71.323133,44.2654,1247.2],[-71.323198,44.265476,1242.6],[-71.323141,44.265573,1240.9],[-71.323076,44.26566,1239.9],[-71.323056,44.265685,1239.7],[-71.323143,44.26585,1231.2],[-71.323277,44.266004,1222.5],[-71.323435,44.266156,1212.2],[-71.32362,44.266285,1201.5],[-71.323763,44.26637,1193.7],[-71.323826,44.26645,1189.6],[-71.323922,44.266471,1184.6],[-71.32405,44.266475,1177.5],[-71.324122,44.266518,1173.2],[-71.324176,44.266571,1170.1],[-71.324415,44.266749,1156.0]]}},
{"type":"Feature","properties":{"trail":"Crawford Path","hero":false,"class":null,"length_m":121.2},"geometry":{"type":"LineString","coordinates":[[-71.319108,44.258644,1527.8],[-71.319122,44.258553,1528.9],[-71.319117,44.258436,1530.8],[-71.319112,44.258372,1531.9],[-71.319092,44.258322,1532.8],[-71.319026,44.258173,1535.3],[-71.318977,44.257989,1537.9],[-71.318912,44.257755,1540.8],[-71.318908,44.257571,1544.2]]}},
{"type":"Feature","properties":{"trail":"Falls Spur","hero":false,"class":null,"length_m":63.2},"geometry":{"type":"LineString","coordinates":[[-71.324415,44.266749,1156.0],[-71.324504,44.266614,1152.9],[-71.324592,44.266479,1147.7],[-71.324697,44.266418,1141.2],[-71.324797,44.26626,1141.0]]}},
{"type":"Feature","properties":{"trail":"Ammonoosuc Ravine Trail","hero":false,"class":null,"length_m":255.1},"geometry":{"type":"LineString","coordinates":[[-71.324415,44.266749,1156.0],[-71.32452,44.266855,1150.6],[-71.324692,44.267005,1143.7],[-71.324803,44.267109,1138.7],[-71.324849,44.267246,1135.7],[-71.324939,44.267342,1130.7],[-71.325021,44.267403,1126.6],[-71.325116,44.267438,1122.3],[-71.32527,44.267442,1116.2],[-71.325548,44.267398,1106.9],[-71.325717,44.267377,1100.0],[-71.32605,44.267443,1086.6],[-71.326224,44.267542,1079.7],[-71.326397,44.267641,1071.2],[-71.326567,44.267661,1065.1],[-71.326645,44.267626,1062.8],[-71.326693,44.267566,1061.9],[-71.326825,44.267556,1058.4],[-71.326871,44.267541,1057.2],[-71.326904,44.267531,1056.4]]}},
{"type":"Feature","properties":{"trail":"Crawford Path","hero":false,"class":null,"length_m":895.7},"geometry":{"type":"LineString","coordinates":[[-71.318908,44.257571,1544.2],[-71.318748,44.257406,1546.0],[-71.318715,44.257341,1546.8],[-71.318719,44.257281,1547.7],[-71.318737,44.257213,1548.9],[-71.318819,44.257075,1551.4],[-71.318832,44.256862,1554.0],[-71.318761,44.256693,1554.6],[-71.31869,44.256524,1554.3],[-71.318681,44.256312,1554.5],[-71.318664,44.256142,1553.7],[-71.318621,44.255955,1551.1],[-71.318557,44.255761,1547.8],[-71.318518,44.255628,1545.2],[-71.318528,44.255543,1544.1],[-71.318643,44.25534,1543.6],[-71.318752,44.255122,1543.5],[-71.318837,44.254904,1543.2],[-71.318917,44.254781,1543.6],[-71.318997,44.254658,1543.8],[-71.318967,44.254444,1542.3],[-71.319092,44.254273,1542.8],[-71.319216,44.254102,1542.9],[-71.31944,44.253911,1544.4],[-71.319597,44.253733,1545.5],[-71.319761,44.253615,1547.3],[-71.319921,44.253421,1548.7],[-71.32017,44.253239,1549.3],[-71.320244,44.253215,1549.4],[-71.320314,44.253205,1549.4],[-71.320374,44.25321,1549.4],[-71.320441,44.253223,1549.5],[-71.32054,44.253249,1550.0],[-71.320792,44.253334,1550.5],[-71.321049,44.253413,1550.5],[-71.321175,44.25346,1551.0],[-71.321315,44.253533,1552.4],[-71.321359,44.253555,1552.9],[-71.321539,44.253644,1554.5],[-71.321861,44.25374,1556.9],[-71.321992,44.253757,1558.0],[-71.322101,44.253765,1559.3],[-71.322278,44.253753,1560.1],[-71.322492,44.253719,1560.0],[-71.322741,44.253655,1558.2],[-71.32289,44.253645,1558.3],[-71.323064,44.253664,1559.8],[-71.323225,44.253706,1560.4],[-71.323339,44.253765,1562.0],[-71.323417,44.253795,1562.8],[-71.323616,44.253803,1561.7],[-71.32369,44.253823,1562.0],[-71.32379,44.253852,1562.4],[-71.323929,44.253861,1561.6],[-71.324032,44.253847,1560.3],[-71.324119,44.253801,1558.1],[-71.324254,44.253753,1555.9],[-71.324351,44.253725,1554.7],[-71.324428,44.253711,1554.1]]}},
{"type":"Feature","properties":{"trail":"Mount Monroe Loop","hero":false,"class":null,"length_m":603.4},"geometry":{"type":"LineString","coordinates":[[-71.318908,44.257571,1544.2],[-71.31901,44.257446,1548.0],[-71.319112,44.25732,1552.4],[-71.319284,44.257151,1560.0],[-71.319374,44.257081,1564.1],[-71.319439,44.257003,1568.2],[-71.319479,44.256881,1572.8],[-71.319586,44.25679,1578.1],[-71.319752,44.256693,1585.5],[-71.319869,44.256631,1590.1],[-71.319934,44.256642,1592.2],[-71.320074,44.256706,1595.3],[-71.320191,44.256719,1598.7],[-71.320282,44.256697,1602.5],[-71.320353,44.256619,1605.5],[-71.3204,44.256574,1607.4],[-71.320504,44.256548,1609.9],[-71.320564,44.256508,1612.4],[-71.320598,44.256464,1613.6],[-71.320607,44.256414,1615.5],[-71.320619,44.256272,1618.0],[-71.320638,44.256164,1619.4],[-71.320674,44.256091,1620.1],[-71.320756,44.256009,1620.2],[-71.320864,44.255878,1621.6],[-71.321003,44.255646,1621.1],[-71.321128,44.25543,1624.0],[-71.321198,44.255352,1625.0],[-71.321379,44.255126,1629.8],[-71.321398,44.25507,1630.6],[-71.321384,44.255,1631.2],[-71.321419,44.254937,1629.5],[-71.321646,44.2549,1627.1],[-71.321925,44.254952,1621.9],[-71.322145,44.254885,1616.2],[-71.322268,44.254877,1613.4],[-71.322393,44.254797,1609.6],[-71.322597,44.254677,1602.9],[-71.322814,44.254638,1597.5],[-71.32299,44.254545,1592.2],[-71.323083,44.254517,1590.0],[-71.323139,44.254469,1587.7],[-71.323167,44.254342,1583.7],[-71.323237,44.254286,1581.2],[-71.323413,44.254248,1577.8],[-71.323602,44.254243,1575.1],[-71.323656,44.254262,1574.6]]}},
{"type":"Feature","properties":{"trail":"Square Ledge X-C","hero":false,"class":null,"length_m":73.1},"geometry":{"type":"LineString","coordinates":[[-71.25164,44.25595,620.2],[-71.251449,44.255902,626.8],[-71.251317,44.255908,630.6],[-71.251124,44.255964,635.2],[-71.25095,44.256035,638.9],[-71.250794,44.256089,642.0]]}},
{"type":"Feature","properties":{"trail":"Lost Pond Trail","hero":false,"class":null,"length_m":1216.9},"geometry":{"type":"LineString","coordinates":[[-71.25164,44.25595,620.2],[-71.251603,44.25576,622.8],[-71.251583,44.255587,625.3],[-71.251563,44.255452,626.7],[-71.251542,44.255317,627.8],[-71.251509,44.255133,627.9],[-71.251512,44.254898,625.9],[-71.251596,44.254707,622.4],[-71.251748,44.254529,620.5],[-71.251906,44.254289,620.7],[-71.251965,44.254131,620.3],[-71.251962,44.253931,619.8],[-71.251967,44.253727,619.7],[-71.25186,44.253521,619.7],[-71.251924,44.253356,619.1],[-71.251985,44.253104,619.7],[-71.251975,44.252942,619.2],[-71.251977,44.252689,617.6],[-71.251941,44.252608,617.0],[-71.251912,44.25256,616.9],[-71.251836,44.252492,617.0],[-71.251678,44.252348,617.4],[-71.25152,44.252204,618.1],[-71.251429,44.252152,619.7],[-71.25134,44.252108,621.3],[-71.251276,44.252064,622.7],[-71.251242,44.252032,623.5],[-71.251193,44.251972,624.8],[-71.251155,44.25191,625.9],[-71.251134,44.251803,627.3],[-71.251126,44.25173,628.2],[-71.251112,44.251674,628.9],[-71.251059,44.251589,630.4],[-71.250906,44.251431,634.0],[-71.25075,44.251332,636.9],[-71.250697,44.251272,637.8],[-71.250683,44.251217,638.2],[-71.250686,44.251082,638.2],[-71.250691,44.250994,637.2],[-71.250683,44.250944,636.8],[-71.250647,44.250884,636.4],[-71.250586,44.250821,636.0],[-71.250482,44.250731,636.4],[-71.250396,44.250613,636.4],[-71.250327,44.250535,636.7],[-71.250265,44.25046,637.6],[-71.250232,44.250398,638.4],[-71.250225,44.250336,638.3],[-71.250211,44.250189,639.2],[-71.250203,44.250123,640.1],[-71.250227,44.250001,640.1],[-71.250248,44.249893,639.1],[-71.250245,44.249695,639.4],[-71.250332,44.24948,638.0],[-71.250487,44.249292,635.0],[-71.250558,44.249081,634.8],[-71.250556,44.24887,635.9],[-71.250619,44.248678,636.5],[-71.250632,44.248506,637.4],[-71.250659,44.248446,637.1],[-71.250721,44.248379,635.9],[-71.250772,44.24831,634.5],[-71.25078,44.248246,634.1],[-71.250747,44.248166,634.7],[-71.250715,44.248108,635.5],[-71.250715,44.248068,635.3],[-71.250745,44.248002,634.2],[-71.250774,44.247956,633.2],[-71.250833,44.247924,631.7],[-71.250852,44.247885,631.7],[-71.250873,44.247812,631.6],[-71.250876,44.247656,629.7],[-71.250922,44.247505,627.1],[-71.250922,44.247395,625.8],[-71.250908,44.24732,625.1],[-71.250916,44.247266,624.4],[-71.250949,44.247205,623.3],[-71.251013,44.247136,622.6],[-71.251099,44.247067,621.4],[-71.251214,44.246959,621.4],[-71.251329,44.246851,620.4],[-71.251415,44.246752,618.9],[-71.251458,44.246648,617.8],[-71.25148,44.24654,616.7],[-71.251483,44.246388,615.4],[-71.251486,44.246236,614.4],[-71.251475,44.246096,613.7],[-71.251463,44.245955,613.2],[-71.251442,44.245762,612.4]]}},
{"type":"Feature","properties":{"trail":"Lost Pond Trail","hero":false,"class":null,"length_m":116.2},"geometry":{"type":"LineString","coordinates":[[-71.25164,44.25595,620.2],[-71.251651,44.256068,619.4],[-71.251697,44.256137,618.2],[-71.251724,44.256162,617.6],[-71.251885,44.256189,615.0],[-71.252239,44.2562,615.1],[-71.25228,44.256279,615.4],[-71.25233,44.256349,615.7],[-71.252353,44.256428,615.8],[-71.252408,44.256627,615.7]]}},
{"type":"Feature","properties":{"trail":"Square Ledge X-C","hero":false,"class":null,"length_m":549.0},"geometry":{"type":"LineString","coordinates":[[-71.250794,44.256089,642.0],[-71.250583,44.25605,646.2],[-71.250435,44.255998,648.1],[-71.250261,44.255943,650.4],[-71.250196,44.255891,651.8],[-71.250118,44.255854,653.2],[-71.250022,44.255875,653.7],[-71.249907,44.2559,654.3],[-71.249786,44.255912,655.1],[-71.249652,44.255897,656.5],[-71.249494,44.255843,658.4],[-71.249397,44.255835,659.7],[-71.249274,44.255858,661.4],[-71.249188,44.255918,661.4],[-71.249051,44.256023,660.9],[-71.248909,44.256066,661.8],[-71.248804,44.256106,662.2],[-71.248681,44.256189,662.7],[-71.248603,44.256294,662.4],[-71.248493,44.25635,663.6],[-71.248437,44.25639,664.0],[-71.248399,44.256429,663.6],[-71.24826,44.256511,664.2],[-71.248185,44.256569,664.5],[-71.248077,44.25664,665.5],[-71.247965,44.256694,667.0],[-71.247868,44.25675,667.4],[-71.247801,44.256805,666.9],[-71.24771,44.256851,667.2],[-71.247605,44.256871,669.0],[-71.247522,44.256913,669.4],[-71.247393,44.257003,669.7],[-71.247332,44.257024,670.6],[-71.247275,44.257086,670.0],[-71.247206,44.257088,671.7],[-71.247123,44.257086,673.8],[-71.247037,44.257057,676.8],[-71.24697,44.257028,679.4],[-71.246868,44.257005,682.5],[-71.24676,44.256988,685.4],[-71.246685,44.256988,687.0],[-71.24661,44.256988,688.6],[-71.246591,44.256965,689.5],[-71.24661,44.25692,690.1],[-71.246629,44.256888,690.3],[-71.246613,44.256847,691.4],[-71.246562,44.256824,692.7],[-71.246482,44.256821,694.2],[-71.246425,44.256842,694.8],[-71.246307,44.256832,697.9],[-71.246205,44.256819,700.8],[-71.246138,44.256809,702.8],[-71.246044,44.256788,706.8],[-71.245993,44.256765,709.2],[-71.245926,44.256732,712.1],[-71.245889,44.25669,713.6],[-71.24583,44.256719,716.0],[-71.245779,44.256751,718.8],[-71.245696,44.256744,723.2],[-71.245674,44.256709,723.8],[-71.245631,44.256703,725.9],[-71.245567,44.256696,729.0],[-71.245503,44.256713,731.8],[-71.245452,44.256734,733.9],[-71.245355,44.256796,737.4],[-71.245288,44.256842,739.2],[-71.245221,44.256876,739.5],[-71.245224,44.256899,739.3]]}},
{"type":"Feature","properties":{"trail":null,"hero":false,"class":"footway","length_m":48.8},"geometry":{"type":"LineString","coordinates":[[-71.250794,44.256089,642.0],[-71.2508,44.256154,641.9],[-71.25077,44.256248,642.8],[-71.250759,44.256313,643.1],[-71.250773,44.256371,643.2],[-71.250813,44.25644,642.2],[-71.250834,44.256517,641.1]]}},
{"type":"Feature","properties":{"trail":"Wildcat Ridge Trail","hero":false,"class":null,"length_m":180.0},"geometry":{"type":"LineString","coordinates":[[-71.251442,44.245762,612.4],[-71.25152,44.245735,612.0],[-71.251633,44.245697,611.4],[-71.251692,44.245666,610.9],[-71.251759,44.245651,610.3],[-71.251855,44.245614,609.4],[-71.252005,44.245531,607.2],[-71.252156,44.245449,604.2],[-71.252247,44.245418,602.8],[-71.252356,44.245401,601.3],[-71.252501,44.245398,599.4],[-71.252671,44.245555,597.9],[-71.252795,44.245591,596.6],[-71.252867,44.245601,596.3],[-71.252972,44.245621,595.9],[-71.2531,44.245634,595.7],[-71.253159,44.245606,595.8],[-71.25318,44.2455,595.6],[-71.253176,44.245419,595.5]]}},
{"type":"Feature","properties":{"trail":"Wildcat Ridge Trail","hero":false,"class":null,"length_m":2510.3},"geometry":{"type":"LineString","coordinates":[[-71.251442,44.245762,612.4],[-71.251332,44.245772,612.9],[-71.251244,44.245787,613.6],[-71.251091,44.245856,615.3],[-71.251013,44.245891,617.6],[-71.250941,44.245914,619.6],[-71.250866,44.245906,621.4],[-71.250806,44.245875,623.0],[-71.250761,44.245854,624.3],[-71.25068,44.245841,626.9],[-71.250581,44.245854,630.1],[-71.250487,44.245889,632.1],[-71.250393,44.245933,633.8],[-71.250273,44.24595,635.7],[-71.25013,44.245981,637.4],[-71.249927,44.246018,640.4],[-71.249731,44.246056,644.6],[-71.249613,44.246087,648.7],[-71.24954,44.246139,652.3],[-71.249487,44.246179,655.2],[-71.24935,44.246233,662.0],[-71.249259,44.246252,666.2],[-71.249149,44.246241,670.4],[-71.24891,44.246272,683.0],[-71.248727,44.246232,690.9],[-71.248475,44.246216,703.1],[-71.248282,44.246358,720.8],[-71.248265,44.246529,728.2],[-71.248127,44.24664,741.3],[-71.24783,44.246587,756.2],[-71.247588,44.246509,768.5],[-71.247423,44.246443,776.6],[-71.247258,44.246376,782.9],[-71.247027,44.246381,794.3],[-71.246797,44.246385,804.2],[-71.246462,44.246411,819.1],[-71.246243,44.246327,831.4],[-71.24605,44.246299,841.7],[-71.245801,44.246208,856.6],[-71.245594,44.246274,869.7],[-71.245544,44.246112,874.7],[-71.245269,44.246041,881.9],[-71.245032,44.246059,887.7],[-71.24475,44.245999,894.3],[-71.244445,44.245994,900.5],[-71.244214,44.246041,906.5],[-71.243937,44.246088,912.1],[-71.243659,44.246136,910.9],[-71.243652,44.246325,920.2],[-71.243499,44.246505,922.6],[-71.243275,44.246669,925.3],[-71.242998,44.246744,925.0],[-71.242856,44.246867,928.2],[-71.242714,44.24699,932.5],[-71.242741,44.247143,934.5],[-71.242665,44.24721,936.9],[-71.242373,44.247207,940.5],[-71.242223,44.24736,941.9],[-71.242017,44.24752,942.7],[-71.241722,44.247533,940.0],[-71.24162,44.247728,944.3],[-71.241442,44.247886,949.2],[-71.241234,44.247875,954.1],[-71.240979,44.247757,958.4],[-71.240702,44.247784,960.7],[-71.240402,44.247789,959.9],[-71.240089,44.24778,958.9],[-71.239833,44.24779,961.1],[-71.239499,44.247791,964.8],[-71.239291,44.247806,967.7],[-71.239082,44.247821,970.3],[-71.238852,44.247831,972.6],[-71.238622,44.247842,974.1],[-71.238335,44.247879,978.0],[-71.238106,44.24797,986.8],[-71.237854,44.247988,996.8],[-71.237702,44.248066,1001.0],[-71.237529,44.247902,1009.5],[-71.237313,44.247784,1017.1],[-71.237063,44.24787,1021.2],[-71.236837,44.247808,1027.9],[-71.236557,44.24778,1035.1],[-71.236279,44.24779,1043.0],[-71.236,44.247799,1051.4],[-71.235708,44.247866,1063.7],[-71.235433,44.247759,1074.3],[-71.235169,44.247786,1087.2],[-71.234889,44.247893,1102.2],[-71.234678,44.248028,1107.3],[-71.234381,44.24811,1116.4],[-71.234116,44.248083,1127.2],[-71.23404,44.247897,1133.9],[-71.233842,44.247848,1142.8],[-71.233564,44.247815,1151.9],[-71.233313,44.247824,1156.3],[-71.23302,44.247813,1159.0],[-71.232715,44.247846,1160.6],[-71.232423,44.247946,1165.4],[-71.232156,44.248014,1171.8],[-71.231853,44.248106,1177.6],[-71.231642,44.248167,1178.5],[-71.231431,44.248227,1177.6],[-71.23109,44.24834,1179.4],[-71.230785,44.248422,1182.1],[-71.230488,44.248496,1185.2],[-71.230228,44.248575,1187.0],[-71.229954,44.248589,1186.2],[-71.229737,44.248436,1189.4],[-71.229592,44.248239,1194.6],[-71.229323,44.24828,1195.9],[-71.229056,44.248207,1194.9],[-71.229013,44.248085,1194.3],[-71.22901,44.247913,1194.0],[-71.228758,44.24797,1198.3],[-71.228464,44.24787,1206.6],[-71.22827,44.247773,1213.2],[-71.228024,44.247733,1221.5],[-71.227769,44.247638,1228.2],[-71.227482,44.247635,1231.3],[-71.227202,44.247609,1232.6],[-71.227006,44.247668,1231.9],[-71.226895,44.247853,1230.9],[-71.226755,44.24801,1229.1],[-71.226592,44.248227,1227.1],[-71.226422,44.248418,1224.4],[-71.226172,44.248496,1222.8],[-71.225895,44.248576,1221.9],[-71.225618,44.248656,1218.6],[-71.225336,44.248726,1215.5],[-71.225159,44.248838,1213.1],[-71.225066,44.248883,1212.3],[-71.224991,44.24891,1211.6]]}},
{"type":"Feature","properties":{"trail":"Square Ledge X-C","hero":false,"class":null,"length_m":40.2},"geometry":{"type":"LineString","coordinates":[[-71.245224,44.256899,739.3],[-71.245266,44.256907,739.2],[-71.245336,44.256886,738.1],[-71.245409,44.256874,736.5],[-71.245457,44.256863,735.3],[-71.245527,44.256849,733.5],[-71.245591,44.256824,730.2],[-71.245634,44.256801,727.4],[-71.245693,44.256807,724.1]]}},
{"type":"Feature","properties":{"trail":null,"hero":false,"class":"path","length_m":153.2},"geometry":{"type":"LineString","coordinates":[[-71.245224,44.256899,739.3],[-71.245048,44.256947,738.7],[-71.244943,44.256965,737.9],[-71.244769,44.256938,736.3],[-71.244611,44.256869,736.5],[-71.244452,44.256801,736.2],[-71.244267,44.256742,736.8],[-71.244112,44.25674,737.1],[-71.243881,44.25678,737.5],[-71.243658,44.25684,736.5],[-71.243508,44.256882,735.6],[-71.243437,44.256911,735.1]]}},
{"type":"Feature","properties":{"trail":null,"hero":false,"class":"footway","length_m":16.5},"geometry":{"type":"LineString","coordinates":[[-71.286045,44.260235,1183.7],[-71.286144,44.26022,1183.9],[-71.28622,44.260167,1184.4]]}},
{"type":"Feature","properties":{"trail":null,"hero":false,"class":"footway","length_m":31.7},"geometry":{"type":"LineString","coordinates":[[-71.28622,44.260167,1184.4],[-71.286235,44.260112,1184.3],[-71.286257,44.260066,1184.2],[-71.286272,44.260029,1184.1],[-71.286291,44.259991,1184.1],[-71.286298,44.259957,1184.3],[-71.286317,44.259923,1184.5],[-71.286354,44.259907,1184.8]]}},
{"type":"Feature","properties":{"trail":null,"hero":false,"class":"footway","length_m":52.4},"geometry":{"type":"LineString","coordinates":[[-71.28622,44.260167,1184.4],[-71.28631,44.260229,1185.6],[-71.286385,44.260304,1186.6],[-71.2864,44.260369,1186.5],[-71.286366,44.260437,1185.9],[-71.286316,44.260503,1184.9],[-71.286256,44.260566,1183.7]]}},
{"type":"Feature","properties":{"trail":null,"hero":false,"class":"footway","length_m":63.1},"geometry":{"type":"LineString","coordinates":[[-71.286256,44.260566,1183.7],[-71.286305,44.260641,1185.1],[-71.286381,44.260714,1186.8],[-71.286436,44.260759,1187.5],[-71.286466,44.26082,1188.1],[-71.286476,44.26086,1188.3],[-71.286474,44.260885,1188.4],[-71.286472,44.260923,1188.6],[-71.286436,44.261,1188.9],[-71.286371,44.26107,1189.2]]}},
{"type":"Feature","properties":{"trail":null,"hero":false,"class":"footway","length_m":176.0},"geometry":{"type":"LineString","coordinates":[[-71.286256,44.260566,1183.7],[-71.28619,44.260599,1183.0],[-71.286114,44.260653,1182.4],[-71.286069,44.260703,1182.4],[-71.286048,44.260761,1182.5],[-71.286035,44.260827,1182.6],[-71.286048,44.260871,1183.5],[-71.286055,44.260892,1183.9],[-71.286095,44.260938,1185.3],[-71.286151,44.261002,1186.8],[-71.286206,44.261065,1188.0],[-71.286209,44.261091,1188.3],[-71.286179,44.261123,1188.2],[-71.28608,44.261194,1186.9],[-71.286013,44.261238,1185.8],[-71.285963,44.26125,1185.1],[-71.285898,44.261248,1184.3],[-71.28582,44.261224,1183.4],[-71.28574,44.261175,1182.4],[-71.285646,44.261133,1181.1],[-71.285589,44.261114,1180.3],[-71.28555,44.261113,1179.9],[-71.285475,44.261137,1179.7],[-71.285415,44.261139,1179.4],[-71.285341,44.261128,1179.1],[-71.285316,44.261125,1179.0],[-71.285203,44.261091,1178.4],[-71.285117,44.261062,1177.9],[-71.285046,44.261037,1177.5]]}},
{"type":"Feature","properties":{"trail":"Glen Ellis Falls Trail","hero":false,"class":null,"length_m":46.5},"geometry":{"type":"LineString","coordinates":[[-71.253675,44.2456,600.7],[-71.253505,44.245532,598.5],[-71.253448,44.245509,597.9],[-71.253238,44.24548,595.9],[-71.253201,44.245457,595.7],[-71.253176,44.245419,595.5]]}},
{"type":"Feature","properties":{"trail":"Glen Boulder Trail","hero":false,"class":null,"length_m":14.2},"geometry":{"type":"LineString","coordinates":[[-71.253675,44.2456,600.7],[-71.253648,44.245647,600.4],[-71.253607,44.245718,599.9]]}},
{"type":"Feature","properties":{"trail":"Glen Boulder Trail","hero":false,"class":null,"length_m":60.4},"geometry":{"type":"LineString","coordinates":[[-71.253675,44.2456,600.7],[-71.253885,44.245386,606.2],[-71.25397,44.245259,608.4],[-71.254055,44.245132,609.6]]}},
{"type":"Feature","properties":{"trail":"Glen Ellis Falls Trail","hero":false,"class":null,"length_m":171.4},"geometry":{"type":"LineString","coordinates":[[-71.253176,44.245419,595.5],[-71.253165,44.245376,595.4],[-71.253172,44.245317,595.4],[-71.253181,44.245264,595.6],[-71.253212,44.245203,596.1],[-71.253212,44.245099,596.6],[-71.253175,44.244972,597.2],[-71.253119,44.244861,598.2],[-71.253002,44.244734,598.4],[-71.252909,44.244684,597.1],[-71.252867,44.24462,596.6],[-71.252876,44.244546,597.0],[-71.252858,44.244489,596.7],[-71.252851,44.24442,596.6],[-71.252854,44.244352,596.7],[-71.252851,44.24431,596.6],[-71.252789,44.244265,594.8],[-71.252746,44.244223,593.3],[-71.252655,44.244126,590.1],[-71.252546,44.244096,586.4],[-71.252566,44.244064,587.2]]}},
{"type":"Feature","properties":{"trail":null,"hero":false,"class":"track","length_m":135.1},"geometry":{"type":"LineString","coordinates":[[-71.254055,44.245132,609.6],[-71.254219,44.244927,612.6],[-71.254262,44.244784,613.2],[-71.254305,44.24464,613.7],[-71.254289,44.244474,612.9],[-71.254232,44.244227,610.0],[-71.254194,44.24396,607.2]]}},
{"type":"Feature","properties":{"trail":"Glen Boulder Trail","hero":false,"class":null,"length_m":557.5},"geometry":{"type":"LineString","coordinates":[[-71.254055,44.245132,609.6],[-71.254249,44.245129,612.9],[-71.254411,44.245119,616.1],[-71.254591,44.244972,619.9],[-71.254772,44.244825,622.0],[-71.255021,44.244693,623.4],[-71.255301,44.244583,625.0],[-71.255577,44.244458,626.9],[-71.255853,44.244333,628.1],[-71.25617,44.244208,628.8],[-71.256488,44.244082,630.7],[-71.256703,44.243896,635.6],[-71.257011,44.243751,642.8],[-71.257357,44.243746,649.9],[-71.257634,44.243645,652.5],[-71.257911,44.243576,653.7],[-71.258201,44.243552,655.7],[-71.258469,44.2436,660.1],[-71.258685,44.243549,664.2],[-71.2589,44.243498,669.4],[-71.259107,44.243525,677.7],[-71.259273,44.24364,688.1],[-71.2591,44.243837,691.6],[-71.259057,44.243923,693.6],[-71.25914,44.244002,700.1],[-71.259319,44.243998,706.3],[-71.259504,44.244018,712.3]]}},
{"type":"Feature","properties":{"trail":"Glen Ellis Falls Trail","hero":false,"class":null,"length_m":36.3},"geometry":{"type":"LineString","coordinates":[[-71.252566,44.244064,587.2],[-71.252568,44.244014,587.4],[-71.252526,44.243909,586.4],[-71.252498,44.243815,585.2],[-71.252498,44.243744,585.0]]}},
{"type":"Feature","properties":{"trail":"Glen Ellis Falls Trail","hero":false,"class":null,"length_m":50.4},"geometry":{"type":"LineString","coordinates":[[-71.252498,44.243744,585.0],[-71.252498,44.243715,584.8],[-71.252444,44.243719,582.2],[-71.252434,44.243817,582.0],[-71.252413,44.243883,581.2],[-71.252333,44.243931,577.5],[-71.252246,44.243984,574.1],[-71.252326,44.244007,577.8]]}},
{"type":"Feature","properties":{"trail":"Crew-Cut","hero":false,"class":null,"length_m":259.4},"geometry":{"type":"LineString","coordinates":[[-71.253594,44.262804,642.5],[-71.253423,44.262861,641.4],[-71.253252,44.262918,640.5],[-71.253136,44.262952,640.2],[-71.252894,44.263022,639.6],[-71.252669,44.263082,639.0],[-71.252528,44.263152,638.8],[-71.252346,44.263232,638.8],[-71.252106,44.263373,639.7],[-71.251937,44.263479,639.9],[-71.251797,44.263591,639.8],[-71.251776,44.263733,641.7],[-71.251781,44.263913,644.7],[-71.251677,44.263997,643.8],[-71.251518,44.264076,643.2],[-71.251348,44.264145,642.6],[-71.251258,44.264204,643.0]]}},
{"type":"Feature","properties":{"trail":"Old Jackson Road","hero":false,"class":null,"length_m":29.8},"geometry":{"type":"LineString","coordinates":[[-71.253594,44.262804,642.5],[-71.253581,44.262786,642.3],[-71.253579,44.262785,642.3],[-71.253471,44.262637,640.9],[-71.25345,44.262559,640.5]]}},
{"type":"Feature","properties":{"trail":"Old Jackson Road","hero":false,"class":null,"length_m":835.1},"geometry":{"type":"LineString","coordinates":[[-71.253594,44.262804,642.5],[-71.253722,44.262911,644.6],[-71.25385,44.263018,647.2],[-71.254016,44.263216,652.1],[-71.254182,44.263415,657.2],[-71.25435,44.263554,662.5],[-71.254518,44.263693,668.3],[-71.254603,44.263815,672.9],[-71.254689,44.263937,677.3],[-71.254893,44.26406,684.9],[-71.254973,44.264293,691.2],[-71.255053,44.264527,696.4],[-71.254988,44.26472,697.2],[-71.254857,44.264902,697.9],[-71.254725,44.265083,701.7],[-71.254543,44.265252,707.9],[-71.254238,44.265344,708.4],[-71.254069,44.265414,710.1],[-71.2539,44.265483,712.8],[-71.253693,44.265571,717.1],[-71.253486,44.265658,721.1],[-71.253296,44.265863,728.9],[-71.253173,44.26611,734.8],[-71.253108,44.266297,737.8],[-71.253042,44.266485,740.8],[-71.25304,44.266639,743.5],[-71.253038,44.266793,746.3],[-71.25305,44.266929,749.0],[-71.253011,44.267143,752.2],[-71.252973,44.267356,755.7],[-71.252954,44.267573,759.6],[-71.252936,44.26779,763.2],[-71.252985,44.268001,768.1],[-71.253061,44.268205,772.8],[-71.253137,44.268409,775.9],[-71.253212,44.268612,779.0],[-71.253243,44.268863,781.7],[-71.253222,44.269092,782.2],[-71.253141,44.269324,781.9]]}},
{"type":"Feature","properties":{"trail":"Crew-Cut","hero":false,"class":null,"length_m":465.7},"geometry":{"type":"LineString","coordinates":[[-71.251258,44.264204,643.0],[-71.251067,44.264353,644.8],[-71.250998,44.264578,650.3],[-71.25081,44.264712,653.5],[-71.25066,44.264801,655.8],[-71.25051,44.264889,658.2],[-71.25022,44.26494,656.9],[-71.249924,44.265006,656.7],[-71.249659,44.265059,657.1],[-71.249397,44.265116,659.1],[-71.249151,44.265185,661.5],[-71.248892,44.265288,665.4],[-71.248723,44.265388,669.9],[-71.248562,44.265544,677.0],[-71.248439,44.265663,681.6],[-71.24822,44.265785,686.8],[-71.247983,44.265869,690.5],[-71.247792,44.265903,691.3],[-71.247601,44.265937,692.7],[-71.247345,44.265996,697.1],[-71.247114,44.266051,702.2],[-71.246967,44.266083,705.1],[-71.246756,44.266129,708.9],[-71.246618,44.266194,712.5],[-71.246496,44.266287,717.7]]}},
{"type":"Feature","properties":{"trail":"George's Gorge Trail","hero":false,"class":null,"length_m":606.6},"geometry":{"type":"LineString","coordinates":[[-71.251258,44.264204,643.0],[-71.251278,44.2643,645.6],[-71.251281,44.264393,648.0],[-71.25117,44.2646,651.8],[-71.251074,44.264792,655.6],[-71.251065,44.264931,658.5],[-71.251056,44.26507,662.0],[-71.251105,44.265234,666.5],[-71.251182,44.265366,671.8],[-71.251191,44.265569,679.6],[-71.251216,44.26573,686.3],[-71.251194,44.26592,693.5],[-71.251192,44.266152,702.5],[-71.251236,44.266386,710.7],[-71.251276,44.266555,716.2],[-71.251224,44.266745,721.4],[-71.251229,44.266911,726.3],[-71.251318,44.267131,730.8],[-71.251381,44.267305,733.4],[-71.251392,44.267416,735.2],[-71.251388,44.267603,738.5],[-71.251409,44.267799,742.3],[-71.251434,44.268061,747.4],[-71.251383,44.26824,752.4],[-71.251357,44.268409,758.4],[-71.251339,44.268589,765.3],[-71.251266,44.268697,770.7],[-71.251168,44.26876,774.8],[-71.251061,44.268795,777.6],[-71.250918,44.268885,781.9],[-71.250757,44.268987,786.2],[-71.250622,44.269061,788.1],[-71.250521,44.269141,789.6],[-71.250475,44.269237,792.2],[-71.250489,44.269315,795.0]]}},
{"type":"Feature","properties":{"trail":"Old Jackson Road","hero":false,"class":null,"length_m":425.5},"geometry":{"type":"LineString","coordinates":[[-71.25345,44.262559,640.5],[-71.253404,44.262396,640.3],[-71.253359,44.262232,640.7],[-71.253247,44.262024,641.1],[-71.253165,44.261821,640.5],[-71.253083,44.261618,640.0],[-71.253001,44.261414,640.0],[-71.252981,44.261208,639.0],[-71.252776,44.261004,637.2],[-71.252686,44.260795,637.0],[-71.252556,44.260602,636.6],[-71.252525,44.260429,636.1],[-71.252493,44.260256,635.2],[-71.252469,44.260012,632.6],[-71.252528,44.25981,633.1],[-71.252587,44.259607,633.6],[-71.252646,44.259404,633.7],[-71.252768,44.259194,634.1],[-71.252817,44.259046,633.8],[-71.252867,44.258898,633.5]]}},
{"type":"Feature","properties":{"trail":null,"hero":false,"class":"path","length_m":149.2},"geometry":{"type":"LineString","coordinates":[[-71.25345,44.262559,640.5],[-71.253143,44.262462,638.6],[-71.252848,44.262405,637.3],[-71.25261,44.262364,635.6],[-71.252373,44.262324,634.2],[-71.252019,44.262293,632.0],[-71.251831,44.262268,630.7],[-71.251643,44.262242,629.7]]}},
{"type":"Feature","properties":{"trail":"Old Jackson Road","hero":false,"class":null,"length_m":1009.3},"geometry":{"type":"LineString","coordinates":[[-71.253141,44.269324,781.9],[-71.253114,44.269516,782.0],[-71.253087,44.269708,781.2],[-71.25312,44.269931,783.5],[-71.253131,44.270145,784.3],[-71.253142,44.27036,784.5],[-71.253214,44.270575,785.5],[-71.253317,44.270758,787.5],[-71.253394,44.27094,789.3],[-71.253415,44.271186,789.6],[-71.253329,44.271391,788.1],[-71.25331,44.271602,788.2],[-71.253354,44.271816,789.0],[-71.253399,44.27203,790.2],[-71.253398,44.272253,789.9],[-71.253399,44.272476,788.7],[-71.253484,44.272684,789.9],[-71.253595,44.272889,790.1],[-71.253675,44.273088,791.3],[-71.253722,44.273335,791.8],[-71.253785,44.273526,792.7],[-71.253849,44.273716,793.0],[-71.253796,44.27396,790.2],[-71.253751,44.274125,789.3],[-71.253706,44.274291,788.6],[-71.253659,44.274437,788.2],[-71.253645,44.274643,787.2],[-71.253632,44.274848,785.9],[-71.253654,44.275045,786.1],[-71.253676,44.275241,787.5],[-71.253697,44.275438,787.8],[-71.253707,44.275589,787.4],[-71.253716,44.275741,786.3],[-71.253721,44.275956,784.2],[-71.253726,44.276172,782.4],[-71.253689,44.276349,780.6],[-71.253595,44.276557,777.0],[-71.253501,44.276766,774.3],[-71.253473,44.276972,773.1],[-71.253475,44.277144,775.2],[-71.253469,44.277297,777.1],[-71.253463,44.27745,779.1],[-71.253438,44.277717,781.7],[-71.253433,44.277872,783.5],[-71.253428,44.278027,785.2],[-71.253438,44.278274,787.6]]}},
{"type":"Feature","properties":{"trail":"George's Gorge Trail","hero":false,"class":null,"length_m":423.3},"geometry":{"type":"LineString","coordinates":[[-71.253141,44.269324,781.9],[-71.253063,44.269432,780.7],[-71.252833,44.269578,775.5],[-71.252771,44.269663,773.9],[-71.252717,44.269734,773.1],[-71.252632,44.269813,772.8],[-71.252551,44.26992,773.0],[-71.252463,44.270024,774.3],[-71.252433,44.270099,776.0],[-71.252425,44.270199,777.8],[-71.252417,44.27027,779.1],[-71.252393,44.270383,781.4],[-71.252363,44.270477,783.5],[-71.252286,44.270527,785.8],[-71.252111,44.270562,790.8],[-71.252004,44.270583,794.3],[-71.251953,44.270525,794.7],[-71.251862,44.270483,796.8],[-71.251704,44.270389,800.3],[-71.251594,44.270348,803.2],[-71.251497,44.270347,806.4],[-71.251403,44.270337,809.3],[-71.251328,44.270272,810.1],[-71.251277,44.270247,811.2],[-71.251167,44.270277,814.5],[-71.251033,44.270285,818.3],[-71.250918,44.270281,821.2],[-71.250749,44.270241,823.5],[-71.250577,44.270229,825.5],[-71.250459,44.270199,824.8],[-71.250408,44.270147,822.7],[-71.25044,44.270039,818.0],[-71.250513,44.269961,815.0],[-71.250558,44.269868,811.8],[-71.250545,44.269838,810.7],[-71.250582,44.269747,807.7],[-71.250596,44.269613,804.1],[-71.250547,44.269505,801.2],[-71.250564,44.269407,798.5],[-71.250489,44.269315,795.0]]}},
{"type":"Feature","properties":{"trail":"Crew-Cut","hero":false,"class":null,"length_m":585.1},"geometry":{"type":"LineString","coordinates":[[-71.246496,44.266287,717.7],[-71.246358,44.266295,720.7],[-71.246219,44.266199,718.4],[-71.246045,44.2661,713.8],[-71.245853,44.265987,708.4],[-71.245809,44.265856,700.9],[-71.245589,44.265769,696.3],[-71.245545,44.265661,689.7],[-71.245532,44.265571,684.2],[-71.245715,44.265454,679.9],[-71.245695,44.265352,673.9],[-71.245488,44.265253,665.0],[-71.245236,44.265244,659.2],[-71.244906,44.265303,656.6],[-71.244545,44.265346,651.3],[-71.244345,44.26533,646.4],[-71.244146,44.265314,640.5],[-71.24391,44.265195,633.6],[-71.243841,44.265067,630.1],[-71.243772,44.264939,627.7],[-71.243683,44.264811,626.2],[-71.243593,44.264683,625.8],[-71.243512,44.264544,625.1],[-71.243431,44.264406,624.3],[-71.243272,44.264191,623.7],[-71.243203,44.263934,622.1],[-71.243073,44.263789,619.2],[-71.242764,44.26369,613.2],[-71.242583,44.263602,610.4],[-71.242402,44.263515,608.6],[-71.242166,44.263355,604.6],[-71.241947,44.26323,598.1]]}},
{"type":"Feature","properties":{"trail":"Liebseskind's Loop","hero":false,"class":null,"length_m":124.1},"geometry":{"type":"LineString","coordinates":[[-71.246496,44.266287,717.7],[-71.246599,44.266371,719.1],[-71.246635,44.266514,722.4],[-71.246603,44.266642,726.9],[-71.246477,44.266776,732.6],[-71.246286,44.26691,737.3],[-71.246066,44.266997,742.4],[-71.245821,44.267082,745.8]]}},
{"type":"Feature","properties":{"trail":"Liebseskind's Loop","hero":false,"class":null,"length_m":657.4},"geometry":{"type":"LineString","coordinates":[[-71.250489,44.269315,795.0],[-71.250322,44.269333,794.3],[-71.250065,44.269245,789.6],[-71.249925,44.269126,785.5],[-71.249807,44.269034,783.1],[-71.249614,44.268957,781.2],[-71.249534,44.268857,779.2],[-71.249443,44.268688,777.9],[-71.249346,44.268654,779.0],[-71.249045,44.268581,783.6],[-71.24897,44.268435,784.3],[-71.248879,44.268358,785.3],[-71.248751,44.268235,785.3],[-71.2486,44.268135,784.5],[-71.248386,44.268173,784.9],[-71.248053,44.268262,789.2],[-71.24793,44.268266,788.2],[-71.247806,44.268239,785.0],[-71.247527,44.268285,783.9],[-71.247393,44.268273,781.6],[-71.247206,44.268331,782.7],[-71.246986,44.268392,785.2],[-71.246696,44.268442,784.0],[-71.246369,44.268408,779.6],[-71.246181,44.268369,777.3],[-71.246074,44.268315,775.9],[-71.245929,44.268304,774.2],[-71.245762,44.268342,771.9],[-71.245612,44.268412,770.1],[-71.24536,44.268427,764.9],[-71.245253,44.2684,762.4],[-71.245215,44.268289,761.5],[-71.24517,44.268129,759.7],[-71.245124,44.26797,755.2],[-71.245221,44.267762,752.4],[-71.245382,44.267636,753.9],[-71.245532,44.267482,753.3],[-71.245676,44.267277,748.2],[-71.245753,44.267172,746.3],[-71.245821,44.267082,745.8]]}},
{"type":"Feature","properties":{"trail":"Spur","hero":false,"class":null,"length_m":110.3},"geometry":{"type":"LineString","coordinates":[[-71.245821,44.267082,745.8],[-71.245607,44.266975,743.5],[-71.245394,44.266936,741.8],[-71.245301,44.266875,741.6],[-71.245333,44.266799,743.1],[-71.245451,44.266744,746.5],[-71.24561,44.266659,750.7],[-71.245711,44.266598,747.4],[-71.24587,44.266518,742.5]]}},
{"type":"Feature","properties":{"trail":null,"hero":false,"class":"footway","length_m":24.2},"geometry":{"type":"LineString","coordinates":[[-71.303509,44.270545,1913.1],[-71.303415,44.270637,1912.6],[-71.303321,44.270614,1913.0],[-71.303307,44.270616,1912.9],[-71.303289,44.270633,1912.7]]}},
{"type":"Feature","properties":{"trail":"Trinity Heights Connector","hero":false,"class":null,"length_m":38.3},"geometry":{"type":"LineString","coordinates":[[-71.303509,44.270545,1913.1],[-71.303466,44.270517,1912.9],[-71.30341,44.270497,1912.8],[-71.303321,44.270484,1912.7],[-71.303326,44.270438,1912.4],[-71.303348,44.270397,1912.1],[-71.303343,44.27038,1911.9],[-71.303311,44.270345,1911.6],[-71.303261,44.270322,1911.4]]}},
{"type":"Feature","properties":{"trail":null,"hero":false,"class":"footway","length_m":28.8},"geometry":{"type":"LineString","coordinates":[[-71.303289,44.270633,1912.7],[-71.303353,44.270649,1912.8],[-71.303389,44.270677,1912.4],[-71.303413,44.270722,1912.0],[-71.303505,44.270827,1910.5]]}},
{"type":"Feature","properties":{"trail":null,"hero":false,"class":"footway","length_m":11.0},"geometry":{"type":"LineString","coordinates":[[-71.303289,44.270633,1912.7],[-71.303216,44.270633,1912.4],[-71.303153,44.270645,1912.1]]}},
{"type":"Feature","properties":{"trail":"Trinity Heights Connector","hero":false,"class":null,"length_m":5.0},"geometry":{"type":"LineString","coordinates":[[-71.303261,44.270322,1911.4],[-71.30324,44.270279,1911.0]]}},
{"type":"Feature","properties":{"trail":null,"hero":false,"class":"footway","length_m":50.9},"geometry":{"type":"LineString","coordinates":[[-71.303261,44.270322,1911.4],[-71.303307,44.270306,1911.3],[-71.303337,44.270299,1911.3],[-71.303361,44.27029,1911.2],[-71.303381,44.270286,1911.1],[-71.303389,44.27029,1911.1],[-71.30339,44.270298,1911.2],[-71.303382,44.270305,1911.3],[-71.303336,44.270322,1911.5],[-71.303335,44.27033,1911.6],[-71.303342,44.270339,1911.6],[-71.303348,44.27034,1911.6],[-71.303446,44.270309,1911.1],[-71.303459,44.270309,1911.1],[-71.303464,44.270311,1911.1],[-71.303464,44.270315,1911.1],[-71.303461,44.27032,1911.2],[-71.303374,44.270357,1911.7],[-71.303364,44.270364,1911.8],[-71.303362,44.270368,1911.8],[-71.303365,44.270373,1911.8],[-71.303377,44.270381,1911.9],[-71.303386,44.270381,1911.9],[-71.303391,44.270379,1911.8],[-71.303421,44.270364,1911.7],[-71.303426,44.270362,1911.6],[-71.303434,44.270364,1911.6],[-71.303463,44.270386,1911.8]]}},
{"type":"Feature","properties":{"trail":null,"hero":false,"class":"footway","length_m":21.9},"geometry":{"type":"LineString","coordinates":[[-71.303153,44.270645,1912.1],[-71.302999,44.270536,1911.4],[-71.302957,44.270507,1911.1]]}},
{"type":"Feature","properties":{"trail":null,"hero":false,"class":"footway","length_m":14.8},"geometry":{"type":"LineString","coordinates":[[-71.303153,44.270645,1912.1],[-71.30319,44.270683,1912.2],[-71.303208,44.27072,1912.1],[-71.303197,44.270767,1912.0]]}},
{"type":"Feature","properties":{"trail":null,"hero":false,"class":"path","length_m":34.9},"geometry":{"type":"LineString","coordinates":[[-71.278166,44.267312,1080.0],[-71.278062,44.267345,1078.1],[-71.277894,44.267386,1076.9],[-71.277771,44.267443,1076.3]]}},
{"type":"Feature","properties":{"trail":"Huntington Ravine Fire Trail","hero":false,"class":null,"length_m":316.4},"geometry":{"type":"LineString","coordinates":[[-71.278166,44.267312,1080.0],[-71.278168,44.267243,1079.2],[-71.278154,44.267184,1078.1],[-71.278162,44.267125,1077.5],[-71.278292,44.266975,1077.2],[-71.278477,44.26675,1077.0],[-71.278717,44.266547,1074.2],[-71.278816,44.266425,1071.6],[-71.278914,44.266304,1069.8],[-71.278964,44.266172,1068.4],[-71.279013,44.266039,1067.9],[-71.279053,44.265892,1068.2],[-71.279093,44.265744,1068.0],[-71.279136,44.265519,1067.3],[-71.279124,44.265369,1066.6],[-71.279111,44.265219,1065.9],[-71.279169,44.265018,1066.3],[-71.279179,44.264985,1066.3],[-71.279136,44.264755,1065.0],[-71.279098,44.264658,1064.0]]}},
{"type":"Feature","properties":{"trail":"Huntington Ravine Fire Trail","hero":false,"class":null,"length_m":141.6},"geometry":{"type":"LineString","coordinates":[[-71.278166,44.267312,1080.0],[-71.27828,44.267438,1084.0],[-71.278298,44.267593,1086.3],[-71.278187,44.267738,1086.0],[-71.277972,44.26784,1084.2],[-71.277822,44.267901,1083.2],[-71.277645,44.267954,1083.3],[-71.277411,44.267955,1082.8],[-71.277164,44.267893,1081.8]]}},
{"type":"Feature","properties":{"trail":"Lion Head Trail (Winter)","hero":false,"class":null,"length_m":598.2},"geometry":{"type":"LineString","coordinates":[[-71.279098,44.264658,1064.0],[-71.279253,44.264627,1065.6],[-71.27945,44.264557,1067.6],[-71.27958,44.264446,1068.3],[-71.279761,44.264343,1069.6],[-71.279937,44.264373,1071.1],[-71.2801,44.264465,1073.8],[-71.280292,44.264486,1077.6],[-71.280407,44.26446,1079.7],[-71.280558,44.264394,1081.7],[-71.280836,44.264341,1085.7],[-71.281008,44.264355,1088.0],[-71.281158,44.264324,1089.8],[-71.281322,44.264344,1092.4],[-71.281585,44.264533,1098.9],[-71.281711,44.264646,1102.8],[-71.281874,44.264735,1109.3],[-71.282027,44.264754,1116.4],[-71.282162,44.264723,1122.8],[-71.282374,44.264726,1134.0],[-71.282578,44.26476,1148.9],[-71.282876,44.264909,1179.5],[-71.283068,44.264977,1194.9],[-71.283238,44.264997,1206.1],[-71.28347,44.26499,1218.1],[-71.28361,44.265046,1225.5],[-71.283806,44.265069,1236.6],[-71.283959,44.265146,1245.3],[-71.284127,44.265152,1253.5],[-71.284305,44.26509,1263.0],[-71.284583,44.265085,1277.8],[-71.284833,44.265025,1290.9],[-71.285091,44.264829,1304.8],[-71.285286,44.264718,1314.1],[-71.28541,44.264615,1319.3],[-71.285642,44.264515,1329.7]]}},
{"type":"Feature","properties":{"trail":"Huntington Ravine Fire Trail","hero":false,"class":null,"length_m":16.3},"geometry":{"type":"LineString","coordinates":[[-71.279098,44.264658,1064.0],[-71.279043,44.264517,1062.3]]}},
{"type":"Feature","properties":{"trail":"Huntington Ravine Trail","hero":false,"class":null,"length_m":187.0},"geometry":{"type":"LineString","coordinates":[[-71.277164,44.267893,1081.8],[-71.277072,44.267796,1079.5],[-71.277047,44.267668,1076.4],[-71.276966,44.267592,1074.6],[-71.276744,44.267382,1069.9],[-71.276653,44.267169,1065.4],[-71.2764,44.267028,1061.8],[-71.276154,44.266962,1060.9],[-71.275969,44.266807,1056.1],[-71.275895,44.266582,1048.7]]}},
{"type":"Feature","properties":{"trail":"Huntington Ravine Trail","hero":false,"class":null,"length_m":256.3},"geometry":{"type":"LineString","coordinates":[[-71.277164,44.267893,1081.8],[-71.277195,44.268016,1085.0],[-71.277177,44.268233,1091.2],[-71.277275,44.268369,1094.5],[-71.277386,44.26844,1096.1],[-71.277491,44.268638,1101.2],[-71.277711,44.26883,1107.6],[-71.27793,44.269021,1113.5],[-71.27815,44.269212,1119.3],[-71.278295,44.26938,1125.2],[-71.27844,44.269547,1132.3],[-71.278607,44.269736,1137.8],[-71.278638,44.269863,1141.0]]}},
{"type":"Feature","properties":{"trail":null,"hero":false,"class":"path","length_m":32.3},"geometry":{"type":"LineString","coordinates":[[-71.293878,44.253013,1669.6],[-71.2939,44.252904,1670.4],[-71.293919,44.252815,1670.9],[-71.293964,44.25273,1670.5]]}},
{"type":"Feature","properties":{"trail":"Boott Spur Trail","hero":false,"class":null,"length_m":71.9},"geometry":{"type":"LineString","coordinates":[[-71.293878,44.253013,1669.6],[-71.294021,44.253003,1668.6],[-71.29426,44.253097,1665.2],[-71.294442,44.253154,1662.4],[-71.29468,44.253266,1659.9]]}},
{"type":"Feature","properties":{"trail":"Boott Spur Trail","hero":false,"class":null,"length_m":56.5},"geometry":{"type":"LineString","coordinates":[[-71.293878,44.253013,1669.6],[-71.293686,44.253036,1667.3],[-71.293466,44.252995,1660.9],[-71.293304,44.253002,1655.8],[-71.293192,44.25304,1653.3]]}},
{"type":"Feature","properties":{"trail":"Davis Path","hero":false,"class":null,"length_m":843.9},"geometry":{"type":"LineString","coordinates":[[-71.29468,44.253266,1659.9],[-71.294742,44.253438,1658.0],[-71.29482,44.253605,1656.6],[-71.294918,44.253847,1654.6],[-71.295093,44.254052,1653.9],[-71.29519,44.254182,1653.6],[-71.295287,44.254312,1652.8],[-71.295459,44.254521,1651.9],[-71.295589,44.254651,1651.2],[-71.295719,44.25478,1650.0],[-71.29594,44.254965,1648.7],[-71.296133,44.255088,1648.8],[-71.296433,44.255225,1649.7],[-71.296701,44.255294,1649.4],[-71.296904,44.255284,1650.2],[-71.297108,44.255273,1650.7],[-71.297375,44.255257,1649.6],[-71.297451,44.255294,1648.4],[-71.297685,44.255423,1644.8],[-71.297796,44.255552,1643.1],[-71.29795,44.255667,1642.0],[-71.29809,44.255804,1641.9],[-71.298152,44.255963,1642.1],[-71.298289,44.256086,1643.4],[-71.2984,44.256167,1644.2],[-71.298537,44.256242,1645.1],[-71.298558,44.256264,1645.3],[-71.298576,44.256285,1645.5],[-71.298611,44.256307,1645.8],[-71.29867,44.256342,1646.6],[-71.298676,44.256357,1646.8],[-71.298672,44.256412,1646.9],[-71.298677,44.256452,1646.9],[-71.298697,44.256478,1647.2],[-71.298721,44.256518,1647.5],[-71.298753,44.256561,1648.0],[-71.298768,44.256599,1648.3],[-71.298797,44.256611,1648.8],[-71.29884,44.256629,1649.6],[-71.298873,44.256631,1650.2],[-71.298945,44.256655,1651.4],[-71.298988,44.25668,1651.8],[-71.299009,44.256708,1651.9],[-71.299049,44.256719,1652.4],[-71.299101,44.256766,1652.9],[-71.29914,44.256779,1653.4],[-71.299184,44.256776,1654.0],[-71.299227,44.256771,1654.5],[-71.29936,44.256754,1655.7],[-71.299448,44.256735,1656.3],[-71.299537,44.256719,1656.6],[-71.299633,44.256706,1656.9],[-71.299702,44.256705,1657.2],[-71.299744,44.256703,1657.3],[-71.299761,44.256708,1657.3],[-71.299765,44.256727,1657.7],[-71.299794,44.256748,1658.1],[-71.299835,44.256773,1658.5],[-71.299858,44.25679,1658.8],[-71.299892,44.256839,1659.7],[-71.299946,44.256911,1661.1],[-71.299981,44.256931,1661.4],[-71.300029,44.256986,1662.2],[-71.300059,44.257021,1662.7],[-71.300071,44.257052,1663.2],[-71.300101,44.257092,1663.9],[-71.300119,44.257127,1664.5],[-71.300137,44.257185,1665.6],[-71.300156,44.257207,1666.1],[-71.300205,44.257242,1666.4],[-71.300257,44.257294,1666.4],[-71.300313,44.257334,1666.9],[-71.300372,44.257377,1667.6],[-71.300403,44.257388,1668.0],[-71.300425,44.257407,1668.2],[-71.300465,44.257421,1668.7],[-71.300523,44.257434,1669.4],[-71.300586,44.257451,1670.2],[-71.300639,44.257454,1670.9],[-71.300666,44.257462,1671.2],[-71.300697,44.257478,1671.4],[-71.300734,44.257496,1671.7],[-71.300779,44.257514,1671.8],[-71.300828,44.257525,1672.0],[-71.300895,44.257525,1672.2],[-71.300942,44.257529,1672.2],[-71.300992,44.257539,1672.0],[-71.301062,44.257551,1671.8],[-71.301106,44.257556,1671.8],[-71.301133,44.257556,1671.9],[-71.301184,44.257557,1672.1],[-71.301294,44.257574,1672.2],[-71.301356,44.257591,1672.2],[-71.301405,44.257613,1672.0],[-71.30144,44.257647,1671.5],[-71.301493,44.257658,1671.4],[-71.301536,44.257666,1671.3],[-71.301681,44.257703,1671.0],[-71.301768,44.257733,1670.1],[-71.301806,44.257734,1669.8],[-71.301875,44.257732,1669.4],[-71.301892,44.257731,1669.3]]}},
{"type":"Feature","properties":{"trail":"Davis Path","hero":false,"class":null,"length_m":689.7},"geometry":{"type":"LineString","coordinates":[[-71.29468,44.253266,1659.9],[-71.294715,44.253111,1661.5],[-71.294731,44.253016,1662.4],[-71.294687,44.252883,1663.6],[-71.294715,44.252798,1664.2],[-71.294731,44.252711,1664.1],[-71.294763,44.252569,1663.5],[-71.294776,44.252393,1662.4],[-71.294799,44.252274,1661.6],[-71.294739,44.252054,1659.7],[-71.294722,44.251881,1657.5],[-71.294742,44.25169,1654.3],[-71.29476,44.251567,1651.5],[-71.29481,44.25144,1648.6],[-71.294798,44.251336,1646.0],[-71.294697,44.251274,1643.9],[-71.294601,44.251118,1640.0],[-71.294637,44.251031,1638.6],[-71.294685,44.250929,1637.0],[-71.294723,44.250757,1634.1],[-71.294883,44.250568,1630.2],[-71.294916,44.250481,1628.5],[-71.294977,44.250364,1626.0],[-71.294992,44.250285,1624.4],[-71.295049,44.25016,1621.5],[-71.295147,44.250026,1618.1],[-71.295277,44.249867,1613.9],[-71.295438,44.249682,1609.6],[-71.295523,44.249611,1608.0],[-71.295593,44.249547,1606.6],[-71.295596,44.24944,1604.8],[-71.295611,44.24934,1603.1],[-71.295691,44.24915,1600.0],[-71.295721,44.249079,1598.8],[-71.295785,44.248997,1597.7],[-71.295884,44.248924,1596.7],[-71.295914,44.248841,1595.4],[-71.296054,44.248643,1592.6],[-71.296104,44.248527,1591.4],[-71.29618,44.248399,1590.0],[-71.296204,44.248323,1589.3],[-71.296183,44.248201,1588.4],[-71.296141,44.24809,1587.4],[-71.296088,44.247841,1583.8],[-71.296061,44.247753,1582.1],[-71.29607,44.247678,1580.6],[-71.296138,44.247579,1579.2],[-71.296229,44.247445,1576.4]]}},
{"type":"Feature","properties":{"trail":"Boott Spur Trail","hero":false,"class":null,"length_m":835.2},"geometry":{"type":"LineString","coordinates":[[-71.293192,44.25304,1653.3],[-71.293126,44.253096,1651.8],[-71.293107,44.253152,1651.5],[-71.293006,44.2532,1648.9],[-71.292822,44.253312,1643.9],[-71.292641,44.253344,1640.0],[-71.292369,44.253289,1634.4],[-71.292201,44.253298,1629.4],[-71.291969,44.253324,1622.2],[-71.291806,44.253374,1617.5],[-71.29164,44.253444,1612.7],[-71.291427,44.253445,1605.7],[-71.291188,44.253423,1598.1],[-71.291013,44.25338,1592.7],[-71.29086,44.253391,1587.8],[-71.290661,44.253402,1581.4],[-71.29038,44.253396,1572.4],[-71.290207,44.253425,1567.3],[-71.289894,44.253478,1559.3],[-71.289701,44.25351,1554.9],[-71.289424,44.253529,1549.5],[-71.289147,44.253549,1545.4],[-71.28884,44.253518,1541.2],[-71.288502,44.253557,1534.3],[-71.288143,44.253478,1520.9],[-71.287961,44.253421,1511.9],[-71.287712,44.253487,1502.4],[-71.287441,44.253466,1490.9],[-71.28717,44.253446,1481.3],[-71.28698,44.253411,1475.7],[-71.286705,44.253368,1468.6],[-71.286471,44.253387,1463.1],[-71.286227,44.253448,1456.7],[-71.286038,44.25342,1450.2],[-71.28585,44.2535,1444.6],[-71.285661,44.253581,1439.5],[-71.285441,44.253587,1433.3],[-71.285327,44.253707,1430.7],[-71.285284,44.253754,1429.7],[-71.285031,44.253794,1425.3],[-71.284779,44.253916,1423.5],[-71.284522,44.254063,1422.2],[-71.284264,44.254209,1421.3],[-71.284068,44.254309,1420.1],[-71.283871,44.254409,1418.8],[-71.283612,44.25452,1415.9]]}},
{"type":"Feature","properties":{"trail":null,"hero":false,"class":"path","length_m":42.0},"geometry":{"type":"LineString","coordinates":[[-71.293192,44.25304,1653.3],[-71.293213,44.252951,1654.1],[-71.293267,44.25287,1655.0],[-71.293465,44.252732,1658.8]]}},
{"type":"Feature","properties":{"trail":"Huntington Ravine Trail","hero":false,"class":null,"length_m":101.8},"geometry":{"type":"LineString","coordinates":[[-71.281711,44.272011,1202.4],[-71.281679,44.271977,1201.7],[-71.281617,44.271906,1200.9],[-71.281665,44.27182,1200.0],[-71.281641,44.271685,1198.5],[-71.281566,44.271509,1195.4],[-71.281488,44.27141,1192.3],[-71.281379,44.271311,1189.2],[-71.281298,44.271279,1187.9],[-71.281217,44.271237,1186.4]]}},
{"type":"Feature","properties":{"trail":"Huntington Ravine Trail","hero":false,"class":null,"length_m":1242.3},"geometry":{"type":"LineString","coordinates":[[-71.281711,44.272011,1202.4],[-71.281843,44.272148,1204.6],[-71.281976,44.272286,1207.2],[-71.282126,44.272376,1209.1],[-71.282303,44.272416,1210.0],[-71.282531,44.272434,1212.1],[-71.282758,44.272451,1215.0],[-71.282952,44.272536,1217.8],[-71.283099,44.272635,1220.6],[-71.283247,44.272734,1223.2],[-71.283367,44.272871,1226.4],[-71.283488,44.273007,1229.5],[-71.283666,44.273103,1232.2],[-71.28373,44.27318,1233.7],[-71.283759,44.273246,1234.6],[-71.283756,44.27331,1235.4],[-71.283795,44.273412,1236.9],[-71.283851,44.27348,1238.0],[-71.283888,44.273531,1238.8],[-71.283885,44.27361,1239.9],[-71.283919,44.273674,1241.8],[-71.284092,44.273735,1244.4],[-71.284202,44.273833,1247.8],[-71.284322,44.273858,1248.8],[-71.284431,44.273921,1250.4],[-71.284456,44.273981,1251.9],[-71.284428,44.27406,1253.9],[-71.284402,44.274118,1255.6],[-71.284464,44.274194,1257.4],[-71.284566,44.274262,1259.5],[-71.284654,44.274287,1260.1],[-71.284757,44.27425,1259.2],[-71.284861,44.274247,1259.9],[-71.285073,44.274191,1260.9],[-71.285206,44.274158,1262.7],[-71.285264,44.274109,1263.5],[-71.285368,44.274108,1266.4],[-71.28547,44.274094,1269.1],[-71.285511,44.274039,1269.9],[-71.285605,44.273948,1272.4],[-71.28571,44.273914,1276.4],[-71.285832,44.273935,1281.3],[-71.285924,44.273943,1285.7],[-71.286082,44.273984,1293.2],[-71.286265,44.274006,1301.1],[-71.286355,44.274024,1305.0],[-71.286435,44.274044,1308.6],[-71.286452,44.274092,1309.6],[-71.286412,44.274138,1307.9],[-71.286412,44.274189,1308.3],[-71.286453,44.27424,1310.7],[-71.286514,44.274316,1314.4],[-71.286527,44.274363,1315.4],[-71.286524,44.274419,1315.8],[-71.286496,44.2745,1316.3],[-71.286539,44.274546,1319.5],[-71.28661,44.274584,1323.6],[-71.286671,44.274604,1326.8],[-71.286687,44.274631,1328.3],[-71.286716,44.274672,1330.7],[-71.286714,44.274707,1331.4],[-71.286752,44.274762,1334.8],[-71.286753,44.274811,1336.3],[-71.286777,44.274852,1338.5],[-71.28681,44.274907,1341.5],[-71.286798,44.274977,1342.9],[-71.286814,44.27501,1344.5],[-71.28692,44.275041,1349.8],[-71.28701,44.275075,1354.6],[-71.287143,44.275069,1359.9],[-71.287256,44.275064,1364.4],[-71.28739,44.275048,1369.5],[-71.28745,44.275088,1372.8],[-71.287512,44.27514,1376.4],[-71.287581,44.275137,1380.3],[-71.287649,44.275123,1383.9],[-71.287797,44.275113,1392.5],[-71.287986,44.275108,1405.8],[-71.288041,44.275063,1407.6],[-71.288136,44.275,1411.8],[-71.288212,44.274949,1416.4],[-71.288233,44.27488,1416.1],[-71.288358,44.274895,1425.2],[-71.288434,44.274952,1432.9],[-71.288583,44.274904,1441.7],[-71.28868,44.274796,1444.7],[-71.288665,44.274711,1439.4],[-71.288889,44.274707,1460.3],[-71.28906,44.274727,1480.7],[-71.289182,44.274758,1495.1],[-71.289205,44.274859,1497.8],[-71.289272,44.27493,1505.1],[-71.289288,44.274952,1506.6],[-71.28933,44.275093,1512.8],[-71.289285,44.27513,1509.4],[-71.289161,44.275201,1500.5],[-71.28904,44.27532,1498.0],[-71.289041,44.275436,1504.4],[-71.289159,44.27549,1513.9],[-71.289177,44.275557,1518.6],[-71.289193,44.275621,1524.9],[-71.289195,44.275683,1529.9],[-71.289218,44.275759,1537.3],[-71.289255,44.275819,1543.8],[-71.289282,44.275871,1547.4],[-71.289325,44.275936,1551.8],[-71.289354,44.275953,1553.8],[-71.289434,44.275979,1558.8],[-71.289438,44.276034,1560.7],[-71.289449,44.276069,1562.6],[-71.289535,44.276082,1569.4],[-71.289668,44.276044,1577.2],[-71.289738,44.27603,1581.1],[-71.28978,44.276045,1584.9],[-71.289795,44.276119,1590.3],[-71.289808,44.276189,1594.5],[-71.289848,44.276229,1598.9],[-71.289928,44.276222,1603.5],[-71.290016,44.276182,1607.3],[-71.290102,44.276171,1611.8],[-71.29022,44.276167,1618.3],[-71.290247,44.276214,1621.9],[-71.290276,44.276243,1624.7],[-71.290361,44.276232,1628.4],[-71.290485,44.276184,1631.8],[-71.290583,44.276176,1635.6],[-71.290714,44.276185,1640.6],[-71.290892,44.276201,1647.7],[-71.290964,44.276252,1652.8],[-71.291104,44.276224,1655.7],[-71.291195,44.276231,1658.6],[-71.291258,44.276255,1661.2],[-71.291368,44.276289,1665.1]]}},
{"type":"Feature","properties":{"trail":null,"hero":false,"class":"path","length_m":149.8},"geometry":{"type":"LineString","coordinates":[[-71.281217,44.271237,1186.4],[-71.281132,44.271195,1184.5],[-71.280948,44.271106,1181.1],[-71.28075,44.271042,1178.3],[-71.280641,44.271006,1176.7],[-71.280592,44.270994,1176.0],[-71.280533,44.270937,1174.3],[-71.28049,44.27085,1172.2],[-71.280428,44.270764,1169.9],[-71.280342,44.270714,1168.0],[-71.280211,44.270683,1165.9],[-71.280098,44.270612,1162.2],[-71.279953,44.270529,1158.5],[-71.279836,44.270399,1156.3]]}},
{"type":"Feature","properties":{"trail":"Huntington Ravine Trail","hero":false,"class":null,"length_m":235.2},"geometry":{"type":"LineString","coordinates":[[-71.291368,44.276289,1665.1],[-71.291426,44.276294,1666.4],[-71.291483,44.276285,1667.1],[-71.291556,44.276296,1668.7],[-71.291634,44.276298,1670.2],[-71.291673,44.276288,1670.7],[-71.291715,44.276285,1671.4],[-71.291821,44.276292,1673.8],[-71.291876,44.276293,1675.0],[-71.291913,44.276277,1675.3],[-71.291951,44.276288,1676.3],[-71.291995,44.276294,1677.2],[-71.292012,44.276313,1678.1],[-71.292027,44.276332,1678.9],[-71.292052,44.276341,1679.6],[-71.292094,44.27634,1680.2],[-71.292127,44.276338,1680.7],[-71.292177,44.276355,1682.0],[-71.292232,44.276349,1682.8],[-71.292291,44.276353,1684.4],[-71.292334,44.276364,1685.7],[-71.292403,44.276395,1688.3],[-71.292434,44.276398,1689.2],[-71.29247,44.276411,1690.5],[-71.292506,44.276419,1691.6],[-71.292566,44.27643,1693.8],[-71.292642,44.276445,1696.6],[-71.292699,44.276461,1698.8],[-71.292734,44.276483,1700.6],[-71.292778,44.276494,1702.3],[-71.292809,44.276516,1703.9],[-71.292831,44.276537,1705.3],[-71.292853,44.27659,1707.8],[-71.292881,44.276604,1709.1],[-71.292919,44.276612,1710.6],[-71.292929,44.276626,1711.4],[-71.292968,44.276647,1713.3],[-71.29301,44.276662,1715.2],[-71.293031,44.276677,1716.4],[-71.293057,44.276678,1717.2],[-71.293087,44.276694,1718.7],[-71.29312,44.276724,1720.7],[-71.293145,44.276735,1721.8],[-71.29319,44.276756,1723.7],[-71.293235,44.276769,1725.3],[-71.293293,44.276778,1727.1],[-71.293329,44.276785,1728.2],[-71.293352,44.276796,1729.0],[-71.293379,44.276801,1729.6],[-71.293412,44.276815,1730.5],[-71.293438,44.276848,1731.7],[-71.293434,44.276879,1732.4],[-71.293451,44.276934,1733.8],[-71.293525,44.276974,1735.3],[-71.293629,44.276991,1736.7],[-71.293686,44.277014,1737.3],[-71.293738,44.277028,1737.7],[-71.293766,44.277054,1738.1],[-71.293797,44.277071,1738.4],[-71.293829,44.27709,1738.7]]}},
{"type":"Feature","properties":{"trail":"Alpine Garden Trail","hero":false,"class":null,"length_m":335.9},"geometry":{"type":"LineString","coordinates":[[-71.291368,44.276289,1665.1],[-71.291189,44.276411,1666.2],[-71.291105,44.27646,1666.8],[-71.291062,44.276484,1666.8],[-71.290965,44.276525,1666.6],[-71.290892,44.276561,1666.8],[-71.290811,44.27662,1668.3],[-71.290708,44.276677,1669.6],[-71.290625,44.276723,1669.9],[-71.290459,44.276841,1671.1],[-71.290293,44.27696,1675.4],[-71.290234,44.277015,1675.4],[-71.290169,44.277102,1676.8],[-71.290145,44.277147,1678.2],[-71.290112,44.277282,1682.3],[-71.290083,44.277309,1682.7],[-71.289916,44.277414,1683.5],[-71.2897,44.277557,1684.6],[-71.289673,44.277586,1684.4],[-71.289618,44.277689,1685.3],[-71.289529,44.277805,1686.4],[-71.289532,44.277839,1687.4],[-71.289557,44.278,1692.1],[-71.289619,44.27809,1695.0],[-71.289639,44.278108,1695.5],[-71.289648,44.278139,1696.2],[-71.289639,44.278173,1696.6],[-71.289593,44.278317,1698.8],[-71.289548,44.27846,1700.0],[-71.28949,44.278638,1701.1],[-71.289431,44.278727,1701.2]]}},
{"type":"Feature","properties":{"trail":"Alpine Garden Trail","hero":false,"class":null,"length_m":1392.6},"geometry":{"type":"LineString","coordinates":[[-71.291368,44.276289,1665.1],[-71.291441,44.276215,1664.4],[-71.291473,44.276204,1664.8],[-71.291505,44.276194,1665.1],[-71.291547,44.276171,1665.4],[-71.291639,44.276117,1666.0],[-71.291695,44.276067,1666.1],[-71.291739,44.276049,1666.4],[-71.291748,44.276038,1666.4],[-71.291741,44.276015,1665.8],[-71.291719,44.275997,1665.1],[-71.291728,44.275979,1664.9],[-71.29175,44.275964,1664.9],[-71.291753,44.27595,1664.7],[-71.291781,44.275917,1664.4],[-71.291787,44.275894,1664.1],[-71.291778,44.275872,1663.5],[-71.291787,44.275861,1663.4],[-71.291803,44.275812,1662.6],[-71.2918,44.275772,1661.7],[-71.291784,44.275737,1660.8],[-71.29178,44.275692,1659.8],[-71.291776,44.275645,1658.8],[-71.291772,44.275592,1657.7],[-71.291783,44.27557,1657.4],[-71.291808,44.275537,1656.9],[-71.291835,44.275505,1656.5],[-71.291835,44.275488,1656.0],[-71.291829,44.27547,1655.6],[-71.291822,44.275453,1655.1],[-71.291817,44.275407,1654.0],[-71.29183,44.275388,1653.6],[-71.291848,44.27534,1652.7],[-71.29188,44.275303,1652.2],[-71.291924,44.275261,1651.6],[-71.291946,44.275221,1650.8],[-71.291975,44.275205,1650.9],[-71.292036,44.275151,1650.5],[-71.292052,44.275132,1650.3],[-71.292072,44.275082,1649.3],[-71.292057,44.275038,1648.0],[-71.292046,44.275018,1647.3],[-71.292041,44.275001,1646.7],[-71.292041,44.274982,1646.6],[-71.292048,44.274962,1646.5],[-71.292072,44.274941,1646.8],[-71.29208,44.274921,1646.7],[-71.292078,44.274908,1646.6],[-71.29209,44.274903,1646.8],[-71.292103,44.274894,1646.9],[-71.292112,44.274878,1646.9],[-71.292096,44.274862,1646.5],[-71.292077,44.27486,1646.1],[-71.29206,44.274853,1645.7],[-71.292048,44.274831,1645.3],[-71.292048,44.274811,1645.1],[-71.292055,44.274769,1644.9],[-71.292051,44.274742,1644.6],[-71.292038,44.274721,1644.2],[-71.29203,44.274679,1643.9],[-71.292036,44.274662,1643.9],[-71.29205,44.274648,1644.1],[-71.292047,44.274615,1644.0],[-71.292044,44.274574,1643.8],[-71.292041,44.274554,1643.7],[-71.292048,44.274516,1643.7],[-71.292047,44.274473,1643.6],[-71.292048,44.274434,1643.4],[-71.292047,44.274396,1643.2],[-71.292038,44.274324,1642.6],[-71.29203,44.274274,1642.2],[-71.292011,44.274223,1641.6],[-71.291991,44.274197,1641.2],[-71.291992,44.274173,1641.0],[-71.291986,44.274127,1640.5],[-71.291988,44.27408,1640.0],[-71.29199,44.274022,1639.4],[-71.291996,44.274003,1639.3],[-71.291993,44.27398,1639.0],[-71.291988,44.273959,1638.7],[-71.292003,44.273943,1638.8],[-71.292029,44.273905,1638.9],[-71.292055,44.273851,1638.7],[-71.292066,44.273797,1638.1],[-71.292069,44.273769,1637.8],[-71.292073,44.273723,1637.2],[-71.292066,44.273668,1636.3],[-71.292066,44.273641,1635.9],[-71.292082,44.273606,1635.8],[-71.292106,44.273586,1635.9],[-71.292109,44.273566,1635.7],[-71.2921,44.273506,1634.7],[-71.29211,44.273446,1634.0],[-71.292124,44.273398,1633.6],[-71.292151,44.273365,1633.5],[-71.292164,44.273341,1633.3],[-71.292153,44.273295,1632.6],[-71.292163,44.273257,1632.3],[-71.292169,44.273225,1632.0],[-71.292174,44.273139,1631.1],[-71.29216,44.272971,1629.2],[-71.292164,44.272886,1628.4],[-71.292155,44.27285,1628.0],[-71.292139,44.272814,1627.6],[-71.292131,44.272766,1627.1],[-71.292148,44.2727,1626.5],[-71.292174,44.272557,1625.3],[-71.292262,44.27234,1624.4],[-71.292324,44.272161,1624.0],[-71.292349,44.272069,1623.9],[-71.292372,44.272032,1623.9],[-71.292381,44.271984,1623.8],[-71.292397,44.271903,1623.6],[-71.292407,44.271804,1623.1],[-71.292457,44.271697,1622.9],[-71.292502,44.271605,1622.6],[-71.292521,44.271538,1622.4],[-71.292547,44.271463,1622.1],[-71.292623,44.27134,1621.9],[-71.29263,44.271314,1621.8],[-71.292663,44.27127,1621.8],[-71.292684,44.271249,1621.9],[-71.292706,44.271218,1621.8],[-71.292689,44.27118,1621.5],[-71.29271,44.271166,1621.5],[-71.292729,44.271146,1621.6],[-71.292737,44.271112,1621.4],[-71.292756,44.271048,1620.9],[-71.292773,44.271033,1620.8],[-71.292799,44.271014,1620.8],[-71.292807,44.270987,1620.6],[-71.292826,44.270946,1620.3],[-71.292826,44.270909,1619.9],[-71.292817,44.270877,1619.5],[-71.29282,44.270848,1619.3],[-71.292834,44.270826,1619.1],[-71.292847,44.270763,1618.5],[-71.292862,44.270728,1618.2],[-71.292859,44.270699,1617.8],[-71.292845,44.27067,1617.4],[-71.29284,44.270656,1617.2],[-71.292853,44.270639,1617.1],[-71.292876,44.270626,1617.1],[-71.292876,44.270597,1616.8],[-71.292884,44.270569,1616.6],[-71.292885,44.270534,1616.1],[-71.292905,44.270441,1615.0],[-71.292921,44.270365,1614.0],[-71.292928,44.270334,1613.6],[-71.292911,44.270215,1611.6],[-71.292908,44.270184,1611.0],[-71.292907,44.270134,1610.1],[-71.292903,44.270105,1609.6],[-71.2929,44.270084,1609.2],[-71.292887,44.270023,1608.0],[-71.292886,44.269988,1607.4],[-71.292907,44.269921,1606.5],[-71.292916,44.269856,1605.6],[-71.292926,44.269836,1605.3],[-71.292923,44.269798,1604.7],[-71.292929,44.269757,1604.1],[-71.292919,44.269737,1603.7],[-71.292894,44.269721,1603.2],[-71.292879,44.269683,1602.4],[-71.292883,44.269669,1602.1],[-71.292912,44.269628,1601.7],[-71.292948,44.269564,1600.9],[-71.292949,44.269535,1600.4],[-71.292938,44.26948,1599.3],[-71.29292,44.269447,1598.5],[-71.292916,44.269413,1597.8],[-71.292905,44.269371,1596.7],[-71.292915,44.269338,1596.1],[-71.292965,44.269306,1596.0],[-71.293023,44.269273,1596.0],[-71.29311,44.269215,1596.0],[-71.293147,44.269185,1595.8],[-71.29316,44.269154,1595.4],[-71.293166,44.269105,1594.4],[-71.293168,44.269078,1593.9],[-71.293178,44.269058,1593.6],[-71.293224,44.269023,1593.4],[-71.293244,44.269002,1593.3],[-71.293294,44.268969,1593.3],[-71.293304,44.268949,1593.0],[-71.293319,44.268912,1592.4],[-71.293423,44.268701,1590.6],[-71.293445,44.268575,1588.9],[-71.293451,44.268512,1588.0],[-71.293456,44.268491,1587.7],[-71.293479,44.268452,1587.5],[-71.29353,44.268391,1587.6],[-71.293549,44.268355,1587.5],[-71.293575,44.268337,1587.8],[-71.293623,44.268296,1588.4],[-71.293637,44.268233,1588.0],[-71.293639,44.268172,1587.5],[-71.293658,44.26815,1587.6],[-71.293679,44.268126,1587.7],[-71.293725,44.268053,1587.7],[-71.293759,44.267997,1587.7],[-71.293798,44.267948,1587.8],[-71.293806,44.267922,1587.7],[-71.29381,44.267901,1587.6],[-71.293832,44.267887,1587.8],[-71.293864,44.267843,1587.9],[-71.293911,44.267781,1588.1],[-71.293927,44.267754,1588.0],[-71.293927,44.267731,1587.8],[-71.293926,44.267695,1587.4],[-71.293935,44.267681,1587.4],[-71.293946,44.267668,1587.4],[-71.293944,44.267655,1587.3],[-71.293949,44.26763,1587.1],[-71.293967,44.267615,1587.2],[-71.294026,44.267575,1587.5],[-71.294197,44.267454,1588.2],[-71.294224,44.267418,1588.0],[-71.294237,44.267386,1587.8],[-71.29425,44.267354,1587.5],[-71.294257,44.267316,1587.1],[-71.294265,44.267297,1587.0],[-71.294274,44.267272,1586.8],[-71.294272,44.267265,1586.6],[-71.294285,44.267237,1586.5],[-71.294322,44.26721,1586.6],[-71.294359,44.267193,1586.9],[-71.29438,44.267172,1587.0],[-71.294385,44.267145,1586.7],[-71.294393,44.267123,1586.6],[-71.294429,44.267076,1586.5],[-71.294446,44.267048,1586.4],[-71.294457,44.267014,1586.2],[-71.294453,44.266968,1585.6],[-71.294437,44.266919,1584.8],[-71.294426,44.266891,1584.3],[-71.29442,44.266861,1583.9],[-71.294409,44.26679,1583.0],[-71.294405,44.26674,1582.4],[-71.29442,44.26671,1582.2],[-71.294452,44.266642,1581.8],[-71.294454,44.266601,1581.4],[-71.294452,44.266542,1580.8],[-71.294467,44.266502,1580.5],[-71.294495,44.266435,1580.1],[-71.294485,44.266369,1579.3],[-71.294465,44.266327,1578.7],[-71.294468,44.266302,1578.4],[-71.294482,44.266266,1578.2],[-71.2945,44.266212,1577.8],[-71.2945,44.266115,1576.7],[-71.294514,44.266047,1576.1],[-71.294513,44.266,1575.6],[-71.294498,44.265975,1575.2],[-71.294498,44.265956,1575.0],[-71.294507,44.265935,1574.8],[-71.294506,44.265916,1574.6],[-71.294495,44.2659,1574.3],[-71.294494,44.265873,1574.0],[-71.294491,44.265828,1573.5],[-71.2945,44.26579,1573.1],[-71.294502,44.265771,1572.9],[-71.294514,44.265745,1572.7],[-71.294534,44.265722,1572.5],[-71.294545,44.265676,1572.0],[-71.294581,44.265611,1571.5],[-71.29463,44.26558,1571.4],[-71.294637,44.265578,1571.4],[-71.29478,44.265523,1572.0],[-71.294851,44.265508,1572.6],[-71.294871,44.265477,1572.5],[-71.294894,44.265452,1572.4],[-71.294931,44.265424,1572.4],[-71.294956,44.265413,1572.5],[-71.29498,44.26541,1572.7],[-71.294998,44.265416,1573.0],[-71.295014,44.265418,1573.2],[-71.295038,44.265415,1573.4],[-71.295089,44.265409,1573.9],[-71.295163,44.265408,1574.8],[-71.295186,44.265403,1575.0],[-71.295206,44.265391,1575.0],[-71.295249,44.265384,1575.4],[-71.295277,44.265374,1575.6],[-71.295312,44.265354,1575.6],[-71.295355,44.265323,1575.5],[-71.295366,44.265297,1575.2],[-71.29539,44.265277,1575.1],[-71.29543,44.26525,1575.0],[-71.295481,44.265224,1575.0],[-71.295506,44.265198,1574.8],[-71.29556,44.26514,1574.4],[-71.295637,44.265049,1573.5]]}},
{"type":"Feature","properties":{"trail":"Huntington Ravine Trail","hero":false,"class":null,"length_m":114.0},"geometry":{"type":"LineString","coordinates":[[-71.279836,44.270399,1156.3],[-71.279593,44.270213,1153.3],[-71.279398,44.270139,1151.7],[-71.279212,44.270077,1149.1],[-71.279027,44.270015,1145.9],[-71.278832,44.269939,1143.3],[-71.278638,44.269863,1141.0]]}},
{"type":"Feature","properties":{"trail":null,"hero":false,"class":"footway","length_m":77.4},"geometry":{"type":"LineString","coordinates":[[-71.253438,44.278274,787.6],[-71.253437,44.278415,789.3],[-71.253436,44.278555,791.4],[-71.253405,44.278733,792.8],[-71.253187,44.27891,792.6]]}},
{"type":"Feature","properties":{"trail":"Old Jackson Road","hero":false,"class":null,"length_m":121.7},"geometry":{"type":"LineString","coordinates":[[-71.253438,44.278274,787.6],[-71.253585,44.278284,792.4],[-71.253727,44.278266,797.0],[-71.253876,44.278292,801.7],[-71.253996,44.278414,805.2],[-71.254123,44.278637,808.7],[-71.254244,44.278819,810.8],[-71.254385,44.278971,814.8]]}},
{"type":"Feature","properties":{"trail":"Raymond Path","hero":false,"class":null,"length_m":2642.8},"geometry":{"type":"LineString","coordinates":[[-71.254385,44.278971,814.8],[-71.254576,44.278903,820.2],[-71.254767,44.278835,826.0],[-71.254888,44.278718,829.5],[-71.255008,44.278601,832.3],[-71.255206,44.278465,837.1],[-71.255404,44.278328,841.4],[-71.255603,44.278191,846.5],[-71.255751,44.278067,850.8],[-71.2559,44.277942,854.8],[-71.256027,44.277801,857.4],[-71.256155,44.277659,858.6],[-71.256254,44.277423,856.7],[-71.256353,44.277187,854.9],[-71.256438,44.277063,855.8],[-71.256523,44.276939,856.9],[-71.256749,44.276782,861.1],[-71.256912,44.27661,863.9],[-71.256992,44.276424,866.2],[-71.257004,44.276397,866.5],[-71.257188,44.276209,872.1],[-71.257344,44.276037,877.6],[-71.257323,44.275824,881.5],[-71.257209,44.275591,881.7],[-71.257192,44.275447,882.9],[-71.257174,44.275302,884.0],[-71.257156,44.27513,885.8],[-71.257139,44.274957,888.0],[-71.257139,44.274742,892.1],[-71.257139,44.274527,895.2],[-71.257149,44.274349,898.3],[-71.25716,44.274172,901.7],[-71.257135,44.274,904.3],[-71.25711,44.273827,907.1],[-71.257041,44.273582,910.8],[-71.256972,44.273337,914.2],[-71.256902,44.273091,916.2],[-71.256833,44.272846,918.5],[-71.256764,44.272601,917.6],[-71.256858,44.272412,920.9],[-71.256952,44.272222,920.6],[-71.257047,44.272033,918.0],[-71.257301,44.27198,924.7],[-71.257556,44.271927,931.8],[-71.257769,44.272018,940.2],[-71.257981,44.272109,946.1],[-71.258162,44.272038,947.8],[-71.258342,44.271967,949.4],[-71.258696,44.271937,953.2],[-71.258887,44.271975,955.8],[-71.259078,44.272013,959.2],[-71.259404,44.272018,962.1],[-71.25971,44.271959,957.3],[-71.260017,44.2719,950.6],[-71.260324,44.27184,944.9],[-71.260562,44.271749,942.0],[-71.260801,44.271658,940.5],[-71.261039,44.271567,942.6],[-71.261248,44.271486,944.8],[-71.261456,44.271405,947.8],[-71.261616,44.271283,950.7],[-71.261775,44.271161,953.2],[-71.261999,44.271063,956.1],[-71.262223,44.270965,959.5],[-71.262447,44.270867,962.0],[-71.262674,44.270817,963.1],[-71.2629,44.270766,964.2],[-71.263162,44.270578,967.6],[-71.263329,44.270421,971.3],[-71.263495,44.270264,973.5],[-71.263644,44.270138,974.8],[-71.263792,44.270011,976.6],[-71.264001,44.269866,979.7],[-71.26421,44.269722,981.8],[-71.264383,44.269577,981.6],[-71.264557,44.269433,980.2],[-71.264713,44.269344,980.2],[-71.264868,44.269256,979.7],[-71.265135,44.269173,979.9],[-71.265453,44.269087,981.2],[-71.265772,44.269001,981.1],[-71.266041,44.268947,981.9],[-71.26631,44.268892,981.6],[-71.266579,44.268838,980.2],[-71.266791,44.268753,979.3],[-71.267004,44.268667,980.2],[-71.267258,44.268565,982.7],[-71.267586,44.268461,988.0],[-71.267914,44.268358,992.7],[-71.268123,44.268137,993.4],[-71.268333,44.267916,995.8],[-71.268542,44.267695,1001.5],[-71.268751,44.267474,1004.7],[-71.26896,44.267336,1005.9],[-71.269169,44.267198,1007.3],[-71.269287,44.267021,1005.9],[-71.269405,44.266844,1004.0],[-71.269652,44.266739,1005.9],[-71.269899,44.266633,1008.4],[-71.270146,44.266528,1010.2],[-71.270392,44.266422,1011.2],[-71.270725,44.26635,1013.4],[-71.271058,44.266279,1015.1],[-71.27139,44.266207,1017.4],[-71.271637,44.266107,1016.9],[-71.271884,44.266007,1015.3],[-71.272147,44.266059,1019.7],[-71.272411,44.266111,1025.0],[-71.27268,44.266125,1028.5],[-71.272949,44.266138,1030.9],[-71.273218,44.266152,1032.7],[-71.273501,44.266188,1035.6],[-71.273785,44.266223,1038.4],[-71.274044,44.266212,1038.8],[-71.274303,44.266202,1038.7],[-71.274562,44.266191,1038.3],[-71.274829,44.266225,1039.5],[-71.275095,44.266259,1040.1],[-71.275361,44.266293,1040.5],[-71.275403,44.266368,1043.8],[-71.275631,44.266504,1047.3],[-71.275895,44.266582,1048.7]]}},
{"type":"Feature","properties":{"trail":"Madison Gulf Trail","hero":false,"class":null,"length_m":96.1},"geometry":{"type":"LineString","coordinates":[[-71.254385,44.278971,814.8],[-71.254447,44.279137,817.0],[-71.254373,44.279269,815.6],[-71.2542,44.279372,812.9],[-71.254019,44.279581,812.0],[-71.253861,44.279669,811.6]]}},
{"type":"Feature","properties":{"trail":null,"hero":false,"class":"track","length_m":91.8},"geometry":{"type":"LineString","coordinates":[[-71.253786,44.244731,602.0],[-71.253855,44.244603,602.8],[-71.253924,44.244474,603.8],[-71.254014,44.244302,606.0],[-71.254104,44.244131,606.8],[-71.254194,44.24396,607.2]]}},
{"type":"Feature","properties":{"trail":null,"hero":false,"class":"track","length_m":646.8},"geometry":{"type":"LineString","coordinates":[[-71.254194,44.24396,607.2],[-71.254201,44.243821,606.8],[-71.254208,44.243682,606.9],[-71.254192,44.243417,608.4],[-71.2542,44.243279,609.9],[-71.254251,44.24306,612.8],[-71.254312,44.242907,613.1],[-71.254373,44.242754,613.1],[-71.254462,44.242613,613.3],[-71.254552,44.242473,613.8],[-71.254681,44.242283,612.8],[-71.254811,44.242093,611.1],[-71.254967,44.241888,607.4],[-71.255123,44.241684,604.8],[-71.255228,44.241538,602.8],[-71.255334,44.241393,600.5],[-71.255366,44.24128,599.4],[-71.255369,44.241143,597.7],[-71.255469,44.240916,594.9],[-71.255583,44.240742,592.8],[-71.255696,44.240569,590.8],[-71.255815,44.24043,589.4],[-71.255934,44.240291,587.9],[-71.256116,44.24008,583.1],[-71.256235,44.239944,581.0],[-71.256354,44.239808,578.9],[-71.256479,44.239622,575.8],[-71.25652,44.239431,571.4],[-71.256562,44.23924,569.0],[-71.256627,44.238985,566.3],[-71.256691,44.23873,564.5],[-71.256798,44.238555,564.7]]}},
{"type":"Feature","properties":{"trail":"Boott Spur Trail","hero":false,"class":null,"length_m":2979.4},"geometry":{"type":"LineString","coordinates":[[-71.283612,44.25452,1415.9],[-71.283327,44.254499,1415.5],[-71.283042,44.254477,1412.6],[-71.282865,44.254491,1405.7],[-71.282779,44.254495,1402.4],[-71.282745,44.254554,1400.5],[-71.282678,44.254563,1397.6],[-71.282631,44.254541,1395.8],[-71.282626,44.254476,1395.8],[-71.282537,44.254445,1391.7],[-71.282482,44.254393,1386.3],[-71.282437,44.254383,1383.9],[-71.282326,44.254435,1382.4],[-71.282279,44.254414,1379.5],[-71.282211,44.254358,1374.2],[-71.282136,44.254313,1370.0],[-71.282016,44.254318,1366.7],[-71.281837,44.254421,1365.9],[-71.281721,44.254397,1361.9],[-71.281635,44.254404,1359.9],[-71.281554,44.25439,1357.3],[-71.281307,44.254421,1352.8],[-71.281258,44.254399,1350.7],[-71.281206,44.254402,1349.6],[-71.281139,44.254441,1350.1],[-71.28088,44.254479,1343.8],[-71.28068,44.254521,1338.3],[-71.280625,44.254526,1336.8],[-71.280583,44.25448,1335.7],[-71.280452,44.254412,1330.8],[-71.280124,44.254304,1318.6],[-71.279997,44.254272,1314.6],[-71.279947,44.2544,1314.6],[-71.279923,44.254554,1313.5],[-71.27989,44.254712,1311.0],[-71.279876,44.254841,1308.3],[-71.279952,44.254921,1309.7],[-71.2799,44.255128,1303.5],[-71.279949,44.255187,1303.8],[-71.279964,44.255279,1302.1],[-71.280181,44.255498,1302.6],[-71.280387,44.255668,1303.1],[-71.280399,44.255753,1300.6],[-71.280561,44.255858,1301.2],[-71.280654,44.255972,1299.0],[-71.28063,44.256046,1295.7],[-71.280514,44.256137,1290.0],[-71.280394,44.256237,1284.3],[-71.280298,44.256364,1278.3],[-71.280202,44.256492,1271.8],[-71.280115,44.25659,1266.6],[-71.280015,44.256643,1263.0],[-71.279934,44.256761,1257.6],[-71.279873,44.256997,1249.2],[-71.279718,44.25714,1244.0],[-71.279562,44.257282,1238.9],[-71.279454,44.25744,1234.9],[-71.279346,44.257598,1230.6],[-71.279244,44.257666,1228.0],[-71.278895,44.25768,1221.5],[-71.278748,44.257736,1217.7],[-71.278437,44.257751,1210.0],[-71.278184,44.257813,1201.7],[-71.277972,44.257855,1194.9],[-71.27776,44.257896,1188.7],[-71.277455,44.257903,1180.7],[-71.277188,44.257949,1172.7],[-71.276922,44.257994,1165.5],[-71.276706,44.258099,1158.7],[-71.27649,44.258204,1151.6],[-71.276264,44.258304,1145.6],[-71.276038,44.258403,1140.4],[-71.275906,44.258492,1137.5],[-71.275715,44.258622,1133.2],[-71.275624,44.258851,1130.3],[-71.275534,44.25908,1127.6],[-71.275522,44.259343,1125.3],[-71.275406,44.259503,1122.6],[-71.27521,44.259604,1120.6],[-71.275014,44.259705,1119.8],[-71.27479,44.259811,1117.1],[-71.274612,44.259871,1113.9],[-71.274435,44.259932,1109.9],[-71.274283,44.259832,1106.3],[-71.274153,44.259649,1103.5],[-71.274022,44.259466,1100.3],[-71.273855,44.259399,1095.9],[-71.273688,44.259332,1091.8],[-71.273443,44.259337,1085.5],[-71.273199,44.259341,1078.1],[-71.273008,44.25934,1072.1],[-71.272817,44.259339,1066.5],[-71.272608,44.259416,1061.4],[-71.272398,44.259493,1058.0],[-71.272175,44.259496,1053.3],[-71.271952,44.259498,1049.5],[-71.27169,44.259486,1047.4],[-71.271469,44.259522,1044.3],[-71.271248,44.259559,1040.5],[-71.271054,44.259633,1036.3],[-71.27086,44.259707,1032.2],[-71.27061,44.259806,1022.4],[-71.270361,44.259904,1012.8],[-71.270061,44.259852,1004.4],[-71.269801,44.259778,998.1],[-71.269624,44.259621,993.6],[-71.269446,44.259463,986.4],[-71.269268,44.259306,980.8],[-71.269055,44.259215,973.9],[-71.268842,44.259124,965.9],[-71.268513,44.259051,954.6],[-71.268184,44.258977,941.0],[-71.267936,44.258961,931.2],[-71.267723,44.259031,925.6],[-71.26751,44.2591,921.6],[-71.267206,44.259146,914.6],[-71.266987,44.259235,913.7],[-71.266767,44.259324,913.1],[-71.266548,44.259413,910.5],[-71.266245,44.259404,903.3],[-71.265989,44.259215,897.5],[-71.265721,44.259042,890.5],[-71.265361,44.258999,883.9],[-71.265094,44.259096,880.6],[-71.264826,44.259193,876.4],[-71.264651,44.259228,872.5],[-71.264399,44.259084,867.2],[-71.264186,44.258883,865.2],[-71.263988,44.258853,864.2],[-71.263789,44.258823,862.5],[-71.263571,44.25881,859.8],[-71.263353,44.258798,857.3],[-71.2631,44.258817,855.6],[-71.263017,44.258934,855.3],[-71.263034,44.259075,855.1],[-71.26322,44.259136,855.4],[-71.263259,44.259338,854.5],[-71.262989,44.259505,850.0],[-71.262758,44.259595,843.9],[-71.262526,44.259685,837.2],[-71.262294,44.259775,830.5],[-71.26213,44.259708,826.9],[-71.261966,44.259642,823.4],[-71.261784,44.259532,820.2],[-71.261602,44.259421,815.4],[-71.26154,44.259198,810.2],[-71.261478,44.258974,803.6],[-71.261416,44.258751,795.8],[-71.261263,44.258656,789.3],[-71.260977,44.258688,783.3],[-71.26069,44.25872,774.8],[-71.260473,44.258744,767.1],[-71.260323,44.258705,761.1],[-71.260203,44.258711,757.5],[-71.260028,44.258655,751.3],[-71.259692,44.258662,745.9],[-71.259397,44.258656,745.2],[-71.259102,44.25865,741.4],[-71.258786,44.258733,735.5],[-71.25847,44.258817,727.0],[-71.258268,44.258805,721.4],[-71.258058,44.258843,716.6],[-71.257874,44.25905,710.0],[-71.25782,44.259105,708.1],[-71.257801,44.259319,709.3],[-71.257763,44.259573,711.7]]}},
{"type":"Feature","properties":{"trail":"Boott Spur Link Trail","hero":false,"class":null,"length_m":826.2},"geometry":{"type":"LineString","coordinates":[[-71.283612,44.25452,1415.9],[-71.283563,44.254607,1413.7],[-71.283546,44.254693,1411.7],[-71.283434,44.254766,1408.5],[-71.28333,44.254796,1406.6],[-71.283294,44.254869,1403.0],[-71.28324,44.254949,1399.0],[-71.283262,44.255004,1396.6],[-71.283182,44.255077,1391.9],[-71.283167,44.255165,1386.7],[-71.283015,44.255273,1379.4],[-71.282873,44.255348,1372.4],[-71.282853,44.255427,1366.8],[-71.282852,44.25553,1359.6],[-71.282888,44.255631,1352.3],[-71.282871,44.255791,1339.9],[-71.282795,44.255868,1333.9],[-71.282738,44.255958,1326.8],[-71.282726,44.256038,1320.9],[-71.282734,44.256051,1320.0],[-71.282774,44.256119,1315.3],[-71.2829,44.25624,1308.1],[-71.283015,44.256351,1301.2],[-71.283319,44.256505,1291.1],[-71.283438,44.256655,1279.8],[-71.283447,44.256908,1261.0],[-71.283427,44.257068,1249.5],[-71.283408,44.257229,1238.1],[-71.283509,44.257353,1229.9],[-71.283526,44.257423,1225.4],[-71.283567,44.257506,1219.8],[-71.283553,44.257591,1214.0],[-71.283584,44.257657,1209.3],[-71.283571,44.257736,1204.0],[-71.283594,44.257818,1198.9],[-71.283619,44.257905,1194.1],[-71.283678,44.25796,1191.1],[-71.283709,44.258055,1186.1],[-71.283746,44.258184,1182.2],[-71.283783,44.258274,1179.6],[-71.283838,44.258447,1176.7],[-71.283909,44.258596,1175.6],[-71.284,44.258652,1176.5],[-71.284094,44.25875,1177.4],[-71.284199,44.258798,1178.7],[-71.284218,44.258834,1179.0],[-71.284236,44.258869,1179.2],[-71.284331,44.258903,1180.8],[-71.284494,44.258907,1183.5],[-71.284548,44.258867,1184.7],[-71.284643,44.258828,1186.3],[-71.284794,44.258855,1187.7],[-71.284998,44.258821,1189.6],[-71.285068,44.258846,1189.6],[-71.285288,44.258934,1188.9],[-71.285382,44.258946,1188.7],[-71.285478,44.258926,1189.4],[-71.285635,44.258947,1189.1],[-71.285726,44.258987,1188.5],[-71.285773,44.259093,1186.5],[-71.285784,44.259219,1184.5],[-71.285681,44.259338,1182.3],[-71.285578,44.259458,1180.3],[-71.285792,44.259488,1181.7],[-71.285956,44.259511,1182.8],[-71.286052,44.259611,1183.4],[-71.28608,44.259649,1183.6],[-71.28612,44.259704,1183.9],[-71.286144,44.259737,1184.0],[-71.286208,44.25983,1184.2],[-71.286227,44.259964,1183.9]]}},
{"type":"Feature","properties":{"trail":null,"hero":false,"class":"track","length_m":101.3},"geometry":{"type":"LineString","coordinates":[[-71.238079,44.263529,594.2],[-71.238326,44.263377,595.3],[-71.238556,44.263175,598.1],[-71.238819,44.263087,598.1],[-71.239082,44.263,599.5]]}},
{"type":"Feature","properties":{"trail":null,"hero":false,"class":"track","length_m":65.1},"geometry":{"type":"LineString","coordinates":[[-71.238079,44.263529,594.2],[-71.238278,44.263514,593.5],[-71.238518,44.26354,592.0],[-71.23868,44.263623,590.3],[-71.238695,44.263747,590.5]]}},
{"type":"Feature","properties":{"trail":null,"hero":false,"class":"track","length_m":168.2},"geometry":{"type":"LineString","coordinates":[[-71.238079,44.263529,594.2],[-71.237806,44.263581,595.4],[-71.237581,44.26367,595.9],[-71.237356,44.263759,596.8],[-71.237129,44.263892,594.8],[-71.236901,44.264025,595.8],[-71.236723,44.264079,596.7],[-71.236545,44.264133,598.3],[-71.23639,44.264217,599.0],[-71.236356,44.264262,598.7],[-71.236351,44.264314,597.5]]}},
{"type":"Feature","properties":{"trail":null,"hero":false,"class":"track","length_m":443.9},"geometry":{"type":"LineString","coordinates":[[-71.239082,44.263,599.5],[-71.239335,44.262917,600.5],[-71.239587,44.262833,601.5],[-71.2398,44.262722,604.3],[-71.240014,44.26261,606.8],[-71.240067,44.262479,608.5],[-71.24012,44.262348,611.3],[-71.240132,44.262216,614.4],[-71.239946,44.262056,619.4],[-71.239761,44.261896,624.3],[-71.23964,44.261781,626.9],[-71.239518,44.261666,629.7],[-71.23935,44.261468,635.8],[-71.239182,44.26127,641.9],[-71.239038,44.261145,645.7],[-71.238989,44.260934,650.4],[-71.238941,44.260723,655.9],[-71.238892,44.260512,662.5],[-71.238945,44.260332,668.6],[-71.239057,44.260169,671.2],[-71.23917,44.260005,672.4],[-71.239326,44.259914,673.1],[-71.239483,44.259822,674.4]]}},
{"type":"Feature","properties":{"trail":null,"hero":false,"class":"track","length_m":102.9},"geometry":{"type":"LineString","coordinates":[[-71.239082,44.263,599.5],[-71.239293,44.263,599.7],[-71.239504,44.263001,599.5],[-71.239809,44.263059,598.0],[-71.240076,44.263106,595.8],[-71.240344,44.263153,594.0]]}},
{"type":"Feature","properties":{"trail":null,"hero":false,"class":"track","length_m":159.2},"geometry":{"type":"LineString","coordinates":[[-71.238695,44.263747,590.5],[-71.238871,44.263664,590.0],[-71.239048,44.263581,590.4],[-71.239233,44.263523,591.6],[-71.239401,44.263534,591.8],[-71.239639,44.263574,591.8],[-71.239737,44.263575,592.0],[-71.239843,44.263537,592.2],[-71.239972,44.263423,592.1],[-71.24013,44.263267,593.2],[-71.240344,44.263153,594.0]]}},
{"type":"Feature","properties":{"trail":null,"hero":false,"class":"path","length_m":75.2},"geometry":{"type":"LineString","coordinates":[[-71.238695,44.263747,590.5],[-71.238837,44.263822,590.2],[-71.239024,44.263931,592.0],[-71.239065,44.263958,592.8],[-71.239004,44.264002,592.3],[-71.238972,44.264059,592.3],[-71.239008,44.26427,592.5]]}},
{"type":"Feature","properties":{"trail":null,"hero":false,"class":"track","length_m":192.4},"geometry":{"type":"LineString","coordinates":[[-71.238695,44.263747,590.5],[-71.238382,44.263886,590.1],[-71.23807,44.264025,591.2],[-71.237758,44.264164,589.5],[-71.237573,44.264198,589.5],[-71.237389,44.264233,589.8],[-71.237151,44.264367,589.0],[-71.237022,44.264465,588.3],[-71.236892,44.264562,588.7],[-71.236686,44.264661,589.9]]}},
{"type":"Feature","properties":{"trail":"Thompson Falls Trail","hero":false,"class":null,"length_m":241.8},"geometry":{"type":"LineString","coordinates":[[-71.238695,44.263747,590.5],[-71.238622,44.26385,591.0],[-71.238513,44.263985,591.7],[-71.238451,44.264021,592.1],[-71.238323,44.264188,594.3],[-71.238117,44.264299,595.9],[-71.23807,44.264343,597.2],[-71.238046,44.2644,598.7],[-71.238053,44.264655,598.1],[-71.238035,44.26477,596.8],[-71.237995,44.264857,595.5],[-71.237875,44.265029,594.0],[-71.237818,44.265225,592.8],[-71.237668,44.265354,592.4],[-71.237518,44.265482,593.0],[-71.237422,44.265633,592.7]]}},
{"type":"Feature","properties":{"trail":null,"hero":false,"class":"track","length_m":105.1},"geometry":{"type":"LineString","coordinates":[[-71.236351,44.264314,597.5],[-71.236359,44.264423,594.7],[-71.236228,44.264557,594.7],[-71.235995,44.264717,593.8],[-71.235862,44.264782,593.1],[-71.235802,44.264857,591.6],[-71.235806,44.264928,589.6],[-71.235844,44.265011,587.5],[-71.235915,44.265074,587.6]]}},
{"type":"Feature","properties":{"trail":null,"hero":false,"class":"path","length_m":1530.3},"geometry":{"type":"LineString","coordinates":[[-71.236351,44.264314,597.5],[-71.236149,44.264379,600.1],[-71.235946,44.264444,601.6],[-71.235714,44.264532,603.3],[-71.235482,44.264619,605.0],[-71.235204,44.26476,605.2],[-71.234926,44.2649,605.7],[-71.234588,44.264979,607.8],[-71.23448,44.264954,609.9],[-71.234373,44.26486,615.6],[-71.234417,44.264679,620.6],[-71.234461,44.264497,627.1],[-71.234584,44.264361,630.6],[-71.234707,44.264225,633.0],[-71.234804,44.264103,634.2],[-71.2349,44.263981,634.2],[-71.234839,44.263799,638.2],[-71.234649,44.263781,642.7],[-71.234459,44.263763,647.5],[-71.23425,44.263883,648.5],[-71.234041,44.264002,651.7],[-71.233832,44.264122,654.2],[-71.233634,44.264254,657.0],[-71.233437,44.264386,658.6],[-71.233239,44.264518,659.5],[-71.23305,44.264596,662.5],[-71.232861,44.264674,664.2],[-71.232607,44.264731,665.7],[-71.232402,44.264684,669.8],[-71.232198,44.264637,673.6],[-71.23205,44.26454,676.7],[-71.231901,44.264442,679.5],[-71.231629,44.264306,687.1],[-71.231357,44.26417,690.9],[-71.231298,44.263964,698.2],[-71.23124,44.263757,705.1],[-71.231144,44.263661,708.0],[-71.230944,44.263656,709.8],[-71.230611,44.263684,714.1],[-71.230278,44.263712,718.5],[-71.230021,44.263773,720.2],[-71.229765,44.263834,720.7],[-71.229496,44.263782,723.7],[-71.229354,44.263675,725.5],[-71.229212,44.263567,729.2],[-71.228926,44.263627,731.2],[-71.22864,44.263687,735.3],[-71.228354,44.263748,738.7],[-71.228116,44.263833,738.8],[-71.227878,44.263919,739.8],[-71.227623,44.263922,744.3],[-71.227368,44.263925,749.2],[-71.227113,44.263928,754.5],[-71.226845,44.263938,759.1],[-71.226578,44.263949,761.7],[-71.22631,44.263959,764.5],[-71.226028,44.263975,768.0],[-71.225746,44.263991,771.9],[-71.225464,44.264007,775.6],[-71.225119,44.263951,780.8],[-71.224773,44.263896,785.0],[-71.224506,44.263853,789.6],[-71.224239,44.263811,793.2],[-71.223971,44.263768,796.1],[-71.223711,44.263704,798.8],[-71.223451,44.26364,801.0],[-71.223191,44.263577,804.4],[-71.222917,44.263465,809.9],[-71.222642,44.263353,813.4],[-71.222367,44.263241,817.8],[-71.222073,44.263193,818.5],[-71.221778,44.263144,818.4],[-71.221484,44.263095,819.3],[-71.221406,44.263064,820.0],[-71.221358,44.263018,821.3]]}},
{"type":"Feature","properties":{"trail":null,"hero":false,"class":"track","length_m":11.6},"geometry":{"type":"LineString","coordinates":[[-71.240344,44.263153,594.0],[-71.240477,44.263111,593.7]]}},
{"type":"Feature","properties":{"trail":"Crawford Path / Gulfside Trail","hero":false,"class":null,"length_m":34.3},"geometry":{"type":"LineString","coordinates":[[-71.30324,44.270279,1911.0],[-71.303179,44.270315,1911.1],[-71.303105,44.270358,1911.2],[-71.303036,44.270414,1911.2],[-71.302989,44.270466,1911.1],[-71.302957,44.270507,1911.1]]}},
{"type":"Feature","properties":{"trail":"Crawford Path / Gulfside Trail","hero":false,"class":null,"length_m":36.9},"geometry":{"type":"LineString","coordinates":[[-71.30324,44.270279,1911.0],[-71.303272,44.270266,1911.0],[-71.30343,44.270207,1910.5],[-71.30351,44.270179,1910.1],[-71.303558,44.270163,1909.8],[-71.303653,44.270131,1909.4]]}},
{"type":"Feature","properties":{"trail":null,"hero":false,"class":"path","length_m":34.1},"geometry":{"type":"LineString","coordinates":[[-71.30324,44.270279,1911.0],[-71.303219,44.270186,1910.4],[-71.303211,44.270148,1910.2],[-71.303203,44.270112,1909.9],[-71.303155,44.269978,1908.7]]}},
{"type":"Feature","properties":{"trail":null,"hero":false,"class":"footway","length_m":12.1},"geometry":{"type":"LineString","coordinates":[[-71.302957,44.270507,1911.1],[-71.302916,44.270495,1910.9],[-71.302838,44.270486,1910.5],[-71.30281,44.270483,1910.4]]}},
{"type":"Feature","properties":{"trail":"Crawford Path / Gulfside Trail","hero":false,"class":null,"length_m":1.8},"geometry":{"type":"LineString","coordinates":[[-71.303653,44.270131,1909.4],[-71.30367,44.270121,1909.2]]}},
{"type":"Feature","properties":{"trail":null,"hero":false,"class":"path","length_m":54.0},"geometry":{"type":"LineString","coordinates":[[-71.303653,44.270131,1909.4],[-71.303673,44.270211,1909.8],[-71.303735,44.270299,1910.3],[-71.303823,44.270351,1910.1],[-71.303917,44.270387,1909.4],[-71.304024,44.270414,1908.1],[-71.30411,44.270389,1907.2]]}},
{"type":"Feature","properties":{"trail":null,"hero":false,"class":"path","length_m":325.3},"geometry":{"type":"LineString","coordinates":[[-71.303155,44.269978,1908.7],[-71.302941,44.270086,1908.1],[-71.30279,44.27018,1908.0],[-71.30256,44.270336,1907.8],[-71.302431,44.27048,1905.6],[-71.302321,44.270624,1901.9],[-71.302192,44.270787,1896.5],[-71.302082,44.270919,1891.9],[-71.302007,44.271071,1887.5],[-71.30197,44.271181,1884.7],[-71.301943,44.271302,1882.0],[-71.301905,44.271413,1879.5],[-71.301846,44.271492,1877.2],[-71.301811,44.271586,1875.0],[-71.301803,44.271684,1873.0],[-71.301828,44.271797,1871.6],[-71.301897,44.271934,1869.8],[-71.301932,44.272037,1868.7],[-71.30197,44.272139,1867.6],[-71.30198,44.27222,1866.6],[-71.301996,44.272302,1865.8],[-71.302034,44.272375,1865.0],[-71.302088,44.272446,1864.0],[-71.302156,44.272534,1862.6]]}},
{"type":"Feature","properties":{"trail":null,"hero":false,"class":"path","length_m":5.0},"geometry":{"type":"LineString","coordinates":[[-71.303155,44.269978,1908.7],[-71.303123,44.269952,1908.0],[-71.303113,44.269944,1907.8]]}},
{"type":"Feature","properties":{"trail":null,"hero":false,"class":"steps","length_m":23.0},"geometry":{"type":"LineString","coordinates":[[-71.30281,44.270483,1910.4],[-71.302798,44.270554,1910.5],[-71.30279,44.27062,1910.1],[-71.302812,44.270687,1910.0]]}},
{"type":"Feature","properties":{"trail":null,"hero":false,"class":"footway","length_m":9.1},"geometry":{"type":"LineString","coordinates":[[-71.30281,44.270483,1910.4],[-71.302698,44.270471,1909.4]]}},
{"type":"Feature","properties":{"trail":null,"hero":false,"class":"path","length_m":19.8},"geometry":{"type":"LineString","coordinates":[[-71.30367,44.270121,1909.2],[-71.303505,44.269988,1908.9]]}},
{"type":"Feature","properties":{"trail":"Mt. Washington Summit Stairs","hero":false,"class":null,"length_m":44.3},"geometry":{"type":"LineString","coordinates":[[-71.302527,44.269807,1896.8],[-71.302794,44.269861,1901.4],[-71.303061,44.269915,1906.9]]}},
{"type":"Feature","properties":{"trail":null,"hero":false,"class":"footway","length_m":36.7},"geometry":{"type":"LineString","coordinates":[[-71.302527,44.269807,1896.8],[-71.302474,44.269759,1895.1],[-71.30243,44.269723,1893.8],[-71.302408,44.269702,1893.0],[-71.302382,44.269701,1892.6],[-71.302326,44.269687,1891.5],[-71.30227,44.269673,1890.4],[-71.302197,44.269659,1889.2],[-71.302147,44.26965,1888.5]]}},
{"type":"Feature","properties":{"trail":null,"hero":false,"class":"footway","length_m":5.3},"geometry":{"type":"LineString","coordinates":[[-71.303061,44.269915,1906.9],[-71.303113,44.269944,1907.8]]}},
{"type":"Feature","properties":{"trail":null,"hero":false,"class":"footway","length_m":8.1},"geometry":{"type":"LineString","coordinates":[[-71.302147,44.26965,1888.5],[-71.30212,44.269678,1888.7],[-71.302093,44.269712,1889.1]]}},
{"type":"Feature","properties":{"trail":null,"hero":false,"class":"footway","length_m":13.4},"geometry":{"type":"LineString","coordinates":[[-71.302147,44.26965,1888.5],[-71.302066,44.269628,1887.2],[-71.301991,44.269606,1885.9]]}},
{"type":"Feature","properties":{"trail":"Wildcat Valley Trail","hero":false,"class":null,"length_m":4529.0},"geometry":{"type":"LineString","coordinates":[[-71.224991,44.24891,1211.6],[-71.2249,44.248772,1209.7],[-71.224892,44.248741,1209.3],[-71.224878,44.248692,1208.7],[-71.224866,44.248649,1208.1],[-71.224884,44.248579,1207.7],[-71.224933,44.248515,1207.7],[-71.225009,44.248463,1208.3],[-71.225081,44.248407,1208.3],[-71.225176,44.248353,1208.7],[-71.225264,44.248309,1209.1],[-71.225315,44.248275,1209.0],[-71.225352,44.248231,1208.6],[-71.225301,44.248187,1206.4],[-71.225239,44.24817,1204.8],[-71.225143,44.24817,1203.0],[-71.224971,44.24821,1201.1],[-71.224867,44.248269,1201.1],[-71.22468,44.248406,1200.3],[-71.224583,44.24847,1199.2],[-71.224495,44.248546,1198.3],[-71.224447,44.248561,1197.5],[-71.224332,44.248575,1196.4],[-71.22425,44.248581,1195.6],[-71.2242,44.248581,1195.0],[-71.224137,44.248576,1194.4],[-71.224081,44.248575,1194.0],[-71.223948,44.248575,1193.2],[-71.223837,44.248589,1193.0],[-71.223747,44.24858,1192.0],[-71.223699,44.248578,1191.5],[-71.223506,44.248558,1189.8],[-71.223353,44.248485,1187.0],[-71.223193,44.248406,1186.0],[-71.223042,44.248323,1185.7],[-71.222955,44.248316,1186.1],[-71.22285,44.248321,1186.9],[-71.22273,44.248341,1187.9],[-71.222574,44.248362,1189.1],[-71.222513,44.248357,1189.3],[-71.222482,44.248349,1189.3],[-71.222416,44.248347,1189.6],[-71.222341,44.248374,1190.6],[-71.222249,44.248374,1191.1],[-71.222174,44.248339,1190.7],[-71.222187,44.248267,1188.8],[-71.222195,44.24822,1187.5],[-71.222231,44.248172,1186.1],[-71.22226,44.248135,1185.1],[-71.222363,44.248125,1184.7],[-71.222456,44.248042,1182.8],[-71.222534,44.247839,1178.3],[-71.222667,44.247742,1175.6],[-71.222854,44.247686,1173.5],[-71.223083,44.247664,1171.4],[-71.223144,44.247617,1170.4],[-71.223314,44.247466,1167.0],[-71.223387,44.247385,1165.3],[-71.223431,44.247328,1164.3],[-71.223501,44.24725,1163.1],[-71.223493,44.247166,1162.2],[-71.223489,44.247122,1161.7],[-71.223486,44.247084,1161.4],[-71.223513,44.247029,1161.0],[-71.223558,44.246989,1160.9],[-71.223624,44.246916,1160.2],[-71.22367,44.246822,1158.4],[-71.223697,44.246701,1156.0],[-71.223782,44.246637,1155.3],[-71.223914,44.246572,1154.9],[-71.224014,44.24646,1153.3],[-71.224104,44.246337,1151.7],[-71.224165,44.246264,1150.7],[-71.224236,44.246197,1150.7],[-71.224218,44.246141,1148.8],[-71.224152,44.246119,1146.6],[-71.224006,44.246129,1144.3],[-71.223899,44.24613,1142.5],[-71.223792,44.24609,1141.2],[-71.223783,44.245968,1139.2],[-71.223867,44.245852,1137.8],[-71.224021,44.245771,1138.7],[-71.224162,44.245677,1139.8],[-71.224277,44.245568,1141.5],[-71.224282,44.245444,1139.4],[-71.224309,44.245365,1138.7],[-71.224398,44.245282,1139.7],[-71.224461,44.245151,1138.8],[-71.224486,44.245017,1136.7],[-71.224512,44.244883,1135.1],[-71.224514,44.244768,1133.4],[-71.224519,44.244726,1132.8],[-71.224516,44.244661,1132.1],[-71.224514,44.244568,1131.1],[-71.224528,44.244416,1130.1],[-71.224517,44.244282,1129.4],[-71.224523,44.244194,1129.3],[-71.224533,44.244016,1128.3],[-71.224566,44.243899,1128.1],[-71.22463,44.243787,1128.0],[-71.224729,44.243665,1127.9],[-71.224787,44.2436,1127.4],[-71.224889,44.243486,1126.1],[-71.225046,44.243279,1123.0],[-71.225155,44.243144,1120.7],[-71.225251,44.242985,1117.6],[-71.225409,44.24283,1116.3],[-71.225567,44.242744,1116.6],[-71.225706,44.242557,1116.9],[-71.225816,44.242363,1113.8],[-71.225859,44.242159,1108.8],[-71.225927,44.241997,1105.8],[-71.226113,44.241909,1105.4],[-71.226198,44.241922,1106.4],[-71.226247,44.241917,1106.8],[-71.226348,44.241826,1105.9],[-71.226556,44.241683,1104.6],[-71.226624,44.241562,1103.5],[-71.226706,44.241504,1103.6],[-71.22692,44.241395,1103.9],[-71.227135,44.241287,1103.2],[-71.22729,44.241197,1101.4],[-71.227375,44.241165,1100.8],[-71.227537,44.24098,1097.4],[-71.227655,44.240929,1096.6],[-71.227799,44.240789,1094.3],[-71.227921,44.240657,1094.1],[-71.228046,44.240533,1093.6],[-71.228121,44.240386,1092.9],[-71.228132,44.240248,1091.6],[-71.228142,44.240109,1090.8],[-71.228115,44.239962,1088.9],[-71.228088,44.239814,1086.9],[-71.22807,44.239743,1085.9],[-71.228107,44.239696,1086.3],[-71.228371,44.239547,1090.2],[-71.228394,44.239392,1088.9],[-71.228375,44.239218,1086.4],[-71.228352,44.239097,1084.3],[-71.228451,44.238932,1083.5],[-71.228576,44.238809,1083.5],[-71.228686,44.238738,1084.1],[-71.228858,44.238667,1086.3],[-71.228974,44.238487,1086.1],[-71.229089,44.238308,1085.1],[-71.229089,44.238154,1082.4],[-71.229021,44.237957,1078.6],[-71.229004,44.237739,1076.7],[-71.228964,44.237587,1075.5],[-71.228978,44.237486,1075.2],[-71.228893,44.237324,1073.4],[-71.228893,44.237128,1073.0],[-71.228903,44.236965,1073.1],[-71.228828,44.236833,1072.5],[-71.228747,44.236629,1072.0],[-71.228738,44.236433,1071.7],[-71.228764,44.236309,1071.6],[-71.22867,44.23625,1072.3],[-71.228547,44.236196,1073.2],[-71.228496,44.236123,1073.7],[-71.228496,44.235995,1073.8],[-71.228444,44.235922,1074.1],[-71.228378,44.235879,1074.6],[-71.228392,44.235735,1074.7],[-71.22838,44.235619,1075.1],[-71.228444,44.235506,1075.0],[-71.228486,44.235416,1074.9],[-71.228493,44.235379,1074.9],[-71.228411,44.235352,1075.8],[-71.22822,44.235261,1076.6],[-71.228013,44.235128,1074.9],[-71.228003,44.234984,1073.3],[-71.227981,44.234864,1070.9],[-71.227905,44.23478,1069.4],[-71.22781,44.23465,1068.0],[-71.227716,44.234521,1067.2],[-71.227603,44.234335,1065.8],[-71.227566,44.234102,1062.4],[-71.227389,44.233933,1060.4],[-71.227128,44.23382,1058.3],[-71.227175,44.233714,1055.7],[-71.227374,44.233659,1054.2],[-71.227573,44.233604,1052.7],[-71.227841,44.233507,1049.4],[-71.228034,44.233417,1045.8],[-71.227999,44.233351,1044.3],[-71.227785,44.233285,1043.7],[-71.22757,44.233218,1041.3],[-71.227547,44.233169,1039.7],[-71.227695,44.233071,1036.8],[-71.227973,44.232928,1033.5],[-71.228218,44.232832,1031.1],[-71.228277,44.232747,1029.2],[-71.228296,44.232673,1027.4],[-71.228237,44.23257,1025.1],[-71.227987,44.232385,1022.6],[-71.227749,44.232224,1020.3],[-71.227702,44.232017,1018.3],[-71.227752,44.231836,1016.6],[-71.227848,44.231718,1015.4],[-71.227818,44.231558,1013.1],[-71.227486,44.231457,1010.7],[-71.2273,44.231315,1007.3],[-71.227276,44.231123,1005.2],[-71.227189,44.231015,1002.4],[-71.226906,44.231008,999.9],[-71.226637,44.230934,997.3],[-71.226367,44.23086,994.9],[-71.22615,44.230728,992.4],[-71.225934,44.230596,989.5],[-71.225796,44.230479,987.7],[-71.225658,44.230362,985.4],[-71.225635,44.230252,985.5],[-71.225628,44.230089,985.2],[-71.225621,44.229927,984.2],[-71.225682,44.22975,982.4],[-71.225663,44.229554,979.1],[-71.22564,44.22939,976.2],[-71.225505,44.229227,973.5],[-71.225336,44.229205,973.4],[-71.225258,44.229227,973.6],[-71.225202,44.229252,973.4],[-71.225149,44.229253,972.9],[-71.225094,44.229248,972.3],[-71.225036,44.229227,971.6],[-71.225005,44.229207,971.1],[-71.224949,44.229112,968.5],[-71.224905,44.229027,966.1],[-71.22489,44.228895,963.7],[-71.224924,44.228752,961.0],[-71.225091,44.228638,959.8],[-71.225367,44.228547,957.5],[-71.225404,44.228481,955.6],[-71.225195,44.228282,952.0],[-71.225213,44.228223,950.8],[-71.225157,44.228104,948.7],[-71.224966,44.2279,946.6],[-71.224844,44.22784,945.6],[-71.224721,44.227654,944.9],[-71.224723,44.227512,944.9],[-71.224724,44.227371,944.4],[-71.224632,44.227173,943.7],[-71.224382,44.226993,943.0],[-71.224255,44.226775,939.7],[-71.224333,44.226573,936.9],[-71.224312,44.2264,932.6],[-71.224295,44.226295,930.2],[-71.224199,44.226296,929.8],[-71.224172,44.226259,929.0],[-71.224206,44.226211,928.1],[-71.224342,44.226183,927.7],[-71.224415,44.22607,925.4],[-71.224516,44.225822,921.1],[-71.2245,44.225575,919.8],[-71.22442,44.225341,914.4],[-71.224239,44.225255,911.0],[-71.223974,44.225209,907.8],[-71.223689,44.225129,903.5],[-71.223405,44.225049,899.7],[-71.223131,44.224945,894.6],[-71.222857,44.224842,889.8],[-71.222546,44.224759,885.3],[-71.222235,44.224676,880.6],[-71.221924,44.224593,876.2],[-71.221703,44.224574,872.6],[-71.221482,44.224555,870.3],[-71.221233,44.22457,867.5],[-71.220985,44.224585,864.2],[-71.220735,44.224587,860.4],[-71.22045,44.224436,856.2],[-71.220195,44.224324,855.2],[-71.219939,44.224212,853.8],[-71.219763,44.224043,855.0],[-71.219586,44.223873,856.4],[-71.219405,44.223692,856.8],[-71.219224,44.22351,855.2],[-71.219083,44.223364,852.8],[-71.21896,44.223178,849.4],[-71.218932,44.22302,849.0],[-71.218903,44.222862,849.2],[-71.218789,44.222636,847.2],[-71.218675,44.22241,845.1],[-71.218617,44.222197,844.6],[-71.218513,44.222003,842.0],[-71.21847,44.221912,840.9],[-71.218503,44.221784,841.3],[-71.218427,44.221636,838.8],[-71.21835,44.221489,836.2],[-71.218348,44.221288,835.0],[-71.218206,44.221072,832.0],[-71.218065,44.220856,829.3],[-71.217924,44.22064,825.8],[-71.217739,44.220505,823.4],[-71.217554,44.22037,821.1],[-71.217479,44.220233,820.0],[-71.21754,44.220004,817.4],[-71.217613,44.219845,813.8]]}},
{"type":"Feature","properties":{"trail":"Wildcat Ridge Trail","hero":false,"class":null,"length_m":48.6},"geometry":{"type":"LineString","coordinates":[[-71.224991,44.24891,1211.6],[-71.224839,44.248906,1209.5],[-71.2248,44.248942,1209.2],[-71.224756,44.249051,1209.5],[-71.224731,44.249126,1210.0],[-71.224711,44.249172,1210.7],[-71.224655,44.249191,1211.9]]}},
{"type":"Feature","properties":{"trail":null,"hero":false,"class":"path","length_m":223.4},"geometry":{"type":"LineString","coordinates":[[-71.224655,44.249191,1211.9],[-71.224706,44.249375,1211.4],[-71.224703,44.249522,1210.5],[-71.2247,44.24967,1208.6],[-71.224582,44.249739,1210.1],[-71.224439,44.249838,1210.4],[-71.224194,44.24999,1209.7],[-71.223949,44.250141,1208.0],[-71.223704,44.250293,1204.3],[-71.223459,44.250445,1199.4],[-71.223314,44.250572,1194.6],[-71.223169,44.2507,1191.3],[-71.223164,44.250716,1190.8]]}},
{"type":"Feature","properties":{"trail":"Wildcat Ridge Trail","hero":false,"class":null,"length_m":2761.6},"geometry":{"type":"LineString","coordinates":[[-71.224655,44.249191,1211.9],[-71.224561,44.249153,1213.4],[-71.224497,44.249105,1213.3],[-71.224476,44.249101,1213.5],[-71.224439,44.249105,1214.3],[-71.22435,44.249125,1217.8],[-71.224253,44.249132,1221.3],[-71.224159,44.249134,1224.4],[-71.224075,44.249141,1226.3],[-71.223907,44.24918,1231.6],[-71.22381,44.249216,1231.9],[-71.223724,44.249281,1232.8],[-71.223663,44.249354,1234.4],[-71.223599,44.249408,1235.9],[-71.223563,44.249409,1235.7],[-71.223528,44.249401,1235.1],[-71.223401,44.24938,1233.2],[-71.223294,44.249403,1232.5],[-71.223194,44.24948,1231.8],[-71.223132,44.249581,1231.1],[-71.223089,44.249797,1229.7],[-71.222909,44.250019,1221.2],[-71.22269,44.250174,1212.4],[-71.222578,44.250252,1207.4],[-71.22237,44.250339,1201.1],[-71.222161,44.250425,1196.5],[-71.221908,44.250427,1196.3],[-71.221611,44.250462,1196.3],[-71.221295,44.250434,1196.1],[-71.221021,44.25046,1193.5],[-71.220733,44.250565,1187.8],[-71.220491,44.250613,1183.3],[-71.220207,44.250669,1177.4],[-71.220011,44.250802,1170.1],[-71.21973,44.250784,1164.4],[-71.219449,44.250766,1158.4],[-71.219172,44.250794,1151.0],[-71.21902,44.250842,1148.4],[-71.218882,44.250831,1146.7],[-71.218701,44.250932,1148.0],[-71.218599,44.250926,1149.1],[-71.218532,44.250889,1150.1],[-71.218405,44.250908,1151.1],[-71.218283,44.250959,1151.9],[-71.218179,44.251017,1152.9],[-71.217979,44.251153,1156.1],[-71.2177,44.251217,1157.5],[-71.217473,44.251376,1159.7],[-71.217208,44.251446,1159.8],[-71.216942,44.251516,1160.4],[-71.216726,44.251656,1158.1],[-71.216423,44.2517,1154.6],[-71.216133,44.251675,1156.4],[-71.215871,44.251633,1164.7],[-71.215687,44.251498,1172.6],[-71.215503,44.251363,1179.8],[-71.215241,44.251369,1188.4],[-71.214923,44.251371,1198.3],[-71.214697,44.251285,1204.8],[-71.214425,44.251314,1213.6],[-71.214183,44.251425,1218.6],[-71.213883,44.251476,1218.2],[-71.213669,44.251582,1217.5],[-71.213367,44.251651,1217.8],[-71.213077,44.251693,1218.9],[-71.212761,44.251658,1222.6],[-71.21252,44.251534,1225.7],[-71.212263,44.251536,1230.8],[-71.211958,44.251507,1235.4],[-71.211701,44.251431,1236.6],[-71.211455,44.251343,1237.7],[-71.211173,44.251268,1240.7],[-71.210892,44.251192,1246.0],[-71.210641,44.251103,1251.3],[-71.210343,44.25097,1254.7],[-71.210062,44.250938,1258.7],[-71.209781,44.250906,1266.7],[-71.209519,44.250842,1275.9],[-71.209252,44.250828,1283.2],[-71.20897,44.250715,1286.1],[-71.208706,44.25064,1288.5],[-71.208484,44.250547,1293.1],[-71.208315,44.2504,1295.4],[-71.208009,44.25052,1297.0],[-71.207845,44.250684,1297.0],[-71.207798,44.250717,1297.3],[-71.207736,44.250734,1297.0],[-71.207617,44.250781,1296.7],[-71.207469,44.250871,1296.7],[-71.20732,44.250961,1293.8],[-71.207188,44.250994,1292.2],[-71.207039,44.25102,1290.6],[-71.206929,44.251078,1291.0],[-71.206831,44.251156,1290.8],[-71.206755,44.251192,1290.0],[-71.206667,44.2512,1289.6],[-71.206533,44.251205,1288.2],[-71.206434,44.251224,1287.5],[-71.206352,44.251256,1287.4],[-71.206269,44.251305,1288.0],[-71.206198,44.251333,1288.4],[-71.206124,44.251339,1288.3],[-71.205963,44.251343,1287.7],[-71.205824,44.251346,1287.1],[-71.205738,44.251365,1286.8],[-71.20553,44.251451,1285.4],[-71.205273,44.251594,1284.4],[-71.205034,44.251704,1283.6],[-71.204858,44.251867,1279.2],[-71.204683,44.25203,1275.1],[-71.204472,44.252183,1269.4],[-71.204392,44.252357,1267.0],[-71.204345,44.25244,1266.3],[-71.204275,44.252506,1266.2],[-71.204152,44.252576,1267.0],[-71.20401,44.252595,1268.7],[-71.203861,44.252599,1270.3],[-71.203759,44.252618,1271.7],[-71.203667,44.252651,1273.7],[-71.203588,44.252717,1276.9],[-71.203546,44.252782,1279.6],[-71.203544,44.252863,1280.4],[-71.203511,44.252925,1281.4],[-71.203347,44.253012,1284.8],[-71.203183,44.253099,1286.6],[-71.202921,44.253177,1288.9],[-71.202705,44.253318,1291.2],[-71.202512,44.253467,1293.3],[-71.202377,44.253664,1295.4],[-71.202214,44.253822,1298.4],[-71.202153,44.254028,1300.1],[-71.202021,44.254228,1302.1],[-71.202031,44.254423,1304.9],[-71.202041,44.254645,1308.2],[-71.202092,44.25486,1309.6],[-71.202089,44.255068,1308.3],[-71.202161,44.25529,1304.4],[-71.202064,44.255496,1298.9],[-71.20215,44.255696,1298.6],[-71.202138,44.255909,1299.9],[-71.202069,44.256128,1301.7],[-71.201967,44.256301,1303.6],[-71.201716,44.256421,1303.5],[-71.201532,44.256596,1306.4],[-71.201431,44.256787,1310.7],[-71.2014,44.257002,1314.9],[-71.201372,44.257204,1318.2],[-71.201315,44.257426,1319.6],[-71.201304,44.257511,1320.3],[-71.201336,44.257608,1321.6],[-71.201456,44.257807,1324.7],[-71.201564,44.257903,1327.4],[-71.201571,44.258004,1330.8],[-71.201543,44.258226,1335.8],[-71.201583,44.258424,1338.5],[-71.201728,44.258648,1340.8],[-71.201775,44.258856,1341.0],[-71.201789,44.258973,1340.9],[-71.201774,44.25908,1340.5]]}},
{"type":"Feature","properties":{"trail":"Crawford Path","hero":false,"class":null,"length_m":431.0},"geometry":{"type":"LineString","coordinates":[[-71.326521,44.253227,1542.2],[-71.326646,44.253108,1538.5],[-71.326703,44.253043,1536.1],[-71.326886,44.252986,1533.3],[-71.327045,44.252892,1529.4],[-71.327134,44.252745,1524.9],[-71.327222,44.252597,1521.5],[-71.327385,44.252416,1516.9],[-71.327496,44.252383,1516.6],[-71.327575,44.252336,1516.0],[-71.327697,44.252212,1515.5],[-71.327876,44.252109,1515.9],[-71.328128,44.25194,1518.3],[-71.328261,44.251845,1516.9],[-71.328413,44.251764,1517.1],[-71.328574,44.251687,1518.5],[-71.328672,44.251616,1517.6],[-71.32871,44.251518,1516.4],[-71.328786,44.251415,1516.6],[-71.328919,44.251325,1515.5],[-71.329068,44.251276,1514.7],[-71.329294,44.251194,1514.7],[-71.329447,44.25103,1514.4],[-71.329602,44.250902,1511.8],[-71.329674,44.250814,1511.7],[-71.32969,44.250664,1509.8],[-71.329741,44.250631,1510.1],[-71.329844,44.250595,1509.2],[-71.329931,44.250524,1509.4],[-71.329982,44.250436,1511.0]]}},
{"type":"Feature","properties":{"trail":"Mount Monroe Loop","hero":false,"class":null,"length_m":406.4},"geometry":{"type":"LineString","coordinates":[[-71.326521,44.253227,1542.2],[-71.326537,44.253377,1547.5],[-71.32666,44.253545,1553.6],[-71.32669,44.253663,1558.2],[-71.326652,44.253851,1567.5],[-71.326636,44.254003,1572.4],[-71.326543,44.254235,1577.3],[-71.326527,44.254368,1578.5],[-71.326598,44.254529,1578.9],[-71.326555,44.254594,1578.8],[-71.326347,44.25465,1578.3],[-71.326218,44.254678,1576.4],[-71.326102,44.254711,1574.7],[-71.325812,44.254801,1567.2],[-71.325608,44.254798,1566.2],[-71.325403,44.254795,1566.3],[-71.325199,44.254763,1566.9],[-71.324996,44.254731,1567.3],[-71.324716,44.254651,1568.5],[-71.324391,44.254529,1570.3],[-71.324223,44.254467,1570.9],[-71.324054,44.254405,1571.6],[-71.323878,44.254339,1572.6],[-71.323703,44.254274,1574.2],[-71.323656,44.254262,1574.6]]}},
{"type":"Feature","properties":{"trail":"Crawford Path","hero":false,"class":null,"length_m":183.5},"geometry":{"type":"LineString","coordinates":[[-71.326521,44.253227,1542.2],[-71.326358,44.25333,1545.4],[-71.326212,44.253444,1548.1],[-71.326127,44.253474,1548.3],[-71.326023,44.253495,1548.1],[-71.325928,44.253531,1548.4],[-71.325846,44.253587,1549.5],[-71.325807,44.25361,1550.0],[-71.325702,44.253631,1550.4],[-71.325546,44.253654,1550.7],[-71.325298,44.253677,1551.8],[-71.325135,44.253681,1552.0],[-71.324984,44.253684,1552.3],[-71.324721,44.253689,1553.0],[-71.324469,44.253703,1553.9],[-71.324428,44.253711,1554.1]]}},
{"type":"Feature","properties":{"trail":null,"hero":false,"class":"path","length_m":92.3},"geometry":{"type":"LineString","coordinates":[[-71.323656,44.254262,1574.6],[-71.323673,44.254246,1574.2],[-71.323794,44.254208,1572.0],[-71.323895,44.254161,1570.1],[-71.324037,44.254119,1567.5],[-71.324177,44.254068,1564.9],[-71.324234,44.254028,1563.4],[-71.324312,44.253945,1560.9],[-71.324356,44.253843,1558.0],[-71.324428,44.253711,1554.1]]}},
{"type":"Feature","properties":{"trail":null,"hero":false,"class":"pedestrian","length_m":40.7},"geometry":{"type":"LineString","coordinates":[[-71.303197,44.270767,1912.0],[-71.303214,44.270771,1912.0],[-71.303257,44.270782,1912.0],[-71.303306,44.270783,1912.0],[-71.303354,44.27078,1912.0],[-71.303418,44.270768,1911.6],[-71.303439,44.270763,1911.5],[-71.303496,44.27083,1910.5],[-71.303527,44.270871,1908.9],[-71.303568,44.270925,1906.6]]}},
{"type":"Feature","properties":{"trail":null,"hero":false,"class":"pedestrian","length_m":121.6},"geometry":{"type":"LineString","coordinates":[[-71.303197,44.270767,1912.0],[-71.303178,44.270761,1911.9],[-71.303148,44.270751,1911.9],[-71.303115,44.270731,1911.9],[-71.303093,44.270706,1911.8],[-71.303052,44.270655,1911.7],[-71.303026,44.270605,1911.6],[-71.30283,44.270621,1910.4],[-71.302804,44.270629,1910.2],[-71.302825,44.270685,1910.1],[-71.302853,44.270739,1910.0],[-71.302882,44.27077,1910.2],[-71.30289,44.270778,1910.2],[-71.302913,44.2708,1910.4],[-71.302926,44.270813,1910.5],[-71.302919,44.27084,1910.1],[-71.302923,44.270868,1909.1],[-71.302936,44.270896,1908.2],[-71.302959,44.270917,1907.7],[-71.302992,44.270932,1907.4],[-71.303025,44.270937,1907.5],[-71.30306,44.270936,1907.9],[-71.303092,44.270927,1908.2],[-71.303109,44.270917,1908.6],[-71.303171,44.270937,1907.9],[-71.303248,44.270951,1907.5],[-71.303333,44.270955,1907.4],[-71.303422,44.270953,1906.8],[-71.303494,44.270943,1906.5]]}},
{"type":"Feature","properties":{"trail":"Davis Path","hero":false,"class":null,"length_m":2344.0},"geometry":{"type":"LineString","coordinates":[[-71.306651,44.229895,1260.1],[-71.306414,44.23002,1263.2],[-71.306292,44.230132,1265.9],[-71.306174,44.230237,1268.7],[-71.306106,44.230355,1271.6],[-71.306023,44.230496,1274.8],[-71.305898,44.230625,1277.8],[-71.305756,44.230736,1280.9],[-71.305613,44.230847,1284.5],[-71.305499,44.230963,1288.8],[-71.305435,44.231072,1293.0],[-71.305306,44.231159,1296.0],[-71.305143,44.231252,1297.5],[-71.305008,44.231344,1299.2],[-71.30487,44.231461,1299.9],[-71.30473,44.231563,1300.7],[-71.304464,44.231708,1302.6],[-71.304267,44.231847,1304.6],[-71.304219,44.231928,1305.9],[-71.304168,44.232021,1305.9],[-71.304157,44.232184,1305.6],[-71.304089,44.232437,1304.5],[-71.304099,44.23255,1304.3],[-71.304157,44.2327,1304.4],[-71.304254,44.232831,1304.8],[-71.30432,44.232926,1305.1],[-71.304324,44.232994,1305.0],[-71.304261,44.233115,1304.2],[-71.304214,44.233225,1303.4],[-71.304166,44.233396,1301.7],[-71.304134,44.233521,1299.2],[-71.304096,44.233605,1297.6],[-71.30396,44.233747,1295.6],[-71.303927,44.233839,1294.6],[-71.303922,44.233969,1292.7],[-71.303929,44.234074,1290.9],[-71.30392,44.234338,1288.4],[-71.303858,44.234555,1287.9],[-71.303834,44.234749,1288.2],[-71.303748,44.234907,1288.9],[-71.30373,44.235072,1288.6],[-71.303742,44.235214,1287.1],[-71.30371,44.2353,1286.3],[-71.303576,44.235422,1285.7],[-71.303537,44.235611,1284.4],[-71.303394,44.235726,1283.5],[-71.303387,44.235824,1282.9],[-71.303472,44.235931,1282.0],[-71.303518,44.236011,1281.4],[-71.303535,44.236087,1280.8],[-71.303454,44.236243,1279.2],[-71.30341,44.23641,1277.7],[-71.303405,44.236523,1278.9],[-71.303405,44.236683,1280.8],[-71.303405,44.236843,1283.7],[-71.303417,44.236989,1286.2],[-71.303428,44.237136,1288.2],[-71.303497,44.237367,1292.5],[-71.303463,44.237516,1295.8],[-71.303501,44.237713,1300.1],[-71.303471,44.237798,1302.3],[-71.30336,44.237946,1308.2],[-71.303229,44.238061,1311.0],[-71.30314,44.238155,1312.1],[-71.303063,44.238265,1314.0],[-71.303037,44.238372,1315.9],[-71.303051,44.238495,1317.5],[-71.303125,44.238649,1319.1],[-71.303193,44.238846,1319.0],[-71.303186,44.239,1319.9],[-71.303171,44.239182,1321.7],[-71.303026,44.239386,1326.1],[-71.302958,44.239518,1329.2],[-71.302829,44.239609,1332.9],[-71.302626,44.239708,1338.2],[-71.302316,44.239785,1344.7],[-71.302181,44.239886,1349.5],[-71.302059,44.239956,1353.6],[-71.301957,44.240098,1358.6],[-71.301814,44.240213,1363.8],[-71.301675,44.240351,1369.3],[-71.301532,44.240443,1373.5],[-71.301373,44.240464,1377.1],[-71.301213,44.240462,1379.6],[-71.301119,44.240494,1381.9],[-71.301012,44.240587,1385.8],[-71.300939,44.240705,1390.3],[-71.300872,44.240818,1394.7],[-71.300828,44.240961,1399.0],[-71.300728,44.241054,1402.8],[-71.300556,44.241151,1407.8],[-71.300409,44.241212,1411.7],[-71.300276,44.241245,1414.6],[-71.300106,44.241416,1421.5],[-71.299948,44.241492,1425.2],[-71.299852,44.241595,1428.8],[-71.299749,44.241682,1432.4],[-71.299651,44.241698,1434.1],[-71.299388,44.241707,1437.8],[-71.29923,44.241735,1440.1],[-71.299059,44.241829,1444.3],[-71.298812,44.241881,1448.6],[-71.298563,44.242017,1454.6],[-71.298413,44.24211,1458.2],[-71.298232,44.242239,1463.3],[-71.298085,44.242331,1467.4],[-71.297952,44.242347,1469.0],[-71.297785,44.242467,1474.5],[-71.297583,44.242554,1478.9],[-71.297331,44.242658,1483.5],[-71.297211,44.242829,1490.0],[-71.297134,44.242935,1492.6],[-71.297017,44.243042,1495.8],[-71.2969,44.243148,1498.1],[-71.296797,44.243325,1501.2],[-71.29674,44.243477,1503.8],[-71.296841,44.24364,1506.3],[-71.296893,44.243785,1508.9],[-71.296887,44.243908,1511.2],[-71.296818,44.244142,1515.6],[-71.296782,44.244307,1518.4],[-71.296747,44.244473,1521.1],[-71.296707,44.24472,1524.5],[-71.296665,44.244855,1526.4],[-71.296624,44.24499,1528.3],[-71.296608,44.245256,1531.9],[-71.296574,44.245455,1534.7],[-71.296521,44.245701,1538.5],[-71.296466,44.245853,1540.9],[-71.296426,44.246073,1545.4],[-71.296412,44.246236,1548.5],[-71.296438,44.246348,1550.6],[-71.296449,44.24643,1552.1],[-71.29643,44.246538,1554.3],[-71.296328,44.246702,1557.8],[-71.296285,44.246795,1559.9],[-71.296267,44.246883,1561.8],[-71.296313,44.246951,1563.5],[-71.296384,44.247106,1567.7],[-71.296384,44.247199,1570.2],[-71.296356,44.247285,1572.5],[-71.296229,44.247445,1576.4]]}},
{"type":"Feature","properties":{"trail":"Glen Boulder Trail","hero":false,"class":null,"length_m":2404.3},"geometry":{"type":"LineString","coordinates":[[-71.296229,44.247445,1576.4],[-71.296193,44.247422,1575.7],[-71.296171,44.247401,1575.1],[-71.296152,44.247372,1574.4],[-71.296133,44.247355,1574.0],[-71.296103,44.247348,1573.7],[-71.296082,44.247335,1573.2],[-71.296055,44.247316,1572.5],[-71.295986,44.247285,1571.1],[-71.295961,44.247265,1570.5],[-71.295938,44.247243,1569.7],[-71.295894,44.24723,1569.1],[-71.295877,44.247214,1568.5],[-71.295865,44.24718,1567.5],[-71.295863,44.247134,1566.2],[-71.295797,44.247059,1563.2],[-71.29574,44.246954,1559.5],[-71.295725,44.246837,1556.4],[-71.295704,44.246648,1551.4],[-71.295665,44.246621,1550.3],[-71.295658,44.246596,1549.6],[-71.295635,44.246581,1549.0],[-71.295589,44.246569,1548.1],[-71.295579,44.246526,1546.9],[-71.295569,44.24649,1546.0],[-71.295576,44.246448,1545.1],[-71.295555,44.246419,1544.2],[-71.295539,44.246351,1542.6],[-71.295521,44.24633,1542.0],[-71.295391,44.246179,1537.6],[-71.295361,44.246114,1536.0],[-71.295357,44.246071,1535.2],[-71.295336,44.246034,1534.3],[-71.295285,44.245981,1532.8],[-71.295214,44.245952,1531.2],[-71.295156,44.245901,1529.5],[-71.295108,44.245835,1527.7],[-71.295062,44.245746,1525.8],[-71.295041,44.245686,1524.6],[-71.295052,44.245654,1524.3],[-71.295088,44.245636,1524.6],[-71.295097,44.245598,1524.2],[-71.295052,44.245547,1522.8],[-71.29501,44.245513,1521.7],[-71.294983,44.245499,1521.1],[-71.294986,44.245466,1520.7],[-71.29497,44.245441,1520.1],[-71.294951,44.245398,1519.3],[-71.294889,44.245324,1517.4],[-71.294858,44.245284,1516.4],[-71.294849,44.245265,1516.1],[-71.294859,44.245231,1515.8],[-71.294832,44.245186,1514.9],[-71.294797,44.245101,1513.4],[-71.294765,44.245051,1512.4],[-71.294753,44.245003,1511.6],[-71.294756,44.24496,1511.2],[-71.294748,44.244905,1510.5],[-71.294727,44.244872,1509.8],[-71.294733,44.244845,1509.6],[-71.29476,44.244801,1509.6],[-71.294731,44.244764,1508.7],[-71.294696,44.244731,1507.9],[-71.294678,44.244697,1507.3],[-71.294687,44.244664,1507.1],[-71.294706,44.244617,1506.8],[-71.294697,44.244576,1506.3],[-71.294672,44.244533,1505.5],[-71.294644,44.2445,1504.8],[-71.294637,44.244472,1504.4],[-71.294617,44.244456,1504.0],[-71.294604,44.244425,1503.5],[-71.294603,44.244396,1503.2],[-71.294586,44.244379,1502.8],[-71.29458,44.244349,1502.3],[-71.294571,44.244318,1501.9],[-71.294562,44.244287,1501.4],[-71.294564,44.244253,1501.1],[-71.294548,44.244218,1500.5],[-71.294545,44.244183,1500.0],[-71.294547,44.244148,1499.7],[-71.294517,44.24409,1498.5],[-71.294526,44.24404,1498.0],[-71.294546,44.244022,1498.1],[-71.294539,44.24398,1497.5],[-71.294553,44.243919,1496.9],[-71.294526,44.243891,1496.2],[-71.294473,44.243852,1494.9],[-71.294446,44.243811,1494.0],[-71.294394,44.243715,1491.8],[-71.294374,44.243652,1490.6],[-71.294383,44.2436,1490.0],[-71.294372,44.243567,1489.3],[-71.294345,44.243526,1488.2],[-71.294298,44.243478,1486.6],[-71.29427,44.24343,1485.4],[-71.294198,44.243349,1482.9],[-71.294159,44.243313,1481.8],[-71.294153,44.243276,1481.1],[-71.294155,44.243234,1480.6],[-71.294136,44.243208,1479.9],[-71.29409,44.243178,1478.6],[-71.294057,44.243145,1477.5],[-71.294057,44.243101,1476.9],[-71.294036,44.24306,1475.9],[-71.29397,44.243036,1474.4],[-71.293911,44.243014,1473.2],[-71.293861,44.242986,1471.9],[-71.293823,44.242951,1470.8],[-71.293804,44.242889,1470.0],[-71.293777,44.242882,1469.4],[-71.293717,44.242843,1468.1],[-71.293624,44.242797,1466.3],[-71.293602,44.242772,1465.8],[-71.293537,44.242701,1464.2],[-71.293492,44.242651,1463.4],[-71.293397,44.24257,1462.2],[-71.293343,44.242525,1461.9],[-71.293259,44.24248,1460.7],[-71.293213,44.24244,1460.0],[-71.293173,44.242436,1459.5],[-71.293092,44.242405,1458.6],[-71.292946,44.242359,1457.6],[-71.292889,44.242321,1457.7],[-71.292875,44.242309,1457.8],[-71.292817,44.242304,1457.6],[-71.29269,44.242272,1457.8],[-71.292624,44.242259,1458.0],[-71.292577,44.242259,1457.9],[-71.292518,44.242267,1457.5],[-71.29249,44.242266,1457.5],[-71.292438,44.24227,1457.2],[-71.292384,44.24227,1457.1],[-71.292371,44.242258,1457.5],[-71.292357,44.242235,1458.4],[-71.29235,44.242227,1458.7],[-71.292325,44.242217,1458.9],[-71.292296,44.242214,1458.9],[-71.29226,44.242204,1458.9],[-71.292194,44.24219,1458.7],[-71.292151,44.242195,1458.5],[-71.292111,44.242202,1458.3],[-71.292078,44.242205,1458.1],[-71.292049,44.242194,1458.0],[-71.291994,44.242157,1458.0],[-71.291962,44.24211,1458.3],[-71.291924,44.24211,1458.1],[-71.291885,44.242112,1457.6],[-71.291769,44.242105,1456.5],[-71.291743,44.242092,1456.6],[-71.291729,44.242074,1456.9],[-71.291717,44.242064,1457.1],[-71.291697,44.242064,1456.9],[-71.29168,44.242062,1456.8],[-71.291665,44.242055,1456.9],[-71.291653,44.242044,1457.1],[-71.291629,44.242045,1456.7],[-71.2916,44.242032,1456.8],[-71.29156,44.242027,1456.4],[-71.291513,44.242015,1456.3],[-71.291471,44.242017,1455.8],[-71.291437,44.24202,1455.2],[-71.29141,44.242016,1455.1],[-71.291387,44.242007,1455.3],[-71.291359,44.242,1455.2],[-71.291331,44.241993,1455.1],[-71.291287,44.24197,1455.7],[-71.291267,44.241948,1456.5],[-71.291258,44.241906,1457.0],[-71.291237,44.241895,1456.9],[-71.291209,44.24188,1456.8],[-71.291189,44.241862,1456.8],[-71.291153,44.241826,1457.1],[-71.291115,44.241822,1456.9],[-71.291082,44.241819,1456.7],[-71.291049,44.24181,1456.5],[-71.291021,44.241787,1456.8],[-71.290995,44.241769,1457.0],[-71.290979,44.241761,1457.2],[-71.290955,44.241757,1457.1],[-71.290922,44.241756,1456.9],[-71.290877,44.241744,1457.1],[-71.290843,44.241719,1457.8],[-71.290819,44.241705,1458.2],[-71.290775,44.241697,1458.2],[-71.29073,44.241684,1458.4],[-71.290688,44.241663,1459.0],[-71.290654,44.241625,1458.9],[-71.290621,44.241594,1458.9],[-71.290574,44.241583,1458.9],[-71.290538,44.241567,1458.8],[-71.290485,44.241554,1458.4],[-71.290451,44.241523,1458.5],[-71.290402,44.241508,1458.3],[-71.290379,44.241497,1458.4],[-71.290359,44.24149,1458.4],[-71.290344,44.24149,1458.3],[-71.290332,44.241484,1458.4],[-71.2903,44.241492,1458.0],[-71.290246,44.24148,1457.7],[-71.290213,44.241477,1457.3],[-71.290168,44.241476,1456.8],[-71.290104,44.241464,1456.4],[-71.290092,44.241454,1456.5],[-71.290066,44.241434,1456.9],[-71.29003,44.241421,1456.9],[-71.28999,44.241424,1456.2],[-71.289959,44.241413,1456.0],[-71.289918,44.24139,1455.9],[-71.289892,44.241371,1455.1],[-71.289856,44.241365,1454.2],[-71.28982,44.241341,1453.1],[-71.289771,44.241324,1451.9],[-71.289726,44.241321,1451.0],[-71.289699,44.241323,1450.5],[-71.289667,44.241315,1449.8],[-71.289642,44.241297,1449.1],[-71.289469,44.241114,1445.1],[-71.289345,44.241009,1441.8],[-71.289221,44.240904,1439.0],[-71.288957,44.240776,1433.1],[-71.288693,44.240648,1428.1],[-71.288413,44.240511,1424.2],[-71.288152,44.240345,1421.4],[-71.287937,44.240234,1418.8],[-71.287721,44.240124,1416.2],[-71.287469,44.240016,1413.0],[-71.287189,44.239907,1409.5],[-71.286908,44.239797,1406.2],[-71.286689,44.239748,1402.4],[-71.286457,44.23966,1398.8],[-71.286357,44.239528,1397.6],[-71.286258,44.239395,1396.8],[-71.286075,44.239224,1395.9],[-71.285872,44.23913,1394.0],[-71.285655,44.239021,1393.0],[-71.285438,44.238911,1391.4],[-71.285221,44.238801,1389.3],[-71.285006,44.238728,1386.9],[-71.284831,44.238603,1386.0],[-71.284656,44.238478,1384.4],[-71.284463,44.238394,1382.2],[-71.28427,44.238309,1379.3],[-71.284127,44.238274,1376.7],[-71.283845,44.238158,1372.8],[-71.283562,44.238041,1368.6],[-71.283383,44.237987,1365.6],[-71.283205,44.237933,1362.5],[-71.282888,44.237875,1356.9],[-71.282538,44.237794,1352.6],[-71.282225,44.237683,1348.1],[-71.281912,44.237572,1343.8],[-71.281698,44.237523,1342.1],[-71.281485,44.237473,1340.5],[-71.281111,44.237479,1336.5],[-71.280881,44.237464,1332.9],[-71.280652,44.23745,1329.3],[-71.280444,44.237445,1326.2],[-71.280237,44.237441,1323.0],[-71.280034,44.237457,1318.3],[-71.27983,44.237473,1313.4],[-71.279692,44.237415,1311.6],[-71.279566,44.237394,1309.8],[-71.27922,44.237415,1304.9],[-71.278859,44.237464,1298.6],[-71.278562,44.237592,1286.3],[-71.278233,44.23754,1279.1],[-71.278086,44.237575,1273.7],[-71.277907,44.237587,1269.5],[-71.277806,44.237654,1266.4],[-71.27756,44.237722,1261.1],[-71.277314,44.237791,1254.4],[-71.277184,44.237782,1251.1],[-71.276984,44.237779,1245.2],[-71.276854,44.237706,1240.4],[-71.276708,44.237694,1236.1],[-71.276545,44.237642,1230.9],[-71.276322,44.23761,1223.5],[-71.2762,44.237659,1219.0],[-71.275993,44.23782,1210.3],[-71.275846,44.23798,1200.4],[-71.27561,44.238111,1187.0],[-71.275383,44.238143,1177.8],[-71.275167,44.23812,1171.2],[-71.275001,44.23819,1163.3],[-71.274838,44.238163,1158.3],[-71.274671,44.238222,1150.8],[-71.274401,44.238186,1142.7],[-71.274355,44.238191,1141.0],[-71.274334,44.238184,1140.5],[-71.274288,44.23816,1139.6],[-71.274232,44.238122,1138.7]]}},
{"type":"Feature","properties":{"trail":null,"hero":false,"class":"footway","length_m":78.0},"geometry":{"type":"LineString","coordinates":[[-71.253313,44.257974,630.5],[-71.253341,44.257837,628.7],[-71.253369,44.2577,626.7],[-71.253342,44.25755,624.6],[-71.253291,44.25736,621.5],[-71.253252,44.257285,620.2]]}},
{"type":"Feature","properties":{"trail":"Old Jackson Road","hero":false,"class":null,"length_m":109.0},"geometry":{"type":"LineString","coordinates":[[-71.253313,44.257974,630.5],[-71.253165,44.258203,632.1],[-71.253061,44.258414,633.8],[-71.252958,44.258625,633.8],[-71.252912,44.258762,633.6],[-71.252867,44.258898,633.5]]}},
{"type":"Feature","properties":{"trail":null,"hero":false,"class":"footway","length_m":27.0},"geometry":{"type":"LineString","coordinates":[[-71.253252,44.257285,620.2],[-71.253567,44.257198,621.7]]}},
{"type":"Feature","properties":{"trail":null,"hero":false,"class":"footway","length_m":8.4},"geometry":{"type":"LineString","coordinates":[[-71.253252,44.257285,620.2],[-71.253156,44.257315,620.0]]}},
{"type":"Feature","properties":{"trail":null,"hero":false,"class":"footway","length_m":32.9},"geometry":{"type":"LineString","coordinates":[[-71.253252,44.257285,620.2],[-71.25312,44.257185,618.2],[-71.25304,44.257131,617.6],[-71.25296,44.257077,617.1]]}},
{"type":"Feature","properties":{"trail":null,"hero":false,"class":"footway","length_m":88.2},"geometry":{"type":"LineString","coordinates":[[-71.252867,44.258898,633.5],[-71.252976,44.258839,634.1],[-71.253282,44.258703,636.5],[-71.253537,44.258724,638.0],[-71.253864,44.258815,638.8]]}},
{"type":"Feature","properties":{"trail":null,"hero":false,"class":"footway","length_m":43.2},"geometry":{"type":"LineString","coordinates":[[-71.252867,44.258898,633.5],[-71.252653,44.258971,631.6],[-71.252356,44.25902,627.3]]}},
{"type":"Feature","properties":{"trail":null,"hero":false,"class":"steps","length_m":22.0},"geometry":{"type":"LineString","coordinates":[[-71.256923,44.260536,689.2],[-71.257112,44.26068,692.3]]}},
{"type":"Feature","properties":{"trail":"Huntington Ravine Trail","hero":false,"class":null,"length_m":734.3},"geometry":{"type":"LineString","coordinates":[[-71.26987,44.261821,927.1],[-71.269967,44.261992,926.0],[-71.270064,44.262162,925.2],[-71.270198,44.26236,925.3],[-71.27041,44.262573,926.7],[-71.270524,44.262733,926.8],[-71.270637,44.262892,926.5],[-71.270892,44.263047,929.9],[-71.271147,44.263202,931.0],[-71.271355,44.263356,932.3],[-71.271564,44.263511,932.5],[-71.271741,44.263612,932.6],[-71.271837,44.263708,933.7],[-71.271918,44.263789,934.1],[-71.272067,44.26384,936.2],[-71.272141,44.2639,937.2],[-71.272173,44.263926,938.4],[-71.272353,44.264038,943.7],[-71.272534,44.264149,948.4],[-71.272633,44.264279,952.5],[-71.272732,44.264408,956.1],[-71.272912,44.264527,961.5],[-71.273095,44.264647,965.2],[-71.273277,44.264768,969.4],[-71.273468,44.264846,974.8],[-71.273659,44.264925,978.5],[-71.273985,44.265031,983.6],[-71.27418,44.265171,989.8],[-71.274374,44.26531,993.4],[-71.274569,44.265409,998.0],[-71.274764,44.265508,1000.5],[-71.275006,44.265639,1007.0],[-71.275248,44.26577,1015.2],[-71.275441,44.265907,1022.5],[-71.275587,44.266088,1029.4],[-71.275735,44.266194,1033.6],[-71.275815,44.266388,1041.6],[-71.275895,44.266582,1048.7]]}},
{"type":"Feature","properties":{"trail":"Raymond Path","hero":false,"class":null,"length_m":365.5},"geometry":{"type":"LineString","coordinates":[[-71.275895,44.266582,1048.7],[-71.276117,44.26652,1045.5],[-71.276188,44.266408,1042.1],[-71.276209,44.266375,1041.6],[-71.276273,44.266264,1042.0],[-71.276283,44.266017,1042.2],[-71.276382,44.265883,1045.7],[-71.27648,44.265748,1047.6],[-71.276591,44.265589,1048.2],[-71.276702,44.26543,1047.6],[-71.276912,44.265263,1048.3],[-71.277152,44.265144,1050.0],[-71.27734,44.265075,1050.6],[-71.277528,44.265007,1050.6],[-71.277854,44.264905,1052.6],[-71.278198,44.264801,1054.7],[-71.278542,44.264696,1057.6],[-71.278637,44.264667,1058.5],[-71.27884,44.264592,1060.3],[-71.279043,44.264517,1062.3]]}},
{"type":"Feature","properties":{"trail":"Thompson Falls Trail","hero":false,"class":null,"length_m":82.1},"geometry":{"type":"LineString","coordinates":[[-71.237422,44.265633,592.7],[-71.237413,44.265778,591.6],[-71.237477,44.265917,590.1],[-71.237483,44.265987,589.6],[-71.23742,44.26607,589.8],[-71.237404,44.266148,589.2],[-71.237373,44.266175,589.3],[-71.237196,44.266173,591.3],[-71.237142,44.266188,591.4]]}},
{"type":"Feature","properties":{"trail":null,"hero":false,"class":"path","length_m":1990.7},"geometry":{"type":"LineString","coordinates":[[-71.221358,44.263018,821.3],[-71.221208,44.262871,824.4],[-71.221057,44.262724,827.1],[-71.221093,44.262493,833.3],[-71.221129,44.262261,839.1],[-71.221164,44.262029,846.2],[-71.221354,44.261853,854.7],[-71.221543,44.261678,862.5],[-71.221545,44.261527,865.9],[-71.221543,44.261279,869.4],[-71.221721,44.261056,877.1],[-71.221892,44.261265,883.3],[-71.222063,44.261474,888.5],[-71.222226,44.261567,893.5],[-71.22239,44.26166,893.9],[-71.222701,44.261678,899.1],[-71.222941,44.261611,905.2],[-71.223181,44.261544,908.4],[-71.22342,44.261477,908.4],[-71.223548,44.261375,910.3],[-71.223625,44.261281,912.0],[-71.223687,44.261121,916.1],[-71.223748,44.26096,918.7],[-71.223898,44.260835,918.5],[-71.224048,44.260711,921.1],[-71.224178,44.260605,922.1],[-71.224307,44.2605,924.0],[-71.22447,44.260355,925.7],[-71.224633,44.260211,927.8],[-71.224795,44.260067,931.0],[-71.225018,44.259896,933.7],[-71.225241,44.259726,936.1],[-71.225464,44.259556,940.1],[-71.225642,44.259407,944.1],[-71.22582,44.259258,947.9],[-71.225999,44.259109,951.6],[-71.225898,44.258918,957.3],[-71.225798,44.258726,964.2],[-71.225609,44.258638,968.3],[-71.225419,44.258551,973.0],[-71.22533,44.258367,978.3],[-71.225241,44.258184,985.1],[-71.22513,44.258064,990.1],[-71.22502,44.257945,994.3],[-71.225077,44.257799,998.0],[-71.225135,44.257654,999.8],[-71.225232,44.257486,1000.7],[-71.22533,44.257318,1003.1],[-71.225388,44.257054,1008.7],[-71.225514,44.256894,1010.0],[-71.225641,44.256734,1011.1],[-71.225676,44.256509,1013.5],[-71.225598,44.256349,1017.1],[-71.225419,44.256285,1022.7],[-71.225241,44.256221,1028.0],[-71.224918,44.256221,1035.3],[-71.224595,44.256221,1042.1],[-71.22425,44.256301,1046.7],[-71.223904,44.256381,1048.3],[-71.22367,44.256365,1050.2],[-71.223437,44.256349,1052.0],[-71.223347,44.256213,1056.3],[-71.223258,44.256078,1061.5],[-71.223381,44.255902,1068.3],[-71.223503,44.255727,1074.2],[-71.223576,44.255602,1077.2],[-71.223649,44.255477,1079.7],[-71.223704,44.255216,1085.2],[-71.223849,44.255032,1086.9],[-71.223994,44.254849,1089.1],[-71.224027,44.25461,1093.5],[-71.22406,44.25437,1098.2],[-71.224026,44.254125,1104.2],[-71.223992,44.25388,1110.2],[-71.223813,44.253736,1116.0],[-71.223513,44.253665,1122.6],[-71.223212,44.253594,1129.1],[-71.223097,44.253565,1131.7],[-71.223211,44.253377,1133.2],[-71.223325,44.253189,1136.3],[-71.223492,44.252998,1141.8],[-71.223659,44.252806,1144.2],[-71.22367,44.252567,1150.2],[-71.223682,44.252328,1156.9],[-71.223637,44.252088,1163.1],[-71.223592,44.251849,1167.3],[-71.223615,44.251673,1169.1],[-71.223637,44.251498,1170.0],[-71.223459,44.251296,1172.3],[-71.223281,44.251094,1178.0],[-71.223102,44.250891,1185.4],[-71.223164,44.250716,1190.8]]}},
{"type":"Feature","properties":{"trail":"Lawn Cut-Off","hero":false,"class":null,"length_m":674.6},"geometry":{"type":"LineString","coordinates":[[-71.301892,44.257731,1669.3],[-71.301923,44.257762,1668.8],[-71.301938,44.257797,1668.3],[-71.301943,44.25782,1668.0],[-71.301979,44.257963,1666.3],[-71.301995,44.258148,1664.0],[-71.302061,44.258413,1660.8],[-71.302127,44.258677,1657.7],[-71.302145,44.258694,1657.5],[-71.302148,44.258713,1657.3],[-71.302152,44.258758,1656.8],[-71.302163,44.258806,1656.3],[-71.302181,44.258857,1655.8],[-71.3022,44.258874,1655.7],[-71.302203,44.258899,1655.4],[-71.302231,44.258958,1655.0],[-71.302291,44.259087,1654.0],[-71.302301,44.259165,1653.3],[-71.302312,44.259196,1653.1],[-71.302332,44.259226,1652.9],[-71.302348,44.259258,1652.7],[-71.302355,44.259292,1652.5],[-71.302363,44.259335,1652.2],[-71.302372,44.259376,1651.9],[-71.302374,44.259445,1651.3],[-71.302371,44.259491,1650.7],[-71.302381,44.259517,1650.5],[-71.302385,44.25954,1650.3],[-71.302385,44.259559,1650.1],[-71.302401,44.259597,1649.7],[-71.302412,44.259635,1649.3],[-71.302456,44.259796,1647.8],[-71.302485,44.259918,1646.7],[-71.30252,44.260026,1645.7],[-71.302573,44.260179,1644.1],[-71.30264,44.260388,1642.2],[-71.302685,44.260548,1640.9],[-71.302723,44.260647,1640.2],[-71.30274,44.260732,1639.4],[-71.302761,44.260768,1639.3],[-71.302807,44.260806,1639.4],[-71.302871,44.260877,1639.3],[-71.302881,44.260907,1639.1],[-71.302905,44.261007,1638.4],[-71.30297,44.261215,1637.1],[-71.302981,44.261389,1635.6],[-71.302993,44.261563,1634.0],[-71.302998,44.261621,1633.4],[-71.303013,44.261764,1632.8],[-71.303028,44.261906,1632.4],[-71.303015,44.261971,1632.1],[-71.303021,44.261991,1632.3],[-71.303014,44.262017,1632.3],[-71.302991,44.262052,1632.1],[-71.302977,44.262101,1632.0],[-71.302978,44.262139,1632.1],[-71.30297,44.262206,1632.2],[-71.30294,44.262279,1632.0],[-71.30292,44.262301,1631.8],[-71.3029,44.262309,1631.5],[-71.302882,44.262317,1631.2],[-71.302879,44.262326,1631.2],[-71.302877,44.262344,1631.3],[-71.302878,44.262373,1631.4],[-71.302874,44.262399,1631.5],[-71.302881,44.262464,1631.9],[-71.302871,44.262496,1631.8],[-71.302874,44.262518,1632.1],[-71.302879,44.262548,1632.6],[-71.302883,44.262568,1632.9],[-71.302877,44.262647,1633.8],[-71.302876,44.262737,1634.9],[-71.302859,44.262776,1635.1],[-71.302852,44.262807,1635.5],[-71.30283,44.262843,1635.9],[-71.30278,44.262896,1636.2],[-71.302768,44.26292,1636.5],[-71.302681,44.263024,1636.7],[-71.30265,44.263058,1636.7],[-71.302629,44.263092,1636.8],[-71.302581,44.263109,1636.2],[-71.302565,44.263126,1636.2],[-71.302554,44.263172,1636.7],[-71.302547,44.263241,1637.6],[-71.30253,44.263412,1639.5],[-71.302387,44.263547,1637.7]]}},
{"type":"Feature","properties":{"trail":"Gulfside Trail","hero":false,"class":null,"length_m":83.1},"geometry":{"type":"LineString","coordinates":[[-71.304813,44.273887,1823.8],[-71.304797,44.273979,1822.2],[-71.304726,44.274174,1818.8],[-71.304719,44.274234,1817.8],[-71.304723,44.274293,1816.7],[-71.304724,44.274339,1815.8],[-71.304704,44.274445,1814.0],[-71.304692,44.274571,1811.8],[-71.304682,44.274626,1810.9]]}},
{"type":"Feature","properties":{"trail":null,"hero":false,"class":"track","length_m":205.2},"geometry":{"type":"LineString","coordinates":[[-71.304813,44.273887,1823.8],[-71.304767,44.273872,1824.6],[-71.304491,44.273762,1828.1],[-71.304215,44.273652,1831.0],[-71.303939,44.273542,1833.6],[-71.303663,44.273432,1837.1],[-71.303387,44.273322,1841.2],[-71.303077,44.273193,1845.6],[-71.302876,44.273099,1848.2],[-71.302633,44.272947,1852.1],[-71.302612,44.272943,1852.3]]}},
{"type":"Feature","properties":{"trail":"Gulfside Trail","hero":false,"class":null,"length_m":1.4},"geometry":{"type":"LineString","coordinates":[[-71.304682,44.274626,1810.9],[-71.304679,44.274638,1810.7]]}},
{"type":"Feature","properties":{"trail":null,"hero":false,"class":"path","length_m":164.6},"geometry":{"type":"LineString","coordinates":[[-71.304682,44.274626,1810.9],[-71.304622,44.274634,1811.1],[-71.304528,44.274646,1811.4],[-71.304485,44.274653,1811.5],[-71.304448,44.274666,1811.5],[-71.30442,44.27467,1811.6],[-71.304378,44.274664,1812.0],[-71.304329,44.274664,1812.4],[-71.304261,44.27466,1813.0],[-71.304215,44.274656,1813.4],[-71.304181,44.274646,1813.8],[-71.304156,44.274645,1814.0],[-71.3041,44.274651,1814.4],[-71.30408,44.274657,1814.5],[-71.304058,44.274661,1814.6],[-71.304037,44.27466,1814.8],[-71.30401,44.274656,1815.1],[-71.303978,44.274645,1815.5],[-71.30395,44.274629,1816.0],[-71.303926,44.274623,1816.3],[-71.303907,44.274618,1816.5],[-71.303883,44.274626,1816.6],[-71.303863,44.274632,1816.7],[-71.303828,44.274632,1817.1],[-71.303761,44.274626,1817.8],[-71.303735,44.274624,1818.1],[-71.3037,44.274622,1818.5],[-71.303676,44.27461,1818.8],[-71.303641,44.274607,1819.2],[-71.303605,44.274603,1819.6],[-71.303561,44.274595,1820.2],[-71.303535,44.274582,1820.7],[-71.303504,44.274573,1821.1],[-71.303466,44.274569,1821.6],[-71.303445,44.27456,1822.0],[-71.303415,44.274551,1822.5],[-71.303404,44.274556,1822.5],[-71.303378,44.274556,1822.8],[-71.303352,44.27455,1823.2],[-71.303293,44.274545,1824.1],[-71.303202,44.274545,1825.4],[-71.303089,44.274545,1827.0],[-71.303022,44.274557,1827.7],[-71.302899,44.274553,1829.4],[-71.302869,44.274545,1829.9],[-71.302684,44.274535,1832.1]]}},
{"type":"Feature","properties":{"trail":null,"hero":false,"class":"path","length_m":58.5},"geometry":{"type":"LineString","coordinates":[[-71.302612,44.272943,1852.3],[-71.302529,44.272844,1854.7],[-71.302306,44.272682,1859.1],[-71.302156,44.272534,1862.6]]}},
{"type":"Feature","properties":{"trail":null,"hero":false,"class":"track","length_m":112.7},"geometry":{"type":"LineString","coordinates":[[-71.302612,44.272943,1852.3],[-71.302595,44.272945,1852.4],[-71.30257,44.272952,1852.4],[-71.302541,44.272967,1852.4],[-71.302473,44.273008,1851.9],[-71.302341,44.273095,1851.1],[-71.302162,44.273203,1850.8],[-71.30212,44.273235,1850.7],[-71.302106,44.273263,1850.5],[-71.302104,44.273293,1850.3],[-71.302107,44.273407,1849.3],[-71.302091,44.273432,1849.1],[-71.302058,44.273452,1849.1],[-71.302014,44.273466,1849.1],[-71.301892,44.273497,1849.2],[-71.301644,44.273572,1849.6]]}},
{"type":"Feature","properties":{"trail":"Gulfside Trail","hero":false,"class":null,"length_m":712.3},"geometry":{"type":"LineString","coordinates":[[-71.304679,44.274638,1810.7],[-71.30472,44.274666,1810.0],[-71.304778,44.274701,1809.0],[-71.304848,44.274724,1808.1],[-71.305153,44.274797,1803.1],[-71.305262,44.274821,1801.1],[-71.305332,44.274837,1799.7],[-71.305425,44.27485,1798.0],[-71.305525,44.274843,1797.2],[-71.305609,44.274834,1796.7],[-71.305745,44.274826,1795.6],[-71.305947,44.274804,1794.1],[-71.306129,44.274837,1791.0],[-71.306274,44.274866,1788.9],[-71.306379,44.274904,1787.0],[-71.306444,44.274915,1786.2],[-71.306556,44.274918,1785.3],[-71.306649,44.274924,1784.5],[-71.306757,44.274939,1783.1],[-71.306805,44.274934,1782.6],[-71.306874,44.274947,1781.6],[-71.307058,44.274953,1779.1],[-71.307199,44.275007,1776.2],[-71.307386,44.275082,1771.9],[-71.30755,44.275159,1768.9],[-71.307584,44.275171,1768.4],[-71.307625,44.275168,1768.1],[-71.30768,44.275164,1767.8],[-71.307721,44.275166,1767.4],[-71.307775,44.275165,1767.0],[-71.308076,44.275242,1762.0],[-71.308156,44.275274,1760.5],[-71.308208,44.275306,1758.7],[-71.308356,44.275343,1756.4],[-71.308434,44.275383,1754.7],[-71.308512,44.275414,1753.5],[-71.308659,44.27549,1751.0],[-71.308799,44.275577,1748.0],[-71.3089,44.27567,1745.2],[-71.308978,44.27577,1742.6],[-71.309073,44.275819,1741.0],[-71.309162,44.275851,1739.0],[-71.309253,44.275906,1735.4],[-71.309346,44.275943,1733.0],[-71.309391,44.275947,1732.8],[-71.309505,44.275956,1732.2],[-71.309532,44.275961,1732.0],[-71.309567,44.275982,1730.9],[-71.30959,44.275989,1730.6],[-71.309638,44.275981,1731.1],[-71.309697,44.276007,1730.0],[-71.309705,44.27604,1728.5],[-71.309712,44.276064,1727.5],[-71.309745,44.276101,1726.0],[-71.309773,44.276121,1725.0],[-71.3098,44.276129,1724.5],[-71.309831,44.276129,1724.7],[-71.309873,44.276146,1724.0],[-71.309906,44.276166,1723.0],[-71.309951,44.276196,1721.7],[-71.309976,44.276239,1719.7],[-71.310022,44.276278,1718.3],[-71.310069,44.276306,1717.3],[-71.310134,44.276322,1717.3],[-71.310191,44.276362,1716.4],[-71.310275,44.276442,1714.6],[-71.310335,44.276479,1712.9],[-71.310402,44.276507,1711.4],[-71.310469,44.276611,1707.4],[-71.310506,44.276667,1705.4],[-71.310535,44.276688,1704.8],[-71.310616,44.27672,1703.5],[-71.310681,44.27674,1702.5],[-71.310803,44.276802,1699.9],[-71.311021,44.276955,1695.1],[-71.311063,44.276984,1694.0],[-71.311101,44.277013,1693.3],[-71.311118,44.277031,1692.8],[-71.311141,44.277037,1692.5],[-71.311169,44.277041,1692.2],[-71.311195,44.277069,1691.5],[-71.311277,44.277129,1690.0],[-71.311499,44.277216,1687.6],[-71.31162,44.277273,1685.3],[-71.311734,44.277318,1683.4],[-71.311841,44.277385,1681.2],[-71.311957,44.277462,1678.9],[-71.312119,44.277522,1675.7]]}},
{"type":"Feature","properties":{"trail":"Great Gulf Trail","hero":false,"class":null,"length_m":2379.2},"geometry":{"type":"LineString","coordinates":[[-71.304679,44.274638,1810.7],[-71.304587,44.274715,1809.9],[-71.304588,44.274797,1807.6],[-71.304653,44.275044,1798.5],[-71.304818,44.275081,1793.8],[-71.304886,44.27515,1788.1],[-71.305108,44.275242,1777.0],[-71.305142,44.275441,1760.0],[-71.305326,44.275572,1743.4],[-71.30551,44.275703,1728.3],[-71.305635,44.275702,1725.1],[-71.305747,44.275812,1713.1],[-71.305859,44.275922,1702.5],[-71.30596,44.27599,1695.6],[-71.306049,44.27614,1682.7],[-71.306137,44.27629,1670.9],[-71.306257,44.276406,1659.6],[-71.306377,44.276522,1648.1],[-71.306564,44.276606,1638.5],[-71.306636,44.276744,1627.2],[-71.306655,44.276815,1622.0],[-71.306676,44.276881,1617.1],[-71.306734,44.276997,1608.6],[-71.30675,44.277067,1603.8],[-71.306852,44.277162,1594.8],[-71.306884,44.277256,1587.6],[-71.306915,44.27731,1583.2],[-71.306981,44.277399,1575.9],[-71.307025,44.277471,1570.3],[-71.30708,44.27755,1564.5],[-71.307172,44.277672,1555.4],[-71.307192,44.277729,1551.6],[-71.307208,44.277834,1545.3],[-71.307324,44.278074,1529.4],[-71.307431,44.278136,1523.4],[-71.307499,44.278264,1514.3],[-71.307568,44.278391,1506.0],[-71.307711,44.278509,1497.0],[-71.307768,44.278667,1486.8],[-71.307825,44.278824,1477.1],[-71.307797,44.278989,1467.5],[-71.307896,44.279128,1458.2],[-71.308113,44.279268,1447.0],[-71.308155,44.27945,1434.2],[-71.308196,44.279631,1419.5],[-71.308275,44.279803,1406.9],[-71.308355,44.279862,1403.2],[-71.308398,44.280049,1392.6],[-71.308494,44.280101,1390.9],[-71.308571,44.280333,1378.6],[-71.308648,44.280564,1366.7],[-71.308693,44.280826,1355.2],[-71.308719,44.280919,1351.7],[-71.308661,44.281087,1344.1],[-71.308785,44.281304,1337.5],[-71.308767,44.281534,1330.9],[-71.308665,44.281677,1326.9],[-71.308563,44.281819,1323.3],[-71.308562,44.282087,1317.1],[-71.308449,44.282196,1314.3],[-71.308356,44.282438,1309.4],[-71.308358,44.282584,1307.8],[-71.308359,44.282731,1306.9],[-71.308414,44.28284,1306.0],[-71.30835,44.283099,1305.0],[-71.308286,44.283357,1303.6],[-71.308161,44.283596,1300.7],[-71.308243,44.283799,1297.2],[-71.308324,44.284001,1293.6],[-71.308223,44.284184,1293.5],[-71.308199,44.284334,1293.4],[-71.308176,44.284483,1292.8],[-71.307994,44.284674,1290.0],[-71.307812,44.284865,1286.9],[-71.307587,44.284939,1284.0],[-71.307425,44.285111,1279.3],[-71.307277,44.285189,1276.4],[-71.307029,44.285227,1273.6],[-71.306853,44.285406,1270.2],[-71.306798,44.285649,1267.0],[-71.306744,44.285892,1263.7],[-71.306601,44.286007,1264.1],[-71.306479,44.286182,1263.8],[-71.306357,44.286357,1262.0],[-71.306235,44.286532,1259.4],[-71.306137,44.286758,1253.1],[-71.305916,44.286901,1250.1],[-71.305696,44.287044,1245.1],[-71.305598,44.287161,1240.1],[-71.30561,44.287312,1234.7],[-71.305622,44.287462,1230.3],[-71.305494,44.287626,1227.2],[-71.305365,44.28779,1224.5],[-71.305173,44.287952,1222.6],[-71.304981,44.288115,1221.2],[-71.304902,44.288333,1217.2],[-71.304824,44.288551,1212.7],[-71.304634,44.288638,1211.2],[-71.304413,44.288821,1207.0],[-71.304342,44.289002,1201.7],[-71.30424,44.289088,1199.1],[-71.304256,44.28917,1196.4],[-71.304122,44.289288,1192.9],[-71.303988,44.289405,1189.5],[-71.303877,44.289587,1184.4],[-71.303765,44.289769,1179.7],[-71.303654,44.289951,1175.1],[-71.303592,44.290088,1172.2],[-71.303529,44.290225,1170.4],[-71.303527,44.290348,1167.4],[-71.303345,44.290571,1160.7],[-71.303164,44.290793,1157.4],[-71.303102,44.291001,1152.6],[-71.303039,44.29121,1147.2],[-71.302977,44.291418,1141.5],[-71.302915,44.291626,1136.5],[-71.302943,44.291765,1132.0],[-71.302972,44.291903,1127.7],[-71.302941,44.292108,1123.3],[-71.302846,44.292225,1120.3],[-71.302701,44.292289,1119.4],[-71.302532,44.292471,1115.4],[-71.302438,44.292595,1113.3],[-71.302391,44.292683,1112.0],[-71.302391,44.292801,1110.5],[-71.302459,44.292873,1111.1],[-71.30249,44.293039,1111.7],[-71.302592,44.293069,1112.4],[-71.302579,44.29316,1112.5],[-71.302439,44.293293,1111.5]]}},
{"type":"Feature","properties":{"trail":"Gulfside Trail","hero":false,"class":null,"length_m":165.7},"geometry":{"type":"LineString","coordinates":[[-71.312119,44.277522,1675.7],[-71.31223,44.277578,1672.9],[-71.312306,44.277647,1670.4],[-71.31235,44.277696,1668.7],[-71.312395,44.277754,1666.9],[-71.312435,44.277784,1665.7],[-71.312481,44.277794,1665.0],[-71.312519,44.277829,1663.9],[-71.312562,44.277851,1663.1],[-71.312607,44.277896,1661.8],[-71.312653,44.277943,1660.5],[-71.312678,44.277986,1659.4],[-71.312824,44.278156,1655.0],[-71.312926,44.278254,1652.3],[-71.312989,44.278343,1650.2],[-71.313033,44.27846,1648.9],[-71.313137,44.27858,1647.2],[-71.313303,44.278713,1645.2]]}},
{"type":"Feature","properties":{"trail":"Mount Clay Loop","hero":false,"class":null,"length_m":1641.1},"geometry":{"type":"LineString","coordinates":[[-71.313303,44.278713,1645.2],[-71.313286,44.278759,1645.0],[-71.313283,44.278809,1644.6],[-71.313278,44.278821,1644.5],[-71.31329,44.278842,1644.4],[-71.313324,44.278865,1644.1],[-71.313339,44.278886,1643.9],[-71.313364,44.278923,1643.4],[-71.313394,44.278946,1643.1],[-71.313415,44.278966,1642.8],[-71.313446,44.27903,1642.2],[-71.313536,44.279159,1641.3],[-71.313617,44.279269,1640.5],[-71.313726,44.279381,1640.8],[-71.313733,44.279433,1640.7],[-71.313723,44.279489,1640.3],[-71.313742,44.279584,1640.2],[-71.313768,44.279658,1640.4],[-71.313812,44.279735,1640.9],[-71.313818,44.279794,1640.4],[-71.313867,44.279858,1640.8],[-71.313901,44.279918,1640.9],[-71.313924,44.279972,1640.8],[-71.313961,44.280007,1641.3],[-71.314021,44.280035,1642.2],[-71.314123,44.280042,1644.4],[-71.314191,44.280027,1645.7],[-71.314247,44.280013,1646.4],[-71.3143,44.28002,1647.2],[-71.314364,44.280048,1648.5],[-71.314455,44.280108,1651.4],[-71.314495,44.280145,1652.5],[-71.314524,44.280182,1653.7],[-71.314565,44.280208,1654.8],[-71.314623,44.280228,1655.9],[-71.31466,44.280235,1656.4],[-71.314692,44.280254,1657.4],[-71.314755,44.28031,1659.1],[-71.31481,44.28037,1659.9],[-71.314887,44.280455,1661.1],[-71.314962,44.280543,1662.2],[-71.315027,44.280648,1663.1],[-71.31505,44.280693,1663.7],[-71.315068,44.280751,1664.8],[-71.315094,44.280801,1665.5],[-71.315167,44.280951,1667.4],[-71.315182,44.281004,1668.3],[-71.315175,44.281047,1669.3],[-71.315157,44.281091,1670.3],[-71.315118,44.281128,1671.0],[-71.315103,44.281162,1671.4],[-71.315099,44.281196,1671.7],[-71.315108,44.28123,1672.0],[-71.315122,44.281301,1672.8],[-71.315141,44.281334,1673.3],[-71.315171,44.281356,1674.0],[-71.315251,44.281377,1675.3],[-71.315291,44.281392,1675.6],[-71.315308,44.281421,1674.9],[-71.315313,44.281455,1674.4],[-71.315344,44.281481,1673.7],[-71.315413,44.281522,1672.6],[-71.315447,44.281549,1672.2],[-71.315479,44.281599,1671.9],[-71.315497,44.281651,1671.9],[-71.315512,44.281814,1669.3],[-71.315518,44.281877,1668.2],[-71.315518,44.281926,1667.3],[-71.315525,44.281987,1667.3],[-71.315494,44.282077,1667.5],[-71.315471,44.282159,1667.9],[-71.315454,44.282342,1669.8],[-71.315443,44.282386,1670.2],[-71.315402,44.282484,1671.1],[-71.315411,44.282661,1670.4],[-71.315419,44.282839,1668.7],[-71.315407,44.282915,1667.3],[-71.315435,44.283032,1665.0],[-71.315459,44.283146,1661.9],[-71.315493,44.283254,1658.8],[-71.315483,44.28332,1657.0],[-71.315526,44.283387,1656.0],[-71.315542,44.283464,1655.2],[-71.315573,44.283618,1653.8],[-71.315639,44.283817,1654.5],[-71.315671,44.28395,1655.8],[-71.315701,44.284141,1659.1],[-71.315706,44.284235,1662.2],[-71.315696,44.284267,1663.3],[-71.315667,44.284295,1664.3],[-71.315602,44.284332,1665.3],[-71.31556,44.284369,1666.5],[-71.315554,44.284391,1667.2],[-71.315569,44.284417,1668.2],[-71.315602,44.284436,1669.1],[-71.315672,44.284437,1669.6],[-71.31572,44.284447,1670.2],[-71.315741,44.284487,1671.2],[-71.315739,44.284531,1672.2],[-71.31567,44.284648,1674.2],[-71.315643,44.284707,1675.1],[-71.315627,44.284765,1675.6],[-71.315615,44.284833,1676.0],[-71.315623,44.2849,1676.6],[-71.315655,44.284984,1677.5],[-71.315663,44.285031,1677.9],[-71.315654,44.285133,1678.4],[-71.315582,44.285336,1679.1],[-71.315583,44.285383,1679.3],[-71.315594,44.28543,1679.6],[-71.315643,44.285561,1680.1],[-71.315669,44.28573,1680.0],[-71.315699,44.285802,1679.8],[-71.315741,44.285872,1679.8],[-71.315736,44.285923,1680.0],[-71.315716,44.285982,1680.3],[-71.315656,44.28611,1681.1],[-71.315618,44.286211,1679.7],[-71.315586,44.286245,1679.5],[-71.315539,44.286276,1679.1],[-71.315498,44.2863,1678.3],[-71.315447,44.286361,1677.2],[-71.315419,44.286408,1676.5],[-71.315421,44.286458,1675.6],[-71.315411,44.286513,1674.4],[-71.315321,44.286617,1672.6],[-71.315298,44.286651,1672.2],[-71.315294,44.286688,1671.6],[-71.315318,44.28675,1670.4],[-71.315343,44.286797,1669.4],[-71.315337,44.286838,1668.7],[-71.315308,44.286885,1668.2],[-71.315264,44.286937,1667.5],[-71.315174,44.287016,1664.5],[-71.315123,44.287074,1662.7],[-71.315046,44.287116,1661.7],[-71.315014,44.28714,1661.3],[-71.31492,44.287248,1658.3],[-71.314841,44.287363,1655.6],[-71.314819,44.287408,1654.7],[-71.314818,44.287452,1654.1],[-71.314806,44.287532,1653.0],[-71.314774,44.287621,1652.0],[-71.31471,44.287726,1650.7],[-71.314644,44.287823,1648.7],[-71.314538,44.287981,1646.4],[-71.314517,44.288044,1646.0],[-71.314499,44.288101,1644.8],[-71.314502,44.288143,1643.8],[-71.314523,44.288178,1643.1],[-71.314554,44.288214,1642.3],[-71.314576,44.288248,1641.4],[-71.314573,44.288306,1639.8],[-71.314551,44.288367,1637.9],[-71.314556,44.288392,1637.0],[-71.314573,44.288416,1636.0],[-71.314666,44.288484,1633.0],[-71.314786,44.288558,1629.2],[-71.314806,44.288579,1628.1],[-71.314844,44.288655,1625.3],[-71.314899,44.28871,1623.3],[-71.314979,44.288753,1621.4],[-71.31505,44.288801,1619.2],[-71.315096,44.288882,1616.4],[-71.315131,44.288967,1614.2],[-71.315243,44.289122,1609.5],[-71.315363,44.289248,1604.6],[-71.315397,44.289325,1601.9],[-71.315448,44.28944,1597.9],[-71.315495,44.289515,1594.7],[-71.31553,44.28956,1592.7],[-71.315576,44.289606,1590.6],[-71.315671,44.289675,1586.8],[-71.31573,44.289717,1584.6],[-71.315783,44.289744,1582.7],[-71.315807,44.289769,1581.3],[-71.315805,44.289802,1580.1],[-71.315808,44.289842,1578.6],[-71.315819,44.289867,1577.5],[-71.315852,44.28989,1576.1],[-71.315912,44.289919,1574.2],[-71.315979,44.289939,1572.6],[-71.316044,44.289968,1570.7],[-71.316096,44.29,1569.0],[-71.316158,44.290043,1566.3],[-71.31617,44.290069,1565.1],[-71.316172,44.290093,1564.2],[-71.316162,44.29016,1562.0],[-71.316141,44.290244,1559.5],[-71.316124,44.290324,1556.9],[-71.316106,44.290391,1554.6],[-71.316099,44.290465,1551.8],[-71.316095,44.29051,1550.1],[-71.31608,44.29055,1548.7],[-71.316054,44.290585,1547.7],[-71.316043,44.290624,1546.5],[-71.316046,44.290655,1545.4],[-71.316061,44.290693,1544.0],[-71.316085,44.290734,1542.4],[-71.316105,44.290785,1540.5],[-71.316108,44.290841,1538.6],[-71.316086,44.290904,1537.5],[-71.316083,44.290953,1536.4],[-71.316095,44.290987,1535.6],[-71.316115,44.291022,1534.6],[-71.316149,44.291064,1533.4],[-71.316195,44.291101,1532.1],[-71.316284,44.291143,1530.4],[-71.316343,44.291163,1529.5],[-71.31639,44.291191,1528.7],[-71.316433,44.291221,1527.9],[-71.316503,44.291253,1527.1],[-71.316576,44.291286,1526.4],[-71.316655,44.291332,1525.8],[-71.316783,44.291417,1525.4],[-71.316969,44.291504,1525.7]]}},
{"type":"Feature","properties":{"trail":null,"hero":false,"class":"path","length_m":8.3},"geometry":{"type":"LineString","coordinates":[[-71.287329,44.260368,1189.9],[-71.287346,44.260349,1190.0],[-71.287358,44.260323,1189.9],[-71.287368,44.260299,1189.8]]}},
{"type":"Feature","properties":{"trail":"Avalanche Brook Ski Trail","hero":false,"class":null,"length_m":1760.8},"geometry":{"type":"LineString","coordinates":[[-71.256327,44.253967,639.1],[-71.256253,44.253805,639.7],[-71.256179,44.253643,640.1],[-71.256072,44.253478,641.1],[-71.255948,44.25334,642.2],[-71.255814,44.25329,641.8],[-71.255535,44.253224,640.8],[-71.255465,44.253125,641.3],[-71.255476,44.253013,642.6],[-71.25546,44.252763,644.9],[-71.255487,44.252579,647.0],[-71.255567,44.252456,649.0],[-71.255632,44.25231,650.4],[-71.255627,44.252246,650.8],[-71.255616,44.252087,651.3],[-71.2556,44.251951,651.5],[-71.255584,44.251814,653.3],[-71.255562,44.251576,656.7],[-71.255584,44.251436,659.2],[-71.255605,44.251296,661.4],[-71.255755,44.25105,666.6],[-71.255879,44.250877,670.7],[-71.256056,44.250735,674.7],[-71.256115,44.250546,676.9],[-71.256109,44.250358,678.6],[-71.256104,44.25017,679.6],[-71.256179,44.249955,681.0],[-71.256251,44.24982,682.4],[-71.256324,44.249686,683.9],[-71.256356,44.24954,684.5],[-71.256388,44.249394,685.5],[-71.256439,44.249251,687.6],[-71.25649,44.249109,689.4],[-71.256608,44.24894,691.4],[-71.256766,44.248867,693.0],[-71.256925,44.248794,694.9],[-71.257118,44.248725,696.8],[-71.257397,44.248617,700.1],[-71.257633,44.248418,703.4],[-71.257753,44.248308,705.3],[-71.257874,44.248198,706.7],[-71.258105,44.247999,709.6],[-71.258247,44.247905,711.2],[-71.258389,44.24781,712.9],[-71.258572,44.247757,714.5],[-71.25885,44.247753,717.1],[-71.259221,44.247768,720.1],[-71.259424,44.247808,721.9],[-71.259628,44.247849,725.3],[-71.259811,44.247872,728.0],[-71.259988,44.247826,730.9],[-71.260041,44.247726,732.3],[-71.260082,44.247588,733.4],[-71.260122,44.247449,734.9],[-71.260202,44.247234,738.0],[-71.26024,44.247084,739.3],[-71.260277,44.246934,740.4],[-71.260304,44.24679,741.1],[-71.260331,44.246646,741.8],[-71.260326,44.246506,741.9],[-71.26032,44.246365,742.1],[-71.260331,44.246143,743.9],[-71.260342,44.24592,744.5],[-71.260379,44.24576,745.5],[-71.260417,44.245601,746.7],[-71.260556,44.245374,748.4],[-71.260685,44.24527,749.6],[-71.260814,44.245167,750.5],[-71.261045,44.245044,753.9],[-71.261275,44.244921,757.5],[-71.261511,44.244729,759.6],[-71.261715,44.244609,761.9],[-71.261914,44.24459,765.3],[-71.262083,44.24449,765.1],[-71.262252,44.24439,765.1],[-71.26245,44.244271,765.5],[-71.262648,44.244152,766.7],[-71.262777,44.244083,768.2],[-71.262879,44.243914,768.2],[-71.262992,44.243795,769.8],[-71.26322,44.243697,774.4],[-71.263448,44.243599,778.6],[-71.263609,44.243457,780.3],[-71.263856,44.243299,784.4],[-71.263944,44.243176,786.0],[-71.264032,44.243053,787.7],[-71.264145,44.242815,790.0],[-71.264199,44.242592,791.0],[-71.264201,44.242423,790.5],[-71.264204,44.242254,789.8],[-71.264287,44.242133,792.2],[-71.26437,44.242011,794.6],[-71.264526,44.241866,798.2],[-71.264682,44.241721,801.6]]}},
{"type":"Feature","properties":{"trail":"Avalanche Brook Ski Trail","hero":false,"class":null,"length_m":4740.3},"geometry":{"type":"LineString","coordinates":[[-71.264682,44.241721,801.6],[-71.264795,44.24158,803.2],[-71.264907,44.241439,804.3],[-71.264949,44.241374,804.8],[-71.265041,44.241233,808.0],[-71.265132,44.241093,810.9],[-71.265164,44.240874,811.5],[-71.265159,44.240663,811.5],[-71.265213,44.240436,814.2],[-71.265202,44.24029,815.4],[-71.265127,44.240113,814.2],[-71.265129,44.239918,814.9],[-71.26513,44.239724,815.7],[-71.265132,44.239529,815.9],[-71.265105,44.239371,815.8],[-71.265079,44.239214,816.0],[-71.265017,44.239014,815.4],[-71.264955,44.238814,814.4],[-71.264893,44.238631,812.8],[-71.264832,44.238449,812.1],[-71.264826,44.238222,812.8],[-71.264875,44.238088,814.3],[-71.264923,44.237953,815.9],[-71.26495,44.237726,817.3],[-71.264875,44.237553,816.2],[-71.264738,44.237369,812.9],[-71.264601,44.237184,809.0],[-71.26447,44.236975,805.1],[-71.264338,44.236765,801.0],[-71.264201,44.236616,798.0],[-71.264065,44.236466,795.8],[-71.263944,44.236341,793.9],[-71.263823,44.236216,791.9],[-71.263764,44.236035,790.3],[-71.263861,44.235843,790.1],[-71.263955,44.235659,789.4],[-71.264049,44.235474,788.5],[-71.264148,44.235293,788.0],[-71.264247,44.235113,787.1],[-71.264349,44.234936,785.8],[-71.264451,44.234759,783.0],[-71.26459,44.234605,780.5],[-71.264757,44.234505,780.0],[-71.264998,44.234432,782.4],[-71.265116,44.234271,778.3],[-71.265186,44.234073,772.7],[-71.265256,44.233875,767.7],[-71.265368,44.233721,765.9],[-71.265502,44.233472,762.6],[-71.265535,44.233333,759.5],[-71.265567,44.233195,755.9],[-71.26562,44.233012,751.4],[-71.265674,44.23283,747.8],[-71.26583,44.232684,747.5],[-71.266098,44.232526,748.1],[-71.266098,44.232411,746.2],[-71.265937,44.232176,739.7],[-71.265899,44.231911,733.8],[-71.265942,44.231688,731.1],[-71.266071,44.231527,732.5],[-71.266044,44.231354,730.8],[-71.266017,44.231181,729.5],[-71.265948,44.231017,727.2],[-71.265878,44.230854,724.8],[-71.265797,44.230635,721.5],[-71.265781,44.230512,720.9],[-71.265762,44.230358,721.1],[-71.265744,44.230204,720.9],[-71.265663,44.229966,719.2],[-71.265535,44.229832,716.9],[-71.265406,44.229697,714.3],[-71.265231,44.229522,712.3],[-71.265057,44.229347,711.3],[-71.264928,44.229124,711.0],[-71.264966,44.228924,712.0],[-71.265052,44.228763,712.9],[-71.265137,44.228602,713.7],[-71.265245,44.228402,713.9],[-71.265374,44.228336,714.8],[-71.265492,44.228267,716.2],[-71.265475,44.228171,716.0],[-71.265359,44.228069,713.7],[-71.265309,44.228025,712.9],[-71.265186,44.22781,712.2],[-71.265084,44.227694,711.6],[-71.264982,44.227579,710.9],[-71.264872,44.227448,710.4],[-71.264762,44.227318,709.9],[-71.264657,44.227139,710.0],[-71.264553,44.22696,709.5],[-71.264451,44.226785,707.8],[-71.264349,44.22661,705.7],[-71.264236,44.226407,703.3],[-71.264191,44.226268,703.3],[-71.264145,44.22613,703.6],[-71.264124,44.225876,707.1],[-71.264145,44.225626,710.5],[-71.264167,44.225434,712.9],[-71.264156,44.225234,714.5],[-71.264043,44.2251,713.4],[-71.263931,44.224965,712.6],[-71.263813,44.224813,711.7],[-71.263694,44.224661,710.6],[-71.263603,44.224533,710.0],[-71.263512,44.224404,709.6],[-71.263442,44.224219,710.5],[-71.263373,44.224035,711.4],[-71.263247,44.223868,710.6],[-71.26312,44.2237,710.1],[-71.263043,44.223566,710.4],[-71.262965,44.223431,711.0],[-71.262914,44.223266,712.3],[-71.262863,44.223101,713.1],[-71.262863,44.222962,714.9],[-71.262863,44.222824,716.8],[-71.262895,44.222566,719.9],[-71.262858,44.222384,720.9],[-71.26282,44.222201,722.0],[-71.262793,44.221936,724.8],[-71.262863,44.221713,726.7],[-71.262852,44.221528,728.0],[-71.26275,44.221332,728.5],[-71.262734,44.221188,730.4],[-71.262718,44.221044,731.5],[-71.262756,44.220867,732.9],[-71.262793,44.22069,734.6],[-71.262858,44.220425,737.7],[-71.262895,44.220242,739.5],[-71.262933,44.22006,741.5],[-71.263003,44.219896,744.1],[-71.263072,44.219733,746.8],[-71.26311,44.219468,749.8],[-71.263137,44.219287,749.9],[-71.26322,44.219095,751.3],[-71.263303,44.218903,753.2],[-71.263343,44.218735,755.1],[-71.263383,44.218568,757.4],[-71.263389,44.218341,759.2],[-71.263416,44.218084,757.7],[-71.263528,44.218022,758.9],[-71.263724,44.217987,761.3],[-71.26392,44.217953,763.4],[-71.264113,44.217791,761.8],[-71.264306,44.217584,761.6],[-71.26443,44.217474,762.7],[-71.26451,44.217403,764.7],[-71.264344,44.217242,762.6],[-71.264159,44.217169,760.4],[-71.263974,44.217095,759.5],[-71.263636,44.217082,753.7],[-71.263298,44.217069,749.2],[-71.262949,44.216976,748.4],[-71.262673,44.216894,747.0],[-71.262396,44.216811,743.7],[-71.262136,44.216769,738.0],[-71.261876,44.216726,732.2],[-71.261592,44.216648,728.7],[-71.261307,44.216569,726.6],[-71.261018,44.216446,725.5],[-71.260782,44.216313,725.2],[-71.260546,44.21618,723.9],[-71.260229,44.216057,721.9],[-71.260055,44.215977,720.8],[-71.25988,44.215896,719.3],[-71.259746,44.215744,719.0],[-71.259612,44.215592,718.4],[-71.259435,44.21549,716.4],[-71.259258,44.215388,714.8],[-71.259019,44.215279,712.3],[-71.258781,44.215169,709.9],[-71.258534,44.215044,707.4],[-71.258287,44.214918,704.5],[-71.25804,44.214792,701.7],[-71.25793,44.214656,700.5],[-71.25782,44.214519,698.6],[-71.257646,44.214368,695.0],[-71.257472,44.214216,691.6],[-71.25722,44.214085,687.5],[-71.256968,44.213954,684.8],[-71.256664,44.213894,679.0],[-71.25636,44.213834,672.6],[-71.256056,44.213774,667.9],[-71.255747,44.213672,664.9],[-71.255439,44.21357,661.0],[-71.25517,44.21349,657.2],[-71.254902,44.213411,654.0],[-71.254634,44.213331,651.2],[-71.254339,44.213247,647.5],[-71.254108,44.213097,645.7],[-71.253862,44.212994,642.9],[-71.253615,44.212892,639.9],[-71.253368,44.212789,637.3],[-71.253143,44.212607,635.4],[-71.252917,44.212424,631.1],[-71.252781,44.212218,628.7],[-71.252644,44.212013,626.2],[-71.252571,44.211784,624.4],[-71.252499,44.211555,621.2],[-71.252453,44.21133,618.3],[-71.252408,44.211105,614.5],[-71.252427,44.210971,612.0],[-71.252445,44.210836,609.7],[-71.252435,44.210665,605.6],[-71.252424,44.210494,601.5],[-71.252405,44.210353,598.0],[-71.252386,44.210213,595.6],[-71.252258,44.209998,593.6],[-71.252102,44.209902,590.4],[-71.251946,44.209806,587.7],[-71.251657,44.209675,583.0],[-71.251549,44.209533,578.8],[-71.251512,44.209456,577.2],[-71.251378,44.209302,573.3],[-71.251448,44.20904,573.5],[-71.251448,44.208829,572.9],[-71.251348,44.208704,571.0],[-71.251249,44.208579,569.0],[-71.251139,44.208423,566.3],[-71.251029,44.208267,563.5],[-71.250906,44.208029,559.8],[-71.250927,44.207775,556.5],[-71.250986,44.207537,554.1],[-71.250868,44.207306,549.8],[-71.250595,44.207141,544.9],[-71.250375,44.207045,541.8],[-71.25021,44.206917,539.5]]}},
{"type":"Feature","properties":{"trail":"Glen Boulder Trail","hero":false,"class":null,"length_m":521.4},"geometry":{"type":"LineString","coordinates":[[-71.264682,44.241721,801.6],[-71.264445,44.241783,795.4],[-71.264208,44.241845,789.1],[-71.263971,44.241908,782.2],[-71.26383,44.242005,778.3],[-71.263671,44.242166,774.8],[-71.263512,44.242327,771.6],[-71.263278,44.242422,768.1],[-71.26314,44.242523,767.1],[-71.263001,44.242625,765.9],[-71.262805,44.242679,762.6],[-71.26261,44.242733,759.6],[-71.262416,44.242806,756.5],[-71.26224,44.242903,753.3],[-71.261966,44.242904,746.6],[-71.261692,44.242904,740.8],[-71.261417,44.242905,736.3],[-71.261202,44.242906,732.2],[-71.260986,44.242907,728.3],[-71.260778,44.242933,724.7],[-71.26057,44.242958,720.7],[-71.260379,44.243095,717.9],[-71.260251,44.243222,716.6],[-71.260123,44.243349,715.2],[-71.259945,44.243561,713.9],[-71.259766,44.243773,713.4],[-71.259635,44.243895,713.4],[-71.259504,44.244018,712.3]]}},
{"type":"Feature","properties":{"trail":"Glen Boulder Trail","hero":false,"class":null,"length_m":987.5},"geometry":{"type":"LineString","coordinates":[[-71.264682,44.241721,801.6],[-71.264764,44.241699,803.7],[-71.264965,44.241648,808.6],[-71.265166,44.241597,813.0],[-71.265363,44.241574,817.6],[-71.265561,44.241551,821.7],[-71.265853,44.241574,827.7],[-71.266146,44.241621,834.5],[-71.266437,44.241685,839.6],[-71.266727,44.241749,844.3],[-71.266987,44.241676,848.0],[-71.267181,44.24168,851.3],[-71.267374,44.241685,854.7],[-71.267496,44.241644,856.6],[-71.267636,44.241543,858.9],[-71.267845,44.241475,862.8],[-71.268032,44.24146,866.2],[-71.268219,44.241446,869.2],[-71.268429,44.241459,872.9],[-71.268638,44.241472,877.2],[-71.268984,44.241484,885.8],[-71.269191,44.241417,893.9],[-71.269471,44.241554,899.2],[-71.269614,44.241385,909.0],[-71.26989,44.241399,916.5],[-71.270085,44.241376,922.3],[-71.270329,44.241259,932.7],[-71.270443,44.241166,939.3],[-71.270617,44.241084,946.7],[-71.270813,44.240972,954.3],[-71.271008,44.24086,962.1],[-71.271094,44.240767,967.0],[-71.271212,44.240674,972.9],[-71.271431,44.240584,981.6],[-71.271651,44.240549,988.1],[-71.271802,44.240401,996.1],[-71.271953,44.240253,1004.3],[-71.272122,44.240135,1012.1],[-71.272289,44.2401,1018.8],[-71.272439,44.239911,1029.5],[-71.272632,44.239847,1038.1],[-71.272825,44.239783,1046.9],[-71.273065,44.239757,1055.6],[-71.273118,44.239704,1059.0],[-71.273143,44.239611,1063.2],[-71.27313,44.239468,1068.4],[-71.27324,44.239369,1073.2],[-71.273305,44.239267,1076.3],[-71.27348,44.239072,1084.4],[-71.2737,44.238883,1095.3],[-71.273846,44.238676,1106.7],[-71.273895,44.238538,1113.4],[-71.273944,44.238399,1120.6],[-71.273996,44.238207,1128.2],[-71.274049,44.238158,1131.3],[-71.274232,44.238122,1138.7]]}},
{"type":"Feature","properties":{"trail":"The Direttissima","hero":false,"class":null,"length_m":1594.4},"geometry":{"type":"LineString","coordinates":[[-71.259504,44.244018,712.3],[-71.259393,44.244245,713.6],[-71.25931,44.244344,713.6],[-71.25922,44.244477,714.3],[-71.259258,44.244596,716.7],[-71.259248,44.24466,717.6],[-71.259079,44.244735,716.0],[-71.258857,44.244896,714.2],[-71.258598,44.244993,711.0],[-71.258426,44.245101,708.1],[-71.258299,44.245183,706.8],[-71.258165,44.245345,707.7],[-71.257928,44.245515,708.5],[-71.257803,44.245694,711.8],[-71.257664,44.245734,711.2],[-71.257524,44.245914,714.4],[-71.257385,44.246123,717.7],[-71.257162,44.246173,717.3],[-71.256911,44.246253,716.4],[-71.256765,44.246338,715.0],[-71.256619,44.246423,713.7],[-71.25641,44.246582,709.6],[-71.256278,44.246702,708.5],[-71.256145,44.246822,707.4],[-71.255964,44.246922,702.8],[-71.255797,44.247091,696.7],[-71.255748,44.247236,694.8],[-71.2557,44.24738,690.9],[-71.255658,44.24758,687.5],[-71.25556,44.247829,682.6],[-71.255491,44.248039,681.7],[-71.255323,44.248199,678.9],[-71.255309,44.248448,679.5],[-71.255337,44.248698,679.8],[-71.255212,44.248867,676.9],[-71.255226,44.249022,676.5],[-71.25524,44.249176,675.7],[-71.255226,44.249341,674.0],[-71.255212,44.249506,671.8],[-71.25524,44.249646,669.8],[-71.255268,44.249785,668.7],[-71.255365,44.249945,670.1],[-71.255365,44.250124,669.8],[-71.255254,44.250304,667.1],[-71.255184,44.250523,661.7],[-71.255142,44.250743,657.5],[-71.255156,44.250888,656.2],[-71.25517,44.251032,655.2],[-71.255219,44.251177,655.2],[-71.255268,44.251322,654.6],[-71.255309,44.251511,653.1],[-71.255309,44.251711,650.7],[-71.255309,44.25191,648.0],[-71.255254,44.25209,645.8],[-71.255142,44.25224,644.0],[-71.25517,44.252419,644.4],[-71.255268,44.252609,644.7],[-71.255184,44.252728,642.8],[-71.255268,44.252968,641.3],[-71.255198,44.253157,638.9],[-71.255282,44.253357,637.9],[-71.255212,44.253507,636.8],[-71.254947,44.253636,635.6],[-71.254933,44.253796,633.9],[-71.254766,44.253886,632.6],[-71.254599,44.253976,631.4],[-71.254348,44.254135,628.9],[-71.254293,44.254375,626.9],[-71.254112,44.254594,625.2],[-71.254084,44.254784,624.5],[-71.253958,44.254983,622.9],[-71.253791,44.254993,621.0],[-71.253622,44.2549,618.2],[-71.25361,44.254893,618.0],[-71.253443,44.255083,616.4],[-71.253258,44.255239,614.9],[-71.2532,44.255371,614.4],[-71.253142,44.255503,614.2],[-71.253103,44.255567,614.2],[-71.253306,44.25562,614.7],[-71.253369,44.255634,615.0],[-71.253445,44.25566,615.5],[-71.253507,44.255701,616.2],[-71.253567,44.255757,617.0],[-71.253605,44.255818,617.9],[-71.253619,44.255898,618.6]]}},
{"type":"Feature","properties":{"trail":"Lion Head Trail","hero":false,"class":null,"length_m":608.2},"geometry":{"type":"LineString","coordinates":[[-71.302202,44.266035,1726.2],[-71.301896,44.266064,1724.7],[-71.301781,44.266076,1724.1],[-71.301652,44.266048,1721.2],[-71.301547,44.265975,1715.9],[-71.301503,44.2659,1711.0],[-71.301443,44.26588,1709.0],[-71.301368,44.265914,1709.7],[-71.301301,44.265872,1705.3],[-71.301236,44.265891,1704.5],[-71.30112,44.265887,1701.0],[-71.301076,44.265835,1697.0],[-71.301011,44.265866,1696.7],[-71.30092,44.265845,1693.0],[-71.300843,44.265678,1683.1],[-71.300761,44.265639,1679.4],[-71.300688,44.265637,1677.6],[-71.30062,44.2656,1674.1],[-71.300518,44.265585,1671.0],[-71.300527,44.265531,1668.6],[-71.30045,44.265533,1667.0],[-71.30036,44.265515,1664.1],[-71.300329,44.265433,1659.6],[-71.300273,44.265401,1656.9],[-71.300104,44.265449,1655.7],[-71.299977,44.265445,1653.0],[-71.299668,44.265395,1645.0],[-71.299482,44.265385,1640.8],[-71.299403,44.26537,1638.3],[-71.299333,44.265299,1633.4],[-71.299308,44.265271,1631.6],[-71.299252,44.265232,1628.6],[-71.299245,44.265207,1627.4],[-71.299261,44.26518,1626.7],[-71.299276,44.265141,1625.4],[-71.299248,44.265124,1624.0],[-71.299027,44.265078,1616.1],[-71.299001,44.26508,1615.4],[-71.29897,44.265095,1615.1],[-71.29893,44.265114,1614.6],[-71.298846,44.265127,1612.7],[-71.298716,44.265126,1608.9],[-71.298483,44.265179,1604.4],[-71.29819,44.265171,1598.3],[-71.298164,44.265176,1598.1],[-71.298012,44.265198,1596.4],[-71.297962,44.265195,1595.6],[-71.297923,44.265184,1594.8],[-71.297873,44.265178,1593.9],[-71.297835,44.265183,1593.5],[-71.297789,44.265195,1593.1],[-71.297745,44.265212,1593.0],[-71.29768,44.265235,1592.9],[-71.297634,44.265247,1592.6],[-71.297606,44.265251,1592.4],[-71.297554,44.265234,1591.5],[-71.297515,44.265227,1591.0],[-71.297482,44.265218,1590.4],[-71.297423,44.265197,1589.4],[-71.297393,44.2652,1589.1],[-71.29736,44.265212,1589.1],[-71.297322,44.265225,1588.9],[-71.297303,44.265224,1588.7],[-71.297255,44.265214,1588.0],[-71.29721,44.26522,1587.7],[-71.297176,44.265224,1587.5],[-71.297022,44.265202,1585.8],[-71.296881,44.265154,1583.8],[-71.296827,44.26514,1583.1],[-71.296807,44.265129,1582.8],[-71.296787,44.265129,1582.6],[-71.296759,44.265142,1582.6],[-71.296727,44.265152,1582.6],[-71.296674,44.265154,1582.2],[-71.296576,44.265136,1581.2],[-71.296468,44.265124,1580.3],[-71.296344,44.265119,1579.4],[-71.296253,44.26511,1578.8],[-71.296158,44.265097,1578.0],[-71.296125,44.265105,1578.0],[-71.296081,44.265115,1577.9],[-71.296038,44.265104,1577.4],[-71.295977,44.265101,1576.9],[-71.295858,44.265091,1575.9],[-71.295783,44.265083,1575.2],[-71.295732,44.265067,1574.6],[-71.295637,44.265049,1573.5]]}},
{"type":"Feature","properties":{"trail":"Lion Head Trail","hero":false,"class":null,"length_m":893.7},"geometry":{"type":"LineString","coordinates":[[-71.295637,44.265049,1573.5],[-71.295552,44.265033,1572.6],[-71.295507,44.265021,1571.9],[-71.295402,44.264988,1570.0],[-71.295366,44.264967,1569.1],[-71.295328,44.26497,1568.8],[-71.29529,44.264958,1568.1],[-71.295251,44.26496,1567.8],[-71.295205,44.264937,1566.9],[-71.295146,44.264935,1566.4],[-71.29493,44.264957,1565.6],[-71.294888,44.264961,1565.4],[-71.29485,44.264953,1565.0],[-71.294791,44.264933,1564.0],[-71.294737,44.264937,1563.8],[-71.294591,44.26493,1562.6],[-71.294472,44.264953,1562.6],[-71.294433,44.264949,1562.2],[-71.294359,44.264921,1560.8],[-71.294275,44.264891,1559.2],[-71.294119,44.264898,1558.6],[-71.293952,44.264821,1555.1],[-71.293838,44.26481,1554.5],[-71.293674,44.264761,1553.1],[-71.293507,44.264746,1553.0],[-71.29333,44.264745,1553.3],[-71.293173,44.264714,1551.7],[-71.293058,44.264757,1552.1],[-71.292994,44.264766,1551.7],[-71.292723,44.264719,1548.9],[-71.292453,44.264672,1546.3],[-71.292407,44.264649,1545.4],[-71.292371,44.264587,1543.5],[-71.292313,44.264573,1543.2],[-71.292274,44.26453,1542.4],[-71.292164,44.264451,1541.1],[-71.292063,44.264421,1539.4],[-71.291966,44.264368,1537.0],[-71.291877,44.26429,1533.8],[-71.291775,44.264228,1532.0],[-71.29176,44.26418,1531.0],[-71.291655,44.264167,1531.5],[-71.291575,44.264118,1528.5],[-71.29143,44.263983,1521.9],[-71.291383,44.264012,1523.0],[-71.291207,44.264071,1521.9],[-71.291139,44.264061,1520.4],[-71.290998,44.264009,1515.7],[-71.290869,44.263982,1511.9],[-71.290755,44.263996,1507.4],[-71.290665,44.264046,1503.8],[-71.290602,44.264035,1500.7],[-71.290424,44.264048,1494.5],[-71.290308,44.264071,1490.9],[-71.29025,44.264082,1489.0],[-71.290172,44.264029,1485.6],[-71.290082,44.264029,1482.2],[-71.290014,44.264027,1479.7],[-71.289864,44.263955,1474.4],[-71.289751,44.263933,1470.9],[-71.28962,44.263877,1467.0],[-71.289317,44.26384,1459.1],[-71.289069,44.263749,1452.8],[-71.289022,44.263741,1451.8],[-71.288962,44.263764,1450.5],[-71.288901,44.263766,1449.0],[-71.288836,44.263739,1447.3],[-71.288754,44.263754,1444.6],[-71.288646,44.263805,1440.5],[-71.288528,44.263812,1436.7],[-71.288276,44.263857,1428.2],[-71.288133,44.263912,1422.8],[-71.2879,44.26404,1412.8],[-71.28783,44.26406,1410.3],[-71.28774,44.264062,1407.3],[-71.287685,44.264072,1405.3],[-71.287595,44.264107,1402.1],[-71.287438,44.264113,1396.8],[-71.28732,44.26417,1393.2],[-71.287199,44.264178,1389.2],[-71.287104,44.26425,1385.2],[-71.287006,44.264294,1381.5],[-71.286926,44.264355,1378.0],[-71.28684,44.264374,1374.4],[-71.28673,44.264362,1370.0],[-71.286578,44.264316,1364.3],[-71.286511,44.264282,1361.8],[-71.286455,44.264315,1359.7],[-71.286391,44.264325,1357.4],[-71.286047,44.264361,1345.4],[-71.285857,44.26441,1338.2],[-71.285757,44.264485,1334.4],[-71.285642,44.264515,1329.7]]}},
{"type":"Feature","properties":{"trail":"Alpine Garden Trail","hero":false,"class":null,"length_m":466.5},"geometry":{"type":"LineString","coordinates":[[-71.295637,44.265049,1573.5],[-71.295946,44.264936,1573.0],[-71.295998,44.264908,1572.4],[-71.296031,44.264888,1572.0],[-71.296111,44.26487,1571.8],[-71.296146,44.264867,1571.8],[-71.296258,44.264877,1572.4],[-71.296312,44.264869,1572.3],[-71.296396,44.26486,1572.2],[-71.296465,44.264843,1571.9],[-71.29654,44.264816,1571.2],[-71.296588,44.264803,1570.9],[-71.296727,44.264794,1571.8],[-71.296766,44.264783,1572.0],[-71.296797,44.264765,1571.8],[-71.296898,44.264737,1572.4],[-71.296938,44.264708,1571.8],[-71.296973,44.264669,1570.2],[-71.297014,44.264634,1569.2],[-71.29704,44.264608,1568.6],[-71.297072,44.264581,1568.0],[-71.297116,44.264566,1568.6],[-71.297145,44.264542,1568.4],[-71.297186,44.264509,1568.3],[-71.297214,44.264475,1568.0],[-71.297244,44.264445,1567.6],[-71.297282,44.264416,1567.1],[-71.297325,44.26439,1566.8],[-71.297365,44.264384,1567.4],[-71.297393,44.264364,1567.2],[-71.297419,44.264334,1566.4],[-71.297458,44.264305,1566.1],[-71.297509,44.26429,1566.6],[-71.297568,44.264289,1567.2],[-71.29765,44.26428,1567.7],[-71.29775,44.264245,1567.4],[-71.297804,44.264213,1566.6],[-71.297935,44.264165,1566.0],[-71.298057,44.26411,1563.7],[-71.298126,44.264052,1561.6],[-71.298168,44.264013,1560.3],[-71.298256,44.263989,1561.0],[-71.298303,44.263972,1561.4],[-71.298384,44.263956,1562.3],[-71.2985,44.263938,1563.6],[-71.298606,44.263887,1563.4],[-71.298672,44.263845,1562.0],[-71.298755,44.263814,1561.6],[-71.298816,44.26382,1563.1],[-71.298865,44.263806,1563.2],[-71.299044,44.263765,1564.6],[-71.299239,44.263748,1567.6],[-71.299435,44.26373,1569.8],[-71.299663,44.263621,1567.8],[-71.299892,44.263512,1567.3],[-71.299915,44.263485,1566.8],[-71.300038,44.263305,1564.1],[-71.300051,44.263252,1563.6],[-71.300053,44.263209,1562.9],[-71.300061,44.263161,1562.3],[-71.3001,44.263111,1562.7],[-71.300099,44.263085,1562.2],[-71.30008,44.263061,1561.3],[-71.300083,44.26302,1560.9],[-71.300142,44.262916,1561.7]]}},
{"type":"Feature","properties":{"trail":"Raymond Path","hero":false,"class":null,"length_m":11.2},"geometry":{"type":"LineString","coordinates":[[-71.279043,44.264517,1062.3],[-71.279005,44.26442,1061.3]]}},
{"type":"Feature","properties":{"trail":"Huntington Ravine Trail","hero":false,"class":null,"length_m":83.0},"geometry":{"type":"LineString","coordinates":[[-71.293829,44.27709,1738.7],[-71.293857,44.277114,1739.1],[-71.293866,44.277131,1739.2],[-71.293872,44.277159,1739.4],[-71.293878,44.277176,1739.5],[-71.293886,44.277182,1739.6],[-71.293903,44.277188,1739.8],[-71.293924,44.277201,1740.0],[-71.293941,44.277223,1740.2],[-71.293973,44.277249,1740.4],[-71.29399,44.277281,1740.6],[-71.294011,44.277304,1740.7],[-71.294098,44.277368,1741.3],[-71.294131,44.277383,1741.4],[-71.294148,44.277401,1741.5],[-71.294185,44.277437,1741.7],[-71.294205,44.277464,1741.9],[-71.294217,44.277493,1741.9],[-71.294222,44.277542,1741.9],[-71.294272,44.277563,1742.1],[-71.29443,44.277666,1742.7]]}},
{"type":"Feature","properties":{"trail":"Nelson Crag Trail","hero":false,"class":null,"length_m":865.0},"geometry":{"type":"LineString","coordinates":[[-71.293829,44.27709,1738.7],[-71.293849,44.277077,1738.8],[-71.293878,44.277067,1739.0],[-71.293902,44.277062,1739.2],[-71.293928,44.277063,1739.4],[-71.293967,44.27707,1739.8],[-71.293994,44.277066,1740.0],[-71.294028,44.277059,1740.3],[-71.294056,44.277045,1740.6],[-71.294312,44.276906,1743.6],[-71.294493,44.276809,1746.4],[-71.294674,44.276712,1750.0],[-71.294877,44.276619,1753.5],[-71.294945,44.276548,1754.5],[-71.295118,44.276479,1757.8],[-71.29523,44.276421,1760.2],[-71.295328,44.276419,1762.2],[-71.295418,44.276384,1764.4],[-71.295577,44.276337,1768.0],[-71.295695,44.276309,1771.3],[-71.295814,44.276294,1774.6],[-71.296065,44.276226,1782.5],[-71.296122,44.276227,1784.0],[-71.296191,44.276224,1786.1],[-71.296292,44.276197,1789.5],[-71.296386,44.276155,1793.1],[-71.296645,44.276059,1802.3],[-71.296739,44.27602,1805.1],[-71.296871,44.275981,1809.0],[-71.296971,44.275907,1812.7],[-71.297068,44.275844,1815.1],[-71.297125,44.275761,1816.9],[-71.297173,44.275656,1818.8],[-71.297239,44.27555,1821.4],[-71.297313,44.275488,1823.4],[-71.297475,44.275385,1828.4],[-71.297577,44.275305,1831.8],[-71.297707,44.275245,1835.8],[-71.297821,44.275208,1838.8],[-71.297968,44.275174,1841.3],[-71.298138,44.275109,1843.8],[-71.298294,44.27497,1846.0],[-71.298304,44.274908,1846.7],[-71.298349,44.274831,1847.7],[-71.298451,44.274789,1848.6],[-71.298584,44.274707,1850.3],[-71.298731,44.274643,1851.0],[-71.298863,44.274573,1852.2],[-71.298894,44.274518,1852.5],[-71.299008,44.27449,1854.3],[-71.299137,44.274441,1856.9],[-71.299192,44.274393,1856.5],[-71.299306,44.274324,1855.8],[-71.299379,44.274274,1855.8],[-71.299452,44.274238,1856.2],[-71.29968,44.274121,1854.8],[-71.299771,44.274074,1853.5],[-71.299917,44.273981,1851.5],[-71.299984,44.273969,1851.3],[-71.300052,44.27396,1850.9],[-71.300155,44.273929,1850.3],[-71.300327,44.273834,1849.8],[-71.300401,44.273748,1849.9],[-71.300464,44.273685,1849.9],[-71.300512,44.27365,1850.0],[-71.300692,44.273566,1850.5],[-71.300971,44.273428,1851.3],[-71.301039,44.273377,1851.5],[-71.301079,44.273335,1851.7],[-71.301105,44.273301,1852.0],[-71.301141,44.273267,1852.2],[-71.301185,44.273232,1852.5],[-71.30128,44.273187,1852.7],[-71.301411,44.273119,1853.2],[-71.301464,44.273088,1853.4],[-71.301522,44.273065,1853.7],[-71.301576,44.273035,1854.3],[-71.301623,44.272977,1855.6],[-71.301687,44.272923,1856.8],[-71.301747,44.272857,1858.2],[-71.301812,44.272809,1859.2],[-71.301874,44.272763,1860.1],[-71.301914,44.27274,1860.4],[-71.301996,44.272651,1861.4],[-71.302047,44.272599,1862.0],[-71.302156,44.272534,1862.6]]}},
{"type":"Feature","properties":{"trail":"Nelson Crag Trail","hero":false,"class":null,"length_m":440.4},"geometry":{"type":"LineString","coordinates":[[-71.293829,44.27709,1738.7],[-71.293836,44.277125,1739.0],[-71.293816,44.277147,1738.9],[-71.293798,44.277164,1738.9],[-71.293775,44.277167,1738.7],[-71.293725,44.277166,1738.4],[-71.293689,44.277187,1738.3],[-71.293626,44.277223,1738.0],[-71.293558,44.277243,1737.7],[-71.293519,44.277264,1737.5],[-71.293467,44.277265,1737.2],[-71.293421,44.277294,1737.1],[-71.293388,44.277324,1737.0],[-71.293352,44.277362,1736.9],[-71.293275,44.27741,1736.7],[-71.293232,44.277434,1736.6],[-71.293203,44.277448,1736.5],[-71.293183,44.277471,1736.6],[-71.293171,44.277491,1736.6],[-71.293161,44.277509,1736.6],[-71.293141,44.277526,1736.5],[-71.293108,44.277535,1736.4],[-71.293076,44.277543,1736.3],[-71.293048,44.277556,1736.2],[-71.293032,44.277584,1736.0],[-71.293025,44.27761,1736.0],[-71.292997,44.277638,1735.8],[-71.292888,44.277699,1735.2],[-71.292875,44.277721,1735.3],[-71.292845,44.277735,1735.2],[-71.29278,44.277747,1734.9],[-71.292692,44.277797,1734.8],[-71.292645,44.277854,1734.9],[-71.292587,44.277897,1735.0],[-71.292564,44.277933,1735.2],[-71.292541,44.277953,1735.3],[-71.29249,44.27797,1735.3],[-71.292453,44.278012,1735.6],[-71.292349,44.278095,1736.0],[-71.29231,44.278144,1736.3],[-71.292281,44.278171,1736.6],[-71.292231,44.278203,1737.0],[-71.292171,44.278223,1737.3],[-71.292064,44.278261,1738.3],[-71.291777,44.278425,1740.0],[-71.291598,44.278535,1739.6],[-71.291419,44.278646,1738.6],[-71.291285,44.278765,1737.0],[-71.290921,44.278792,1728.2],[-71.290683,44.278699,1719.4],[-71.290565,44.27864,1715.0],[-71.290446,44.278616,1712.2],[-71.290118,44.278684,1707.9],[-71.289902,44.278693,1705.6],[-71.289686,44.278702,1702.8],[-71.289431,44.278727,1701.2]]}},
{"type":"Feature","properties":{"trail":"Nelson Crag Trail","hero":false,"class":null,"length_m":1107.3},"geometry":{"type":"LineString","coordinates":[[-71.289431,44.278727,1701.2],[-71.289111,44.278778,1700.7],[-71.28891,44.278791,1699.4],[-71.288709,44.278804,1698.7],[-71.288486,44.278848,1698.8],[-71.288263,44.278893,1699.5],[-71.287987,44.27896,1699.9],[-71.28771,44.279026,1700.3],[-71.287434,44.279093,1701.8],[-71.28713,44.279143,1704.1],[-71.286846,44.279265,1706.5],[-71.286662,44.279313,1707.8],[-71.286478,44.27936,1708.4],[-71.286237,44.279534,1708.9],[-71.286135,44.279668,1709.3],[-71.286033,44.279802,1707.5],[-71.28587,44.279952,1703.5],[-71.285708,44.280102,1699.0],[-71.285543,44.280239,1695.5],[-71.285378,44.280377,1690.9],[-71.285221,44.280456,1687.5],[-71.285064,44.280535,1684.6],[-71.28485,44.280538,1682.7],[-71.284635,44.280541,1681.8],[-71.284356,44.280559,1681.0],[-71.284077,44.280577,1678.9],[-71.283791,44.280568,1674.7],[-71.283703,44.280605,1673.6],[-71.283653,44.280678,1673.5],[-71.283572,44.280765,1672.9],[-71.283495,44.280807,1671.9],[-71.283365,44.280842,1670.1],[-71.283249,44.28088,1666.1],[-71.283076,44.280975,1660.8],[-71.282904,44.281071,1657.6],[-71.282821,44.281161,1656.6],[-71.282581,44.281329,1651.3],[-71.28246,44.281398,1650.0],[-71.282298,44.28145,1645.9],[-71.28206,44.281517,1638.1],[-71.281922,44.281568,1633.3],[-71.281723,44.281591,1625.6],[-71.281638,44.281609,1622.5],[-71.28137,44.281626,1613.7],[-71.281163,44.28166,1607.9],[-71.280967,44.281682,1601.5],[-71.280907,44.28171,1599.8],[-71.280719,44.281727,1593.7],[-71.280452,44.281791,1585.5],[-71.280346,44.281815,1581.6],[-71.280236,44.281794,1576.2],[-71.28018,44.281811,1574.3],[-71.280012,44.28182,1567.2],[-71.2799,44.281838,1563.0],[-71.279671,44.281826,1552.9],[-71.279606,44.281844,1550.2],[-71.279428,44.281883,1542.8],[-71.279347,44.281896,1539.5],[-71.279252,44.281904,1535.6],[-71.279169,44.281905,1531.9],[-71.278875,44.281879,1520.9],[-71.27879,44.281887,1518.3],[-71.278738,44.281894,1516.7],[-71.278609,44.281916,1512.9],[-71.278438,44.281926,1507.1],[-71.278333,44.281926,1503.4],[-71.278264,44.281922,1500.5],[-71.278218,44.281916,1498.6],[-71.27814,44.281888,1494.8],[-71.278035,44.281853,1489.7],[-71.277959,44.281835,1485.7],[-71.277832,44.281823,1479.5],[-71.277726,44.281794,1475.1],[-71.277551,44.281776,1470.2],[-71.277444,44.281726,1467.3],[-71.277319,44.281638,1463.9],[-71.277233,44.281569,1461.3]]}},
{"type":"Feature","properties":{"trail":"Alpine Garden Trail","hero":false,"class":null,"length_m":508.7},"geometry":{"type":"LineString","coordinates":[[-71.289431,44.278727,1701.2],[-71.289367,44.278807,1701.5],[-71.289345,44.278856,1701.7],[-71.289329,44.278926,1701.8],[-71.289322,44.279143,1701.6],[-71.289374,44.27939,1700.9],[-71.289471,44.279562,1700.2],[-71.28956,44.279691,1699.6],[-71.289629,44.279784,1698.8],[-71.289683,44.279892,1697.5],[-71.289648,44.279997,1696.0],[-71.289695,44.280173,1693.6],[-71.289747,44.280349,1690.9],[-71.289794,44.280474,1688.5],[-71.289782,44.280665,1684.7],[-71.289763,44.280837,1680.9],[-71.289669,44.280989,1675.2],[-71.289584,44.281125,1670.5],[-71.289547,44.281267,1666.2],[-71.289582,44.281416,1661.4],[-71.289483,44.28154,1658.0],[-71.289301,44.281578,1657.4],[-71.289065,44.281693,1654.3],[-71.288928,44.281903,1647.6],[-71.288913,44.281976,1645.1],[-71.288828,44.282045,1643.0],[-71.288677,44.282105,1641.3],[-71.288633,44.28215,1639.7],[-71.288657,44.282278,1635.1],[-71.288702,44.282425,1630.2],[-71.288803,44.282553,1625.4],[-71.288768,44.282664,1621.7],[-71.288817,44.282733,1619.1],[-71.288898,44.282809,1616.4]]}},
{"type":"Feature","properties":{"trail":"Nelson Crag Trail","hero":false,"class":null,"length_m":217.8},"geometry":{"type":"LineString","coordinates":[[-71.302156,44.272534,1862.6],[-71.302214,44.272466,1863.4],[-71.302227,44.272445,1863.6],[-71.302256,44.272404,1864.0],[-71.302286,44.272367,1864.4],[-71.302315,44.272325,1864.9],[-71.302413,44.272191,1867.0],[-71.302477,44.27214,1868.1],[-71.302526,44.272071,1869.8],[-71.302547,44.271998,1871.6],[-71.302592,44.271927,1873.4],[-71.302658,44.271877,1874.7],[-71.302696,44.271815,1876.3],[-71.302696,44.271796,1876.8],[-71.302706,44.271744,1878.1],[-71.302723,44.271698,1879.3],[-71.302736,44.271665,1880.3],[-71.302794,44.271576,1883.7],[-71.302833,44.27146,1887.8],[-71.302893,44.271364,1891.5],[-71.302911,44.271226,1896.2],[-71.302926,44.271091,1900.9],[-71.302908,44.271088,1900.9],[-71.302811,44.271097,1899.8],[-71.302769,44.271085,1899.8],[-71.302731,44.271028,1901.1],[-71.302728,44.270957,1903.5],[-71.302781,44.27087,1907.6],[-71.302807,44.270836,1909.1]]}},
{"type":"Feature","properties":{"trail":null,"hero":false,"class":"path","length_m":3.8},"geometry":{"type":"LineString","coordinates":[[-71.277233,44.281569,1461.3],[-71.277186,44.281578,1461.2]]}},
{"type":"Feature","properties":{"trail":"Nelson Crag Trail","hero":false,"class":null,"length_m":2178.0},"geometry":{"type":"LineString","coordinates":[[-71.277233,44.281569,1461.3],[-71.277227,44.281554,1460.9],[-71.277226,44.281526,1460.4],[-71.277227,44.281505,1460.0],[-71.277216,44.281481,1459.4],[-71.277221,44.281458,1459.0],[-71.27721,44.281442,1458.7],[-71.277171,44.281415,1458.1],[-71.277166,44.281406,1457.9],[-71.277161,44.281387,1457.5],[-71.277155,44.281354,1456.8],[-71.277134,44.281323,1456.1],[-71.277106,44.281304,1455.7],[-71.277076,44.281288,1455.2],[-71.277038,44.28128,1455.0],[-71.277009,44.281275,1454.8],[-71.276984,44.281264,1454.5],[-71.276971,44.281249,1454.1],[-71.276961,44.281239,1453.9],[-71.276936,44.281216,1453.3],[-71.276925,44.281198,1452.8],[-71.276898,44.28116,1451.9],[-71.276866,44.281129,1451.0],[-71.276846,44.281114,1450.6],[-71.27683,44.281097,1450.3],[-71.276823,44.281079,1450.0],[-71.276826,44.281059,1449.7],[-71.276813,44.281051,1449.6],[-71.276793,44.281055,1449.5],[-71.276733,44.281074,1449.5],[-71.276677,44.281042,1449.0],[-71.276576,44.280991,1447.6],[-71.276547,44.280971,1447.1],[-71.276512,44.280975,1446.7],[-71.276481,44.280978,1446.3],[-71.276448,44.280973,1445.9],[-71.27641,44.280985,1445.5],[-71.276357,44.280976,1444.7],[-71.27632,44.280969,1444.1],[-71.276305,44.280957,1443.8],[-71.276295,44.280944,1443.5],[-71.276279,44.280936,1443.2],[-71.27627,44.280923,1443.0],[-71.276252,44.28091,1442.6],[-71.276227,44.280895,1442.1],[-71.276203,44.280887,1441.7],[-71.276197,44.280881,1441.5],[-71.276196,44.280864,1441.3],[-71.276196,44.28084,1441.2],[-71.276191,44.280822,1440.8],[-71.276165,44.280811,1440.2],[-71.276162,44.280799,1440.0],[-71.276142,44.280787,1439.4],[-71.276123,44.280779,1439.0],[-71.276106,44.280781,1438.7],[-71.276101,44.280798,1438.9],[-71.276089,44.280801,1438.7],[-71.276057,44.280799,1438.0],[-71.276029,44.280794,1437.3],[-71.276021,44.280783,1436.9],[-71.276016,44.28077,1436.6],[-71.276006,44.280766,1436.3],[-71.275987,44.280761,1435.8],[-71.275961,44.280755,1435.1],[-71.275945,44.280749,1434.7],[-71.275929,44.280729,1434.0],[-71.275912,44.280719,1433.4],[-71.27587,44.280725,1432.7],[-71.275816,44.280728,1431.4],[-71.275747,44.280728,1429.1],[-71.275712,44.280727,1427.9],[-71.275694,44.280726,1427.2],[-71.275676,44.280706,1426.3],[-71.275418,44.280604,1415.3],[-71.27516,44.280501,1404.6],[-71.274968,44.280471,1398.6],[-71.274841,44.280376,1395.7],[-71.274778,44.280281,1394.2],[-71.274639,44.280164,1392.1],[-71.274522,44.280121,1390.1],[-71.274371,44.280088,1387.0],[-71.274216,44.279978,1382.4],[-71.274107,44.27987,1377.8],[-71.274072,44.279719,1374.7],[-71.273921,44.279594,1370.7],[-71.27377,44.279468,1368.2],[-71.273618,44.27939,1367.0],[-71.273397,44.279309,1366.9],[-71.273176,44.279228,1366.6],[-71.272976,44.279208,1364.8],[-71.272776,44.279187,1361.7],[-71.27256,44.279126,1359.9],[-71.272339,44.27913,1358.2],[-71.272014,44.279052,1354.7],[-71.271728,44.27907,1348.3],[-71.271565,44.279088,1343.4],[-71.27127,44.27902,1330.1],[-71.270975,44.278952,1315.6],[-71.270779,44.278832,1305.0],[-71.270583,44.278713,1296.8],[-71.270387,44.278593,1288.2],[-71.270139,44.278468,1277.2],[-71.26989,44.278343,1267.4],[-71.269599,44.278276,1255.1],[-71.269307,44.278208,1242.4],[-71.269036,44.278207,1230.8],[-71.268765,44.278205,1221.4],[-71.268542,44.27821,1215.2],[-71.268318,44.278216,1208.6],[-71.268062,44.278185,1200.7],[-71.267806,44.278154,1192.4],[-71.267525,44.278169,1183.2],[-71.267244,44.278183,1176.7],[-71.266894,44.27819,1170.7],[-71.266668,44.27819,1165.8],[-71.266442,44.27819,1159.2],[-71.266123,44.2781,1147.1],[-71.265804,44.278009,1133.1],[-71.26555,44.278147,1125.6],[-71.265298,44.27824,1117.6],[-71.264948,44.278332,1105.8],[-71.264745,44.278358,1098.1],[-71.264543,44.278385,1089.9],[-71.264211,44.278451,1078.3],[-71.264018,44.278444,1070.8],[-71.263825,44.278437,1062.5],[-71.263622,44.278457,1053.4],[-71.26342,44.278477,1047.3],[-71.263226,44.278437,1039.9],[-71.263033,44.278398,1031.7],[-71.262812,44.278358,1024.3],[-71.262591,44.278319,1017.5],[-71.262352,44.278319,1011.6],[-71.262112,44.278319,1005.7],[-71.261744,44.278306,996.2],[-71.261542,44.278286,990.8],[-71.261339,44.278266,985.4],[-71.261118,44.278246,979.2],[-71.260897,44.278226,973.1],[-71.260621,44.278068,961.8],[-71.260428,44.278095,955.0],[-71.260234,44.278121,948.4],[-71.259903,44.278161,939.7],[-71.2597,44.278154,934.7],[-71.259498,44.278147,930.1],[-71.259231,44.278141,924.1],[-71.258964,44.278134,917.8],[-71.258761,44.278101,912.4],[-71.258559,44.278068,907.4],[-71.258347,44.278068,903.9],[-71.258135,44.278068,900.0],[-71.257786,44.278002,894.1],[-71.257601,44.278035,891.6],[-71.257417,44.278068,889.3],[-71.257261,44.278161,888.0],[-71.257104,44.278253,886.2],[-71.25692,44.278325,883.7],[-71.256736,44.278398,881.1],[-71.25657,44.278484,878.5],[-71.256405,44.278569,875.4],[-71.256257,44.278694,871.6],[-71.25611,44.27882,867.8],[-71.25599,44.278925,863.2],[-71.255871,44.279031,858.0],[-71.255714,44.279116,852.4],[-71.255558,44.279202,847.2],[-71.255539,44.279347,845.8],[-71.255521,44.279492,844.0],[-71.255374,44.27969,838.5],[-71.25518,44.279782,834.4],[-71.254987,44.279874,830.6],[-71.254766,44.279967,827.5],[-71.254398,44.280019,819.1],[-71.254122,44.279967,812.6],[-71.253991,44.279818,812.4],[-71.253861,44.279669,811.6]]}},
{"type":"Feature","properties":{"trail":"Madison Gulf Trail","hero":false,"class":null,"length_m":446.0},"geometry":{"type":"LineString","coordinates":[[-71.253861,44.279669,811.6],[-71.253737,44.279818,812.9],[-71.253693,44.279953,814.8],[-71.253553,44.280156,817.8],[-71.253374,44.280333,821.4],[-71.253337,44.280411,822.6],[-71.253223,44.280643,824.5],[-71.253255,44.280791,824.6],[-71.253252,44.280912,824.6],[-71.2532,44.281038,824.5],[-71.253092,44.281179,823.7],[-71.253065,44.28131,822.7],[-71.253143,44.281396,822.5],[-71.253242,44.281512,824.1],[-71.253266,44.281611,825.3],[-71.253274,44.281698,826.4],[-71.253261,44.281783,827.6],[-71.253171,44.281954,829.8],[-71.25307,44.282046,831.4],[-71.252888,44.282094,831.4],[-71.252807,44.282196,833.1],[-71.25284,44.282265,835.2],[-71.252777,44.282358,837.8],[-71.252678,44.282379,839.2],[-71.252559,44.282455,842.6],[-71.252528,44.28259,847.4],[-71.252542,44.282703,851.0],[-71.252316,44.282903,859.2],[-71.252249,44.282943,860.3],[-71.252145,44.283158,863.9]]}},
{"type":"Feature","properties":{"trail":null,"hero":false,"class":"footway","length_m":37.5},"geometry":{"type":"LineString","coordinates":[[-71.302807,44.270836,1909.1],[-71.302768,44.270776,1909.0],[-71.302717,44.270731,1908.3],[-71.302696,44.270715,1908.1],[-71.302683,44.270688,1908.1],[-71.302669,44.270611,1908.6],[-71.302625,44.270532,1908.7]]}},
{"type":"Feature","properties":{"trail":null,"hero":false,"class":"footway","length_m":68.7},"geometry":{"type":"LineString","coordinates":[[-71.302807,44.270836,1909.1],[-71.302861,44.2709,1907.3],[-71.302924,44.270936,1906.6],[-71.302966,44.27095,1906.5],[-71.303122,44.270965,1906.8],[-71.303252,44.270982,1906.3],[-71.30334,44.270982,1906.4],[-71.303432,44.27097,1906.1],[-71.303476,44.270961,1906.0],[-71.303585,44.270939,1906.0]]}},
{"type":"Feature","properties":{"trail":"Madison Gulf Trail","hero":false,"class":null,"length_m":2798.8},"geometry":{"type":"LineString","coordinates":[[-71.252145,44.283158,863.9],[-71.25215,44.283262,865.6],[-71.252135,44.283419,867.6],[-71.252327,44.283493,870.9],[-71.252636,44.283594,873.1],[-71.252904,44.28364,874.0],[-71.253181,44.283795,874.4],[-71.253375,44.283822,875.7],[-71.253518,44.28388,874.7],[-71.253644,44.283919,874.3],[-71.253714,44.284043,872.0],[-71.253723,44.284123,870.5],[-71.253812,44.284195,868.3],[-71.254107,44.284359,860.8],[-71.254253,44.28455,854.7],[-71.25449,44.284561,850.5],[-71.254653,44.284614,847.6],[-71.2547,44.284681,846.0],[-71.254812,44.284815,844.2],[-71.254923,44.284948,842.3],[-71.255054,44.285083,839.0],[-71.255161,44.285185,836.0],[-71.255183,44.285398,830.5],[-71.255323,44.285451,828.4],[-71.255403,44.285541,825.5],[-71.25539,44.285696,822.2],[-71.255376,44.285851,819.0],[-71.255418,44.286085,814.0],[-71.255359,44.286347,810.3],[-71.255353,44.286521,806.8],[-71.255347,44.286694,803.0],[-71.255408,44.286836,800.3],[-71.255488,44.28692,798.5],[-71.255614,44.287052,795.1],[-71.255701,44.287119,793.3],[-71.255815,44.287209,791.1],[-71.255948,44.287329,790.8],[-71.25596,44.28743,790.0],[-71.255896,44.287595,787.9],[-71.255838,44.287838,785.4],[-71.255876,44.287934,785.0],[-71.255958,44.288132,784.5],[-71.255988,44.288293,783.5],[-71.256011,44.288416,782.9],[-71.256033,44.288568,782.1],[-71.256019,44.28875,781.5],[-71.256005,44.288932,781.2],[-71.255937,44.289082,780.1],[-71.255903,44.289268,779.2],[-71.255867,44.28953,777.8],[-71.255913,44.289654,777.8],[-71.255907,44.289896,776.5],[-71.255901,44.290085,775.2],[-71.255853,44.290338,772.3],[-71.255883,44.290487,770.7],[-71.255827,44.290572,768.9],[-71.25583,44.290685,767.9],[-71.255781,44.290804,766.0],[-71.255847,44.291005,763.9],[-71.255861,44.29125,759.6],[-71.255937,44.291452,757.6],[-71.25604,44.291596,757.3],[-71.256144,44.291739,757.0],[-71.256143,44.291892,756.3],[-71.256019,44.292024,755.5],[-71.255866,44.2922,754.6],[-71.255832,44.292358,753.5],[-71.255853,44.29255,752.5],[-71.255873,44.292741,751.5],[-71.25595,44.292976,750.6],[-71.256028,44.293138,750.4],[-71.256106,44.2933,750.3],[-71.256175,44.293553,748.8],[-71.256165,44.29368,747.7],[-71.256124,44.293836,746.1],[-71.256132,44.294031,746.3],[-71.256037,44.29424,746.5],[-71.255968,44.294368,747.1],[-71.255899,44.294496,747.6],[-71.255844,44.294658,749.3],[-71.255787,44.29482,751.1],[-71.255754,44.294966,752.9],[-71.255721,44.295113,755.3],[-71.255649,44.295289,757.4],[-71.255715,44.295517,758.6],[-71.255825,44.295633,760.1],[-71.255936,44.29575,761.4],[-71.256062,44.295853,762.3],[-71.256189,44.295956,761.8],[-71.256346,44.29611,761.5],[-71.256477,44.29627,759.6],[-71.256597,44.296345,759.0],[-71.256715,44.296419,758.3],[-71.256856,44.296471,758.1],[-71.257037,44.296541,757.6],[-71.257184,44.296659,756.1],[-71.257282,44.296781,754.5],[-71.25744,44.296918,753.0],[-71.257599,44.297056,750.3],[-71.257813,44.297127,748.4],[-71.257949,44.297187,746.5],[-71.258071,44.297265,744.7],[-71.258169,44.29732,743.7],[-71.258276,44.297404,742.2],[-71.258411,44.297509,740.5],[-71.258546,44.297614,739.2],[-71.258766,44.29777,737.3],[-71.258986,44.297926,735.5],[-71.259207,44.298083,733.8],[-71.25936,44.298113,733.5],[-71.259513,44.298124,733.5],[-71.25979,44.298221,732.3],[-71.260067,44.298319,730.6],[-71.260251,44.298415,730.0],[-71.260435,44.29851,731.1],[-71.260502,44.29858,731.5],[-71.260498,44.298667,730.7],[-71.260561,44.298831,729.9],[-71.260569,44.298948,728.8],[-71.260537,44.299136,726.5],[-71.260575,44.299353,725.6],[-71.260612,44.29957,725.2],[-71.26065,44.299787,725.1],[-71.260735,44.300031,725.0],[-71.26073,44.300125,724.5],[-71.260767,44.300257,724.3],[-71.260836,44.300407,723.5],[-71.260905,44.300556,722.2],[-71.261004,44.300761,722.0],[-71.261103,44.300966,722.0],[-71.261202,44.301171,720.7],[-71.261282,44.301348,719.3],[-71.261362,44.301525,719.4],[-71.261465,44.301706,720.0],[-71.261478,44.301785,719.1],[-71.261537,44.302039,716.3],[-71.261593,44.302215,714.9],[-71.26172,44.302315,715.0],[-71.261848,44.302416,715.0],[-71.262029,44.30265,713.8],[-71.262093,44.302869,710.9],[-71.262146,44.303017,708.8],[-71.262302,44.30323,705.8],[-71.262415,44.303349,704.5],[-71.262502,44.303463,705.1],[-71.262569,44.30355,705.4],[-71.262662,44.303722,704.1],[-71.262782,44.303849,705.3],[-71.262874,44.303996,704.4],[-71.262975,44.304113,704.6],[-71.263074,44.304206,705.8],[-71.263089,44.304332,704.7],[-71.263154,44.304473,704.6],[-71.263154,44.304576,703.9]]}},
{"type":"Feature","properties":{"trail":null,"hero":false,"class":"path","length_m":111.0},"geometry":{"type":"LineString","coordinates":[[-71.252145,44.283158,863.9],[-71.251989,44.283114,863.7],[-71.25189,44.283075,864.6],[-71.251795,44.282955,867.0],[-71.251581,44.282886,871.0],[-71.251286,44.282972,872.8],[-71.251123,44.282987,873.8],[-71.250924,44.282998,873.2]]}},
{"type":"Feature","properties":{"trail":null,"hero":false,"class":"footway","length_m":5.9},"geometry":{"type":"LineString","coordinates":[[-71.285046,44.261037,1177.5],[-71.2851,44.261,1177.8]]}},
{"type":"Feature","properties":{"trail":null,"hero":false,"class":"footway","length_m":5.7},"geometry":{"type":"LineString","coordinates":[[-71.285046,44.261037,1177.5],[-71.284975,44.261044,1176.9]]}},
{"type":"Feature","properties":{"trail":"Tuckerman Crossover","hero":false,"class":null,"length_m":20.9},"geometry":{"type":"LineString","coordinates":[[-71.30264,44.26358,1643.6],[-71.302588,44.263577,1642.4],[-71.302513,44.263572,1640.8],[-71.302481,44.263565,1640.0],[-71.302462,44.263564,1639.6],[-71.302428,44.263561,1638.8],[-71.302418,44.263556,1638.5],[-71.302403,44.263548,1638.1],[-71.302387,44.263547,1637.7]]}},
{"type":"Feature","properties":{"trail":null,"hero":false,"class":"footway","length_m":88.9},"geometry":{"type":"LineString","coordinates":[[-71.2851,44.261,1177.8],[-71.285191,44.260955,1178.4],[-71.285251,44.260916,1178.9],[-71.285288,44.260865,1179.2],[-71.285315,44.260827,1179.1],[-71.285347,44.260799,1179.2],[-71.285368,44.260753,1179.5],[-71.285375,44.260717,1179.9],[-71.2854,44.260673,1180.3],[-71.285429,44.260647,1180.7],[-71.285471,44.260603,1181.5],[-71.285497,44.260556,1182.3],[-71.285532,44.260511,1182.7],[-71.285563,44.260485,1183.0],[-71.285595,44.260439,1183.1],[-71.285608,44.260378,1183.4],[-71.285579,44.260324,1183.6]]}},
{"type":"Feature","properties":{"trail":null,"hero":false,"class":"footway","length_m":55.7},"geometry":{"type":"LineString","coordinates":[[-71.252356,44.25902,627.3],[-71.252127,44.259005,624.2],[-71.251905,44.258951,622.4],[-71.251683,44.258897,619.6]]}},
{"type":"Feature","properties":{"trail":null,"hero":false,"class":"path","length_m":398.5},"geometry":{"type":"LineString","coordinates":[[-71.252356,44.25902,627.3],[-71.252317,44.259126,626.3],[-71.252215,44.259226,624.4],[-71.252164,44.259324,624.5],[-71.252008,44.25956,624.8],[-71.251902,44.259679,625.3],[-71.251742,44.259811,625.4],[-71.251582,44.259944,624.7],[-71.251402,44.260089,624.2],[-71.251222,44.260235,623.9],[-71.251042,44.26038,623.8],[-71.250832,44.26054,622.8],[-71.250622,44.2607,621.7],[-71.250412,44.26086,621.5],[-71.250269,44.260974,621.7],[-71.250125,44.261087,620.9],[-71.249823,44.26118,619.5],[-71.249521,44.261273,618.4],[-71.24922,44.261366,616.6],[-71.248918,44.261458,615.2]]}},
{"type":"Feature","properties":{"trail":null,"hero":false,"class":"path","length_m":53.7},"geometry":{"type":"LineString","coordinates":[[-71.248918,44.261458,615.2],[-71.248617,44.261323,613.9],[-71.248547,44.261238,612.1],[-71.248455,44.261127,609.9]]}},
{"type":"Feature","properties":{"trail":null,"hero":false,"class":"path","length_m":125.4},"geometry":{"type":"LineString","coordinates":[[-71.248918,44.261458,615.2],[-71.248961,44.261478,615.7],[-71.249245,44.26157,618.3],[-71.249529,44.261662,620.5],[-71.249775,44.261703,621.1],[-71.250021,44.261744,621.6],[-71.250268,44.261786,622.6],[-71.250374,44.261848,623.1]]}},
{"type":"Feature","properties":{"trail":"Lion Head Trail (Summer)","hero":false,"class":null,"length_m":593.9},"geometry":{"type":"LineString","coordinates":[[-71.285642,44.264515,1329.7],[-71.285457,44.264534,1322.0],[-71.28528,44.264513,1314.7],[-71.285241,44.264473,1312.9],[-71.285238,44.264376,1310.6],[-71.285261,44.264279,1308.7],[-71.285328,44.264214,1310.2],[-71.285388,44.264122,1309.6],[-71.285471,44.264053,1310.6],[-71.285501,44.26403,1311.0],[-71.285497,44.263983,1308.4],[-71.285546,44.263912,1307.4],[-71.285607,44.263824,1306.9],[-71.28558,44.263778,1302.8],[-71.285611,44.263715,1301.4],[-71.285571,44.263673,1296.8],[-71.285627,44.26358,1294.7],[-71.285755,44.263491,1295.6],[-71.285878,44.263438,1298.3],[-71.285959,44.263353,1295.8],[-71.286045,44.263307,1296.5],[-71.286066,44.263269,1295.0],[-71.286058,44.263232,1292.2],[-71.285961,44.26327,1289.9],[-71.285884,44.263267,1285.6],[-71.285742,44.263331,1283.3],[-71.28565,44.263347,1279.5],[-71.285605,44.263372,1278.8],[-71.285564,44.263388,1277.6],[-71.285532,44.263355,1273.2],[-71.28554,44.263297,1269.5],[-71.28557,44.263255,1267.9],[-71.285544,44.263211,1263.0],[-71.285355,44.263238,1253.8],[-71.28509,44.263297,1242.5],[-71.285033,44.263272,1238.5],[-71.285033,44.263207,1235.7],[-71.285028,44.263159,1233.4],[-71.285031,44.263111,1231.4],[-71.285039,44.26298,1225.8],[-71.28499,44.262909,1220.7],[-71.28495,44.262759,1212.6],[-71.284929,44.262648,1206.9],[-71.284969,44.262612,1206.7],[-71.284926,44.262567,1203.1],[-71.284913,44.262524,1200.6],[-71.284913,44.262449,1197.1],[-71.284953,44.262406,1196.4],[-71.285001,44.262345,1194.8],[-71.285009,44.262324,1194.0],[-71.284958,44.262298,1191.2],[-71.284953,44.262277,1190.0],[-71.285013,44.262099,1183.6],[-71.285066,44.262016,1181.3],[-71.285127,44.261893,1178.6],[-71.28509,44.261836,1177.1],[-71.285082,44.261782,1176.2],[-71.285128,44.261692,1175.6],[-71.285119,44.26164,1175.3],[-71.285063,44.261565,1175.3],[-71.285041,44.261469,1175.9],[-71.285028,44.261376,1176.4],[-71.285,44.261362,1176.2],[-71.28493,44.261325,1175.5],[-71.284752,44.261302,1173.8],[-71.284668,44.261252,1173.2],[-71.284574,44.261149,1172.5],[-71.284479,44.261023,1170.4]]}},
{"type":"Feature","properties":{"trail":"Thompson Falls Trail","hero":false,"class":null,"length_m":645.1},"geometry":{"type":"LineString","coordinates":[[-71.237142,44.266188,591.4],[-71.236949,44.266354,591.6],[-71.236945,44.266421,591.0],[-71.236889,44.266556,590.0],[-71.236652,44.266564,591.6],[-71.236416,44.266573,591.5],[-71.23635,44.266617,591.5],[-71.236379,44.266872,590.0],[-71.236322,44.267104,587.7],[-71.236219,44.267223,587.1],[-71.236116,44.267342,587.2],[-71.235881,44.267501,587.4],[-71.235872,44.267584,586.8],[-71.235781,44.267628,586.6],[-71.23558,44.26761,587.0],[-71.235379,44.267591,587.3],[-71.235277,44.267604,587.2],[-71.235154,44.267542,587.1],[-71.234935,44.267521,586.6],[-71.234718,44.2675,586.6],[-71.234551,44.267497,588.4],[-71.234331,44.26744,590.9],[-71.234177,44.26742,592.0],[-71.233897,44.26748,594.1],[-71.233812,44.267416,595.2],[-71.233741,44.267268,596.8],[-71.233685,44.267215,597.4],[-71.233457,44.26709,599.5],[-71.233186,44.267045,601.6],[-71.233005,44.267053,602.4],[-71.232892,44.267024,603.2],[-71.232755,44.266961,604.8],[-71.232416,44.266879,608.5],[-71.232286,44.266822,610.4],[-71.232064,44.266844,612.3],[-71.2319,44.266716,616.2],[-71.23184,44.266711,616.7],[-71.231594,44.266858,614.2],[-71.231256,44.266808,617.2],[-71.231224,44.266834,616.8],[-71.231269,44.26693,613.2]]}},
{"type":"Feature","properties":{"trail":null,"hero":false,"class":"footway","length_m":15.5},"geometry":{"type":"LineString","coordinates":[[-71.253156,44.257315,620.0],[-71.253098,44.257449,621.6]]}},
{"type":"Feature","properties":{"trail":null,"hero":false,"class":"footway","length_m":39.0},"geometry":{"type":"LineString","coordinates":[[-71.253156,44.257315,620.0],[-71.253089,44.257294,619.2],[-71.252967,44.257335,619.0],[-71.252791,44.257418,619.0],[-71.252856,44.257436,619.7]]}},
{"type":"Feature","properties":{"trail":null,"hero":false,"class":"pedestrian","length_m":6.2},"geometry":{"type":"LineString","coordinates":[[-71.303568,44.270925,1906.6],[-71.303494,44.270943,1906.5]]}},
{"type":"Feature","properties":{"trail":"Huntington Ravine Fire Road","hero":false,"class":null,"length_m":111.9},"geometry":{"type":"LineString","coordinates":[[-71.279005,44.26442,1061.3],[-71.278769,44.264275,1058.3],[-71.278532,44.26413,1056.3],[-71.27832,44.264022,1055.1],[-71.278108,44.263915,1053.8],[-71.277896,44.263807,1052.8]]}},
{"type":"Feature","properties":{"trail":"Raymond Path","hero":false,"class":null,"length_m":406.4},"geometry":{"type":"LineString","coordinates":[[-71.279005,44.26442,1061.3],[-71.279221,44.264298,1064.1],[-71.279437,44.264176,1066.4],[-71.279654,44.264054,1068.8],[-71.279823,44.263976,1070.7],[-71.279993,44.263899,1072.5],[-71.28027,44.26386,1075.8],[-71.280461,44.263851,1078.1],[-71.280541,44.263793,1079.8],[-71.280646,44.263581,1084.1],[-71.280738,44.263498,1086.4],[-71.280991,44.263462,1089.8],[-71.281305,44.263405,1095.3],[-71.281589,44.263233,1102.3],[-71.281755,44.263109,1107.4],[-71.281921,44.262986,1111.9],[-71.282192,44.262853,1119.1],[-71.282279,44.262734,1122.7],[-71.282377,44.262604,1127.1],[-71.282476,44.262474,1131.3],[-71.282623,44.262348,1135.9],[-71.282769,44.262223,1140.5]]}},
{"type":"Feature","properties":{"trail":null,"hero":false,"class":"path","length_m":112.1},"geometry":{"type":"LineString","coordinates":[[-71.302337,44.264277,1657.1],[-71.302272,44.264238,1654.3],[-71.302185,44.264208,1651.1],[-71.302166,44.26413,1647.8],[-71.302102,44.264073,1644.0],[-71.302011,44.264008,1639.0],[-71.301962,44.263959,1635.7],[-71.301867,44.263902,1630.6],[-71.301803,44.263851,1627.0],[-71.301742,44.263783,1623.1],[-71.301761,44.26371,1621.8],[-71.301773,44.263648,1620.6],[-71.301746,44.263585,1618.4],[-71.301705,44.263512,1616.1],[-71.301706,44.263458,1615.6]]}},
{"type":"Feature","properties":{"trail":null,"hero":false,"class":"footway","length_m":88.6},"geometry":{"type":"LineString","coordinates":[[-71.286088,44.260026,1183.2],[-71.286035,44.260008,1183.0],[-71.28598,44.259994,1182.8],[-71.285929,44.259986,1182.6],[-71.285882,44.259979,1182.4],[-71.285828,44.259989,1182.2],[-71.28574,44.260017,1181.6],[-71.285687,44.260021,1181.1],[-71.285613,44.26003,1180.5],[-71.285569,44.26005,1180.4],[-71.285526,44.260054,1180.1],[-71.285476,44.260065,1179.7],[-71.285444,44.260082,1179.6],[-71.285341,44.260111,1178.8],[-71.285304,44.260128,1178.5],[-71.285262,44.260146,1178.2],[-71.285199,44.260155,1177.4],[-71.285124,44.260158,1176.4],[-71.285042,44.260162,1175.3]]}},
{"type":"Feature","properties":{"trail":null,"hero":false,"class":"footway","length_m":23.5},"geometry":{"type":"LineString","coordinates":[[-71.285042,44.260162,1175.3],[-71.285036,44.260373,1176.0]]}},
{"type":"Feature","properties":{"trail":null,"hero":false,"class":"footway","length_m":29.1},"geometry":{"type":"LineString","coordinates":[[-71.285042,44.260162,1175.3],[-71.285,44.260163,1174.8],[-71.284871,44.260186,1173.0],[-71.2848,44.260209,1172.1],[-71.284706,44.260251,1170.9]]}},
{"type":"Feature","properties":{"trail":"Tuckerman Ravine Trail","hero":true,"from_mile":0.0,"to_mile":0.064,"length_m":103.7},"geometry":{"type":"LineString","coordinates":[[-71.253313,44.257974,630.5],[-71.253444,44.258199,633.6],[-71.253575,44.258425,636.5],[-71.253707,44.25865,638.1],[-71.253864,44.258815,638.8]]}},
{"type":"Feature","properties":{"trail":"Tuckerman Ravine Trail","hero":true,"from_mile":0.064,"to_mile":0.31,"length_m":394.7},"geometry":{"type":"LineString","coordinates":[[-71.253864,44.258815,638.8],[-71.254043,44.259,640.1],[-71.254221,44.259186,642.3],[-71.254399,44.259371,643.5],[-71.254577,44.259557,645.4],[-71.254755,44.259743,648.8],[-71.255006,44.259906,652.4],[-71.255257,44.260069,655.5],[-71.255344,44.260302,658.4],[-71.25543,44.260536,659.0],[-71.255687,44.260712,661.8],[-71.255944,44.260889,666.1],[-71.256089,44.26088,667.1],[-71.256239,44.260681,670.5],[-71.256389,44.260482,677.2],[-71.256656,44.260509,683.2],[-71.256923,44.260536,689.2]]}},
{"type":"Feature","properties":{"trail":"Tuckerman Ravine Trail","hero":true,"from_mile":0.31,"to_mile":0.388,"length_m":126.3},"geometry":{"type":"LineString","coordinates":[[-71.256923,44.260536,689.2],[-71.257091,44.260343,695.7],[-71.257259,44.260151,701.0],[-71.257427,44.259958,705.9],[-71.257595,44.259766,709.5],[-71.257763,44.259573,711.6]]}},
{"type":"Feature","properties":{"trail":"Tuckerman Ravine Trail","hero":true,"from_mile":0.388,"to_mile":1.173,"length_m":1263.3},"geometry":{"type":"LineString","coordinates":[[-71.257763,44.259573,711.6],[-71.257965,44.25967,717.3],[-71.258041,44.259896,720.1],[-71.258117,44.260121,722.7],[-71.258194,44.260346,725.4],[-71.25827,44.260571,727.5],[-71.258425,44.260666,730.2],[-71.258579,44.26076,732.4],[-71.258828,44.260849,736.2],[-71.25909,44.260755,742.2],[-71.259097,44.260555,743.1],[-71.259104,44.260355,743.3],[-71.259111,44.260155,743.3],[-71.259267,44.26,746.3],[-71.259422,44.259844,747.1],[-71.259566,44.259843,750.3],[-71.259719,44.259897,754.4],[-71.259807,44.26002,758.6],[-71.259895,44.260143,762.2],[-71.259918,44.260346,764.3],[-71.259941,44.260549,766.1],[-71.259964,44.260752,766.6],[-71.260082,44.260882,769.9],[-71.260199,44.261011,772.7],[-71.260491,44.261167,778.1],[-71.260844,44.261259,784.3],[-71.261197,44.26135,790.7],[-71.26155,44.261442,796.2],[-71.261903,44.261534,800.7],[-71.262256,44.261626,804.8],[-71.262555,44.261616,810.1],[-71.262854,44.261607,814.0],[-71.263153,44.261597,817.9],[-71.263477,44.261544,822.2],[-71.263801,44.26149,826.3],[-71.264125,44.261437,829.9],[-71.26445,44.261384,834.7],[-71.264793,44.261391,840.0],[-71.265136,44.261398,845.9],[-71.265479,44.261406,852.8],[-71.265823,44.261413,858.9],[-71.266166,44.261421,864.1],[-71.266509,44.261428,870.7],[-71.266775,44.261466,874.5],[-71.267042,44.261504,877.9],[-71.267308,44.261543,882.2],[-71.267639,44.261555,888.2],[-71.267971,44.261567,894.5],[-71.268302,44.261579,901.2],[-71.268592,44.261655,905.1],[-71.268882,44.261731,909.3],[-71.269172,44.261806,913.1],[-71.269521,44.261814,920.1],[-71.26987,44.261821,927.1]]}},
{"type":"Feature","properties":{"trail":"Tuckerman Ravine Trail","hero":true,"from_mile":1.173,"to_mile":1.622,"length_m":721.9},"geometry":{"type":"LineString","coordinates":[[-71.26987,44.261821,927.1],[-71.270187,44.26189,931.7],[-71.270504,44.261959,937.0],[-71.270822,44.262027,941.8],[-71.271139,44.262096,946.8],[-71.271392,44.262245,950.8],[-71.271667,44.262328,955.8],[-71.271943,44.262411,959.0],[-71.272218,44.262494,962.5],[-71.272524,44.262535,967.0],[-71.272829,44.262576,971.2],[-71.273135,44.262617,975.6],[-71.27343,44.262744,977.7],[-71.273726,44.262872,981.9],[-71.274022,44.262999,987.1],[-71.274211,44.263165,989.9],[-71.274409,44.263226,993.2],[-71.274606,44.263288,996.2],[-71.274915,44.263292,1001.5],[-71.275223,44.263296,1006.0],[-71.275532,44.2633,1011.6],[-71.275694,44.263442,1013.0],[-71.275857,44.263585,1014.4],[-71.276019,44.263727,1017.3],[-71.276359,44.263825,1025.0],[-71.276699,44.263923,1031.0],[-71.276919,44.263925,1035.3],[-71.277138,44.263927,1039.6],[-71.277327,44.263981,1042.1],[-71.277516,44.264036,1044.3],[-71.277827,44.263922,1050.3],[-71.277896,44.263807,1052.8]]}},
{"type":"Feature","properties":{"trail":"Tuckerman Ravine Trail","hero":true,"from_mile":1.622,"to_mile":1.994,"length_m":599.0},"geometry":{"type":"LineString","coordinates":[[-71.277896,44.263807,1052.8],[-71.27788,44.263553,1056.6],[-71.277864,44.2633,1061.0],[-71.277965,44.26312,1063.7],[-71.278274,44.262978,1069.2],[-71.278582,44.262836,1073.5],[-71.278891,44.262694,1075.5],[-71.2792,44.262553,1078.7],[-71.279294,44.262357,1080.3],[-71.279389,44.262161,1082.2],[-71.279483,44.261965,1083.7],[-71.279642,44.261822,1086.7],[-71.2798,44.261678,1090.0],[-71.279958,44.261535,1093.4],[-71.280319,44.261544,1098.5],[-71.280629,44.261405,1104.0],[-71.280939,44.261267,1109.8],[-71.28113,44.261303,1113.7],[-71.281289,44.261515,1117.0],[-71.281621,44.261625,1121.9],[-71.281953,44.261736,1126.8],[-71.282123,44.261904,1129.8],[-71.282338,44.26201,1134.3],[-71.282554,44.262117,1138.1],[-71.282769,44.262223,1140.4]]}},
{"type":"Feature","properties":{"trail":"Tuckerman Ravine Trail","hero":true,"from_mile":1.994,"to_mile":2.136,"length_m":229.0},"geometry":{"type":"LineString","coordinates":[[-71.282769,44.262223,1140.4],[-71.282929,44.262303,1142.5],[-71.283089,44.262382,1145.3],[-71.2832,44.262312,1149.2],[-71.283259,44.262108,1152.3],[-71.283318,44.261905,1154.8],[-71.283377,44.261702,1157.0],[-71.283521,44.261594,1158.6],[-71.283664,44.261485,1159.7],[-71.283874,44.261386,1162.3],[-71.284084,44.261288,1165.2],[-71.284295,44.261189,1168.3],[-71.284479,44.261023,1170.4]]}},
{"type":"Feature","properties":{"trail":"Tuckerman Ravine Trail","hero":true,"from_mile":2.136,"to_mile":2.21,"length_m":119.4},"geometry":{"type":"LineString","coordinates":[[-71.284479,44.261023,1170.4],[-71.284662,44.260859,1171.6],[-71.284844,44.260695,1173.7],[-71.285133,44.260525,1177.9],[-71.285421,44.260354,1181.9],[-71.285579,44.260324,1183.6]]}},
{"type":"Feature","properties":{"trail":"Tuckerman Ravine Trail","hero":true,"from_mile":2.21,"to_mile":2.234,"length_m":38.5},"geometry":{"type":"LineString","coordinates":[[-71.285579,44.260324,1183.6],[-71.285812,44.26028,1184.4],[-71.286045,44.260235,1183.7]]}},
{"type":"Feature","properties":{"trail":"Tuckerman Ravine Trail","hero":true,"from_mile":2.234,"to_mile":2.249,"length_m":23.5},"geometry":{"type":"LineString","coordinates":[[-71.286045,44.260235,1183.7],[-71.286088,44.260026,1183.2]]}},
{"type":"Feature","properties":{"trail":"Tuckerman Ravine Trail","hero":true,"from_mile":2.249,"to_mile":2.257,"length_m":13.0},"geometry":{"type":"LineString","coordinates":[[-71.286088,44.260026,1183.2],[-71.286227,44.259964,1183.9]]}},
{"type":"Feature","properties":{"trail":"Tuckerman Ravine Trail","hero":true,"from_mile":2.257,"to_mile":2.264,"length_m":12.0},"geometry":{"type":"LineString","coordinates":[[-71.286227,44.259964,1183.9],[-71.286354,44.259907,1184.8]]}},
{"type":"Feature","properties":{"trail":"Tuckerman Ravine Trail","hero":true,"from_mile":2.264,"to_mile":2.328,"length_m":102.9},"geometry":{"type":"LineString","coordinates":[[-71.286354,44.259907,1184.8],[-71.286401,44.259886,1185.1],[-71.286608,44.259921,1186.0],[-71.286816,44.259956,1185.5],[-71.286937,44.260173,1186.5],[-71.287103,44.260265,1187.7],[-71.28727,44.260357,1189.2],[-71.287329,44.260368,1189.9]]}},
{"type":"Feature","properties":{"trail":"Tuckerman Ravine Trail","hero":true,"from_mile":2.328,"to_mile":3.094,"length_m":1233.0},"geometry":{"type":"LineString","coordinates":[[-71.287329,44.260368,1189.9],[-71.287692,44.260435,1194.1],[-71.287966,44.260419,1197.5],[-71.28824,44.260402,1201.6],[-71.288496,44.260516,1208.2],[-71.288752,44.26063,1214.8],[-71.289008,44.260745,1223.8],[-71.2893,44.260785,1230.6],[-71.289591,44.260826,1238.5],[-71.289883,44.260867,1246.0],[-71.290175,44.260908,1251.4],[-71.290453,44.261036,1262.2],[-71.290732,44.261165,1272.4],[-71.291011,44.261294,1280.5],[-71.291271,44.261321,1284.5],[-71.291531,44.261348,1288.4],[-71.291851,44.261296,1292.0],[-71.292171,44.261243,1297.0],[-71.292491,44.26119,1301.0],[-71.292708,44.261188,1305.4],[-71.292925,44.261187,1309.7],[-71.293247,44.261257,1316.5],[-71.293569,44.261328,1321.3],[-71.293849,44.261333,1324.3],[-71.294129,44.261338,1327.2],[-71.294409,44.261344,1329.7],[-71.294645,44.261466,1332.3],[-71.294881,44.261589,1335.2],[-71.295116,44.261712,1338.2],[-71.29549,44.261722,1341.2],[-71.295864,44.261733,1345.5],[-71.296238,44.261743,1351.5],[-71.29644,44.261844,1356.1],[-71.296642,44.261945,1359.2],[-71.297009,44.261996,1368.3],[-71.29719,44.262146,1376.4],[-71.297372,44.262296,1385.2],[-71.297441,44.262447,1392.8],[-71.297511,44.262597,1402.5],[-71.297435,44.262836,1419.4],[-71.297359,44.263074,1438.0],[-71.297394,44.26325,1454.2],[-71.297428,44.263425,1474.8],[-71.297649,44.263377,1479.9],[-71.29787,44.263328,1488.5],[-71.298194,44.263196,1492.3],[-71.298518,44.263065,1497.8],[-71.298842,44.262933,1509.9],[-71.299167,44.262801,1519.3],[-71.299492,44.26284,1534.1],[-71.299817,44.262878,1549.3],[-71.300142,44.262916,1561.7]]}},
{"type":"Feature","properties":{"trail":"Tuckerman Ravine Trail","hero":true,"from_mile":3.094,"to_mile":3.182,"length_m":140.7},"geometry":{"type":"LineString","coordinates":[[-71.300142,44.262916,1561.7],[-71.300366,44.262943,1569.0],[-71.300591,44.262969,1576.0],[-71.30087,44.263091,1584.9],[-71.301149,44.263214,1594.5],[-71.301428,44.263336,1604.3],[-71.301706,44.263458,1615.6]]}},
{"type":"Feature","properties":{"trail":"Tuckerman Ravine Trail","hero":true,"from_mile":3.182,"to_mile":3.217,"length_m":55.9},"geometry":{"type":"LineString","coordinates":[[-71.301706,44.263458,1615.6],[-71.301795,44.263497,1619.3],[-71.302091,44.263522,1629.7],[-71.302387,44.263547,1637.7]]}},
{"type":"Feature","properties":{"trail":"Tuckerman Ravine Trail","hero":true,"from_mile":3.217,"to_mile":3.268,"length_m":82.3},"geometry":{"type":"LineString","coordinates":[[-71.302387,44.263547,1637.7],[-71.302339,44.263677,1639.0],[-71.302291,44.263808,1641.0],[-71.302314,44.264043,1648.5],[-71.302337,44.264277,1657.1]]}},
{"type":"Feature","properties":{"trail":"Tuckerman Ravine Trail","hero":true,"from_mile":3.268,"to_mile":3.393,"length_m":202.4},"geometry":{"type":"LineString","coordinates":[[-71.302337,44.264277,1657.1],[-71.302362,44.264527,1666.2],[-71.302238,44.264757,1672.8],[-71.302115,44.264987,1680.2],[-71.302077,44.265199,1687.7],[-71.30204,44.265411,1695.7],[-71.302003,44.265623,1704.4],[-71.302103,44.265829,1715.2],[-71.302202,44.266035,1726.2]]}},
{"type":"Feature","properties":{"trail":"Tuckerman Ravine Trail","hero":true,"from_mile":3.393,"to_mile":3.649,"length_m":410.6},"geometry":{"type":"LineString","coordinates":[[-71.302202,44.266035,1726.2],[-71.302253,44.26614,1731.5],[-71.302199,44.26634,1741.1],[-71.302145,44.266541,1751.0],[-71.302163,44.266772,1763.4],[-71.302181,44.267003,1776.0],[-71.3022,44.267234,1788.2],[-71.302218,44.267465,1800.3],[-71.302092,44.267702,1811.7],[-71.301966,44.26794,1822.8],[-71.30184,44.268177,1832.9],[-71.301714,44.268414,1842.4],[-71.301852,44.268642,1853.4],[-71.301991,44.26887,1863.8],[-71.301991,44.269116,1872.2],[-71.301991,44.269361,1879.9],[-71.301991,44.269606,1885.9]]}}
]}
