{"type": "FeatureCollection", "attribution": "© OpenStreetMap contributors (ODbL 1.0), via Overture Maps Foundation release 2026-09-23.0", "license": "ODbL-1.0", "source": "https://overturemaps-us-west-2.s3.amazonaws.com/release/2026-09-23.0/theme=transportation/type=segment/", "features": [
{"type":"Feature","properties":{"mountain_slug":"mount-washington","name":"A-Z Trail","length_km":5.38,"elevation_gain_m":417,"source":"© OpenStreetMap contributors (ODbL), via Overture Maps"},"geometry":{"type":"LineString","coordinates":[[-71.490362,44.198907],[-71.489861,44.198947],[-71.489335,44.198882],[-71.488767,44.198986],[-71.488423,44.199397],[-71.488166,44.199982],[-71.486347,44.200863],[-71.485655,44.200813],[-71.48477,44.200919],[-71.48366,44.200759],[-71.480854,44.200828],[-71.480119,44.200701],[-71.47954,44.200716],[-71.478982,44.200549],[-71.476225,44.200466],[-71.475876,44.200347],[-71.475141,44.20034],[-71.474631,44.200201],[-71.47351,44.20012],[-71.472346,44.200174],[-71.471322,44.200397],[-71.47085,44.200597],[-71.469922,44.200763],[-71.469128,44.200792],[-71.467186,44.200582],[-71.466526,44.200594],[-71.463425,44.199694],[-71.461902,44.199563],[-71.460984,44.199578],[-71.459729,44.199444],[-71.458785,44.199501],[-71.45746,44.199763],[-71.45536,44.199987],[-71.453903,44.200376],[-71.452182,44.201091],[-71.450194,44.201667],[-71.449858,44.201941],[-71.449462,44.202107],[-71.449381,44.202295],[-71.449024,44.202351],[-71.448957,44.202659],[-71.448006,44.202818],[-71.447482,44.20307],[-71.447136,44.203107],[-71.446796,44.203401],[-71.44639,44.203512],[-71.445838,44.203547],[-71.44521,44.203874],[-71.444473,44.204552],[-71.444033,44.204839],[-71.443191,44.205122],[-71.442972,44.205264],[-71.442509,44.205735],[-71.441388,44.205279],[-71.440342,44.205224],[-71.439843,44.205288],[-71.439517,44.205198],[-71.438451,44.206407],[-71.43823,44.206838],[-71.437865,44.20724],[-71.437527,44.207569],[-71.437047,44.207876],[-71.435049,44.2089],[-71.434289,44.209175],[-71.433181,44.209374],[-71.432916,44.209259],[-71.432312,44.209326],[-71.431979,44.209259],[-71.431954,44.209604],[-71.43177,44.20975]]}},
{"type":"Feature","properties":{"mountain_slug":"mount-washington","name":"AMC Stewardship Trail","length_km":0.27,"elevation_gain_m":8,"source":"© OpenStreetMap contributors (ODbL), via Overture Maps"},"geometry":{"type":"LineString","coordinates":[[-71.411767,44.220378],[-71.411826,44.220591],[-71.412264,44.220617],[-71.41252,44.220794],[-71.413528,44.220847],[-71.413837,44.220506],[-71.413821,44.220231],[-71.41394,44.220081]]}},
{"type":"Feature","properties":{"mountain_slug":"mount-washington","name":"Access from Middle Mountain Trail (road)","length_km":0.42,"elevation_gain_m":22,"source":"© OpenStreetMap contributors (ODbL), via Overture Maps"},"geometry":{"type":"LineString","coordinates":[[-71.161499,44.145398],[-71.160614,44.14584],[-71.160162,44.146313],[-71.158448,44.1474],[-71.158243,44.147582],[-71.158013,44.14808]]}},
{"type":"Feature","properties":{"mountain_slug":"mount-washington","name":"Airline Cutoff","length_km":0.26,"elevation_gain_m":14,"source":"© OpenStreetMap contributors (ODbL), via Overture Maps"},"geometry":{"type":"LineString","coordinates":[[-71.28662,44.329032],[-71.286344,44.328675],[-71.285937,44.328529],[-71.283748,44.328187]]}},
{"type":"Feature","properties":{"mountain_slug":"mount-washington","name":"Airline Trail","length_km":5.99,"elevation_gain_m":1356,"source":"© OpenStreetMap contributors (ODbL), via Overture Maps","note":"Joined across 64 m of Airline Trail / Gulfside Trail."},"geometry":{"type":"LineString","coordinates":[[-71.289206,44.370933],[-71.289362,44.370781],[-71.289341,44.370251],[-71.28959,44.369037],[-71.290013,44.3678],[-71.290488,44.366778],[-71.290856,44.365178],[-71.290825,44.364548],[-71.29154,44.361997],[-71.291603,44.361229],[-71.291494,44.36105],[-71.291552,44.360638],[-71.29145,44.360307],[-71.291598,44.359392],[-71.291534,44.358912],[-71.291946,44.357346],[-71.292045,44.356231],[-71.291992,44.355292],[-71.292162,44.354451],[-71.291864,44.351499],[-71.291704,44.35114],[-71.2918,44.350772],[-71.292063,44.35057],[-71.292099,44.350439],[-71.292067,44.350072],[-71.292246,44.349633],[-71.292163,44.348624],[-71.292254,44.34814],[-71.292128,44.347665],[-71.292163,44.347153],[-71.291944,44.346636],[-71.291948,44.346248],[-71.291769,44.345746],[-71.291815,44.345488],[-71.291556,44.345218],[-71.291474,44.344876],[-71.2912,44.344752],[-71.291061,44.344586],[-71.290892,44.344126],[-71.290023,44.343621],[-71.289775,44.342858],[-71.289985,44.3426],[-71.290003,44.342351],[-71.289583,44.341653],[-71.28939,44.340908],[-71.289079,44.340503],[-71.289059,44.340132],[-71.289313,44.339874],[-71.28939,44.339193],[-71.289666,44.338911],[-71.289602,44.338644],[-71.289688,44.338288],[-71.289471,44.337011],[-71.289334,44.336806],[-71.289334,44.336566],[-71.289164,44.336323],[-71.289033,44.335765],[-71.288953,44.334964],[-71.289031,44.334591],[-71.288946,44.334201],[-71.289118,44.333885],[-71.289094,44.333674],[-71.288736,44.333041],[-71.288755,44.332788],[-71.288307,44.332001],[-71.288234,44.331541],[-71.287995,44.331441],[-71.287041,44.32968],[-71.286758,44.329445],[-71.28662,44.329032],[-71.286815,44.32865],[-71.287124,44.328387],[-71.287032,44.32806],[-71.28708,44.327792],[-71.287305,44.327629],[-71.287618,44.327106],[-71.287662,44.326978],[-71.287563,44.326931],[-71.287465,44.326622],[-71.287772,44.32624],[-71.288264,44.326068],[-71.288506,44.325825],[-71.288619,44.324965],[-71.288975,44.324698],[-71.289368,44.323916],[-71.289818,44.32358],[-71.290148,44.322991],[-71.290876,44.322182],[-71.291087,44.321872],[-71.291147,44.321599],[-71.291349,44.32131],[-71.291495,44.321261],[-71.291653,44.320842],[-71.291612,44.320599]]}},
{"type":"Feature","properties":{"mountain_slug":"mount-washington","name":"Alpine Garden Trail","length_km":2.7,"elevation_gain_m":154,"source":"© OpenStreetMap contributors (ODbL), via Overture Maps"},"geometry":{"type":"LineString","coordinates":[[-71.300138,44.262932],[-71.299892,44.263512],[-71.299435,44.26373],[-71.298755,44.263814],[-71.298168,44.264013],[-71.29775,44.264245],[-71.297458,44.264305],[-71.296898,44.264737],[-71.296032,44.264888],[-71.295637,44.265049],[-71.295277,44.265374],[-71.294956,44.265413],[-71.294581,44.265611],[-71.294405,44.26674],[-71.294446,44.267048],[-71.294197,44.267454],[-71.293949,44.26763],[-71.293456,44.268491],[-71.293294,44.268969],[-71.292904,44.269371],[-71.292928,44.270334],[-71.292826,44.270946],[-71.292407,44.271804],[-71.292174,44.272557],[-71.292164,44.273341],[-71.291988,44.273959],[-71.292112,44.274878],[-71.292052,44.275132],[-71.291817,44.275407],[-71.291748,44.276038],[-71.290293,44.27696],[-71.290112,44.277282],[-71.2897,44.277557],[-71.289529,44.277805],[-71.289648,44.278139],[-71.289345,44.278856],[-71.289322,44.279143],[-71.289374,44.27939],[-71.289683,44.279892],[-71.289763,44.280837],[-71.289483,44.28154],[-71.289065,44.281693],[-71.288913,44.281976],[-71.288633,44.28215],[-71.288803,44.282553],[-71.288768,44.282664],[-71.288898,44.282809]]}},
{"type":"Feature","properties":{"mountain_slug":"mount-washington","name":"Alpine Spring","length_km":3.38,"elevation_gain_m":169,"source":"© OpenStreetMap contributors (ODbL), via Overture Maps"},"geometry":{"type":"LineString","coordinates":[[-71.181482,44.386465],[-71.181855,44.385601],[-71.181794,44.385107],[-71.181273,44.38467],[-71.181266,44.384482],[-71.181484,44.384514],[-71.182271,44.384913],[-71.183382,44.385022],[-71.184164,44.385357],[-71.184475,44.385365],[-71.184712,44.385131],[-71.184926,44.385108],[-71.185313,44.385225],[-71.185924,44.384974],[-71.18638,44.38461],[-71.186519,44.384391],[-71.186764,44.384228],[-71.186814,44.384019],[-71.187598,44.383743],[-71.18741,44.383467],[-71.187549,44.383467],[-71.188036,44.38312],[-71.188689,44.382965],[-71.188799,44.382878],[-71.188684,44.38276],[-71.18756,44.382484],[-71.187104,44.382301],[-71.186978,44.382195],[-71.187056,44.382095],[-71.187423,44.381936],[-71.187402,44.38184],[-71.186997,44.381688],[-71.18616,44.381942],[-71.185277,44.381909],[-71.184577,44.382012],[-71.183622,44.38152],[-71.183443,44.381309],[-71.183168,44.381193],[-71.182635,44.381267],[-71.182278,44.381161],[-71.181847,44.381267],[-71.181458,44.381152],[-71.18123,44.381192],[-71.18093,44.381135],[-71.18072,44.381036],[-71.180658,44.380908],[-71.180675,44.380794],[-71.180962,44.380627],[-71.180962,44.380557],[-71.179884,44.380605],[-71.179075,44.380356],[-71.178521,44.380337],[-71.177971,44.380196],[-71.17764,44.380007],[-71.177238,44.379621],[-71.177363,44.37926],[-71.177278,44.378931],[-71.177063,44.378832],[-71.176737,44.378832],[-71.176603,44.378717],[-71.176384,44.378372],[-71.176348,44.378109],[-71.176446,44.378007],[-71.176822,44.378007],[-71.177014,44.377739],[-71.176974,44.377611],[-71.176804,44.377595],[-71.176683,44.377474],[-71.176683,44.377324],[-71.177206,44.377045],[-71.177526,44.376758],[-71.177604,44.376557],[-71.178619,44.375962],[-71.179053,44.375898],[-71.179799,44.375997],[-71.179889,44.375905],[-71.179862,44.375601],[-71.180577,44.375291],[-71.180854,44.375256],[-71.181525,44.374994],[-71.182687,44.375106],[-71.182817,44.375045],[-71.183103,44.374611],[-71.1833,44.374572],[-71.183402,44.374598],[-71.183411,44.374687],[-71.183729,44.374534],[-71.183911,44.374572]]}},
{"type":"Feature","properties":{"mountain_slug":"mount-washington","name":"Ammonoosuc Link","length_km":0.47,"elevation_gain_m":51,"source":"© OpenStreetMap contributors (ODbL), via Overture Maps"},"geometry":{"type":"LineString","coordinates":[[-71.349823,44.269901],[-71.349151,44.269833],[-71.348189,44.26989],[-71.344153,44.26911]]}},
{"type":"Feature","properties":{"mountain_slug":"mount-washington","name":"Ammonoosuc Ravine Trail","length_km":1.46,"elevation_gain_m":128,"source":"© OpenStreetMap contributors (ODbL), via Overture Maps","note":"Longest of 3 OpenStreetMap pieces with this name that do not join into one line (1.5 of 2.8 km in the bbox)."},"geometry":{"type":"LineString","coordinates":[[-71.360885,44.266974],[-71.360316,44.26718],[-71.360083,44.267165],[-71.35946,44.266891],[-71.358646,44.266851],[-71.35786,44.266496],[-71.356947,44.266389],[-71.356409,44.266476],[-71.355736,44.266481],[-71.355064,44.266617],[-71.354951,44.26678],[-71.354682,44.266891],[-71.354632,44.267018],[-71.354399,44.267081],[-71.354038,44.267074],[-71.353521,44.26718],[-71.352325,44.267074],[-71.351468,44.267489],[-71.349968,44.267621],[-71.349475,44.268092],[-71.349168,44.268234],[-71.347242,44.268721],[-71.344964,44.268948],[-71.344153,44.26911]]}},
{"type":"Feature","properties":{"mountain_slug":"mount-washington","name":"Ammonoosuc Ravine Trail (New 2025)","length_km":2.27,"elevation_gain_m":230,"source":"© OpenStreetMap contributors (ODbL), via Overture Maps"},"geometry":{"type":"LineString","coordinates":[[-71.34674,44.268735],[-71.346787,44.268394],[-71.346081,44.26814],[-71.346122,44.26789],[-71.345946,44.267807],[-71.345923,44.267699],[-71.345537,44.267843],[-71.344727,44.26798],[-71.343861,44.267942],[-71.343747,44.267856],[-71.34393,44.267388],[-71.343297,44.26734],[-71.343259,44.267108],[-71.343526,44.266828],[-71.343277,44.266769],[-71.34329,44.26653],[-71.342723,44.266663],[-71.34218,44.266671],[-71.342048,44.266619],[-71.342221,44.266301],[-71.342092,44.266188],[-71.341601,44.266373],[-71.341061,44.266297],[-71.340195,44.26635],[-71.34004,44.266381],[-71.339802,44.26659],[-71.339409,44.26667],[-71.338624,44.266673],[-71.338324,44.26676],[-71.338149,44.266901],[-71.336749,44.267041],[-71.335955,44.266888],[-71.335599,44.26672],[-71.335288,44.266401],[-71.334415,44.265886],[-71.334433,44.26602],[-71.333185,44.265448],[-71.332921,44.265493],[-71.333041,44.265672],[-71.332858,44.265794],[-71.332388,44.265927],[-71.332499,44.26627],[-71.332309,44.266363],[-71.331849,44.266442],[-71.331521,44.266401],[-71.331346,44.26624],[-71.331083,44.266369],[-71.330856,44.266411],[-71.330768,44.266302],[-71.330358,44.26644],[-71.330322,44.266314],[-71.330238,44.266389],[-71.330133,44.266215],[-71.330122,44.266037],[-71.329859,44.266309],[-71.329511,44.266509],[-71.328624,44.266802],[-71.327014,44.267482]]}},
{"type":"Feature","properties":{"mountain_slug":"mount-washington","name":"Amphibrach","length_km":2.87,"elevation_gain_m":443,"source":"© OpenStreetMap contributors (ODbL), via Overture Maps"},"geometry":{"type":"LineString","coordinates":[[-71.299206,44.366971],[-71.299515,44.365664],[-71.299792,44.365273],[-71.299327,44.362679],[-71.299751,44.36011],[-71.300085,44.359676],[-71.299706,44.359253],[-71.299357,44.357974],[-71.299418,44.35767],[-71.299205,44.356444],[-71.299797,44.355479],[-71.300055,44.355252],[-71.300464,44.354373],[-71.301859,44.353061],[-71.302132,44.35215],[-71.302876,44.351716],[-71.302557,44.351174],[-71.302618,44.350773],[-71.302132,44.350263],[-71.302208,44.349884],[-71.302451,44.349667],[-71.30236,44.349374],[-71.302208,44.349331],[-71.302041,44.348637],[-71.301738,44.348528],[-71.301738,44.34817],[-71.302117,44.347726],[-71.302117,44.347281],[-71.302607,44.346982],[-71.302951,44.346262],[-71.302964,44.345547],[-71.303318,44.345026],[-71.303446,44.344484],[-71.304526,44.343227]]}},
{"type":"Feature","properties":{"mountain_slug":"mount-washington","name":"Amphibrach / The Link","length_km":0.99,"elevation_gain_m":47,"source":"© OpenStreetMap contributors (ODbL), via Overture Maps"},"geometry":{"type":"LineString","coordinates":[[-71.289373,44.370701],[-71.290285,44.370684],[-71.291044,44.370538],[-71.29165,44.370305],[-71.292529,44.370392],[-71.295788,44.369958],[-71.296302,44.369751],[-71.296797,44.369343],[-71.297451,44.369123],[-71.297918,44.368843],[-71.298301,44.367594],[-71.298572,44.36729],[-71.298712,44.367284],[-71.299206,44.366971]]}},
{"type":"Feature","properties":{"mountain_slug":"mount-washington","name":"Annie's Way","length_km":0.46,"elevation_gain_m":24,"source":"© OpenStreetMap contributors (ODbL), via Overture Maps"},"geometry":{"type":"LineString","coordinates":[[-71.23141,44.402567],[-71.231792,44.403028],[-71.231871,44.403387],[-71.232283,44.403637],[-71.232862,44.403599],[-71.232974,44.403494],[-71.233426,44.403405],[-71.233734,44.403454],[-71.234041,44.403185],[-71.234049,44.402883],[-71.233549,44.402587],[-71.23316,44.402481],[-71.232995,44.402286]]}},
{"type":"Feature","properties":{"mountain_slug":"mount-washington","name":"Antler","length_km":0.2,"elevation_gain_m":8,"source":"© OpenStreetMap contributors (ODbL), via Overture Maps"},"geometry":{"type":"LineString","coordinates":[[-71.227144,44.402978],[-71.22742,44.40293],[-71.227361,44.4032],[-71.227831,44.403212],[-71.22789,44.403292],[-71.227809,44.403492],[-71.227976,44.403848],[-71.228262,44.404035]]}},
{"type":"Feature","properties":{"mountain_slug":"mount-washington","name":"Aqueduct Loop","length_km":3.69,"elevation_gain_m":147,"source":"© OpenStreetMap contributors (ODbL), via Overture Maps","note":"Longest of 2 OpenStreetMap pieces with this name that do not join into one line (3.7 of 3.8 km in the bbox)."},"geometry":{"type":"LineString","coordinates":[[-71.222541,44.289226],[-71.222649,44.289243],[-71.223579,44.290183],[-71.223662,44.29037],[-71.223815,44.290387],[-71.223881,44.291549],[-71.223822,44.291743],[-71.223157,44.292511],[-71.222685,44.292699],[-71.222379,44.292954],[-71.222414,44.293091],[-71.222969,44.29349],[-71.222771,44.294293],[-71.2228,44.294618],[-71.22305,44.295015],[-71.222741,44.295525],[-71.222728,44.295737],[-71.223036,44.296245],[-71.223197,44.296293],[-71.223326,44.296446],[-71.22343,44.296701],[-71.223157,44.297119],[-71.2235,44.297749],[-71.223414,44.298209],[-71.22305,44.298685],[-71.22305,44.298839],[-71.222886,44.298952],[-71.222315,44.299021],[-71.222148,44.299192],[-71.222087,44.299521],[-71.221929,44.299597],[-71.220453,44.299008],[-71.219166,44.298701],[-71.218865,44.298514],[-71.218179,44.29715],[-71.217599,44.296827],[-71.216634,44.295667],[-71.216468,44.295187],[-71.216578,44.294531],[-71.216505,44.294147],[-71.21573,44.293375],[-71.214746,44.292089],[-71.214209,44.291624],[-71.213208,44.291211],[-71.21245,44.291106],[-71.212063,44.290967],[-71.211291,44.290369],[-71.212602,44.289807],[-71.212867,44.289572],[-71.213803,44.289372],[-71.215205,44.289372],[-71.216346,44.289466],[-71.217217,44.289823],[-71.218054,44.289689],[-71.218611,44.289474],[-71.219116,44.289573],[-71.219289,44.28978],[-71.219503,44.289881],[-71.220209,44.2894],[-71.220339,44.28912],[-71.22092,44.288991]]}},
{"type":"Feature","properties":{"mountain_slug":"mount-washington","name":"Arethusa Falls Spur Trail","length_km":0.23,"elevation_gain_m":32,"source":"© OpenStreetMap contributors (ODbL), via Overture Maps"},"geometry":{"type":"LineString","coordinates":[[-71.391783,44.146901],[-71.39134,44.147098],[-71.389855,44.147541],[-71.389472,44.14794]]}},
{"type":"Feature","properties":{"mountain_slug":"mount-washington","name":"Arethusa Falls Trail","length_km":1.99,"elevation_gain_m":261,"source":"© OpenStreetMap contributors (ODbL), via Overture Maps"},"geometry":{"type":"LineString","coordinates":[[-71.369483,44.147941],[-71.369631,44.147758],[-71.369671,44.147269],[-71.370076,44.147102],[-71.371622,44.147377],[-71.372047,44.147552],[-71.373267,44.148289],[-71.373666,44.148282],[-71.374131,44.148121],[-71.37457,44.148119],[-71.375128,44.148236],[-71.37582,44.147976],[-71.376151,44.147941],[-71.376771,44.14804],[-71.377483,44.147997],[-71.377558,44.148284],[-71.377819,44.148425],[-71.378142,44.148297],[-71.378504,44.148285],[-71.379329,44.14832],[-71.379932,44.148496],[-71.383912,44.148579],[-71.384324,44.148659],[-71.385026,44.148992],[-71.385355,44.149301],[-71.386469,44.149633],[-71.386807,44.149384],[-71.387805,44.14946],[-71.38819,44.149363],[-71.388442,44.149017],[-71.388356,44.148854],[-71.388407,44.14872],[-71.389045,44.148576],[-71.389161,44.148411],[-71.389012,44.14822],[-71.388811,44.148165],[-71.389472,44.14794]]}},
{"type":"Feature","properties":{"mountain_slug":"mount-washington","name":"Arethusa-Ripley Falls Trail","length_km":3.82,"elevation_gain_m":327,"source":"© OpenStreetMap contributors (ODbL), via Overture Maps"},"geometry":{"type":"LineString","coordinates":[[-71.388214,44.166133],[-71.388398,44.165894],[-71.389606,44.165415],[-71.389866,44.165179],[-71.389963,44.165194],[-71.391542,44.164209],[-71.392082,44.163604],[-71.391991,44.162793],[-71.391662,44.162193],[-71.392092,44.162102],[-71.392208,44.162035],[-71.392222,44.161895],[-71.392162,44.161804],[-71.391727,44.16174],[-71.39147,44.16161],[-71.391223,44.161406],[-71.39112,44.161178],[-71.39133,44.161007],[-71.391316,44.160491],[-71.39148,44.160434],[-71.391662,44.15969],[-71.391512,44.159456],[-71.390747,44.15896],[-71.390452,44.158508],[-71.39048,44.157968],[-71.389131,44.156809],[-71.388795,44.156681],[-71.388267,44.15629],[-71.387884,44.156172],[-71.387099,44.155754],[-71.38631,44.155211],[-71.385526,44.154886],[-71.385199,44.154608],[-71.384792,44.15441],[-71.383144,44.153877],[-71.381623,44.153757],[-71.381351,44.153611],[-71.381325,44.153414],[-71.381631,44.153224],[-71.382282,44.153128],[-71.382753,44.153137],[-71.383212,44.153276],[-71.38414,44.153314],[-71.385128,44.153071],[-71.385561,44.153151],[-71.387568,44.154192],[-71.38777,44.154241],[-71.388059,44.15415],[-71.388201,44.153875],[-71.388594,44.153568],[-71.388755,44.153161],[-71.389437,44.152481],[-71.389786,44.151829],[-71.390613,44.151372],[-71.391436,44.150509],[-71.391614,44.149992],[-71.392045,44.149237],[-71.392822,44.148335],[-71.392775,44.148141],[-71.392557,44.147988],[-71.391665,44.148272],[-71.390688,44.148303],[-71.389777,44.148142],[-71.389472,44.14794]]}},
{"type":"Feature","properties":{"mountain_slug":"mount-washington","name":"Around the Lake Trail","length_km":1.09,"elevation_gain_m":27,"source":"© OpenStreetMap contributors (ODbL), via Overture Maps"},"geometry":{"type":"LineString","coordinates":[[-71.414995,44.220555],[-71.415017,44.221403],[-71.415565,44.221666],[-71.416003,44.222034],[-71.416312,44.222123],[-71.416779,44.222565],[-71.417409,44.222862],[-71.417713,44.222782],[-71.418568,44.222839],[-71.418642,44.222554],[-71.41832,44.22216],[-71.418242,44.221714],[-71.418019,44.221417],[-71.417625,44.221146],[-71.416986,44.221078],[-71.416643,44.220744],[-71.416463,44.220682],[-71.416053,44.220698],[-71.415715,44.220825],[-71.415388,44.220771],[-71.414995,44.220555],[-71.414772,44.220232],[-71.414013,44.220114],[-71.413596,44.219969],[-71.413027,44.220032]]}},
{"type":"Feature","properties":{"mountain_slug":"mount-washington","name":"Avalanche Brook Ski Trail","length_km":6.5,"elevation_gain_m":357,"source":"© OpenStreetMap contributors (ODbL), via Overture Maps"},"geometry":{"type":"LineString","coordinates":[[-71.25021,44.206917],[-71.250868,44.207306],[-71.250986,44.207537],[-71.250906,44.208029],[-71.251448,44.208829],[-71.251378,44.209302],[-71.251657,44.209675],[-71.252258,44.209998],[-71.252386,44.210213],[-71.252408,44.211105],[-71.252644,44.212013],[-71.252917,44.212424],[-71.253368,44.212789],[-71.254339,44.213247],[-71.256056,44.213774],[-71.256968,44.213954],[-71.257472,44.214216],[-71.25804,44.214792],[-71.259612,44.215592],[-71.25988,44.215896],[-71.261307,44.216569],[-71.263298,44.217069],[-71.263974,44.217095],[-71.264344,44.217242],[-71.26451,44.217403],[-71.26392,44.217953],[-71.263416,44.218084],[-71.263383,44.218568],[-71.262718,44.221044],[-71.262852,44.221528],[-71.262793,44.221936],[-71.262895,44.222566],[-71.262863,44.223101],[-71.262965,44.223431],[-71.263373,44.224035],[-71.263512,44.224404],[-71.264156,44.225234],[-71.264124,44.225876],[-71.264236,44.226407],[-71.264762,44.227318],[-71.265476,44.228171],[-71.265492,44.228267],[-71.265245,44.228402],[-71.264928,44.229124],[-71.265663,44.229966],[-71.266071,44.231527],[-71.265899,44.231911],[-71.266098,44.232526],[-71.265674,44.23283],[-71.265502,44.233472],[-71.265116,44.234271],[-71.264998,44.234432],[-71.264757,44.234506],[-71.264451,44.234759],[-71.263764,44.236035],[-71.26495,44.237726],[-71.264832,44.238449],[-71.265132,44.239529],[-71.265213,44.240436],[-71.265132,44.241093],[-71.264204,44.242254],[-71.264145,44.242815],[-71.263856,44.243299],[-71.263448,44.243599],[-71.262992,44.243795],[-71.262777,44.244083],[-71.261914,44.24459],[-71.261715,44.244609],[-71.260556,44.245374],[-71.260342,44.24592],[-71.260331,44.246646],[-71.259988,44.247826],[-71.259811,44.247872],[-71.25885,44.247753],[-71.258389,44.24781],[-71.257397,44.248617],[-71.256608,44.24894],[-71.25649,44.249109],[-71.256104,44.25017],[-71.256056,44.250735],[-71.255605,44.251296],[-71.255632,44.25231],[-71.25546,44.252763],[-71.255535,44.253224],[-71.255948,44.25334],[-71.256327,44.253967]]}},
{"type":"Feature","properties":{"mountain_slug":"mount-washington","name":"Avalon Trail","length_km":4.02,"elevation_gain_m":729,"source":"© OpenStreetMap contributors (ODbL), via Overture Maps"},"geometry":{"type":"LineString","coordinates":[[-71.411489,44.21796],[-71.411529,44.217621],[-71.412278,44.217261],[-71.413234,44.217417],[-71.414407,44.217202],[-71.415106,44.217407],[-71.415439,44.217175],[-71.41589,44.217088],[-71.416472,44.216824],[-71.417184,44.216711],[-71.418659,44.216049],[-71.419426,44.215515],[-71.419971,44.215334],[-71.420578,44.214808],[-71.420975,44.214649],[-71.421318,44.214743],[-71.422471,44.214406],[-71.424128,44.21445],[-71.424452,44.214238],[-71.425151,44.214243],[-71.42586,44.213932],[-71.427057,44.21385],[-71.427795,44.213345],[-71.42879,44.213033],[-71.430873,44.211188],[-71.431182,44.210737],[-71.431651,44.21035],[-71.43177,44.20993],[-71.43177,44.209694],[-71.431361,44.209061],[-71.431161,44.208819],[-71.43012,44.20857],[-71.429812,44.208424],[-71.429644,44.208162],[-71.429417,44.208008],[-71.428607,44.207827],[-71.428148,44.207636],[-71.427855,44.20732],[-71.427503,44.206504],[-71.427848,44.206078],[-71.428644,44.20541],[-71.428586,44.204891],[-71.428961,44.204438],[-71.429368,44.20433],[-71.42991,44.204409],[-71.430232,44.204349],[-71.429834,44.203739],[-71.429595,44.203573],[-71.429713,44.203349],[-71.430525,44.202656],[-71.431201,44.202614],[-71.431684,44.202432],[-71.431847,44.20227],[-71.432285,44.20216],[-71.432612,44.201652],[-71.43268,44.201345],[-71.432906,44.201079],[-71.433766,44.200457],[-71.433927,44.200067],[-71.433798,44.199506],[-71.43406,44.198595],[-71.434011,44.198193],[-71.434384,44.197605],[-71.434078,44.196864]]}},
{"type":"Feature","properties":{"mountain_slug":"mount-washington","name":"B&M","length_km":3.2,"elevation_gain_m":108,"source":"© OpenStreetMap contributors (ODbL), via Overture Maps"},"geometry":{"type":"LineString","coordinates":[[-71.430771,44.254766],[-71.429297,44.255302],[-71.428128,44.256021],[-71.427721,44.25644],[-71.424755,44.260355],[-71.423126,44.262234],[-71.422456,44.262647],[-71.420742,44.263244],[-71.419309,44.263931],[-71.417407,44.2652],[-71.416116,44.265567],[-71.413746,44.265636],[-71.411912,44.266155],[-71.410944,44.26629],[-71.409882,44.266159],[-71.409155,44.265857],[-71.40865,44.265469],[-71.408276,44.264905],[-71.408004,44.264146],[-71.407864,44.263274],[-71.407642,44.262897],[-71.4054,44.260615],[-71.404377,44.259227],[-71.404312,44.259048],[-71.404375,44.258891]]}},
{"type":"Feature","properties":{"mountain_slug":"mount-washington","name":"Baggage Claim","length_km":0.68,"elevation_gain_m":70,"source":"© OpenStreetMap contributors (ODbL), via Overture Maps"},"geometry":{"type":"LineString","coordinates":[[-71.19772,44.392047],[-71.197479,44.391936],[-71.196964,44.391365],[-71.196583,44.391196],[-71.196567,44.390954],[-71.196916,44.390556],[-71.196578,44.390398],[-71.196905,44.39018],[-71.196964,44.390053],[-71.196443,44.389609],[-71.196293,44.389087],[-71.196036,44.38885],[-71.19587,44.388378],[-71.195483,44.388183],[-71.195022,44.388087],[-71.194623,44.387344]]}},
{"type":"Feature","properties":{"mountain_slug":"mount-washington","name":"Bald Land Trail","length_km":2.72,"elevation_gain_m":115,"source":"© OpenStreetMap contributors (ODbL), via Overture Maps"},"geometry":{"type":"LineString","coordinates":[[-71.131454,44.185474],[-71.132216,44.184602],[-71.132306,44.184066],[-71.132265,44.183559],[-71.132818,44.183506],[-71.135948,44.184043],[-71.13655,44.184468],[-71.1372,44.18469],[-71.140726,44.183681],[-71.140989,44.183022],[-71.140906,44.182712],[-71.142461,44.182579],[-71.14338,44.182276],[-71.144803,44.18245],[-71.145323,44.182354],[-71.146182,44.181835],[-71.146262,44.181679],[-71.146053,44.180956],[-71.146375,44.180198],[-71.146265,44.179707],[-71.146106,44.179447],[-71.146144,44.179232],[-71.146957,44.178351],[-71.147332,44.178138],[-71.148089,44.178107],[-71.14829,44.177932],[-71.148816,44.177689],[-71.14933,44.177582],[-71.149379,44.177516],[-71.150331,44.177482],[-71.150666,44.17737],[-71.151806,44.17728],[-71.152797,44.177614],[-71.154266,44.178251],[-71.154639,44.178322],[-71.154934,44.178336],[-71.155578,44.177956]]}},
{"type":"Feature","properties":{"mountain_slug":"mount-washington","name":"Beaver Pond","length_km":1.0,"elevation_gain_m":23,"source":"© OpenStreetMap contributors (ODbL), via Overture Maps"},"geometry":{"type":"LineString","coordinates":[[-71.416179,44.240951],[-71.415967,44.240863],[-71.414251,44.239324],[-71.411236,44.238883],[-71.410866,44.239334],[-71.411392,44.239937],[-71.411867,44.240148],[-71.412618,44.240085],[-71.413482,44.240493],[-71.414474,44.241521],[-71.415131,44.241591]]}},
{"type":"Feature","properties":{"mountain_slug":"mount-washington","name":"Bee Line Trail","length_km":1.69,"elevation_gain_m":145,"source":"© OpenStreetMap contributors (ODbL), via Overture Maps","note":"Joined across 118 m of unnamed track. Longest of 3 OpenStreetMap pieces with this name that do not join into one line (1.7 of 1.9 km in the bbox)."},"geometry":{"type":"LineString","coordinates":[[-71.288987,44.374574],[-71.289152,44.374842],[-71.288054,44.375948],[-71.287826,44.376076],[-71.28742,44.37612],[-71.286649,44.376636],[-71.284517,44.377481],[-71.282718,44.378384],[-71.282718,44.378534],[-71.28302,44.378657],[-71.283125,44.379886],[-71.282878,44.380084],[-71.282336,44.38026],[-71.281584,44.38063],[-71.280752,44.381168],[-71.279908,44.382048],[-71.279705,44.382537],[-71.279877,44.383942],[-71.280099,44.384462],[-71.280099,44.384708],[-71.279649,44.385497],[-71.27947,44.386027]]}},
{"type":"Feature","properties":{"mountain_slug":"mount-washington","name":"Beech Hill","length_km":0.81,"elevation_gain_m":55,"source":"© OpenStreetMap contributors (ODbL), via Overture Maps"},"geometry":{"type":"LineString","coordinates":[[-71.421199,44.237238],[-71.420118,44.236184],[-71.42008,44.235565],[-71.420243,44.235081],[-71.420054,44.234624],[-71.419398,44.234394],[-71.418894,44.234091],[-71.418024,44.233798],[-71.417448,44.233775],[-71.416927,44.234026],[-71.416654,44.234003],[-71.416371,44.233853],[-71.41606,44.233484],[-71.414895,44.233238]]}},
{"type":"Feature","properties":{"mountain_slug":"mount-washington","name":"Beechwood Way","length_km":1.24,"elevation_gain_m":140,"source":"© OpenStreetMap contributors (ODbL), via Overture Maps"},"geometry":{"type":"LineString","coordinates":[[-71.298129,44.368122],[-71.296696,44.366986],[-71.296044,44.366687],[-71.295967,44.366399],[-71.296193,44.366065],[-71.296151,44.365857],[-71.295627,44.365422],[-71.29562,44.365194],[-71.294303,44.364112],[-71.292661,44.363585],[-71.290608,44.362543],[-71.289929,44.362027],[-71.288822,44.360073]]}},
{"type":"Feature","properties":{"mountain_slug":"mount-washington","name":"Bemis Brook Trail","length_km":0.69,"elevation_gain_m":107,"source":"© OpenStreetMap contributors (ODbL), via Overture Maps"},"geometry":{"type":"LineString","coordinates":[[-71.37077,44.147213],[-71.371166,44.147108],[-71.372094,44.147288],[-71.37409,44.147131],[-71.375888,44.147337],[-71.377799,44.147136],[-71.377632,44.147573],[-71.377356,44.147878],[-71.377483,44.147997]]}},
{"type":"Feature","properties":{"mountain_slug":"mount-washington","name":"Benz","length_km":0.4,"elevation_gain_m":22,"source":"© OpenStreetMap contributors (ODbL), via Overture Maps"},"geometry":{"type":"LineString","coordinates":[[-71.233218,44.401864],[-71.233481,44.401834],[-71.233628,44.401892],[-71.233718,44.402292],[-71.233501,44.402649],[-71.23293,44.402608],[-71.232398,44.402675],[-71.232079,44.402884],[-71.232026,44.403082],[-71.232068,44.403338],[-71.232162,44.403394],[-71.232503,44.403446],[-71.232838,44.40331],[-71.232915,44.403527]]}},
{"type":"Feature","properties":{"mountain_slug":"mount-washington","name":"Beth Hendrick Trail","length_km":0.43,"elevation_gain_m":58,"source":"© OpenStreetMap contributors (ODbL), via Overture Maps"},"geometry":{"type":"LineString","coordinates":[[-71.214138,44.218677],[-71.214911,44.218885],[-71.21496,44.219182],[-71.214727,44.219744],[-71.21479,44.219802],[-71.215489,44.219477],[-71.216599,44.219349],[-71.217202,44.219514],[-71.217613,44.219845]]}},
{"type":"Feature","properties":{"mountain_slug":"mount-washington","name":"Biathlon Street","length_km":0.2,"elevation_gain_m":5,"source":"© OpenStreetMap contributors (ODbL), via Overture Maps"},"geometry":{"type":"LineString","coordinates":[[-71.434479,44.247105],[-71.433804,44.247248],[-71.433095,44.247257],[-71.43206,44.247048]]}},
{"type":"Feature","properties":{"mountain_slug":"mount-washington","name":"Biscoff","length_km":0.62,"elevation_gain_m":62,"source":"© OpenStreetMap contributors (ODbL), via Overture Maps"},"geometry":{"type":"LineString","coordinates":[[-71.189717,44.388842],[-71.189899,44.388601],[-71.190006,44.38811],[-71.190328,44.387769],[-71.19035,44.387627],[-71.190435,44.387523],[-71.190694,44.387474],[-71.190895,44.387274],[-71.191072,44.38732],[-71.191465,44.387186],[-71.191798,44.38722],[-71.192101,44.387161],[-71.192011,44.386804],[-71.192125,44.386844],[-71.192218,44.386788],[-71.192209,44.386649],[-71.192463,44.386634],[-71.192747,44.386324],[-71.193203,44.386622],[-71.193976,44.386784],[-71.194088,44.38676],[-71.193938,44.386557],[-71.194157,44.386532]]}},
{"type":"Feature","properties":{"mountain_slug":"mount-washington","name":"Black Angel Trail","length_km":5.46,"elevation_gain_m":780,"source":"© OpenStreetMap contributors (ODbL), via Overture Maps"},"geometry":{"type":"LineString","coordinates":[[-71.115,44.276135],[-71.116401,44.275916],[-71.120098,44.275741],[-71.122005,44.276769],[-71.122758,44.2768],[-71.123773,44.276987],[-71.124432,44.27705],[-71.12639,44.276935],[-71.128408,44.276684],[-71.129249,44.276646],[-71.129387,44.276584],[-71.129482,44.276154],[-71.13019,44.275935],[-71.130619,44.275472],[-71.13085,44.275382],[-71.131069,44.274967],[-71.131498,44.274732],[-71.133223,44.274504],[-71.135264,44.274594],[-71.136039,44.274338],[-71.139208,44.274011],[-71.140784,44.273982],[-71.141803,44.273794],[-71.142402,44.273842],[-71.143393,44.273564],[-71.147636,44.273083],[-71.148113,44.272973],[-71.148226,44.272849],[-71.149047,44.272562],[-71.149356,44.272245],[-71.149433,44.271999],[-71.14965,44.271917],[-71.150654,44.272692],[-71.151016,44.273213],[-71.151339,44.27343],[-71.151795,44.273418],[-71.152149,44.273151],[-71.15331,44.272754],[-71.154628,44.271763],[-71.155034,44.271739],[-71.155441,44.271833],[-71.156781,44.272535],[-71.158074,44.27296],[-71.158966,44.273194],[-71.159854,44.273321],[-71.162324,44.273288],[-71.162956,44.27308],[-71.163852,44.272954],[-71.164087,44.27297],[-71.165092,44.273537],[-71.167342,44.273856],[-71.168386,44.273712],[-71.169542,44.273686],[-71.170595,44.273876],[-71.172138,44.273791],[-71.172935,44.273674],[-71.173248,44.273531],[-71.173894,44.272936],[-71.174461,44.272607],[-71.175168,44.271868],[-71.175288,44.271569],[-71.175546,44.271376]]}},
{"type":"Feature","properties":{"mountain_slug":"mount-washington","name":"Black Brook Trail","length_km":2.24,"elevation_gain_m":235,"source":"© OpenStreetMap contributors (ODbL), via Overture Maps"},"geometry":{"type":"LineString","coordinates":[[-71.493,44.292986],[-71.492564,44.293304],[-71.491813,44.293596],[-71.490933,44.294394],[-71.49104,44.294686],[-71.491856,44.295178],[-71.492242,44.296115],[-71.492199,44.297282],[-71.492027,44.297543],[-71.49059,44.298004],[-71.490375,44.298925],[-71.489602,44.299985],[-71.488787,44.30172],[-71.488873,44.302181],[-71.489431,44.303394],[-71.489152,44.304699],[-71.489366,44.305344],[-71.48913,44.305682],[-71.489173,44.306342],[-71.489645,44.306834],[-71.489667,44.307095],[-71.490075,44.307617],[-71.490225,44.308553],[-71.48971,44.309229],[-71.489088,44.309659],[-71.488894,44.309951],[-71.488838,44.310543]]}},
{"type":"Feature","properties":{"mountain_slug":"mount-washington","name":"Black Mountain Cutoff Trail","length_km":0.75,"elevation_gain_m":76,"source":"© OpenStreetMap contributors (ODbL), via Overture Maps"},"geometry":{"type":"LineString","coordinates":[[-71.172451,44.197044],[-71.172449,44.196674],[-71.171718,44.19626],[-71.169694,44.19533],[-71.168669,44.195072],[-71.167947,44.195661],[-71.167775,44.196078],[-71.167661,44.196807],[-71.167398,44.196962],[-71.167404,44.197228],[-71.166976,44.19754],[-71.166874,44.197838]]}},
{"type":"Feature","properties":{"mountain_slug":"mount-washington","name":"Black Mountain Ski Trail","length_km":2.36,"elevation_gain_m":439,"source":"© OpenStreetMap contributors (ODbL), via Overture Maps"},"geometry":{"type":"LineString","coordinates":[[-71.192537,44.196181],[-71.192012,44.196693],[-71.189234,44.198736],[-71.188322,44.198928],[-71.187614,44.198959],[-71.187131,44.199236],[-71.18682,44.199574],[-71.186026,44.200013],[-71.185092,44.200866],[-71.18446,44.201128],[-71.183526,44.201166],[-71.181842,44.200628],[-71.179771,44.19959],[-71.17829,44.199482],[-71.176177,44.198451],[-71.175561,44.198373],[-71.174923,44.198419],[-71.172885,44.197217],[-71.172451,44.197044],[-71.171703,44.197632],[-71.170286,44.198033],[-71.169633,44.198209],[-71.169124,44.198152],[-71.168158,44.198224]]}},
{"type":"Feature","properties":{"mountain_slug":"mount-washington","name":"Bog Brook Trail","length_km":3.42,"elevation_gain_m":204,"source":"© OpenStreetMap contributors (ODbL), via Overture Maps"},"geometry":{"type":"LineString","coordinates":[[-71.189189,44.217603],[-71.187423,44.217879],[-71.186578,44.218393],[-71.185413,44.218829],[-71.184968,44.219575],[-71.184042,44.220473],[-71.183666,44.221035],[-71.183583,44.222216],[-71.182824,44.223043],[-71.18272,44.223288],[-71.182809,44.224353],[-71.182517,44.224834],[-71.182543,44.225041],[-71.182337,44.225521],[-71.182345,44.226122],[-71.182068,44.226725],[-71.181659,44.227154],[-71.180381,44.227932],[-71.180257,44.228103],[-71.180441,44.228287],[-71.180294,44.228532],[-71.180128,44.228604],[-71.179872,44.229148],[-71.179144,44.229928],[-71.179182,44.230346],[-71.179051,44.23059],[-71.178488,44.231045],[-71.177128,44.231743],[-71.176823,44.231743],[-71.17649,44.231859],[-71.175991,44.231829],[-71.17529,44.232056],[-71.174597,44.232456],[-71.174029,44.233193],[-71.173552,44.233393],[-71.172638,44.234002],[-71.172226,44.234553],[-71.172315,44.234822],[-71.172266,44.234963],[-71.171321,44.236004],[-71.171079,44.236094],[-71.17056,44.236058],[-71.169028,44.237041],[-71.168545,44.237479],[-71.16761,44.23736],[-71.167107,44.237633],[-71.166774,44.237933],[-71.166956,44.238333],[-71.167371,44.238237],[-71.167591,44.237875],[-71.167716,44.237825],[-71.167828,44.238006],[-71.167655,44.23852]]}},
{"type":"Feature","properties":{"mountain_slug":"mount-washington","name":"Boothman Spring Cut-off","length_km":0.7,"elevation_gain_m":40,"source":"© OpenStreetMap contributors (ODbL), via Overture Maps"},"geometry":{"type":"LineString","coordinates":[[-71.278374,44.389278],[-71.278563,44.3897],[-71.279818,44.390597],[-71.280698,44.391463],[-71.281631,44.391831],[-71.283037,44.3918],[-71.284196,44.392041],[-71.284636,44.39223],[-71.28539,44.392264]]}},
{"type":"Feature","properties":{"mountain_slug":"mount-washington","name":"Boott Spur Link Trail","length_km":0.82,"elevation_gain_m":248,"source":"© OpenStreetMap contributors (ODbL), via Overture Maps"},"geometry":{"type":"LineString","coordinates":[[-71.286213,44.259948],[-71.285956,44.259511],[-71.285578,44.259458],[-71.285784,44.259219],[-71.285726,44.258988],[-71.284998,44.258821],[-71.284331,44.258903],[-71.283909,44.258596],[-71.283408,44.257229],[-71.283438,44.256655],[-71.282726,44.256038],[-71.282871,44.255791],[-71.282874,44.255348],[-71.283167,44.255165],[-71.28333,44.254796],[-71.283546,44.254693],[-71.283612,44.25452]]}},
{"type":"Feature","properties":{"mountain_slug":"mount-washington","name":"Boott Spur Trail","length_km":3.94,"elevation_gain_m":960,"source":"© OpenStreetMap contributors (ODbL), via Overture Maps"},"geometry":{"type":"LineString","coordinates":[[-71.257763,44.259573],[-71.25782,44.259105],[-71.258058,44.258843],[-71.25847,44.258817],[-71.259102,44.25865],[-71.260028,44.258655],[-71.260473,44.258744],[-71.261263,44.258656],[-71.261416,44.258751],[-71.261602,44.259421],[-71.262294,44.259775],[-71.263259,44.259338],[-71.26322,44.259136],[-71.263034,44.259075],[-71.263017,44.258934],[-71.2631,44.258817],[-71.263353,44.258798],[-71.264186,44.258883],[-71.264651,44.259228],[-71.265362,44.258999],[-71.265721,44.259042],[-71.266245,44.259404],[-71.266548,44.259413],[-71.267206,44.259146],[-71.267936,44.258961],[-71.268184,44.258977],[-71.268842,44.259124],[-71.269268,44.259306],[-71.269801,44.259778],[-71.270361,44.259904],[-71.271248,44.259559],[-71.27169,44.259486],[-71.272398,44.259494],[-71.272817,44.259339],[-71.273688,44.259332],[-71.274022,44.259466],[-71.274435,44.259932],[-71.275406,44.259503],[-71.275715,44.258622],[-71.276038,44.258403],[-71.276922,44.257994],[-71.279244,44.257666],[-71.279346,44.257598],[-71.279873,44.256997],[-71.280015,44.256643],[-71.280654,44.255972],[-71.2799,44.255128],[-71.279997,44.254272],[-71.280625,44.254526],[-71.281206,44.254402],[-71.281837,44.254421],[-71.282136,44.254313],[-71.282326,44.254435],[-71.282482,44.254393],[-71.282678,44.254563],[-71.283042,44.254477],[-71.283612,44.25452],[-71.285031,44.253794],[-71.285284,44.253754],[-71.28544,44.253587],[-71.285661,44.253581],[-71.286038,44.25342],[-71.286705,44.253368],[-71.287712,44.253487],[-71.287962,44.253421],[-71.288502,44.253557],[-71.289701,44.25351],[-71.29038,44.253396],[-71.29164,44.253444],[-71.291969,44.253324],[-71.292822,44.253312],[-71.293192,44.25304],[-71.293466,44.252995],[-71.294021,44.253002],[-71.29468,44.253266]]}},
{"type":"Feature","properties":{"mountain_slug":"mount-washington","name":"Boundary Line Trail","length_km":1.3,"elevation_gain_m":27,"source":"© OpenStreetMap contributors (ODbL), via Overture Maps"},"geometry":{"type":"LineString","coordinates":[[-71.360073,44.281521],[-71.356838,44.270075]]}},
{"type":"Feature","properties":{"mountain_slug":"mount-washington","name":"Bridle Path","length_km":1.51,"elevation_gain_m":62,"source":"© OpenStreetMap contributors (ODbL), via Overture Maps"},"geometry":{"type":"LineString","coordinates":[[-71.431859,44.258595],[-71.431124,44.259319],[-71.430754,44.260205],[-71.430439,44.260499],[-71.429776,44.260783],[-71.429126,44.260848],[-71.428051,44.260262],[-71.427112,44.260349],[-71.426098,44.261216],[-71.426098,44.26153],[-71.425511,44.26269],[-71.424905,44.263515],[-71.424631,44.263669],[-71.423103,44.264063],[-71.422344,44.26434],[-71.421889,44.264351],[-71.420525,44.264188],[-71.419798,44.264351],[-71.419407,44.264262],[-71.420083,44.26384],[-71.420039,44.263569]]}},
{"type":"Feature","properties":{"mountain_slug":"mount-washington","name":"Brookbank","length_km":1.08,"elevation_gain_m":127,"source":"© OpenStreetMap contributors (ODbL), via Overture Maps"},"geometry":{"type":"LineString","coordinates":[[-71.285012,44.371232],[-71.285329,44.371019],[-71.28542,44.370844],[-71.28569,44.370724],[-71.285824,44.370344],[-71.286379,44.36972],[-71.286548,44.369297],[-71.286272,44.368852],[-71.286251,44.368436],[-71.286438,44.367582],[-71.286683,44.367052],[-71.286427,44.366724],[-71.28653,44.366139],[-71.286734,44.365914],[-71.286557,44.365803],[-71.286734,44.365658],[-71.286886,44.365679],[-71.287186,44.365524],[-71.287282,44.365395],[-71.287172,44.365195],[-71.287309,44.36501],[-71.287522,44.364834],[-71.287599,44.364854],[-71.287625,44.364731],[-71.287937,44.364528],[-71.288204,44.364204],[-71.2881,44.364153],[-71.288261,44.364058],[-71.288313,44.363825],[-71.288204,44.363756],[-71.288183,44.363536],[-71.288328,44.363423],[-71.288538,44.363441]]}},
{"type":"Feature","properties":{"mountain_slug":"mount-washington","name":"Brookside","length_km":0.5,"elevation_gain_m":7,"source":"© OpenStreetMap contributors (ODbL), via Overture Maps"},"geometry":{"type":"LineString","coordinates":[[-71.433603,44.250183],[-71.432709,44.249863],[-71.432057,44.249082],[-71.431618,44.249056],[-71.431528,44.248979],[-71.431525,44.248478],[-71.431285,44.247861],[-71.431468,44.247544],[-71.431501,44.24695],[-71.4317,44.246666]]}},
{"type":"Feature","properties":{"mountain_slug":"mount-washington","name":"Burnbrae Path","length_km":0.68,"elevation_gain_m":79,"source":"© OpenStreetMap contributors (ODbL), via Overture Maps"},"geometry":{"type":"LineString","coordinates":[[-71.278105,44.375268],[-71.278307,44.376714],[-71.278436,44.37705],[-71.278916,44.377648],[-71.279268,44.37785],[-71.281389,44.378528],[-71.282687,44.379366],[-71.283156,44.379587]]}},
{"type":"Feature","properties":{"mountain_slug":"mount-washington","name":"Buttress Trail","length_km":2.57,"elevation_gain_m":492,"source":"© OpenStreetMap contributors (ODbL), via Overture Maps"},"geometry":{"type":"LineString","coordinates":[[-71.292266,44.307057],[-71.292108,44.307131],[-71.292068,44.30725],[-71.292173,44.307765],[-71.292027,44.308205],[-71.291564,44.308368],[-71.290361,44.308351],[-71.288313,44.308755],[-71.287691,44.308684],[-71.287402,44.308736],[-71.28674,44.30864],[-71.285902,44.30871],[-71.285742,44.308792],[-71.285453,44.309228],[-71.285258,44.309951],[-71.284773,44.310495],[-71.284689,44.310956],[-71.28441,44.311452],[-71.284572,44.312349],[-71.284167,44.312751],[-71.284029,44.313008],[-71.283997,44.314694],[-71.283783,44.3157],[-71.283924,44.316992],[-71.283732,44.317109],[-71.28367,44.317288],[-71.283889,44.317378],[-71.283565,44.317866],[-71.283559,44.318073],[-71.283757,44.318388],[-71.284129,44.318535],[-71.284654,44.318956],[-71.285256,44.319965],[-71.285333,44.320505],[-71.285198,44.32094],[-71.285179,44.321513],[-71.285568,44.322084],[-71.285564,44.322366],[-71.285397,44.322906],[-71.28482,44.323493],[-71.284501,44.324014],[-71.284678,44.324598]]}},
{"type":"Feature","properties":{"mountain_slug":"mount-washington","name":"CLOSED - Old Doublehead Ski Trail","length_km":0.59,"elevation_gain_m":71,"source":"© OpenStreetMap contributors (ODbL), via Overture Maps"},"geometry":{"type":"LineString","coordinates":[[-71.151842,44.163336],[-71.15095,44.162843],[-71.150457,44.162723],[-71.149736,44.162781],[-71.148523,44.16315],[-71.146856,44.163424],[-71.146258,44.163475],[-71.144991,44.163236]]}},
{"type":"Feature","properties":{"mountain_slug":"mount-washington","name":"Cabin-Cascades Trail","length_km":1.72,"elevation_gain_m":145,"source":"© OpenStreetMap contributors (ODbL), via Overture Maps"},"geometry":{"type":"LineString","coordinates":[[-71.323606,44.331936],[-71.32379,44.332746],[-71.324193,44.333389],[-71.325198,44.334477],[-71.325227,44.335044],[-71.325082,44.335628],[-71.32459,44.336194],[-71.323938,44.336766],[-71.323719,44.336837],[-71.323521,44.33711],[-71.320456,44.338087],[-71.319026,44.338907],[-71.317964,44.339221],[-71.317476,44.339191],[-71.315032,44.340363],[-71.314269,44.341174],[-71.313481,44.341647],[-71.312746,44.341935],[-71.312338,44.342008]]}},
{"type":"Feature","properties":{"mountain_slug":"mount-washington","name":"Caps Ridge Trail","length_km":3.44,"elevation_gain_m":815,"source":"© OpenStreetMap contributors (ODbL), via Overture Maps"},"geometry":{"type":"LineString","coordinates":[[-71.35342,44.296533],[-71.352794,44.296285],[-71.35222,44.296246],[-71.351474,44.296373],[-71.350543,44.296358],[-71.350255,44.296483],[-71.348223,44.296739],[-71.347807,44.296701],[-71.347053,44.296829],[-71.346438,44.296761],[-71.345803,44.296972],[-71.345414,44.297404],[-71.34487,44.297733],[-71.343249,44.298083],[-71.342915,44.298433],[-71.341901,44.298947],[-71.340423,44.298899],[-71.340007,44.298964],[-71.339064,44.298734],[-71.338355,44.298853],[-71.337702,44.299112],[-71.337333,44.298995],[-71.337052,44.299442],[-71.33668,44.299598],[-71.334959,44.300111],[-71.334602,44.300326],[-71.333919,44.300441],[-71.333444,44.300705],[-71.333077,44.300765],[-71.332688,44.300969],[-71.332574,44.300961],[-71.332524,44.300843],[-71.332489,44.300926],[-71.331746,44.301031],[-71.330906,44.301308],[-71.330729,44.301303],[-71.330509,44.301185],[-71.330079,44.301248],[-71.329998,44.301403],[-71.32972,44.301459],[-71.329419,44.301467],[-71.329254,44.301306],[-71.329055,44.301276],[-71.328783,44.301353],[-71.328449,44.30132],[-71.328107,44.301464],[-71.327858,44.301297],[-71.32686,44.301114],[-71.326631,44.301256],[-71.326084,44.301219],[-71.325888,44.301323],[-71.325756,44.301283],[-71.325113,44.301454],[-71.32449,44.301449],[-71.324127,44.30124],[-71.323742,44.301173],[-71.322567,44.301294],[-71.322409,44.301334],[-71.322148,44.301563],[-71.32132,44.301824],[-71.321136,44.302185],[-71.320504,44.302739],[-71.320413,44.303049],[-71.319693,44.303587],[-71.319236,44.303649],[-71.318628,44.303863],[-71.317219,44.303994],[-71.316464,44.30427]]}},
{"type":"Feature","properties":{"mountain_slug":"mount-washington","name":"Carry On","length_km":2.06,"elevation_gain_m":134,"source":"© OpenStreetMap contributors (ODbL), via Overture Maps"},"geometry":{"type":"LineString","coordinates":[[-71.198758,44.392051],[-71.198723,44.391859],[-71.199136,44.391556],[-71.199324,44.391525],[-71.199448,44.39161],[-71.199662,44.391564],[-71.20007,44.391207],[-71.200311,44.391196],[-71.20007,44.390889],[-71.200547,44.390847],[-71.200435,44.390521],[-71.200697,44.390487],[-71.200671,44.390383],[-71.200252,44.390257],[-71.199989,44.389996],[-71.199292,44.390142],[-71.199201,44.390084],[-71.199147,44.38995],[-71.199297,44.389743],[-71.199287,44.389421],[-71.199067,44.389283],[-71.198804,44.388946],[-71.19823,44.388785],[-71.197919,44.388831],[-71.197629,44.388777],[-71.19668,44.388911],[-71.196476,44.388781],[-71.196304,44.388474],[-71.195832,44.388275],[-71.195612,44.388006],[-71.195333,44.387907],[-71.195059,44.387592],[-71.194394,44.387213],[-71.194362,44.387098],[-71.194448,44.387036],[-71.19485,44.387067],[-71.194507,44.38668],[-71.194157,44.386532],[-71.193926,44.386294],[-71.193916,44.386193],[-71.194208,44.386113],[-71.193507,44.385188],[-71.193897,44.384517],[-71.193478,44.3841],[-71.193057,44.383869],[-71.192865,44.383853],[-71.192491,44.38409],[-71.192092,44.384107],[-71.191883,44.38371],[-71.191085,44.383422],[-71.190496,44.383311],[-71.190418,44.382876],[-71.189664,44.382594],[-71.188964,44.382535],[-71.188516,44.382726]]}},
{"type":"Feature","properties":{"mountain_slug":"mount-washington","name":"Carter Dome Trail","length_km":2.78,"elevation_gain_m":480,"source":"© OpenStreetMap contributors (ODbL), via Overture Maps","note":"Longest of 2 OpenStreetMap pieces with this name that do not join into one line (2.8 of 3.7 km in the bbox)."},"geometry":{"type":"LineString","coordinates":[[-71.20043,44.281285],[-71.199256,44.28129],[-71.198896,44.281198],[-71.198398,44.281239],[-71.196968,44.280972],[-71.195376,44.280993],[-71.194705,44.281058],[-71.193432,44.281448],[-71.193112,44.281467],[-71.191788,44.281969],[-71.190846,44.282213],[-71.189482,44.282125],[-71.187848,44.281814],[-71.187232,44.281951],[-71.186527,44.281836],[-71.186366,44.281898],[-71.18641,44.282093],[-71.186255,44.282237],[-71.186232,44.282086],[-71.185568,44.281806],[-71.185586,44.28195],[-71.185372,44.281979],[-71.184882,44.281631],[-71.184775,44.281874],[-71.184946,44.28244],[-71.18375,44.28144],[-71.183299,44.281281],[-71.182782,44.280962],[-71.182332,44.280904],[-71.182136,44.280715],[-71.180763,44.280272],[-71.181007,44.281317],[-71.180943,44.281558],[-71.181294,44.282153],[-71.181207,44.282194],[-71.178964,44.281572],[-71.177574,44.28153],[-71.176884,44.281439],[-71.176152,44.281118],[-71.175526,44.280956],[-71.174891,44.280898],[-71.174659,44.280952],[-71.174262,44.280879],[-71.174041,44.280973],[-71.173551,44.280908]]}},
{"type":"Feature","properties":{"mountain_slug":"mount-washington","name":"Carter-Moriah Trail","length_km":16.41,"elevation_gain_m":1608,"source":"© OpenStreetMap contributors (ODbL), via Overture Maps","note":"Longest of 3 OpenStreetMap pieces with this name that do not join into one line (16.4 of 19.3 km in the bbox)."},"geometry":{"type":"LineString","coordinates":[[-71.168621,44.383289],[-71.168334,44.382932],[-71.168173,44.382867],[-71.16747,44.382919],[-71.16718,44.382865],[-71.166794,44.382528],[-71.16643,44.381895],[-71.165826,44.381384],[-71.165845,44.381248],[-71.166376,44.380937],[-71.166592,44.380587],[-71.167115,44.380292],[-71.167248,44.380015],[-71.1674,44.379934],[-71.168066,44.37997],[-71.168166,44.379626],[-71.168154,44.378657],[-71.167341,44.377379],[-71.16747,44.37685],[-71.167384,44.376439],[-71.167305,44.376339],[-71.166623,44.376053],[-71.166446,44.375836],[-71.166109,44.373643],[-71.165728,44.373173],[-71.164469,44.37238],[-71.163709,44.372456],[-71.162752,44.372045],[-71.162254,44.371626],[-71.161663,44.3709],[-71.161162,44.370679],[-71.161386,44.37016],[-71.161151,44.369736],[-71.160602,44.369338],[-71.15932,44.368991],[-71.158058,44.368369],[-71.157172,44.367805],[-71.156391,44.367765],[-71.156203,44.367836],[-71.155217,44.367874],[-71.154852,44.367782],[-71.154614,44.367413],[-71.153881,44.367312],[-71.153653,44.367169],[-71.153662,44.36671],[-71.153301,44.365677],[-71.153303,44.365067],[-71.153398,44.364739],[-71.153833,44.364593],[-71.15393,44.364397],[-71.153433,44.363561],[-71.153532,44.363135],[-71.153452,44.362918],[-71.153359,44.362788],[-71.152533,44.362347],[-71.152523,44.362216],[-71.151953,44.362041],[-71.151838,44.361939],[-71.151425,44.361057],[-71.151416,44.3604],[-71.151241,44.360263],[-71.151139,44.359937],[-71.150664,44.359544],[-71.15015,44.359624],[-71.149698,44.359298],[-71.149398,44.358612],[-71.149241,44.358484],[-71.149062,44.357982],[-71.148957,44.357008],[-71.148756,44.356568],[-71.148878,44.356221],[-71.148883,44.355803],[-71.148629,44.355322],[-71.148777,44.354336],[-71.147894,44.353486],[-71.147785,44.352635],[-71.148045,44.352123],[-71.148038,44.351854],[-71.14793,44.351718],[-71.14733,44.351741],[-71.147083,44.351632],[-71.146695,44.351305],[-71.146356,44.350712],[-71.146925,44.350355],[-71.147453,44.350144],[-71.14766,44.349774],[-71.147339,44.349436],[-71.146922,44.34932],[-71.146564,44.348774],[-71.146487,44.348414],[-71.146292,44.34813],[-71.146133,44.347984],[-71.145625,44.347782],[-71.144224,44.347346],[-71.144095,44.346628],[-71.143958,44.346425],[-71.142602,44.345173],[-71.142312,44.34514],[-71.141265,44.345486],[-71.140857,44.345442],[-71.140559,44.345208],[-71.140238,44.344571],[-71.139844,44.34415],[-71.139374,44.343331],[-71.139076,44.343149],[-71.138009,44.342933],[-71.13748,44.342958],[-71.136929,44.342563],[-71.136483,44.342679],[-71.135049,44.342288],[-71.134627,44.34239],[-71.134256,44.342224],[-71.133975,44.341734],[-71.133246,44.341604],[-71.131883,44.340731],[-71.131338,44.340552],[-71.1317,44.339964],[-71.131744,44.339426],[-71.13165,44.339059],[-71.130893,44.338627],[-71.130301,44.337859],[-71.129832,44.337791],[-71.129857,44.337618],[-71.129654,44.337332],[-71.129872,44.337046],[-71.130224,44.336817],[-71.130249,44.336607],[-71.130044,44.336202],[-71.130369,44.3356],[-71.131028,44.334889],[-71.131476,44.334682],[-71.131611,44.334775],[-71.132359,44.334786],[-71.132717,44.334504],[-71.132686,44.334324],[-71.132996,44.334139],[-71.133887,44.333935],[-71.13448,44.333661],[-71.134881,44.333614],[-71.135449,44.333298],[-71.135888,44.333356],[-71.136061,44.333281],[-71.1367,44.333388],[-71.136864,44.333219],[-71.137996,44.332833],[-71.138287,44.332895],[-71.138495,44.333046],[-71.139426,44.333194],[-71.140018,44.332875],[-71.141372,44.332664],[-71.141857,44.332395],[-71.142593,44.33149],[-71.142856,44.331436],[-71.143076,44.331478],[-71.143264,44.331751],[-71.144061,44.331526],[-71.144482,44.331224],[-71.145661,44.331308],[-71.147824,44.330423],[-71.148037,44.330119],[-71.148447,44.329822],[-71.148695,44.329429],[-71.148492,44.329322],[-71.147969,44.328566],[-71.14762,44.328466],[-71.147424,44.327922],[-71.14745,44.327763],[-71.147773,44.327368],[-71.14819,44.327113],[-71.148216,44.326692],[-71.148636,44.326595],[-71.149257,44.326596],[-71.149789,44.326724],[-71.15047,44.326362],[-71.150672,44.324971],[-71.151259,44.324219],[-71.151604,44.323911],[-71.151806,44.323503],[-71.152127,44.323163],[-71.152823,44.321553],[-71.153259,44.321239],[-71.153963,44.320886],[-71.154067,44.320709],[-71.154692,44.32024],[-71.155234,44.320128],[-71.155451,44.320009],[-71.156104,44.31928],[-71.156162,44.318863],[-71.156313,44.318682],[-71.156962,44.318264],[-71.158138,44.318237],[-71.15857,44.317964],[-71.158869,44.317983],[-71.159361,44.317853],[-71.159821,44.31759],[-71.160363,44.317076],[-71.160868,44.316895],[-71.16172,44.316336],[-71.162361,44.316289],[-71.163013,44.315616],[-71.163274,44.315499],[-71.164283,44.31535],[-71.164429,44.315186],[-71.164428,44.314667],[-71.164309,44.314252],[-71.164559,44.313624],[-71.164985,44.313337],[-71.165437,44.312754],[-71.165946,44.312581],[-71.166746,44.311676],[-71.167008,44.311587],[-71.167287,44.311136],[-71.16768,44.310767],[-71.167863,44.310338],[-71.167731,44.30976],[-71.167851,44.30886],[-71.167458,44.308702],[-71.167178,44.308451],[-71.167177,44.307918],[-71.167024,44.307293],[-71.167386,44.306664],[-71.167699,44.306382],[-71.167701,44.306167],[-71.168023,44.305495],[-71.168374,44.30555],[-71.168766,44.30532],[-71.1685,44.305029],[-71.168551,44.304787],[-71.168446,44.304338],[-71.168538,44.304216],[-71.16814,44.303766],[-71.168078,44.303437],[-71.167766,44.30313],[-71.167978,44.302807],[-71.168689,44.302174],[-71.169281,44.301953],[-71.169604,44.301532],[-71.17042,44.301225],[-71.170561,44.301046],[-71.171236,44.300608],[-71.171367,44.300353],[-71.17162,44.300247],[-71.171666,44.30006],[-71.17202,44.299918],[-71.172995,44.299216],[-71.172912,44.298937],[-71.173033,44.298558],[-71.173501,44.29795],[-71.174073,44.297493],[-71.174036,44.297064],[-71.17421,44.296927],[-71.17449,44.296227],[-71.174568,44.294751],[-71.174651,44.294549],[-71.17523,44.293926],[-71.174834,44.292929],[-71.174765,44.292494],[-71.175033,44.292096],[-71.174947,44.291606],[-71.17507,44.291424],[-71.175412,44.291319],[-71.175563,44.290998],[-71.17593,44.290776],[-71.175886,44.290324],[-71.176178,44.289987],[-71.17625,44.289704],[-71.176186,44.289097],[-71.17603,44.288469],[-71.175886,44.288285],[-71.175964,44.288078],[-71.175497,44.287518],[-71.175435,44.28732],[-71.174663,44.287019],[-71.17463,44.286624],[-71.174752,44.28643],[-71.174652,44.285975],[-71.1747,44.285354],[-71.174631,44.285149],[-71.174005,44.284478],[-71.173959,44.28427],[-71.173758,44.284136],[-71.173853,44.283541],[-71.173448,44.282964],[-71.173414,44.282764],[-71.173789,44.282022],[-71.173582,44.281572],[-71.173732,44.281071],[-71.173551,44.280908]]}},
{"type":"Feature","properties":{"mountain_slug":"mount-washington","name":"Carter-Moriah/Carter Dome Trail","length_km":0.59,"elevation_gain_m":76,"source":"© OpenStreetMap contributors (ODbL), via Overture Maps","note":"Longest of 2 OpenStreetMap pieces with this name that do not join into one line (0.6 of 0.9 km in the bbox)."},"geometry":{"type":"LineString","coordinates":[[-71.175689,44.271617],[-71.175546,44.271376],[-71.175555,44.270934],[-71.176347,44.269292],[-71.177352,44.268452],[-71.179331,44.267425]]}},
{"type":"Feature","properties":{"mountain_slug":"mount-washington","name":"Cascade Loop","length_km":0.2,"elevation_gain_m":23,"source":"© OpenStreetMap contributors (ODbL), via Overture Maps"},"geometry":{"type":"LineString","coordinates":[[-71.416472,44.216824],[-71.416526,44.216633],[-71.417305,44.216028],[-71.417782,44.215973],[-71.418278,44.216207]]}},
{"type":"Feature","properties":{"mountain_slug":"mount-washington","name":"Castle Ravine Trail","length_km":2.22,"elevation_gain_m":304,"source":"© OpenStreetMap contributors (ODbL), via Overture Maps","note":"Longest of 2 OpenStreetMap pieces with this name that do not join into one line (2.2 of 3.4 km in the bbox)."},"geometry":{"type":"LineString","coordinates":[[-71.334201,44.338493],[-71.332388,44.335928],[-71.332437,44.333654],[-71.332193,44.33277],[-71.331965,44.331269],[-71.331542,44.330897],[-71.331429,44.330391],[-71.331307,44.329001],[-71.33142,44.32807],[-71.331152,44.327733],[-71.331282,44.327279],[-71.331681,44.326628],[-71.33186,44.325814],[-71.331616,44.325249],[-71.331225,44.324726],[-71.329485,44.32326],[-71.328388,44.322725],[-71.326241,44.32141],[-71.325498,44.321072]]}},
{"type":"Feature","properties":{"mountain_slug":"mount-washington","name":"Castle Ravine Trail / The Link","length_km":0.44,"elevation_gain_m":50,"source":"© OpenStreetMap contributors (ODbL), via Overture Maps"},"geometry":{"type":"LineString","coordinates":[[-71.325498,44.321072],[-71.324028,44.320246],[-71.323502,44.319782],[-71.323035,44.319153],[-71.322668,44.31896],[-71.321961,44.318803],[-71.321457,44.318565]]}},
{"type":"Feature","properties":{"mountain_slug":"mount-washington","name":"Castle Trail","length_km":6.99,"elevation_gain_m":1281,"source":"© OpenStreetMap contributors (ODbL), via Overture Maps"},"geometry":{"type":"LineString","coordinates":[[-71.345905,44.357362],[-71.346082,44.357136],[-71.346198,44.356731],[-71.346828,44.356263],[-71.34715,44.355393],[-71.347727,44.354624],[-71.347377,44.354004],[-71.347083,44.353713],[-71.346482,44.35346],[-71.346446,44.353257],[-71.345979,44.352862],[-71.345901,44.35267],[-71.346092,44.352412],[-71.346142,44.352007],[-71.345788,44.351162],[-71.345986,44.350509],[-71.345781,44.349896],[-71.345363,44.349496],[-71.345215,44.349157],[-71.345151,44.348595],[-71.344974,44.348241],[-71.34382,44.346576],[-71.343431,44.346159],[-71.341966,44.345346],[-71.341456,44.344768],[-71.339885,44.343857],[-71.339076,44.343075],[-71.338453,44.342653],[-71.337992,44.342185],[-71.337756,44.341763],[-71.336099,44.340461],[-71.335884,44.339619],[-71.33591,44.338931],[-71.335342,44.337168],[-71.33552,44.336393],[-71.335305,44.335598],[-71.335135,44.334345],[-71.335426,44.332719],[-71.33591,44.331894],[-71.336207,44.331173],[-71.336499,44.330821],[-71.336829,44.329977],[-71.336589,44.329288],[-71.336574,44.32855],[-71.3364,44.327925],[-71.336609,44.326786],[-71.336382,44.326148],[-71.336358,44.32576],[-71.336559,44.325206],[-71.336528,44.324576],[-71.336156,44.322507],[-71.335876,44.322003],[-71.335445,44.321578],[-71.335292,44.320854],[-71.334652,44.320134],[-71.334117,44.31975],[-71.333533,44.319598],[-71.332688,44.31878],[-71.332104,44.31841],[-71.331452,44.317724],[-71.329813,44.31642],[-71.329419,44.316279],[-71.329134,44.315953],[-71.328806,44.315899],[-71.327911,44.315311],[-71.327768,44.315366],[-71.327678,44.315152],[-71.326963,44.314778],[-71.326848,44.314808],[-71.326461,44.314416],[-71.325722,44.314201],[-71.325402,44.313932],[-71.325005,44.313805],[-71.324711,44.313513],[-71.324274,44.313291],[-71.32367,44.312821],[-71.322322,44.310988],[-71.321284,44.309868],[-71.31848,44.307947],[-71.317767,44.306603],[-71.317778,44.306438],[-71.317294,44.305426],[-71.317091,44.305303],[-71.317021,44.305051],[-71.316425,44.304292]]}},
{"type":"Feature","properties":{"mountain_slug":"mount-washington","name":"Castleview Loop","length_km":0.41,"elevation_gain_m":84,"source":"© OpenStreetMap contributors (ODbL), via Overture Maps"},"geometry":{"type":"LineString","coordinates":[[-71.293552,44.391368],[-71.29365,44.392323],[-71.293487,44.392759],[-71.293235,44.393108],[-71.292784,44.393387],[-71.292244,44.393586],[-71.291847,44.393577],[-71.291415,44.394028],[-71.29136,44.394233]]}},
{"type":"Feature","properties":{"mountain_slug":"mount-washington","name":"Centennial Trail","length_km":1.83,"elevation_gain_m":297,"source":"© OpenStreetMap contributors (ODbL), via Overture Maps"},"geometry":{"type":"LineString","coordinates":[[-71.120166,44.404147],[-71.122186,44.404155],[-71.122733,44.404285],[-71.123195,44.404538],[-71.123938,44.404536],[-71.12449,44.404291],[-71.124823,44.404243],[-71.124965,44.404032],[-71.124914,44.403747],[-71.124986,44.40368],[-71.12541,44.40366],[-71.126647,44.403287],[-71.127139,44.403296],[-71.127718,44.40343],[-71.128017,44.40369],[-71.129442,44.404444],[-71.13001,44.404613],[-71.13076,44.404522],[-71.131794,44.404714],[-71.133684,44.404643],[-71.135616,44.404951],[-71.136105,44.40484],[-71.136271,44.405082],[-71.136374,44.405103],[-71.13689,44.405012],[-71.136982,44.405184],[-71.137718,44.405108],[-71.138532,44.405275],[-71.138908,44.40526],[-71.139113,44.405118],[-71.139235,44.405121],[-71.139363,44.405444],[-71.139869,44.405831],[-71.139748,44.406]]}},
{"type":"Feature","properties":{"mountain_slug":"mount-washington","name":"Chandler Brook Trail","length_km":1.21,"elevation_gain_m":394,"source":"© OpenStreetMap contributors (ODbL), via Overture Maps"},"geometry":{"type":"LineString","coordinates":[[-71.280355,44.302742],[-71.28114,44.302094],[-71.281467,44.302042],[-71.28194,44.301671],[-71.28197,44.301476],[-71.282533,44.300833],[-71.282952,44.299517],[-71.282905,44.299283],[-71.282603,44.298979],[-71.282641,44.298803],[-71.282433,44.298512],[-71.282622,44.298248],[-71.282499,44.298045],[-71.282546,44.297816],[-71.282678,44.297782],[-71.282735,44.297673],[-71.282726,44.296781],[-71.282924,44.296571],[-71.282792,44.296186],[-71.282858,44.295672],[-71.282546,44.29532],[-71.282386,44.295307],[-71.281979,44.295029],[-71.281904,44.294678],[-71.281271,44.29461],[-71.280997,44.294299],[-71.280218,44.294172]]}},
{"type":"Feature","properties":{"mountain_slug":"mount-washington","name":"Chemin des Dames","length_km":0.45,"elevation_gain_m":237,"source":"© OpenStreetMap contributors (ODbL), via Overture Maps"},"geometry":{"type":"LineString","coordinates":[[-71.293488,44.332326],[-71.29302,44.332331],[-71.292645,44.332296],[-71.29239,44.332184],[-71.292044,44.33222],[-71.291626,44.332159],[-71.291187,44.332265],[-71.290826,44.332103],[-71.290196,44.332053],[-71.289998,44.33222],[-71.289786,44.332027],[-71.289262,44.33226],[-71.288408,44.332141]]}},
{"type":"Feature","properties":{"mountain_slug":"mount-washington","name":"Cherry Mountain Trail","length_km":4.67,"elevation_gain_m":363,"source":"© OpenStreetMap contributors (ODbL), via Overture Maps"},"geometry":{"type":"LineString","coordinates":[[-71.457212,44.313035],[-71.457468,44.313018],[-71.457852,44.313472],[-71.45861,44.313873],[-71.460545,44.314645],[-71.461975,44.315059],[-71.462794,44.315077],[-71.463522,44.314781],[-71.463879,44.314737],[-71.465518,44.314848],[-71.466073,44.314764],[-71.467262,44.314839],[-71.468661,44.314746],[-71.470343,44.314817],[-71.471489,44.314684],[-71.472198,44.314715],[-71.473541,44.31438],[-71.474213,44.314089],[-71.476659,44.312713],[-71.476967,44.312674],[-71.478532,44.312872],[-71.479882,44.313128],[-71.480683,44.313146],[-71.481028,44.313066],[-71.481034,44.312934],[-71.480609,44.31218],[-71.479771,44.311241],[-71.479783,44.311144],[-71.479919,44.311082],[-71.482248,44.310862],[-71.483474,44.310857],[-71.484929,44.310954],[-71.486408,44.31069],[-71.48732,44.310681],[-71.4885,44.310485],[-71.489982,44.310714],[-71.490823,44.310926],[-71.492034,44.311075],[-71.492764,44.310992],[-71.492915,44.311146],[-71.49248,44.312367],[-71.492406,44.31291],[-71.492071,44.313265],[-71.491855,44.313763],[-71.491704,44.31459],[-71.491716,44.315368],[-71.49204,44.316126],[-71.491917,44.31688],[-71.492391,44.318322],[-71.492268,44.319175],[-71.492514,44.319957],[-71.492564,44.321637],[-71.493,44.322326]]}},
{"type":"Feature","properties":{"mountain_slug":"mount-washington","name":"Cliffway","length_km":2.91,"elevation_gain_m":191,"source":"© OpenStreetMap contributors (ODbL), via Overture Maps"},"geometry":{"type":"LineString","coordinates":[[-71.31835,44.356134],[-71.31628,44.356157],[-71.315485,44.35587],[-71.314511,44.355817],[-71.31371,44.355963],[-71.313291,44.355892],[-71.312342,44.356038],[-71.312108,44.355967],[-71.312259,44.355298],[-71.312722,44.355133],[-71.313024,44.354589],[-71.312924,44.354346],[-71.309774,44.353877],[-71.309119,44.354215],[-71.308892,44.353808],[-71.310128,44.353378],[-71.310111,44.352616],[-71.309575,44.352081],[-71.31012,44.351599],[-71.309843,44.351575],[-71.309502,44.35136],[-71.308924,44.351168],[-71.308697,44.35093],[-71.307542,44.351663],[-71.307591,44.350511],[-71.306599,44.349587],[-71.3061,44.349597],[-71.30489,44.348939],[-71.304599,44.348093],[-71.304599,44.347552],[-71.30416,44.347302],[-71.303807,44.347324],[-71.302858,44.347673],[-71.302589,44.347916],[-71.301934,44.34794],[-71.301241,44.347726],[-71.299964,44.347563],[-71.299427,44.347377],[-71.298403,44.345883]]}},
{"type":"Feature","properties":{"mountain_slug":"mount-washington","name":"Climbers trail","length_km":0.59,"elevation_gain_m":137,"source":"© OpenStreetMap contributors (ODbL), via Overture Maps"},"geometry":{"type":"LineString","coordinates":[[-71.491642,44.246486],[-71.48834,44.247652],[-71.487552,44.248117],[-71.487046,44.248689],[-71.486495,44.248533],[-71.485384,44.248369]]}},
{"type":"Feature","properties":{"mountain_slug":"mount-washington","name":"Clinton A","length_km":1.66,"elevation_gain_m":38,"source":"© OpenStreetMap contributors (ODbL), via Overture Maps"},"geometry":{"type":"LineString","coordinates":[[-71.400808,44.253764],[-71.400107,44.253567],[-71.399662,44.253147],[-71.399018,44.252854],[-71.397098,44.251738],[-71.39585,44.251399],[-71.394836,44.250946],[-71.393845,44.249931],[-71.394432,44.248947],[-71.394453,44.24866],[-71.394779,44.248102],[-71.394426,44.247777],[-71.394479,44.24767],[-71.394908,44.247512],[-71.395369,44.247466],[-71.395461,44.24737],[-71.395299,44.247005],[-71.395406,44.246298],[-71.396519,44.245116],[-71.396474,44.244703],[-71.397073,44.243847],[-71.397436,44.243652],[-71.397575,44.24328],[-71.398199,44.242904]]}},
{"type":"Feature","properties":{"mountain_slug":"mount-washington","name":"Clinton B","length_km":0.84,"elevation_gain_m":30,"source":"© OpenStreetMap contributors (ODbL), via Overture Maps"},"geometry":{"type":"LineString","coordinates":[[-71.405377,44.238066],[-71.40446,44.238357],[-71.403815,44.238836],[-71.403795,44.239234],[-71.402721,44.240063],[-71.402371,44.240184],[-71.402033,44.240494],[-71.401982,44.240817],[-71.401644,44.241288],[-71.400791,44.24207],[-71.399503,44.242308],[-71.398645,44.242815],[-71.398199,44.242904]]}},
{"type":"Feature","properties":{"mountain_slug":"mount-washington","name":"Clinton C","length_km":1.16,"elevation_gain_m":30,"source":"© OpenStreetMap contributors (ODbL), via Overture Maps"},"geometry":{"type":"LineString","coordinates":[[-71.414895,44.233238],[-71.414374,44.233425],[-71.413888,44.233486],[-71.413218,44.233457],[-71.412509,44.233261],[-71.412396,44.23305],[-71.412126,44.232888],[-71.411356,44.233199],[-71.410943,44.233243],[-71.409834,44.233796],[-71.407736,44.23427],[-71.406583,44.234883],[-71.405643,44.236663],[-71.406034,44.237684],[-71.405377,44.238066]]}},
{"type":"Feature","properties":{"mountain_slug":"mount-washington","name":"Clinton D","length_km":1.22,"elevation_gain_m":64,"source":"© OpenStreetMap contributors (ODbL), via Overture Maps"},"geometry":{"type":"LineString","coordinates":[[-71.414058,44.225236],[-71.415278,44.226796],[-71.415699,44.227126],[-71.41653,44.227455],[-71.416758,44.227735],[-71.416117,44.228018],[-71.415854,44.228021],[-71.41568,44.228102],[-71.415685,44.228289],[-71.415933,44.228466],[-71.41595,44.228834],[-71.415901,44.228906],[-71.415044,44.229017],[-71.414836,44.229435],[-71.414868,44.229663],[-71.415178,44.229888],[-71.416172,44.229979],[-71.41634,44.230071],[-71.416376,44.23091],[-71.415904,44.231361],[-71.415485,44.232018],[-71.415167,44.232894],[-71.414895,44.233238]]}},
{"type":"Feature","properties":{"mountain_slug":"mount-washington","name":"Colonel Whipple Trail","length_km":0.21,"elevation_gain_m":8,"source":"© OpenStreetMap contributors (ODbL), via Overture Maps"},"geometry":{"type":"LineString","coordinates":[[-71.490488,44.39418],[-71.490998,44.394163],[-71.492534,44.393733],[-71.493,44.393701]]}},
{"type":"Feature","properties":{"mountain_slug":"mount-washington","name":"Connecting Flight","length_km":0.7,"elevation_gain_m":22,"source":"© OpenStreetMap contributors (ODbL), via Overture Maps"},"geometry":{"type":"LineString","coordinates":[[-71.198072,44.392345],[-71.198279,44.392109],[-71.198541,44.392006],[-71.199612,44.392407],[-71.200322,44.39238],[-71.200556,44.392438],[-71.201391,44.39315],[-71.201572,44.393577],[-71.20299,44.394116],[-71.203845,44.394703],[-71.204614,44.394915],[-71.204837,44.395057]]}},
{"type":"Feature","properties":{"mountain_slug":"mount-washington","name":"Cook Path","length_km":1.93,"elevation_gain_m":232,"source":"© OpenStreetMap contributors (ODbL), via Overture Maps"},"geometry":{"type":"LineString","coordinates":[[-71.283667,44.389374],[-71.283747,44.389776],[-71.283566,44.390455],[-71.283988,44.391257],[-71.284395,44.392613],[-71.284475,44.393626],[-71.284712,44.394448],[-71.284278,44.395904],[-71.284501,44.396994],[-71.28481,44.39763],[-71.284629,44.400047],[-71.284901,44.400567],[-71.285098,44.401424],[-71.285462,44.401745],[-71.285452,44.402541],[-71.285981,44.403415],[-71.286364,44.403738],[-71.287083,44.404827],[-71.287147,44.405532],[-71.287403,44.406]]}},
{"type":"Feature","properties":{"mountain_slug":"mount-washington","name":"Coronary Hills","length_km":2.12,"elevation_gain_m":108,"source":"© OpenStreetMap contributors (ODbL), via Overture Maps"},"geometry":{"type":"LineString","coordinates":[[-71.428325,44.254858],[-71.424708,44.255516],[-71.424338,44.255658],[-71.423998,44.255654],[-71.423757,44.255742],[-71.423034,44.255742],[-71.422675,44.255871],[-71.422113,44.255866],[-71.422002,44.25599],[-71.421038,44.25622],[-71.420964,44.256477],[-71.420741,44.256406],[-71.419839,44.256592],[-71.419283,44.25688],[-71.418436,44.257176],[-71.417967,44.257552],[-71.417398,44.257827],[-71.417096,44.258101],[-71.416601,44.258097],[-71.416033,44.257743],[-71.415334,44.25772],[-71.414951,44.257605],[-71.41476,44.257654],[-71.414488,44.257614],[-71.41395,44.257282],[-71.41175,44.257393],[-71.411395,44.257291],[-71.410611,44.257564],[-71.410281,44.257517],[-71.409995,44.257764],[-71.408916,44.258037],[-71.407918,44.258118],[-71.407759,44.258324],[-71.407365,44.258329],[-71.406866,44.258497],[-71.404726,44.258961],[-71.404375,44.258891]]}},
{"type":"Feature","properties":{"mountain_slug":"mount-washington","name":"Crawford Cliff Trail","length_km":0.5,"elevation_gain_m":97,"source":"© OpenStreetMap contributors (ODbL), via Overture Maps"},"geometry":{"type":"LineString","coordinates":[[-71.406638,44.221115],[-71.406409,44.221278],[-71.405959,44.221278],[-71.404693,44.221094],[-71.40456,44.221245],[-71.404604,44.221414],[-71.40445,44.221706],[-71.404131,44.221829],[-71.403959,44.222229],[-71.404256,44.222499],[-71.404757,44.2234],[-71.405015,44.223646]]}},
{"type":"Feature","properties":{"mountain_slug":"mount-washington","name":"Crawford Connector","length_km":0.57,"elevation_gain_m":70,"source":"© OpenStreetMap contributors (ODbL), via Overture Maps"},"geometry":{"type":"LineString","coordinates":[[-71.411402,44.223864],[-71.411354,44.22393],[-71.410826,44.223769],[-71.409976,44.223768],[-71.409547,44.223111],[-71.409246,44.222892],[-71.408875,44.222801],[-71.408228,44.222456],[-71.407553,44.222009],[-71.407453,44.221656],[-71.406846,44.221356],[-71.406475,44.220869]]}},
{"type":"Feature","properties":{"mountain_slug":"mount-washington","name":"Crawford Hollow","length_km":0.68,"elevation_gain_m":16,"source":"© OpenStreetMap contributors (ODbL), via Overture Maps"},"geometry":{"type":"LineString","coordinates":[[-71.411537,44.227547],[-71.411646,44.228118],[-71.411182,44.228738],[-71.411743,44.229321],[-71.412006,44.229986],[-71.412742,44.230559],[-71.412514,44.231444],[-71.412845,44.232098],[-71.412678,44.232562],[-71.412359,44.232625],[-71.412126,44.232888]]}},
{"type":"Feature","properties":{"mountain_slug":"mount-washington","name":"Crawford Path","length_km":12.27,"elevation_gain_m":1449,"source":"© OpenStreetMap contributors (ODbL), via Overture Maps"},"geometry":{"type":"LineString","coordinates":[[-71.410799,44.219636],[-71.409782,44.219915],[-71.408265,44.220035],[-71.407928,44.220268],[-71.406902,44.220547],[-71.406475,44.220869],[-71.406149,44.220969],[-71.405434,44.220886],[-71.404962,44.220746],[-71.404103,44.220889],[-71.402985,44.221251],[-71.402732,44.221645],[-71.402389,44.221949],[-71.401126,44.222065],[-71.399098,44.223123],[-71.397663,44.223446],[-71.395146,44.223846],[-71.394352,44.224082],[-71.391154,44.224553],[-71.389785,44.2241],[-71.388532,44.22391],[-71.387112,44.222903],[-71.386479,44.222631],[-71.384693,44.2223],[-71.384189,44.221901],[-71.383829,44.220985],[-71.383033,44.22055],[-71.382715,44.220483],[-71.381568,44.221122],[-71.378884,44.221944],[-71.378371,44.222201],[-71.377344,44.222866],[-71.377021,44.223606],[-71.37644,44.224039],[-71.374161,44.224807],[-71.372996,44.225048],[-71.372479,44.225246],[-71.371942,44.225659],[-71.371526,44.226202],[-71.371158,44.226499],[-71.369845,44.227034],[-71.369578,44.227455],[-71.36935,44.227577],[-71.368231,44.227624],[-71.366386,44.227829],[-71.365137,44.227854],[-71.364519,44.227787],[-71.36354,44.228001],[-71.363118,44.227993],[-71.362773,44.228224],[-71.362746,44.228524],[-71.361936,44.229157],[-71.361653,44.229248],[-71.361564,44.229465],[-71.361241,44.229747],[-71.360353,44.230383],[-71.360055,44.230412],[-71.359744,44.230543],[-71.359475,44.23075],[-71.359358,44.230996],[-71.359178,44.231094],[-71.357813,44.231307],[-71.357552,44.23151],[-71.357178,44.231399],[-71.356666,44.231434],[-71.356257,44.23151],[-71.356081,44.231621],[-71.355708,44.231584],[-71.355316,44.231701],[-71.355068,44.232053],[-71.354498,44.23233],[-71.35473,44.232595],[-71.354769,44.232854],[-71.354327,44.233203],[-71.35401,44.233625],[-71.353231,44.23387],[-71.352875,44.234225],[-71.352518,44.234287],[-71.352217,44.234487],[-71.352011,44.234854],[-71.352047,44.235282],[-71.351801,44.235671],[-71.351488,44.23595],[-71.351338,44.235987],[-71.351317,44.236459],[-71.351004,44.236815],[-71.350866,44.237346],[-71.350464,44.237388],[-71.349954,44.237651],[-71.349455,44.238617],[-71.349249,44.238787],[-71.348643,44.238985],[-71.348204,44.239223],[-71.347993,44.23937],[-71.347343,44.240163],[-71.346486,44.240765],[-71.345688,44.241111],[-71.345083,44.241794],[-71.344908,44.242262],[-71.344608,44.242532],[-71.344182,44.242678],[-71.343908,44.242515],[-71.34388,44.242654],[-71.343316,44.242624],[-71.343002,44.24288],[-71.342833,44.242913],[-71.342597,44.243175],[-71.342433,44.243253],[-71.341999,44.243268],[-71.341535,44.243512],[-71.341176,44.243904],[-71.340614,44.243873],[-71.340379,44.244014],[-71.340073,44.243974],[-71.339857,44.244035],[-71.339354,44.24464],[-71.339202,44.244691],[-71.338967,44.245363],[-71.338622,44.245404],[-71.33855,44.245489],[-71.338375,44.24621],[-71.337974,44.246274],[-71.338018,44.246523],[-71.337823,44.24655],[-71.337802,44.246698],[-71.337521,44.246892],[-71.337289,44.247272],[-71.336455,44.247937],[-71.336008,44.248127],[-71.335724,44.248466],[-71.334322,44.248857],[-71.333574,44.248815],[-71.332547,44.249116],[-71.33179,44.24967],[-71.330131,44.25033],[-71.32969,44.250664],[-71.329674,44.250814],[-71.329294,44.251194],[-71.328918,44.251325],[-71.328574,44.251687],[-71.327385,44.252416],[-71.327045,44.252892],[-71.326703,44.253044],[-71.326212,44.253444],[-71.325807,44.25361],[-71.324469,44.253703],[-71.323929,44.253861],[-71.32289,44.253645],[-71.322278,44.253753],[-71.321862,44.25374],[-71.320374,44.25321],[-71.32017,44.253239],[-71.319921,44.253421],[-71.318967,44.254444],[-71.318997,44.254658],[-71.318528,44.255543],[-71.31869,44.256524],[-71.318832,44.256862],[-71.318715,44.257341],[-71.318908,44.257571],[-71.319108,44.258644],[-71.318798,44.258764],[-71.318116,44.258792],[-71.31779,44.259027],[-71.317063,44.258885],[-71.316574,44.259079],[-71.31632,44.259073],[-71.315818,44.25968],[-71.315344,44.260064],[-71.314859,44.260126],[-71.314335,44.260453],[-71.31305,44.261458],[-71.312404,44.261745],[-71.311791,44.262225],[-71.311336,44.262714],[-71.310778,44.262904],[-71.310349,44.263337],[-71.309747,44.263755],[-71.309076,44.264371],[-71.308879,44.264747],[-71.308639,44.264917],[-71.308458,44.265205],[-71.308244,44.26603],[-71.308341,44.266257],[-71.308289,44.266978],[-71.307993,44.266997],[-71.30794,44.267231],[-71.308032,44.267431],[-71.307808,44.267394],[-71.307716,44.267513],[-71.307743,44.268233],[-71.308021,44.26869],[-71.307872,44.269194],[-71.30761,44.269427],[-71.307403,44.269464],[-71.307184,44.269793],[-71.306987,44.269795],[-71.306778,44.269949],[-71.306565,44.27061],[-71.305657,44.270874]]}},
{"type":"Feature","properties":{"mountain_slug":"mount-washington","name":"Crawford Path / Gulfside Trail","length_km":0.3,"elevation_gain_m":41,"source":"© OpenStreetMap contributors (ODbL), via Overture Maps"},"geometry":{"type":"LineString","coordinates":[[-71.305657,44.270874],[-71.30541,44.270841],[-71.305408,44.270707],[-71.30499,44.270367],[-71.304418,44.270184],[-71.304267,44.269921],[-71.303967,44.269929],[-71.30324,44.270279],[-71.302957,44.270507]]}},
{"type":"Feature","properties":{"mountain_slug":"mount-washington","name":"Crawford's Pass","length_km":1.53,"elevation_gain_m":36,"source":"© OpenStreetMap contributors (ODbL), via Overture Maps"},"geometry":{"type":"LineString","coordinates":[[-71.430287,44.245856],[-71.429531,44.246289],[-71.429194,44.246614],[-71.429343,44.247391],[-71.429297,44.247675],[-71.429187,44.247827],[-71.428639,44.248169],[-71.428523,44.248075],[-71.428117,44.248122],[-71.427494,44.247904],[-71.42645,44.247839],[-71.425165,44.248227],[-71.425212,44.2488],[-71.425348,44.248964],[-71.425916,44.249362],[-71.426843,44.249764],[-71.426727,44.250009],[-71.425954,44.250652],[-71.425914,44.250815],[-71.426126,44.251066],[-71.426731,44.251415],[-71.426869,44.251589],[-71.426817,44.252341],[-71.426922,44.252703],[-71.427335,44.253129],[-71.427392,44.253577],[-71.427515,44.25378],[-71.428206,44.254138],[-71.428325,44.254858]]}},
{"type":"Feature","properties":{"mountain_slug":"mount-washington","name":"Crescent Ridge Trail","length_km":0.86,"elevation_gain_m":172,"source":"© OpenStreetMap contributors (ODbL), via Overture Maps"},"geometry":{"type":"LineString","coordinates":[[-71.293601,44.398927],[-71.292877,44.39949],[-71.292396,44.400536],[-71.291799,44.401113],[-71.291204,44.401854],[-71.291417,44.402171],[-71.291213,44.402647],[-71.291293,44.402907],[-71.291173,44.4034],[-71.291229,44.403505],[-71.291441,44.403549],[-71.291845,44.403435],[-71.292449,44.403532],[-71.29263,44.403629],[-71.293086,44.404276],[-71.293795,44.404593],[-71.294007,44.40461]]}},
{"type":"Feature","properties":{"mountain_slug":"mount-washington","name":"Crew-Cut","length_km":1.31,"elevation_gain_m":128,"source":"© OpenStreetMap contributors (ODbL), via Overture Maps"},"geometry":{"type":"LineString","coordinates":[[-71.241947,44.26323],[-71.242402,44.263515],[-71.243073,44.263789],[-71.24391,44.265195],[-71.244146,44.265314],[-71.244544,44.265346],[-71.245488,44.265253],[-71.245695,44.265352],[-71.245715,44.265454],[-71.245532,44.265571],[-71.245589,44.265769],[-71.245809,44.265856],[-71.245854,44.265987],[-71.246358,44.266295],[-71.246756,44.26613],[-71.24822,44.265785],[-71.248723,44.265388],[-71.249151,44.265184],[-71.25051,44.264889],[-71.250998,44.264578],[-71.251067,44.264353],[-71.251258,44.264204],[-71.251781,44.263913],[-71.251798,44.263591],[-71.251937,44.263479],[-71.252669,44.263082],[-71.253594,44.262804]]}},
{"type":"Feature","properties":{"mountain_slug":"mount-washington","name":"Cross Hair","length_km":0.45,"elevation_gain_m":37,"source":"© OpenStreetMap contributors (ODbL), via Overture Maps"},"geometry":{"type":"LineString","coordinates":[[-71.214538,44.396762],[-71.21472,44.396696],[-71.214795,44.396486],[-71.214924,44.396443],[-71.215321,44.396505],[-71.21553,44.396428],[-71.216244,44.395711],[-71.216646,44.395654],[-71.217054,44.395738],[-71.217477,44.395562],[-71.217327,44.395198],[-71.217338,44.394902],[-71.216859,44.394463]]}},
{"type":"Feature","properties":{"mountain_slug":"mount-washington","name":"Daniel Webster Trail","length_km":5.27,"elevation_gain_m":1081,"source":"© OpenStreetMap contributors (ODbL), via Overture Maps"},"geometry":{"type":"LineString","coordinates":[[-71.219996,44.325963],[-71.223046,44.326016],[-71.223347,44.32608],[-71.22425,44.326528],[-71.224786,44.326626],[-71.225621,44.326909],[-71.225876,44.326899],[-71.226559,44.32723],[-71.226914,44.327278],[-71.227734,44.327623],[-71.227937,44.328059],[-71.228366,44.328264],[-71.228462,44.328665],[-71.228824,44.32893],[-71.22911,44.328973],[-71.229257,44.329026],[-71.229268,44.329115],[-71.229448,44.32915],[-71.229411,44.329647],[-71.229911,44.33004],[-71.231062,44.33011],[-71.231293,44.329992],[-71.23139,44.330014],[-71.231877,44.329508],[-71.233245,44.328576],[-71.234696,44.328119],[-71.235472,44.327712],[-71.236649,44.327585],[-71.23761,44.327277],[-71.238204,44.32724],[-71.239925,44.327331],[-71.240405,44.327149],[-71.241687,44.32689],[-71.243004,44.327075],[-71.243755,44.327086],[-71.244112,44.327013],[-71.244559,44.326619],[-71.245304,44.326395],[-71.246118,44.325882],[-71.246733,44.325688],[-71.247458,44.325082],[-71.247682,44.324716],[-71.247915,44.323646],[-71.248082,44.323307],[-71.24807,44.323037],[-71.24841,44.322349],[-71.249379,44.322085],[-71.250064,44.321692],[-71.250336,44.3214],[-71.250508,44.321321],[-71.250823,44.321309],[-71.251146,44.321762],[-71.251014,44.321988],[-71.25112,44.322214],[-71.251545,44.322032],[-71.25173,44.322152],[-71.251531,44.32365],[-71.251788,44.32396],[-71.252401,44.323934],[-71.253544,44.324334],[-71.25369,44.324747],[-71.254404,44.325125],[-71.254463,44.325304],[-71.255016,44.325463],[-71.255142,44.32571],[-71.255792,44.326192],[-71.256858,44.326763],[-71.257193,44.32706],[-71.257867,44.32716],[-71.258491,44.327155],[-71.258969,44.327394],[-71.259216,44.327406],[-71.259384,44.327392],[-71.259679,44.327178],[-71.25997,44.327144],[-71.260416,44.327226],[-71.260757,44.327127],[-71.261532,44.327227],[-71.261782,44.327084],[-71.262118,44.327079],[-71.262148,44.326997],[-71.26254,44.326893],[-71.262549,44.326824],[-71.26321,44.326811],[-71.263602,44.326666],[-71.26425,44.326982],[-71.26427,44.327062],[-71.266409,44.327288],[-71.267368,44.327738],[-71.268283,44.32799],[-71.268572,44.328159],[-71.268809,44.328118],[-71.269394,44.327815]]}},
{"type":"Feature","properties":{"mountain_slug":"mount-washington","name":"Dark Forest","length_km":2.91,"elevation_gain_m":87,"source":"© OpenStreetMap contributors (ODbL), via Overture Maps"},"geometry":{"type":"LineString","coordinates":[[-71.428523,44.248075],[-71.428284,44.247817],[-71.428059,44.247283],[-71.428478,44.245646],[-71.427961,44.243772],[-71.428218,44.242571],[-71.428049,44.241996],[-71.428158,44.241868],[-71.427728,44.241604],[-71.427122,44.24092],[-71.425323,44.240392],[-71.424841,44.240119],[-71.424696,44.239299],[-71.424566,44.239067],[-71.423739,44.238738],[-71.423248,44.238432],[-71.423096,44.238263],[-71.423125,44.237896],[-71.423051,44.237789],[-71.422273,44.237385],[-71.421199,44.237238],[-71.420968,44.238007],[-71.421,44.238286],[-71.421408,44.23906],[-71.421361,44.239849],[-71.421797,44.241083],[-71.42165,44.2413],[-71.421171,44.241504],[-71.419734,44.241462],[-71.418835,44.241304],[-71.417787,44.24136],[-71.416987,44.240968],[-71.416179,44.240951],[-71.415174,44.241476],[-71.415238,44.242121],[-71.415085,44.2424],[-71.414289,44.24274],[-71.413319,44.243041],[-71.41291,44.243604]]}},
{"type":"Feature","properties":{"mountain_slug":"mount-washington","name":"Davis Path","length_km":11.91,"elevation_gain_m":672,"source":"© OpenStreetMap contributors (ODbL), via Overture Maps","note":"Longest of 3 OpenStreetMap pieces with this name that do not join into one line (11.9 of 17.1 km in the bbox)."},"geometry":{"type":"LineString","coordinates":[[-71.327229,44.136],[-71.326895,44.136177],[-71.326399,44.13671],[-71.326109,44.137102],[-71.326088,44.137498],[-71.325727,44.137965],[-71.325416,44.13796],[-71.324934,44.138138],[-71.324722,44.138377],[-71.32434,44.138351],[-71.323872,44.138468],[-71.32366,44.138626],[-71.323851,44.138849],[-71.321919,44.139743],[-71.321622,44.140129],[-71.321126,44.140408],[-71.320531,44.140922],[-71.32044,44.142531],[-71.321239,44.143431],[-71.321494,44.143913],[-71.321154,44.144462],[-71.320871,44.144645],[-71.320411,44.145168],[-71.32022,44.145874],[-71.319661,44.146793],[-71.321223,44.14857],[-71.321239,44.149196],[-71.32108,44.149452],[-71.320185,44.149744],[-71.319709,44.149991],[-71.319043,44.150966],[-71.318475,44.152291],[-71.318257,44.152431],[-71.319096,44.153835],[-71.320084,44.15426],[-71.320744,44.154721],[-71.321337,44.154948],[-71.321778,44.155248],[-71.321652,44.155392],[-71.321306,44.155348],[-71.321273,44.155471],[-71.320767,44.155852],[-71.321252,44.156626],[-71.321228,44.156883],[-71.320945,44.157173],[-71.321166,44.157468],[-71.321021,44.158121],[-71.320541,44.159056],[-71.320225,44.159283],[-71.319897,44.159373],[-71.319646,44.159835],[-71.319618,44.160116],[-71.319135,44.160713],[-71.319023,44.161098],[-71.319096,44.161686],[-71.31925,44.162074],[-71.319102,44.162406],[-71.319284,44.162733],[-71.319087,44.163101],[-71.319254,44.163405],[-71.319053,44.163993],[-71.319174,44.164572],[-71.319097,44.16496],[-71.319622,44.165538],[-71.320001,44.165821],[-71.319936,44.166629],[-71.32005,44.167149],[-71.320536,44.167963],[-71.32027,44.168019],[-71.3199,44.167934],[-71.319319,44.167927],[-71.318658,44.16796],[-71.318522,44.168053],[-71.318817,44.168658],[-71.318854,44.169782],[-71.319058,44.170098],[-71.319192,44.170699],[-71.319117,44.171289],[-71.319406,44.171583],[-71.319423,44.172189],[-71.319234,44.172702],[-71.319392,44.173232],[-71.319181,44.173617],[-71.31927,44.17467],[-71.319001,44.175263],[-71.318936,44.176471],[-71.318668,44.176883],[-71.318266,44.177205],[-71.318214,44.177338],[-71.318734,44.17811],[-71.318794,44.178529],[-71.318514,44.178973],[-71.318268,44.179176],[-71.318129,44.17955],[-71.317861,44.179761],[-71.317925,44.180101],[-71.317566,44.180447],[-71.317654,44.180925],[-71.31784,44.181142],[-71.318445,44.181032],[-71.318838,44.181073],[-71.31924,44.181627],[-71.320268,44.181917],[-71.320372,44.182002],[-71.320957,44.182773],[-71.321173,44.18347],[-71.320976,44.183723],[-71.320966,44.184065],[-71.320798,44.184174],[-71.320154,44.185411],[-71.31922,44.186304],[-71.319341,44.186679],[-71.319101,44.187509],[-71.318348,44.188027],[-71.318586,44.18834],[-71.318775,44.189323],[-71.318044,44.189705],[-71.317454,44.190167],[-71.31726,44.190652],[-71.316935,44.190983],[-71.316633,44.191536],[-71.316442,44.191675],[-71.316429,44.19189],[-71.316172,44.192262],[-71.31613,44.192663],[-71.316228,44.193183],[-71.316472,44.193691],[-71.316558,44.194275],[-71.316558,44.195059],[-71.315984,44.195909],[-71.315622,44.196096],[-71.315298,44.196486],[-71.314504,44.196826],[-71.314391,44.197024],[-71.314429,44.197566],[-71.314152,44.198062],[-71.314002,44.198951],[-71.315172,44.200789],[-71.315514,44.202162],[-71.315486,44.202414],[-71.315058,44.203041],[-71.314542,44.204421],[-71.314544,44.205111],[-71.31439,44.205574],[-71.314371,44.206682],[-71.313909,44.207204],[-71.3132,44.207696],[-71.312942,44.207761],[-71.312487,44.208058],[-71.31201,44.208628],[-71.310117,44.209494],[-71.309539,44.209654],[-71.309171,44.209898],[-71.309255,44.210382],[-71.30957,44.210882],[-71.309577,44.211075],[-71.309091,44.211647],[-71.30908,44.211899],[-71.308898,44.212272],[-71.30838,44.21266],[-71.308161,44.213012],[-71.308159,44.213419],[-71.308501,44.214694],[-71.308513,44.215174],[-71.308817,44.215429],[-71.309437,44.216381],[-71.309307,44.217114],[-71.309384,44.217326],[-71.309313,44.21765],[-71.308544,44.218693],[-71.308461,44.219424],[-71.308069,44.219834],[-71.307919,44.220291],[-71.307289,44.22079],[-71.307152,44.220996],[-71.307199,44.22148],[-71.307939,44.222945],[-71.307343,44.223639],[-71.307328,44.223972],[-71.307689,44.224284],[-71.307682,44.224595],[-71.30737,44.22483],[-71.306894,44.225454],[-71.306854,44.225888]]}},
{"type":"Feature","properties":{"mountain_slug":"mount-washington","name":"Davis Path - Spur A","length_km":0.22,"elevation_gain_m":55,"source":"© OpenStreetMap contributors (ODbL), via Overture Maps"},"geometry":{"type":"LineString","coordinates":[[-71.315432,44.201852],[-71.314411,44.201965],[-71.313476,44.201799],[-71.313107,44.201823],[-71.312806,44.201711]]}},
{"type":"Feature","properties":{"mountain_slug":"mount-washington","name":"Davis Path / Isolation Trail","length_km":0.5,"elevation_gain_m":91,"source":"© OpenStreetMap contributors (ODbL), via Overture Maps"},"geometry":{"type":"LineString","coordinates":[[-71.306854,44.225888],[-71.306744,44.22606],[-71.30685,44.226729],[-71.307465,44.227144],[-71.30749,44.227244],[-71.307402,44.22774],[-71.307558,44.228943],[-71.307299,44.229332],[-71.306651,44.229895]]}},
{"type":"Feature","properties":{"mountain_slug":"mount-washington","name":"Deerfly","length_km":0.72,"elevation_gain_m":23,"source":"© OpenStreetMap contributors (ODbL), via Overture Maps","note":"Longest of 2 OpenStreetMap pieces with this name that do not join into one line (0.7 of 0.9 km in the bbox)."},"geometry":{"type":"LineString","coordinates":[[-71.227855,44.402423],[-71.227663,44.402542],[-71.227334,44.402567],[-71.227144,44.402978],[-71.226758,44.403089],[-71.226621,44.403371],[-71.226318,44.40336],[-71.226012,44.403459],[-71.225642,44.403438],[-71.22477,44.403942],[-71.224169,44.403898],[-71.22407,44.403996],[-71.22395,44.404586],[-71.223791,44.404699],[-71.223169,44.404854],[-71.222893,44.405146],[-71.222775,44.40564],[-71.221874,44.406]]}},
{"type":"Feature","properties":{"mountain_slug":"mount-washington","name":"Doublehead Ski Trail","length_km":2.48,"elevation_gain_m":452,"source":"© OpenStreetMap contributors (ODbL), via Overture Maps"},"geometry":{"type":"LineString","coordinates":[[-71.150638,44.161623],[-71.150663,44.161938],[-71.150226,44.162076],[-71.149887,44.162278],[-71.149123,44.1623],[-71.147756,44.162865],[-71.14703,44.162996],[-71.146047,44.162853],[-71.145701,44.162948],[-71.145474,44.163123],[-71.144991,44.163236],[-71.142401,44.163246],[-71.141714,44.163348],[-71.140999,44.163581],[-71.140483,44.164058],[-71.139725,44.164444],[-71.139145,44.165276],[-71.139478,44.166846],[-71.139832,44.167541],[-71.139619,44.168562],[-71.139152,44.168953],[-71.138423,44.169034],[-71.137545,44.169557],[-71.13722,44.169643],[-71.137,44.16984],[-71.136887,44.169861],[-71.136398,44.169659],[-71.135464,44.170308],[-71.135047,44.170194],[-71.134463,44.169597],[-71.133645,44.169252],[-71.133139,44.169432],[-71.132212,44.169196],[-71.131656,44.168958],[-71.131412,44.168493],[-71.131497,44.168244],[-71.131175,44.16794],[-71.130952,44.167805],[-71.130598,44.167743],[-71.130296,44.167784]]}},
{"type":"Feature","properties":{"mountain_slug":"mount-washington","name":"Dragon Corridor","length_km":1.41,"elevation_gain_m":63,"source":"© OpenStreetMap contributors (ODbL), via Overture Maps"},"geometry":{"type":"LineString","coordinates":[[-71.22697,44.296665],[-71.226558,44.297653],[-71.226666,44.298071],[-71.22706,44.298591],[-71.227559,44.298721],[-71.227887,44.298958],[-71.228441,44.299142],[-71.228811,44.299484],[-71.229487,44.299642],[-71.229803,44.300154],[-71.230358,44.300398],[-71.230613,44.300373],[-71.230698,44.300073],[-71.231081,44.299841],[-71.231618,44.299894],[-71.231731,44.300012],[-71.231669,44.300332],[-71.231782,44.300706],[-71.23233,44.301243],[-71.23242,44.301437],[-71.232324,44.30162],[-71.231964,44.301842],[-71.232039,44.302066],[-71.232486,44.302087],[-71.23307,44.301693],[-71.233651,44.301669],[-71.234137,44.301344],[-71.234602,44.301566],[-71.234834,44.301515],[-71.235053,44.30124],[-71.234883,44.30093],[-71.23494,44.300488],[-71.235073,44.300341]]}},
{"type":"Feature","properties":{"mountain_slug":"mount-washington","name":"Dry River Connection","length_km":0.4,"elevation_gain_m":16,"source":"© OpenStreetMap contributors (ODbL), via Overture Maps","note":"Longest of 2 OpenStreetMap pieces with this name that do not join into one line (0.4 of 0.6 km in the bbox)."},"geometry":{"type":"LineString","coordinates":[[-71.361665,44.160925],[-71.361427,44.162144],[-71.360985,44.162764],[-71.360732,44.162994],[-71.360107,44.163306],[-71.359587,44.163459],[-71.359036,44.16351]]}},
{"type":"Feature","properties":{"mountain_slug":"mount-washington","name":"Dry River Cutoff","length_km":2.43,"elevation_gain_m":249,"source":"© OpenStreetMap contributors (ODbL), via Overture Maps"},"geometry":{"type":"LineString","coordinates":[[-71.338555,44.216264],[-71.339518,44.216599],[-71.340451,44.216666],[-71.340791,44.216096],[-71.341687,44.216016],[-71.342074,44.21634],[-71.342495,44.216415],[-71.3434,44.216818],[-71.344266,44.216872],[-71.345205,44.217149],[-71.347448,44.217389],[-71.349306,44.218303],[-71.349563,44.218491],[-71.349627,44.218699],[-71.35019,44.219327],[-71.351121,44.219773],[-71.351952,44.219884],[-71.352296,44.219838],[-71.352379,44.219681],[-71.352698,44.21965],[-71.353503,44.219167],[-71.355264,44.21843],[-71.356143,44.217702],[-71.356933,44.217178],[-71.357432,44.216695],[-71.358015,44.216398],[-71.359058,44.216451],[-71.360132,44.216867],[-71.36215,44.216459],[-71.362542,44.216563],[-71.363229,44.216535],[-71.364134,44.216634]]}},
{"type":"Feature","properties":{"mountain_slug":"mount-washington","name":"Dry River Trail","length_km":14.06,"elevation_gain_m":1326,"source":"© OpenStreetMap contributors (ODbL), via Overture Maps"},"geometry":{"type":"LineString","coordinates":[[-71.365114,44.158808],[-71.364811,44.158866],[-71.364715,44.158992],[-71.364646,44.159879],[-71.364061,44.160695],[-71.363117,44.161652],[-71.361849,44.162352],[-71.361247,44.163052],[-71.360597,44.163425],[-71.359881,44.163682],[-71.359475,44.163647],[-71.359036,44.16351],[-71.358046,44.163539],[-71.357464,44.16366],[-71.357024,44.163861],[-71.356516,44.164264],[-71.355792,44.165661],[-71.354312,44.167493],[-71.354454,44.167913],[-71.354448,44.16857],[-71.353317,44.170234],[-71.352316,44.17121],[-71.352442,44.171914],[-71.353272,44.172881],[-71.353476,44.173618],[-71.35325,44.174147],[-71.353438,44.174417],[-71.353744,44.174464],[-71.353706,44.174741],[-71.353276,44.175361],[-71.352928,44.175573],[-71.352699,44.176202],[-71.35217,44.176197],[-71.351692,44.177082],[-71.35109,44.177665],[-71.351129,44.177982],[-71.350979,44.178674],[-71.350493,44.179882],[-71.350081,44.180384],[-71.349594,44.181263],[-71.348805,44.181955],[-71.348806,44.182229],[-71.348389,44.18276],[-71.34825,44.183171],[-71.347623,44.183901],[-71.346886,44.1844],[-71.346612,44.184978],[-71.346677,44.185423],[-71.346842,44.18576],[-71.346785,44.186098],[-71.345789,44.18789],[-71.345292,44.188294],[-71.345006,44.189794],[-71.344267,44.19023],[-71.3437,44.191],[-71.34337,44.191306],[-71.343169,44.191363],[-71.342689,44.191872],[-71.342021,44.192134],[-71.34141,44.19225],[-71.341155,44.192444],[-71.340725,44.1931],[-71.339744,44.195178],[-71.339573,44.195295],[-71.338755,44.195412],[-71.338514,44.195526],[-71.338122,44.196046],[-71.337506,44.197926],[-71.337509,44.198601],[-71.337576,44.199106],[-71.33806,44.199988],[-71.337957,44.200575],[-71.338039,44.200691],[-71.33799,44.201517],[-71.338222,44.201822],[-71.338366,44.202869],[-71.339081,44.203882],[-71.338957,44.20422],[-71.339415,44.205669],[-71.339336,44.205856],[-71.33905,44.205921],[-71.339211,44.206917],[-71.33952,44.207617],[-71.339531,44.208927],[-71.339168,44.209772],[-71.338456,44.210454],[-71.337265,44.210932],[-71.337023,44.211426],[-71.336805,44.211546],[-71.336027,44.212361],[-71.335569,44.213351],[-71.335327,44.213618],[-71.334525,44.217336],[-71.333579,44.217902],[-71.332584,44.218893],[-71.332457,44.219122],[-71.332549,44.219536],[-71.332743,44.219836],[-71.332988,44.219995],[-71.333168,44.220362],[-71.333144,44.220546],[-71.333014,44.220718],[-71.332242,44.220832],[-71.331919,44.221417],[-71.331845,44.221884],[-71.33174,44.221984],[-71.330194,44.222419],[-71.329308,44.223288],[-71.329038,44.223684],[-71.328889,44.224178],[-71.327677,44.225234],[-71.327774,44.22572],[-71.327579,44.225982],[-71.326683,44.226591],[-71.326213,44.227152],[-71.326152,44.227345],[-71.326258,44.227561],[-71.326238,44.2281],[-71.326015,44.228525],[-71.325454,44.22888],[-71.325411,44.229047],[-71.324995,44.229251],[-71.325016,44.229744],[-71.324856,44.230143],[-71.324008,44.230633],[-71.32359,44.230993],[-71.323301,44.231108],[-71.321591,44.23142],[-71.321216,44.231575],[-71.320018,44.231742],[-71.318799,44.232211],[-71.317206,44.233037],[-71.316798,44.23357],[-71.316119,44.234072],[-71.314803,44.234735],[-71.314151,44.235195],[-71.313331,44.235185],[-71.313141,44.23526],[-71.312694,44.235602],[-71.312542,44.23582],[-71.31255,44.236435],[-71.312711,44.236738],[-71.312568,44.237192],[-71.312119,44.237734],[-71.312406,44.238302],[-71.312064,44.239275],[-71.312151,44.239628],[-71.312092,44.239833],[-71.311546,44.240209],[-71.311371,44.24059],[-71.311215,44.240639],[-71.311195,44.240807],[-71.311712,44.241775],[-71.312069,44.241973],[-71.312274,44.242626],[-71.312623,44.242742],[-71.313032,44.243008],[-71.313475,44.243799],[-71.313668,44.243905],[-71.313949,44.244323],[-71.313956,44.245332],[-71.314254,44.245894],[-71.314161,44.246776],[-71.314288,44.247045],[-71.314209,44.24721],[-71.31477,44.247999],[-71.315085,44.248094],[-71.315207,44.248334],[-71.315151,44.248603],[-71.315297,44.249111],[-71.315156,44.249287],[-71.315202,44.249728],[-71.314954,44.249999],[-71.314957,44.250276],[-71.314652,44.25045],[-71.314504,44.250427],[-71.314395,44.250566],[-71.314732,44.25079],[-71.31461,44.251788],[-71.314912,44.253115],[-71.315344,44.25385],[-71.315375,44.254443],[-71.315588,44.254509],[-71.316162,44.254367],[-71.316315,44.254407],[-71.316892,44.255018],[-71.316581,44.25513],[-71.316193,44.255062],[-71.31591,44.25515],[-71.315464,44.255538],[-71.314918,44.255786],[-71.315037,44.256077],[-71.314772,44.256277],[-71.314655,44.25628],[-71.314564,44.256462],[-71.314477,44.256882],[-71.314547,44.257235],[-71.314776,44.257443],[-71.315583,44.25738],[-71.315788,44.257508],[-71.317122,44.257646],[-71.317458,44.257826],[-71.317588,44.257784],[-71.317782,44.257954],[-71.317758,44.258103],[-71.317872,44.258218],[-71.318253,44.258436],[-71.318512,44.25847],[-71.318798,44.258764]]}},
{"type":"Feature","properties":{"mountain_slug":"mount-washington","name":"EZ Way","length_km":1.55,"elevation_gain_m":169,"source":"© OpenStreetMap contributors (ODbL), via Overture Maps"},"geometry":{"type":"LineString","coordinates":[[-71.272828,44.375266],[-71.272838,44.375986],[-71.273324,44.377121],[-71.273884,44.378109],[-71.274407,44.378677],[-71.275799,44.379878],[-71.275836,44.380019],[-71.27578,44.380452],[-71.275397,44.381147],[-71.275322,44.38146],[-71.275481,44.381667],[-71.275332,44.382942],[-71.275472,44.383183],[-71.276032,44.38367],[-71.276312,44.385118],[-71.276154,44.385619],[-71.276107,44.386327],[-71.275668,44.38666],[-71.275546,44.387074],[-71.275584,44.38822]]}},
{"type":"Feature","properties":{"mountain_slug":"mount-washington","name":"Eagle Link Trail","length_km":0.5,"elevation_gain_m":27,"source":"© OpenStreetMap contributors (ODbL), via Overture Maps"},"geometry":{"type":"LineString","coordinates":[[-71.119045,44.253767],[-71.118871,44.253423],[-71.118921,44.253085],[-71.11874,44.252618],[-71.118479,44.252328],[-71.11831,44.252248],[-71.117955,44.252303],[-71.117527,44.252184],[-71.117168,44.252235],[-71.116638,44.252188],[-71.116519,44.251884],[-71.11603,44.251673],[-71.115324,44.251838],[-71.115,44.251781]]}},
{"type":"Feature","properties":{"mountain_slug":"mount-washington","name":"Eagle Mountain Trail","length_km":1.21,"elevation_gain_m":179,"source":"© OpenStreetMap contributors (ODbL), via Overture Maps"},"geometry":{"type":"LineString","coordinates":[[-71.186093,44.156262],[-71.186219,44.15614],[-71.186131,44.155457],[-71.186236,44.155121],[-71.187443,44.155718],[-71.187918,44.156089],[-71.188294,44.156607],[-71.189846,44.157831],[-71.190722,44.158813],[-71.191868,44.159348],[-71.192145,44.159591],[-71.192465,44.160099],[-71.192928,44.160143],[-71.193753,44.160846],[-71.194092,44.161036],[-71.194524,44.160837],[-71.195152,44.161005],[-71.195614,44.16093]]}},
{"type":"Feature","properties":{"mountain_slug":"mount-washington","name":"East Branch Trail","length_km":6.24,"elevation_gain_m":304,"source":"© OpenStreetMap contributors (ODbL), via Overture Maps"},"geometry":{"type":"LineString","coordinates":[[-71.129727,44.19042],[-71.130022,44.190742],[-71.13021,44.191893],[-71.130884,44.192061],[-71.131055,44.19218],[-71.131038,44.192447],[-71.131461,44.193592],[-71.131338,44.19403],[-71.131414,44.194668],[-71.131705,44.195233],[-71.131644,44.195805],[-71.132056,44.19647],[-71.132231,44.19712],[-71.13275,44.197557],[-71.132868,44.198233],[-71.132655,44.199257],[-71.132434,44.199624],[-71.13105,44.200481],[-71.130847,44.200738],[-71.130846,44.201395],[-71.13152,44.202209],[-71.13133,44.203161],[-71.130961,44.203895],[-71.131109,44.204856],[-71.130889,44.20581],[-71.131013,44.206419],[-71.130824,44.207318],[-71.130661,44.207609],[-71.130147,44.207988],[-71.12699,44.209027],[-71.126105,44.210261],[-71.124739,44.211602],[-71.124513,44.21228],[-71.124605,44.214889],[-71.124806,44.215341],[-71.124889,44.215888],[-71.124824,44.216281],[-71.125276,44.217008],[-71.125378,44.217408],[-71.128233,44.222027],[-71.128864,44.223721],[-71.129849,44.225201],[-71.130599,44.225873],[-71.131372,44.227243],[-71.13184,44.228835],[-71.132085,44.229248],[-71.132627,44.229816],[-71.133299,44.230218],[-71.133952,44.230748],[-71.13398,44.231237],[-71.134162,44.231566],[-71.134352,44.231682],[-71.135506,44.231471],[-71.136252,44.231634],[-71.137126,44.231722],[-71.137483,44.231976],[-71.137582,44.232344],[-71.137409,44.23262],[-71.137298,44.233125],[-71.137611,44.23381],[-71.137723,44.236832],[-71.137392,44.237701],[-71.137372,44.238333],[-71.137173,44.238883]]}},
{"type":"Feature","properties":{"mountain_slug":"mount-washington","name":"East Branch Trail (Not Maintained)","length_km":2.17,"elevation_gain_m":49,"source":"© OpenStreetMap contributors (ODbL), via Overture Maps"},"geometry":{"type":"LineString","coordinates":[[-71.115,44.176026],[-71.11561,44.176397],[-71.117225,44.176542],[-71.117608,44.176708],[-71.11799,44.17707],[-71.118156,44.177933],[-71.118382,44.178342],[-71.119026,44.17887],[-71.120675,44.179846],[-71.121573,44.180602],[-71.122077,44.180823],[-71.123679,44.181036],[-71.124544,44.181417],[-71.124935,44.182004],[-71.125195,44.184215],[-71.125798,44.185614],[-71.126711,44.186613],[-71.127172,44.187676],[-71.127361,44.187907],[-71.128099,44.188284],[-71.128665,44.188687],[-71.128889,44.189517],[-71.129111,44.18988],[-71.12932,44.190142],[-71.129727,44.19042]]}},
{"type":"Feature","properties":{"mountain_slug":"mount-washington","name":"East Pasture Trail","length_km":1.97,"elevation_gain_m":217,"source":"© OpenStreetMap contributors (ODbL), via Overture Maps"},"geometry":{"type":"LineString","coordinates":[[-71.157659,44.184612],[-71.158689,44.185505],[-71.160014,44.185874],[-71.160487,44.1861],[-71.161179,44.186893],[-71.161569,44.187155],[-71.162967,44.188452],[-71.16312,44.188865],[-71.16374,44.189852],[-71.16465,44.191061],[-71.164706,44.191221],[-71.164516,44.191791],[-71.164024,44.192398],[-71.164058,44.192709],[-71.164371,44.193199],[-71.164064,44.193859],[-71.163622,44.195351],[-71.163647,44.195547],[-71.164461,44.196967],[-71.16547,44.197167],[-71.167439,44.198092],[-71.168158,44.198224]]}},
{"type":"Feature","properties":{"mountain_slug":"mount-washington","name":"Edmands Col Cutoff","length_km":0.74,"elevation_gain_m":26,"source":"© OpenStreetMap contributors (ODbL), via Overture Maps"},"geometry":{"type":"LineString","coordinates":[[-71.307284,44.305352],[-71.308164,44.305743],[-71.308726,44.30629],[-71.309144,44.306535],[-71.309338,44.306546],[-71.311319,44.308227],[-71.311876,44.308857],[-71.311803,44.309277],[-71.312194,44.309921],[-71.312329,44.309978],[-71.312407,44.310412]]}},
{"type":"Feature","properties":{"mountain_slug":"mount-washington","name":"Edmands Path","length_km":4.37,"elevation_gain_m":729,"source":"© OpenStreetMap contributors (ODbL), via Overture Maps"},"geometry":{"type":"LineString","coordinates":[[-71.391255,44.249038],[-71.390955,44.248962],[-71.390118,44.249227],[-71.389178,44.249397],[-71.388508,44.249379],[-71.38734,44.249558],[-71.387227,44.249816],[-71.386726,44.250331],[-71.386486,44.250557],[-71.386273,44.250583],[-71.385822,44.250366],[-71.385303,44.250467],[-71.384377,44.249994],[-71.383894,44.249934],[-71.383173,44.249477],[-71.382188,44.24927],[-71.381834,44.249071],[-71.38076,44.248834],[-71.378056,44.248685],[-71.377362,44.248808],[-71.376874,44.248997],[-71.37626,44.24897],[-71.373678,44.248546],[-71.372897,44.248559],[-71.372365,44.248483],[-71.371356,44.248048],[-71.370122,44.247642],[-71.36852,44.246843],[-71.367922,44.24626],[-71.367864,44.24586],[-71.366867,44.245439],[-71.3668,44.245274],[-71.366019,44.244486],[-71.365841,44.244111],[-71.364601,44.243361],[-71.36387,44.242991],[-71.363364,44.243067],[-71.36284,44.242969],[-71.362706,44.243003],[-71.362342,44.242819],[-71.361689,44.242643],[-71.361379,44.242388],[-71.361201,44.242383],[-71.361008,44.242247],[-71.36094,44.241963],[-71.360571,44.241651],[-71.360153,44.241923],[-71.359258,44.24179],[-71.358417,44.241446],[-71.357684,44.241482],[-71.35675,44.241708],[-71.356681,44.241621],[-71.356352,44.241641],[-71.354252,44.242181],[-71.353335,44.24213],[-71.352921,44.242339],[-71.35195,44.243364],[-71.351546,44.243448],[-71.350803,44.243225],[-71.350382,44.242968],[-71.34938,44.242793],[-71.348199,44.242789],[-71.347276,44.242945],[-71.346608,44.242961],[-71.345375,44.242701],[-71.344992,44.242467]]}},
{"type":"Feature","properties":{"mountain_slug":"mount-washington","name":"Elephant Head Spur","length_km":0.35,"elevation_gain_m":20,"source":"© OpenStreetMap contributors (ODbL), via Overture Maps"},"geometry":{"type":"LineString","coordinates":[[-71.406588,44.21593],[-71.4066,44.215342],[-71.405987,44.214866],[-71.405728,44.214223],[-71.405632,44.213577],[-71.405728,44.213487],[-71.406043,44.213614],[-71.406289,44.213584]]}},
{"type":"Feature","properties":{"mountain_slug":"mount-washington","name":"Emerald Trail","length_km":0.77,"elevation_gain_m":237,"source":"© OpenStreetMap contributors (ODbL), via Overture Maps"},"geometry":{"type":"LineString","coordinates":[[-71.323035,44.319153],[-71.320631,44.31969],[-71.319542,44.320557],[-71.319426,44.321565],[-71.319673,44.322085],[-71.319545,44.32262],[-71.318574,44.322723],[-71.317325,44.323401]]}},
{"type":"Feature","properties":{"mountain_slug":"mount-washington","name":"Esker","length_km":1.29,"elevation_gain_m":32,"source":"© OpenStreetMap contributors (ODbL), via Overture Maps"},"geometry":{"type":"LineString","coordinates":[[-71.435212,44.252079],[-71.435496,44.251654],[-71.43641,44.251213],[-71.436656,44.251018],[-71.436446,44.250285],[-71.435977,44.249801],[-71.435857,44.249562],[-71.435825,44.249278],[-71.436154,44.248576],[-71.435945,44.248097],[-71.435613,44.24767],[-71.435085,44.247306],[-71.433327,44.246669],[-71.432285,44.245423],[-71.431808,44.245171],[-71.430745,44.245056],[-71.430273,44.244845],[-71.428304,44.244924]]}},
{"type":"Feature","properties":{"mountain_slug":"mount-washington","name":"Eskersion","length_km":0.22,"elevation_gain_m":10,"source":"© OpenStreetMap contributors (ODbL), via Overture Maps"},"geometry":{"type":"LineString","coordinates":[[-71.435972,44.249011],[-71.436192,44.249087],[-71.436698,44.249073],[-71.436871,44.249399],[-71.436887,44.24966],[-71.436431,44.249674],[-71.436264,44.249764],[-71.436242,44.250069]]}},
{"type":"Feature","properties":{"mountain_slug":"mount-washington","name":"Ethan Pond Trail","length_km":11.25,"elevation_gain_m":549,"source":"© OpenStreetMap contributors (ODbL), via Overture Maps"},"geometry":{"type":"LineString","coordinates":[[-71.385992,44.167035],[-71.385887,44.166862],[-71.385932,44.166781],[-71.386355,44.166656],[-71.386882,44.166829],[-71.387469,44.166879],[-71.387682,44.166731],[-71.38812,44.16618],[-71.388372,44.166054],[-71.38899,44.165919],[-71.390144,44.165832],[-71.392168,44.165357],[-71.39275,44.165439],[-71.393872,44.16544],[-71.394184,44.165551],[-71.395095,44.166071],[-71.395237,44.166273],[-71.397007,44.167444],[-71.397719,44.168099],[-71.398357,44.168555],[-71.40017,44.169346],[-71.400285,44.169553],[-71.401432,44.170253],[-71.402177,44.170911],[-71.403161,44.171402],[-71.40326,44.171617],[-71.404353,44.172644],[-71.40502,44.172903],[-71.406011,44.173118],[-71.407372,44.173616],[-71.408244,44.174499],[-71.408613,44.175068],[-71.408919,44.175293],[-71.40948,44.175097],[-71.40966,44.174924],[-71.40992,44.174842],[-71.411143,44.174847],[-71.412859,44.174499],[-71.413474,44.174482],[-71.413741,44.174369],[-71.414911,44.174397],[-71.415824,44.174581],[-71.416363,44.174457],[-71.41666,44.174506],[-71.41691,44.17439],[-71.417182,44.174003],[-71.418247,44.173707],[-71.418705,44.173447],[-71.418982,44.173421],[-71.419536,44.173596],[-71.420716,44.173605],[-71.422156,44.173999],[-71.423379,44.174692],[-71.424086,44.175031],[-71.42465,44.175207],[-71.425499,44.17532],[-71.426529,44.175618],[-71.428096,44.175753],[-71.429268,44.175977],[-71.430303,44.176409],[-71.431437,44.176723],[-71.432637,44.176679],[-71.433512,44.176478],[-71.434415,44.176526],[-71.434989,44.176476],[-71.436108,44.176115],[-71.43695,44.175506],[-71.437499,44.175375],[-71.439696,44.175602],[-71.439979,44.175886],[-71.440243,44.17601],[-71.44122,44.175975],[-71.442007,44.176156],[-71.442514,44.175792],[-71.443238,44.175697],[-71.443591,44.175496],[-71.444951,44.175068],[-71.445431,44.17461],[-71.446549,44.174539],[-71.447,44.174421],[-71.447796,44.174413],[-71.448388,44.174238],[-71.448782,44.173996],[-71.449052,44.173436],[-71.449432,44.173152],[-71.452878,44.172406],[-71.454073,44.172245],[-71.454622,44.172054],[-71.455167,44.172087],[-71.455757,44.172004],[-71.456992,44.17141],[-71.458495,44.171346],[-71.459347,44.171189],[-71.459975,44.17046],[-71.460786,44.170124],[-71.461338,44.170035],[-71.462002,44.170082],[-71.462589,44.170204],[-71.463616,44.170677],[-71.464781,44.170786],[-71.465668,44.170591],[-71.466218,44.170378],[-71.466691,44.170146],[-71.466945,44.169921],[-71.467209,44.169994],[-71.467881,44.169783],[-71.468476,44.169723],[-71.469378,44.169843],[-71.471591,44.170956],[-71.472684,44.171288],[-71.474144,44.171614],[-71.475191,44.172034],[-71.475738,44.172574],[-71.476132,44.173148],[-71.47704,44.174002],[-71.477635,44.174764],[-71.478126,44.175648],[-71.479728,44.179115],[-71.480002,44.180412],[-71.480531,44.181422],[-71.480742,44.182496],[-71.482286,44.185085],[-71.482787,44.186085],[-71.483967,44.187607],[-71.484203,44.187729],[-71.484808,44.188461],[-71.486286,44.190596],[-71.487764,44.192153],[-71.48862,44.193609],[-71.490351,44.195716]]}},
{"type":"Feature","properties":{"mountain_slug":"mount-washington","name":"Ethan's Loop","length_km":0.48,"elevation_gain_m":13,"source":"© OpenStreetMap contributors (ODbL), via Overture Maps"},"geometry":{"type":"LineString","coordinates":[[-71.232283,44.403637],[-71.232625,44.404119],[-71.233272,44.404479],[-71.233542,44.404905],[-71.233463,44.405184],[-71.233722,44.405278],[-71.233878,44.405162],[-71.233719,44.404724],[-71.233972,44.404321],[-71.233937,44.404202],[-71.2329,44.403573]]}},
{"type":"Feature","properties":{"mountain_slug":"mount-washington","name":"Fabyan's Way","length_km":0.8,"elevation_gain_m":10,"source":"© OpenStreetMap contributors (ODbL), via Overture Maps"},"geometry":{"type":"LineString","coordinates":[[-71.463313,44.263378],[-71.463796,44.263307],[-71.464126,44.263121],[-71.464466,44.263074],[-71.464787,44.263145],[-71.465428,44.263493],[-71.465508,44.264045],[-71.465446,44.264356],[-71.465041,44.265054],[-71.464814,44.265243],[-71.464038,44.265394],[-71.46289,44.26532],[-71.462888,44.265178],[-71.463236,44.264774],[-71.462954,44.264195],[-71.463164,44.263538],[-71.463313,44.263378]]}},
{"type":"Feature","properties":{"mountain_slug":"mount-washington","name":"Falcon Cliff Trail","length_km":0.26,"elevation_gain_m":36,"source":"© OpenStreetMap contributors (ODbL), via Overture Maps"},"geometry":{"type":"LineString","coordinates":[[-71.373934,44.154064],[-71.374251,44.154732],[-71.374024,44.155377],[-71.373718,44.155592],[-71.373612,44.155585],[-71.373064,44.155259]]}},
{"type":"Feature","properties":{"mountain_slug":"mount-washington","name":"Fallsway","length_km":1.14,"elevation_gain_m":134,"source":"© OpenStreetMap contributors (ODbL), via Overture Maps","note":"Joined across 46 m of Valley Way."},"geometry":{"type":"LineString","coordinates":[[-71.288411,44.371556],[-71.287443,44.371543],[-71.287363,44.371181],[-71.287455,44.370269],[-71.287243,44.369976],[-71.286924,44.369812],[-71.286914,44.369218],[-71.286869,44.36911],[-71.286629,44.368976],[-71.286632,44.368395],[-71.287114,44.367391],[-71.286806,44.366377],[-71.287248,44.365971],[-71.287297,44.365781],[-71.287956,44.365046],[-71.28795,44.364943],[-71.288519,44.364497],[-71.288685,44.364096],[-71.288538,44.363441],[-71.288728,44.363045]]}},
{"type":"Feature","properties":{"mountain_slug":"mount-washington","name":"For Pete's Sake","length_km":1.71,"elevation_gain_m":85,"source":"© OpenStreetMap contributors (ODbL), via Overture Maps"},"geometry":{"type":"LineString","coordinates":[[-71.199411,44.392344],[-71.20117,44.391947],[-71.201508,44.391516],[-71.201714,44.391472],[-71.202038,44.391704],[-71.20232,44.391752],[-71.202714,44.391673],[-71.20438,44.391846],[-71.205032,44.391761],[-71.205515,44.391821],[-71.205834,44.391763],[-71.206244,44.391976],[-71.206714,44.391951],[-71.207285,44.392116],[-71.2075,44.392449],[-71.207591,44.39229],[-71.208151,44.3922],[-71.208237,44.392371],[-71.208725,44.392553],[-71.20898,44.392951],[-71.209146,44.393036],[-71.209447,44.393066],[-71.210144,44.39275],[-71.211727,44.393011],[-71.2128,44.392676],[-71.213542,44.391968],[-71.214503,44.391552],[-71.214929,44.391276],[-71.214817,44.39165],[-71.214001,44.392428],[-71.214036,44.39249],[-71.214446,44.39249],[-71.214672,44.392351]]}},
{"type":"Feature","properties":{"mountain_slug":"mount-washington","name":"Four Soldiers Path","length_km":5.39,"elevation_gain_m":305,"source":"© OpenStreetMap contributors (ODbL), via Overture Maps"},"geometry":{"type":"LineString","coordinates":[[-71.294501,44.386414],[-71.298795,44.38626],[-71.299589,44.38604],[-71.30057,44.38636],[-71.301009,44.386413],[-71.301457,44.386333],[-71.302279,44.386554],[-71.302597,44.38672],[-71.302998,44.387141],[-71.303288,44.387314],[-71.304212,44.387481],[-71.304586,44.387428],[-71.305062,44.387621],[-71.30594,44.387788],[-71.306631,44.387688],[-71.30722,44.387715],[-71.307892,44.387655],[-71.308509,44.387361],[-71.309237,44.38682],[-71.310352,44.386176],[-71.311006,44.385582],[-71.31106,44.38511],[-71.311823,44.384113],[-71.311993,44.384027],[-71.312427,44.384194],[-71.312581,44.38415],[-71.313034,44.383855],[-71.313412,44.383403],[-71.313957,44.383112],[-71.315584,44.382789],[-71.316368,44.382858],[-71.317387,44.383111],[-71.319898,44.384031],[-71.320584,44.3842],[-71.321099,44.3842],[-71.322204,44.384461],[-71.322794,44.384987],[-71.323027,44.385487],[-71.323332,44.385619],[-71.323693,44.385624],[-71.324216,44.385912],[-71.324946,44.386878],[-71.325639,44.3874],[-71.326489,44.387708],[-71.326743,44.387941],[-71.326864,44.388168],[-71.326666,44.389039],[-71.32651,44.389216],[-71.32646,44.390252],[-71.326765,44.390606],[-71.327961,44.391249],[-71.328138,44.391446],[-71.328463,44.392362],[-71.328676,44.392554],[-71.328873,44.393146],[-71.329415,44.393895],[-71.329625,44.394353],[-71.329626,44.395302],[-71.329333,44.395987],[-71.329163,44.396917],[-71.329188,44.397297],[-71.329483,44.397914],[-71.329601,44.398742],[-71.329563,44.399589],[-71.329965,44.400152],[-71.329894,44.401954],[-71.330316,44.402256],[-71.330759,44.402814],[-71.331768,44.403444],[-71.33218,44.403835],[-71.33257,44.404431],[-71.33378,44.405286],[-71.334148,44.405648],[-71.334284,44.406]]}},
{"type":"Feature","properties":{"mountain_slug":"mount-washington","name":"Frankenstein Cliff Trail","length_km":3.07,"elevation_gain_m":473,"source":"© OpenStreetMap contributors (ODbL), via Overture Maps"},"geometry":{"type":"LineString","coordinates":[[-71.369483,44.147941],[-71.369356,44.148017],[-71.369254,44.148326],[-71.368768,44.148649],[-71.368798,44.148871],[-71.368392,44.14945],[-71.368504,44.149899],[-71.368022,44.150612],[-71.367474,44.151221],[-71.36701,44.152329],[-71.366629,44.152617],[-71.366584,44.153237],[-71.366123,44.15409],[-71.366104,44.154418],[-71.36596,44.154652],[-71.365965,44.15493],[-71.366118,44.155014],[-71.36645,44.155008],[-71.366756,44.154777],[-71.367688,44.154981],[-71.367822,44.154982],[-71.367928,44.154817],[-71.368195,44.154936],[-71.368237,44.155207],[-71.368485,44.155607],[-71.368282,44.155885],[-71.368629,44.156293],[-71.368789,44.156282],[-71.368853,44.156098],[-71.369167,44.156001],[-71.369477,44.156012],[-71.369584,44.155936],[-71.369921,44.15501],[-71.370242,44.155004],[-71.370327,44.154585],[-71.370199,44.15429],[-71.370336,44.154194],[-71.370447,44.153568],[-71.370737,44.153351],[-71.370926,44.153394],[-71.371075,44.153565],[-71.371298,44.153557],[-71.371801,44.152526],[-71.372229,44.152641],[-71.372637,44.152946],[-71.373291,44.153559],[-71.37333,44.153793],[-71.373466,44.153906],[-71.373934,44.154064],[-71.374554,44.153922],[-71.374767,44.154001],[-71.374964,44.154272],[-71.375243,44.154438],[-71.375811,44.155164],[-71.376302,44.155069],[-71.376539,44.155234],[-71.377322,44.155321],[-71.377682,44.155568],[-71.37817,44.155347],[-71.378448,44.155646],[-71.378866,44.155637],[-71.379347,44.155825],[-71.379812,44.155652],[-71.380077,44.155183],[-71.380349,44.15508],[-71.380385,44.154752],[-71.380555,44.154527],[-71.380573,44.154193],[-71.380443,44.154124],[-71.380387,44.153758],[-71.38099,44.153445],[-71.381325,44.153414]]}},
{"type":"Feature","properties":{"mountain_slug":"mount-washington","name":"George's Gorge Trail","length_km":1.03,"elevation_gain_m":189,"source":"© OpenStreetMap contributors (ODbL), via Overture Maps"},"geometry":{"type":"LineString","coordinates":[[-71.251258,44.264204],[-71.251281,44.264393],[-71.251074,44.264792],[-71.251056,44.26507],[-71.251182,44.265366],[-71.251229,44.266911],[-71.251381,44.267305],[-71.251434,44.268061],[-71.251266,44.268697],[-71.250521,44.269141],[-71.250582,44.269747],[-71.250408,44.270147],[-71.250918,44.270281],[-71.251277,44.270247],[-71.251704,44.270389],[-71.252004,44.270583],[-71.252286,44.270527],[-71.252463,44.270024],[-71.25314,44.269324]]}},
{"type":"Feature","properties":{"mountain_slug":"mount-washington","name":"Glen Boulder Trail","length_km":4.55,"elevation_gain_m":981,"source":"© OpenStreetMap contributors (ODbL), via Overture Maps"},"geometry":{"type":"LineString","coordinates":[[-71.253607,44.245718],[-71.254055,44.245132],[-71.254411,44.245119],[-71.255021,44.244693],[-71.256488,44.244082],[-71.257011,44.243751],[-71.257356,44.243746],[-71.257911,44.243576],[-71.258469,44.2436],[-71.2589,44.243498],[-71.259106,44.243525],[-71.259273,44.24364],[-71.259057,44.243923],[-71.25914,44.244002],[-71.259504,44.244018],[-71.26057,44.242958],[-71.26224,44.242903],[-71.263001,44.242625],[-71.263512,44.242327],[-71.263972,44.241908],[-71.26556,44.241551],[-71.266727,44.241749],[-71.266988,44.241676],[-71.267374,44.241685],[-71.267845,44.241475],[-71.268984,44.241484],[-71.269191,44.241417],[-71.269472,44.241554],[-71.269614,44.241385],[-71.270085,44.241376],[-71.271008,44.24086],[-71.271212,44.240674],[-71.271651,44.240549],[-71.272439,44.239911],[-71.273065,44.239757],[-71.27313,44.239468],[-71.273846,44.238676],[-71.274049,44.238158],[-71.274232,44.238122],[-71.274671,44.238222],[-71.27561,44.238111],[-71.276322,44.23761],[-71.276984,44.237779],[-71.277314,44.237791],[-71.277907,44.237587],[-71.278233,44.23754],[-71.278562,44.237592],[-71.278859,44.237464],[-71.279566,44.237394],[-71.27983,44.237473],[-71.281485,44.237473],[-71.283562,44.238041],[-71.284656,44.238478],[-71.285006,44.238728],[-71.286075,44.239224],[-71.286457,44.23966],[-71.287721,44.240124],[-71.289222,44.240904],[-71.289667,44.241315],[-71.290451,44.241523],[-71.291153,44.241826],[-71.291331,44.241993],[-71.291962,44.24211],[-71.292078,44.242205],[-71.292384,44.24227],[-71.292875,44.242309],[-71.293213,44.24244],[-71.294036,44.24306],[-71.294372,44.243567],[-71.294553,44.243919],[-71.294517,44.24409],[-71.294766,44.245051],[-71.295097,44.245598],[-71.295062,44.245746],[-71.295539,44.246351],[-71.295876,44.247214],[-71.296229,44.247445]]}},
{"type":"Feature","properties":{"mountain_slug":"mount-washington","name":"Glen Ellis Falls Trail","length_km":0.3,"elevation_gain_m":26,"source":"© OpenStreetMap contributors (ODbL), via Overture Maps"},"geometry":{"type":"LineString","coordinates":[[-71.252326,44.244007],[-71.252246,44.243984],[-71.252498,44.243715],[-71.252546,44.244096],[-71.252851,44.24431],[-71.252867,44.24462],[-71.253175,44.244972],[-71.253176,44.245419],[-71.253675,44.2456]]}},
{"type":"Feature","properties":{"mountain_slug":"mount-washington","name":"Glenside Trail","length_km":0.26,"elevation_gain_m":15,"source":"© OpenStreetMap contributors (ODbL), via Overture Maps"},"geometry":{"type":"LineString","coordinates":[[-71.278705,44.377378],[-71.279124,44.377324],[-71.279806,44.37738],[-71.280414,44.377917],[-71.280972,44.377968],[-71.281072,44.377863],[-71.281476,44.378022]]}},
{"type":"Feature","properties":{"mountain_slug":"mount-washington","name":"Gray Knob Trail","length_km":2.39,"elevation_gain_m":186,"source":"© OpenStreetMap contributors (ODbL), via Overture Maps"},"geometry":{"type":"LineString","coordinates":[[-71.302708,44.334724],[-71.303382,44.334444],[-71.304229,44.333907],[-71.304531,44.333845],[-71.305108,44.333528],[-71.306171,44.333153],[-71.306667,44.333028],[-71.307034,44.333054],[-71.30727,44.332882],[-71.308125,44.332897],[-71.309303,44.332602],[-71.309687,44.332668],[-71.31003,44.332615],[-71.310617,44.332208],[-71.310586,44.330674],[-71.3108,44.330306],[-71.309905,44.328519],[-71.309356,44.327069],[-71.308733,44.326299],[-71.307812,44.325578],[-71.307435,44.324855],[-71.307076,44.324536],[-71.307022,44.324372],[-71.307322,44.323021],[-71.307654,44.322495],[-71.307617,44.322365],[-71.308117,44.321633],[-71.308786,44.321176],[-71.308861,44.320991],[-71.309999,44.320362],[-71.310565,44.319639],[-71.311166,44.319105],[-71.311293,44.319083]]}},
{"type":"Feature","properties":{"mountain_slug":"mount-washington","name":"Great Gulf Link","length_km":1.46,"elevation_gain_m":55,"source":"© OpenStreetMap contributors (ODbL), via Overture Maps"},"geometry":{"type":"LineString","coordinates":[[-71.218477,44.323666],[-71.218436,44.322846],[-71.219078,44.321822],[-71.218877,44.320712],[-71.2189,44.319658],[-71.219054,44.318977],[-71.219217,44.318779],[-71.219656,44.317418],[-71.21964,44.316598],[-71.220225,44.31569],[-71.220892,44.315231],[-71.221355,44.312997],[-71.22264,44.312211],[-71.223176,44.31162]]}},
{"type":"Feature","properties":{"mountain_slug":"mount-washington","name":"Great Gulf Link Xc","length_km":0.25,"elevation_gain_m":5,"source":"© OpenStreetMap contributors (ODbL), via Overture Maps"},"geometry":{"type":"LineString","coordinates":[[-71.220213,44.323861],[-71.219322,44.321985],[-71.219078,44.321822]]}},
{"type":"Feature","properties":{"mountain_slug":"mount-washington","name":"Great Gulf Trail","length_km":10.59,"elevation_gain_m":1437,"source":"© OpenStreetMap contributors (ODbL), via Overture Maps","note":"Joined across 120 m of Madison Gulf Trail."},"geometry":{"type":"LineString","coordinates":[[-71.22033,44.311242],[-71.220208,44.311786],[-71.219851,44.312344],[-71.220108,44.312546],[-71.220887,44.312495],[-71.221436,44.311978],[-71.221958,44.311712],[-71.223176,44.31162],[-71.223543,44.311412],[-71.224041,44.311253],[-71.225555,44.310115],[-71.225983,44.309302],[-71.226995,44.30806],[-71.227083,44.307561],[-71.227385,44.307252],[-71.227891,44.307136],[-71.228963,44.306675],[-71.230345,44.306372],[-71.231463,44.305962],[-71.232429,44.305738],[-71.233559,44.305769],[-71.235418,44.305416],[-71.236482,44.305512],[-71.236765,44.305416],[-71.237382,44.30509],[-71.237897,44.304978],[-71.238259,44.304805],[-71.23916,44.303754],[-71.239651,44.303408],[-71.239904,44.303031],[-71.240203,44.302782],[-71.241077,44.302316],[-71.241325,44.302108],[-71.241841,44.30202],[-71.244716,44.30231],[-71.245472,44.302246],[-71.246594,44.302474],[-71.246953,44.302409],[-71.248099,44.302492],[-71.249034,44.30269],[-71.25015,44.302831],[-71.251086,44.302851],[-71.251694,44.302971],[-71.252799,44.30289],[-71.253843,44.302962],[-71.25429,44.303118],[-71.255716,44.303358],[-71.256099,44.303349],[-71.257683,44.303687],[-71.259196,44.304426],[-71.25974,44.304583],[-71.260911,44.30463],[-71.261333,44.305106],[-71.261772,44.305001],[-71.26186,44.304733],[-71.262299,44.30478],[-71.26236,44.30462],[-71.262819,44.304446],[-71.263154,44.304576],[-71.263301,44.305113],[-71.264439,44.305344],[-71.264754,44.30553],[-71.265747,44.305734],[-71.26606,44.305713],[-71.266746,44.305502],[-71.266887,44.305299],[-71.267268,44.305072],[-71.267699,44.305027],[-71.267937,44.304887],[-71.26842,44.304783],[-71.26892,44.304779],[-71.269319,44.30486],[-71.269531,44.3048],[-71.270894,44.304791],[-71.272057,44.304873],[-71.273226,44.304639],[-71.273593,44.304639],[-71.274064,44.304423],[-71.275393,44.304358],[-71.275998,44.304248],[-71.276749,44.304033],[-71.27746,44.303719],[-71.278644,44.303102],[-71.279044,44.302778],[-71.279686,44.302542],[-71.280142,44.302827],[-71.280684,44.302679],[-71.281255,44.302752],[-71.281485,44.302865],[-71.282367,44.302947],[-71.282605,44.302793],[-71.283518,44.30274],[-71.284162,44.302595],[-71.284343,44.302652],[-71.284917,44.302601],[-71.286109,44.302933],[-71.286297,44.302922],[-71.28677,44.303157],[-71.287091,44.303229],[-71.287975,44.303279],[-71.288422,44.303232],[-71.288562,44.303021],[-71.28923,44.302629],[-71.289461,44.302573],[-71.290084,44.301985],[-71.2903,44.301904],[-71.291064,44.301143],[-71.292132,44.300606],[-71.292513,44.300185],[-71.293294,44.299842],[-71.294294,44.299687],[-71.295128,44.299121],[-71.295521,44.298694],[-71.295998,44.298458],[-71.29672,44.297794],[-71.297283,44.297443],[-71.298129,44.296502],[-71.298323,44.296083],[-71.298288,44.295509],[-71.298203,44.295429],[-71.298242,44.295149],[-71.299713,44.294291],[-71.300633,44.293893],[-71.301147,44.293279],[-71.301955,44.2932],[-71.302369,44.293209],[-71.302439,44.293294],[-71.302592,44.293069],[-71.30249,44.293039],[-71.302391,44.292683],[-71.302941,44.292108],[-71.302915,44.291626],[-71.303164,44.290793],[-71.303527,44.290348],[-71.303654,44.289951],[-71.303988,44.289405],[-71.304256,44.28917],[-71.304413,44.288821],[-71.304824,44.288551],[-71.304981,44.288115],[-71.305622,44.287462],[-71.305598,44.287161],[-71.306137,44.286758],[-71.306744,44.285892],[-71.306853,44.285406],[-71.30703,44.285227],[-71.307277,44.285189],[-71.307587,44.284939],[-71.307812,44.284865],[-71.308176,44.284483],[-71.308324,44.284001],[-71.308161,44.283596],[-71.308414,44.28284],[-71.308356,44.282438],[-71.308562,44.282087],[-71.308563,44.281819],[-71.308766,44.281534],[-71.308785,44.281304],[-71.308661,44.281087],[-71.308719,44.280919],[-71.308494,44.280101],[-71.308196,44.279631],[-71.308113,44.279268],[-71.307797,44.278989],[-71.307711,44.278509],[-71.307324,44.278074],[-71.306564,44.276606],[-71.306137,44.27629],[-71.30596,44.27599],[-71.305635,44.275702],[-71.30551,44.275703],[-71.305142,44.275441],[-71.305108,44.275242],[-71.304653,44.275044],[-71.304587,44.274715],[-71.304679,44.274638]]}},
{"type":"Feature","properties":{"mountain_slug":"mount-washington","name":"Great Gully Trail","length_km":1.2,"elevation_gain_m":515,"source":"© OpenStreetMap contributors (ODbL), via Overture Maps"},"geometry":{"type":"LineString","coordinates":[[-71.292678,44.331158],[-71.293171,44.331131],[-71.293467,44.330752],[-71.293955,44.330535],[-71.294176,44.330249],[-71.294337,44.329724],[-71.294312,44.329385],[-71.294805,44.32834],[-71.295107,44.328018],[-71.295421,44.327481],[-71.29523,44.327216],[-71.295366,44.326846],[-71.295193,44.326141],[-71.294842,44.3257],[-71.294558,44.325047],[-71.294824,44.32443],[-71.294776,44.324028],[-71.295545,44.323396],[-71.296088,44.322772],[-71.296332,44.322293],[-71.296316,44.321668]]}},
{"type":"Feature","properties":{"mountain_slug":"mount-washington","name":"Gulfside Trail","length_km":6.25,"elevation_gain_m":526,"source":"© OpenStreetMap contributors (ODbL), via Overture Maps","note":"Joined across 64 m of Airline Trail / Gulfside Trail. Longest of 2 OpenStreetMap pieces with this name that do not join into one line (6.3 of 7.6 km in the bbox)."},"geometry":{"type":"LineString","coordinates":[[-71.30482,44.316905],[-71.305331,44.316583],[-71.305765,44.316099],[-71.306336,44.315822],[-71.306535,44.315426],[-71.306892,44.31503],[-71.306974,44.314757],[-71.30814,44.314207],[-71.309216,44.31352],[-71.309792,44.31337],[-71.310478,44.311864],[-71.310696,44.311813],[-71.310865,44.311655],[-71.310863,44.311396],[-71.311143,44.311214],[-71.311146,44.311081],[-71.311378,44.310921],[-71.311817,44.310827],[-71.31201,44.31063],[-71.312705,44.310305],[-71.313006,44.309628],[-71.31294,44.309368],[-71.313341,44.308857],[-71.313366,44.308653],[-71.313156,44.308016],[-71.312858,44.307628],[-71.312828,44.307407],[-71.31258,44.30719],[-71.312528,44.306911],[-71.311869,44.305565],[-71.31165,44.304975],[-71.311698,44.304673],[-71.312343,44.303802],[-71.312832,44.303305],[-71.313262,44.303057],[-71.313565,44.302671],[-71.313842,44.302043],[-71.313753,44.301869],[-71.313888,44.301618],[-71.314142,44.301422],[-71.314542,44.300814],[-71.314945,44.300552],[-71.315056,44.300301],[-71.315187,44.300229],[-71.315237,44.29999],[-71.315857,44.299327],[-71.316342,44.298343],[-71.316593,44.298211],[-71.316749,44.296547],[-71.317136,44.295789],[-71.317064,44.295674],[-71.317118,44.29542],[-71.31738,44.295181],[-71.317444,44.294363],[-71.317584,44.294257],[-71.318032,44.293393],[-71.317993,44.293239],[-71.317628,44.292987],[-71.317588,44.292409],[-71.317236,44.29197],[-71.317164,44.291685],[-71.31697,44.291504],[-71.317228,44.290214],[-71.317488,44.289721],[-71.317661,44.288611],[-71.317613,44.287888],[-71.317825,44.287465],[-71.317725,44.286845],[-71.317866,44.286109],[-71.317686,44.285777],[-71.317678,44.28506],[-71.31717,44.284071],[-71.316541,44.282024],[-71.316305,44.281549],[-71.315432,44.280682],[-71.315058,44.280156],[-71.314415,44.279618],[-71.314258,44.279261],[-71.313137,44.27858],[-71.312653,44.277942],[-71.31223,44.277578],[-71.310535,44.276688],[-71.310402,44.276507],[-71.309697,44.276006],[-71.309073,44.275819],[-71.308356,44.275343],[-71.307775,44.275165],[-71.307584,44.275172],[-71.307058,44.274953],[-71.305947,44.274804],[-71.305425,44.27485],[-71.304679,44.274638],[-71.304976,44.273013],[-71.305205,44.272878],[-71.305403,44.272592],[-71.305576,44.271632],[-71.305483,44.271426],[-71.305657,44.270874]]}},
{"type":"Feature","properties":{"mountain_slug":"mount-washington","name":"Gulfside Trail / Israel Ridge Path","length_km":0.79,"elevation_gain_m":83,"source":"© OpenStreetMap contributors (ODbL), via Overture Maps"},"geometry":{"type":"LineString","coordinates":[[-71.30482,44.316905],[-71.303696,44.316998],[-71.30332,44.317099],[-71.302425,44.317512],[-71.301627,44.31772],[-71.299566,44.319292],[-71.298396,44.319722],[-71.296857,44.320742]]}},
{"type":"Feature","properties":{"mountain_slug":"mount-washington","name":"Hale Brook Trail","length_km":0.58,"elevation_gain_m":83,"source":"© OpenStreetMap contributors (ODbL), via Overture Maps"},"geometry":{"type":"LineString","coordinates":[[-71.486787,44.236394],[-71.487014,44.236477],[-71.488427,44.235998],[-71.489322,44.235254],[-71.491165,44.234467],[-71.491714,44.23432],[-71.493,44.234229]]}},
{"type":"Feature","properties":{"mountain_slug":"mount-washington","name":"Halls Ledge Overlook","length_km":0.46,"elevation_gain_m":34,"source":"© OpenStreetMap contributors (ODbL), via Overture Maps"},"geometry":{"type":"LineString","coordinates":[[-71.224102,44.217233],[-71.22394,44.217266],[-71.223881,44.217382],[-71.223546,44.217566],[-71.223211,44.217553],[-71.222938,44.217376],[-71.222313,44.217344],[-71.221749,44.217654],[-71.221141,44.217704],[-71.220744,44.217925],[-71.220797,44.218828],[-71.220718,44.21927]]}},
{"type":"Feature","properties":{"mountain_slug":"mount-washington","name":"Halls Ledge Trail","length_km":2.43,"elevation_gain_m":426,"source":"© OpenStreetMap contributors (ODbL), via Overture Maps"},"geometry":{"type":"LineString","coordinates":[[-71.237971,44.202017],[-71.237229,44.202909],[-71.236736,44.20303],[-71.236342,44.202864],[-71.235848,44.202302],[-71.23532,44.20229],[-71.234856,44.202383],[-71.234458,44.202611],[-71.233807,44.202383],[-71.233254,44.202832],[-71.232791,44.203275],[-71.232588,44.203602],[-71.232197,44.203916],[-71.231994,44.204966],[-71.231474,44.205199],[-71.231441,44.205513],[-71.231571,44.206067],[-71.231774,44.206312],[-71.231652,44.206971],[-71.231165,44.207629],[-71.230473,44.209267],[-71.230002,44.20964],[-71.229807,44.21108],[-71.229254,44.212111],[-71.229221,44.212606],[-71.228742,44.21351],[-71.227823,44.214623],[-71.227392,44.214803],[-71.226538,44.21541],[-71.22592,44.215363],[-71.225782,44.215485],[-71.225758,44.215689],[-71.224614,44.216202],[-71.224125,44.216521],[-71.224203,44.21698],[-71.22394,44.217266]]}},
{"type":"Feature","properties":{"mountain_slug":"mount-washington","name":"High Road","length_km":2.69,"elevation_gain_m":116,"source":"© OpenStreetMap contributors (ODbL), via Overture Maps","note":"Longest of 2 OpenStreetMap pieces with this name that do not join into one line (2.7 of 2.8 km in the bbox)."},"geometry":{"type":"LineString","coordinates":[[-71.347887,44.401565],[-71.347829,44.401435],[-71.347195,44.400959],[-71.345775,44.40067],[-71.345184,44.40046],[-71.342919,44.399412],[-71.342261,44.398951],[-71.34145,44.397981],[-71.340614,44.397542],[-71.340168,44.397029],[-71.339492,44.396571],[-71.338562,44.396369],[-71.336274,44.396181],[-71.334197,44.395554],[-71.333901,44.395294],[-71.333143,44.393838],[-71.331957,44.39224],[-71.331824,44.391684],[-71.331742,44.390428],[-71.332128,44.390158],[-71.332953,44.389872],[-71.334559,44.389911],[-71.336209,44.390159],[-71.336674,44.390332],[-71.337232,44.390802],[-71.338174,44.392456],[-71.338565,44.392771]]}},
{"type":"Feature","properties":{"mountain_slug":"mount-washington","name":"Highland","length_km":0.56,"elevation_gain_m":28,"source":"© OpenStreetMap contributors (ODbL), via Overture Maps"},"geometry":{"type":"LineString","coordinates":[[-71.413408,44.224939],[-71.413543,44.224667],[-71.413352,44.224296],[-71.413358,44.223985],[-71.41366,44.223541],[-71.413719,44.223146],[-71.413602,44.222923],[-71.412542,44.221885],[-71.412349,44.221575],[-71.412432,44.221276],[-71.412264,44.220617],[-71.4126,44.220446]]}},
{"type":"Feature","properties":{"mountain_slug":"mount-washington","name":"Hinchey Trail","length_km":0.53,"elevation_gain_m":23,"source":"© OpenStreetMap contributors (ODbL), via Overture Maps"},"geometry":{"type":"LineString","coordinates":[[-71.224968,44.399274],[-71.225457,44.398979],[-71.22539,44.398843],[-71.224392,44.398379],[-71.222659,44.397913],[-71.222464,44.39775],[-71.222506,44.397463],[-71.223469,44.396511],[-71.223428,44.396255]]}},
{"type":"Feature","properties":{"mountain_slug":"mount-washington","name":"Hincks Trail","length_km":0.87,"elevation_gain_m":277,"source":"© OpenStreetMap contributors (ODbL), via Overture Maps"},"geometry":{"type":"LineString","coordinates":[[-71.305449,44.339532],[-71.305791,44.338852],[-71.305946,44.338183],[-71.30662,44.337776],[-71.306961,44.337317],[-71.307733,44.334157],[-71.309687,44.332841],[-71.309687,44.332668]]}},
{"type":"Feature","properties":{"mountain_slug":"mount-washington","name":"Howie Roll","length_km":0.92,"elevation_gain_m":96,"source":"© OpenStreetMap contributors (ODbL), via Overture Maps"},"geometry":{"type":"LineString","coordinates":[[-71.181691,44.384648],[-71.181718,44.384581],[-71.182171,44.384472],[-71.182096,44.384263],[-71.182308,44.384171],[-71.182957,44.384238],[-71.183832,44.384587],[-71.18484,44.384623],[-71.185084,44.384322],[-71.185269,44.384267],[-71.185331,44.384085],[-71.185591,44.38386],[-71.185358,44.383431],[-71.184969,44.383408],[-71.184497,44.383113],[-71.184416,44.382841],[-71.184529,44.382706],[-71.18447,44.382668],[-71.183416,44.382147],[-71.182689,44.381966],[-71.181748,44.381596],[-71.181268,44.381297],[-71.18123,44.381192]]}},
{"type":"Feature","properties":{"mountain_slug":"mount-washington","name":"Howker Ridge Trail","length_km":5.84,"elevation_gain_m":1241,"source":"© OpenStreetMap contributors (ODbL), via Overture Maps"},"geometry":{"type":"LineString","coordinates":[[-71.270079,44.371319],[-71.270411,44.370881],[-71.269696,44.369835],[-71.269845,44.368712],[-71.269671,44.368444],[-71.269516,44.367836],[-71.268811,44.367148],[-71.26942,44.365934],[-71.269841,44.365539],[-71.270595,44.364406],[-71.270977,44.363667],[-71.271108,44.363173],[-71.271749,44.362161],[-71.271947,44.361374],[-71.271958,44.36057],[-71.271844,44.359972],[-71.270988,44.358914],[-71.270592,44.358864],[-71.270057,44.359196],[-71.270011,44.358548],[-71.268737,44.358183],[-71.266107,44.356778],[-71.263907,44.355852],[-71.263401,44.355428],[-71.263162,44.355386],[-71.262964,44.355207],[-71.262674,44.355129],[-71.26247,44.354875],[-71.262197,44.354764],[-71.260684,44.352666],[-71.260201,44.352271],[-71.259477,44.35183],[-71.259037,44.351661],[-71.258538,44.351005],[-71.25849,44.35079],[-71.25878,44.350391],[-71.258683,44.349989],[-71.258839,44.349482],[-71.259874,44.347856],[-71.260131,44.347706],[-71.260314,44.346705],[-71.260164,44.346398],[-71.26048,44.345297],[-71.260502,44.344894],[-71.260121,44.344039],[-71.260421,44.343732],[-71.260437,44.343352],[-71.261027,44.342477],[-71.261043,44.34184],[-71.261424,44.341315],[-71.261387,44.340743],[-71.261226,44.340264],[-71.261789,44.339757],[-71.262122,44.338648],[-71.262497,44.338383],[-71.262733,44.338073],[-71.263286,44.337697],[-71.263752,44.337014],[-71.264482,44.336975],[-71.265689,44.336185],[-71.265759,44.335782],[-71.266182,44.335364],[-71.267583,44.334443],[-71.267727,44.334236],[-71.26835,44.333829],[-71.268511,44.333257],[-71.269406,44.333016],[-71.269873,44.332758],[-71.270093,44.332544],[-71.270571,44.332471],[-71.270785,44.332133],[-71.271488,44.331465],[-71.271992,44.331243],[-71.272362,44.330955],[-71.272777,44.330354],[-71.273329,44.329942],[-71.273517,44.329529]]}},
{"type":"Feature","properties":{"mountain_slug":"mount-washington","name":"Hubs Loop","length_km":0.73,"elevation_gain_m":84,"source":"© OpenStreetMap contributors (ODbL), via Overture Maps"},"geometry":{"type":"LineString","coordinates":[[-71.209487,44.215962],[-71.209919,44.216325],[-71.209991,44.217507],[-71.210573,44.218467],[-71.210874,44.21874],[-71.211355,44.218935],[-71.211889,44.218893],[-71.212315,44.219084],[-71.21283,44.219171],[-71.214138,44.218677],[-71.214394,44.218226],[-71.214832,44.217995]]}},
{"type":"Feature","properties":{"mountain_slug":"mount-washington","name":"Huntington Ravine Fire Trail","length_km":0.47,"elevation_gain_m":24,"source":"© OpenStreetMap contributors (ODbL), via Overture Maps"},"geometry":{"type":"LineString","coordinates":[[-71.279043,44.264517],[-71.279179,44.264985],[-71.279093,44.265744],[-71.278914,44.266304],[-71.278162,44.267125],[-71.278298,44.267593],[-71.278187,44.267738],[-71.277645,44.267954],[-71.277164,44.267893]]}},
{"type":"Feature","properties":{"mountain_slug":"mount-washington","name":"Huntington Ravine Trail","length_km":3.12,"elevation_gain_m":830,"source":"© OpenStreetMap contributors (ODbL), via Overture Maps"},"geometry":{"type":"LineString","coordinates":[[-71.26987,44.261821],[-71.270637,44.262892],[-71.272534,44.264149],[-71.272732,44.264408],[-71.273277,44.264768],[-71.273985,44.265031],[-71.275441,44.265907],[-71.275735,44.266194],[-71.275969,44.266807],[-71.276154,44.266962],[-71.276653,44.267169],[-71.277164,44.267893],[-71.277177,44.268233],[-71.277275,44.268369],[-71.27815,44.269212],[-71.278638,44.269863],[-71.279593,44.270213],[-71.279836,44.270399],[-71.280678,44.270516],[-71.280985,44.270765],[-71.281217,44.271237],[-71.281566,44.271509],[-71.281618,44.271906],[-71.281976,44.272286],[-71.282303,44.272416],[-71.282758,44.272451],[-71.283247,44.272734],[-71.28373,44.27318],[-71.283919,44.273674],[-71.284431,44.273921],[-71.284402,44.274118],[-71.284566,44.274262],[-71.28547,44.274094],[-71.28571,44.273914],[-71.286435,44.274044],[-71.286496,44.2745],[-71.286716,44.274672],[-71.286814,44.27501],[-71.28701,44.275075],[-71.28739,44.275048],[-71.287512,44.27514],[-71.287986,44.275108],[-71.288233,44.27488],[-71.288434,44.274952],[-71.288583,44.274904],[-71.288665,44.274711],[-71.289182,44.274758],[-71.28933,44.275093],[-71.28904,44.27532],[-71.289041,44.275436],[-71.28916,44.27549],[-71.289218,44.275759],[-71.289449,44.276069],[-71.28978,44.276045],[-71.289848,44.276229],[-71.29022,44.276167],[-71.290276,44.276243],[-71.290583,44.276176],[-71.291426,44.276294],[-71.291913,44.276277],[-71.292698,44.276461],[-71.293829,44.27709],[-71.294222,44.277542],[-71.29443,44.277666]]}},
{"type":"Feature","properties":{"mountain_slug":"mount-washington","name":"Huntington Ravine Trail (Winter)","length_km":0.49,"elevation_gain_m":59,"source":"© OpenStreetMap contributors (ODbL), via Overture Maps"},"geometry":{"type":"LineString","coordinates":[[-71.277164,44.267893],[-71.27664,44.267835],[-71.276141,44.267941],[-71.275468,44.268189],[-71.275334,44.268272],[-71.275335,44.268425],[-71.275857,44.268732],[-71.277287,44.269363],[-71.277623,44.269626],[-71.278638,44.269863]]}},
{"type":"Feature","properties":{"mountain_slug":"mount-washington","name":"Hutmen's Trail","length_km":2.78,"elevation_gain_m":297,"source":"© OpenStreetMap contributors (ODbL), via Overture Maps","note":"Joined across 102 m of Hutmen's Trail. Longest of 2 OpenStreetMap pieces with this name that do not join into one line (2.8 of 3.8 km in the bbox)."},"geometry":{"type":"LineString","coordinates":[[-71.227073,44.18615],[-71.22581,44.18629],[-71.225128,44.186491],[-71.224573,44.18643],[-71.223242,44.186845],[-71.220099,44.187482],[-71.219859,44.187653],[-71.219091,44.188866],[-71.219041,44.189531],[-71.219016,44.190322],[-71.219484,44.191693],[-71.2196,44.192612],[-71.219884,44.193649],[-71.219633,44.194458],[-71.218897,44.195123],[-71.217149,44.195996],[-71.216374,44.196167],[-71.216349,44.196018],[-71.216606,44.195272],[-71.216542,44.195572],[-71.216349,44.196018],[-71.216356,44.196057],[-71.216374,44.196167],[-71.216546,44.19659],[-71.216518,44.19678],[-71.216085,44.19729],[-71.215301,44.197913],[-71.215301,44.198106],[-71.215462,44.198283],[-71.215248,44.198598],[-71.214958,44.19956],[-71.21557,44.200436],[-71.216428,44.200913],[-71.216589,44.20109],[-71.216589,44.201275],[-71.216385,44.201429],[-71.215216,44.201813],[-71.214903,44.201998],[-71.214727,44.202291]]}},
{"type":"Feature","properties":{"mountain_slug":"mount-washington","name":"Ice Gulch Path","length_km":2.09,"elevation_gain_m":64,"source":"© OpenStreetMap contributors (ODbL), via Overture Maps"},"geometry":{"type":"LineString","coordinates":[[-71.267811,44.406],[-71.268138,44.404663],[-71.268658,44.403751],[-71.269114,44.402531],[-71.26997,44.401127],[-71.269936,44.400589],[-71.270309,44.399957],[-71.270431,44.399196],[-71.270846,44.398162],[-71.271228,44.397482],[-71.271634,44.397018],[-71.271398,44.395931],[-71.271203,44.395466],[-71.270797,44.395095],[-71.270219,44.394833],[-71.269431,44.393689],[-71.26926,44.392991],[-71.269349,44.392271],[-71.26926,44.391324],[-71.269561,44.389953],[-71.26951,44.388231]]}},
{"type":"Feature","properties":{"mountain_slug":"mount-washington","name":"Imp Campsite Spur Path","length_km":0.28,"elevation_gain_m":41,"source":"© OpenStreetMap contributors (ODbL), via Overture Maps"},"geometry":{"type":"LineString","coordinates":[[-71.150046,44.32886],[-71.149895,44.328473],[-71.149736,44.32835],[-71.149232,44.32821],[-71.149204,44.327384],[-71.149025,44.326633]]}},
{"type":"Feature","properties":{"mountain_slug":"mount-washington","name":"Imp Trail","length_km":9.47,"elevation_gain_m":666,"source":"© OpenStreetMap contributors (ODbL), via Overture Maps"},"geometry":{"type":"LineString","coordinates":[[-71.217022,44.323254],[-71.21669,44.323188],[-71.216376,44.322788],[-71.215282,44.322774],[-71.214469,44.322654],[-71.213307,44.32274],[-71.212455,44.322648],[-71.210871,44.323125],[-71.209941,44.323491],[-71.209642,44.323762],[-71.209246,44.323785],[-71.209162,44.32385],[-71.208848,44.3239],[-71.208288,44.323823],[-71.207983,44.32388],[-71.207734,44.32406],[-71.207538,44.324075],[-71.206817,44.323998],[-71.206348,44.324034],[-71.205715,44.323818],[-71.205274,44.323876],[-71.204937,44.324003],[-71.204632,44.324231],[-71.204637,44.324948],[-71.204284,44.325452],[-71.203957,44.325658],[-71.203555,44.326337],[-71.203717,44.326728],[-71.203058,44.327044],[-71.202244,44.327142],[-71.201334,44.327018],[-71.199658,44.327012],[-71.199275,44.326934],[-71.198055,44.326541],[-71.197391,44.326242],[-71.196883,44.325838],[-71.196385,44.325715],[-71.195762,44.325691],[-71.194892,44.325857],[-71.193538,44.325799],[-71.192745,44.326023],[-71.192227,44.32605],[-71.191773,44.325951],[-71.191457,44.325866],[-71.190965,44.325519],[-71.190293,44.325211],[-71.189334,44.324472],[-71.189534,44.32434],[-71.190136,44.324171],[-71.191359,44.324208],[-71.191584,44.324096],[-71.191775,44.323872],[-71.191784,44.323771],[-71.19123,44.323069],[-71.190938,44.322912],[-71.190515,44.322516],[-71.189834,44.322366],[-71.189559,44.322412],[-71.18944,44.322261],[-71.189798,44.321848],[-71.189944,44.321357],[-71.189879,44.321235],[-71.189444,44.321457],[-71.188312,44.321404],[-71.188141,44.321319],[-71.188112,44.321213],[-71.187493,44.321426],[-71.186856,44.320988],[-71.186278,44.321022],[-71.186093,44.320943],[-71.185719,44.320556],[-71.185067,44.320227],[-71.184571,44.319785],[-71.184178,44.318913],[-71.18406,44.317946],[-71.183845,44.31757],[-71.184149,44.317045],[-71.18403,44.316549],[-71.183849,44.316229],[-71.183778,44.315836],[-71.183294,44.315494],[-71.183286,44.315259],[-71.183508,44.31479],[-71.184249,44.31431],[-71.184767,44.313685],[-71.185003,44.313249],[-71.18517,44.313162],[-71.185967,44.313258],[-71.186384,44.31394],[-71.1869,44.314064],[-71.188203,44.313859],[-71.189042,44.31386],[-71.189285,44.313804],[-71.189762,44.313459],[-71.190724,44.313272],[-71.191035,44.312982],[-71.190975,44.312635],[-71.191268,44.312185],[-71.191528,44.312041],[-71.192751,44.311845],[-71.193465,44.311168],[-71.19374,44.311026],[-71.193871,44.311049],[-71.194056,44.311424],[-71.194437,44.311597],[-71.194706,44.311831],[-71.194997,44.31184],[-71.195519,44.311683],[-71.196307,44.311105],[-71.196658,44.310409],[-71.196899,44.310184],[-71.198438,44.309436],[-71.199464,44.308546],[-71.200023,44.308322],[-71.200787,44.307828],[-71.201556,44.307508],[-71.202028,44.307383],[-71.202197,44.30743],[-71.202428,44.30732],[-71.203931,44.307043],[-71.204684,44.306733],[-71.20529,44.306091],[-71.205558,44.305916],[-71.206275,44.304795],[-71.207249,44.304103],[-71.207767,44.30403],[-71.207936,44.303938],[-71.208434,44.30396],[-71.208943,44.30424],[-71.209406,44.305345],[-71.209574,44.305453],[-71.20994,44.305996],[-71.210302,44.306224],[-71.210641,44.306937],[-71.21087,44.307195],[-71.211721,44.307509],[-71.21227,44.308064],[-71.212672,44.30826],[-71.212965,44.308513],[-71.213908,44.308736],[-71.214138,44.30896],[-71.214089,44.309467],[-71.213619,44.309842],[-71.21334,44.310313],[-71.21329,44.31123],[-71.213012,44.311524],[-71.212696,44.311701],[-71.212659,44.312472],[-71.212096,44.313962],[-71.212147,44.314734],[-71.212639,44.315362],[-71.213001,44.315514],[-71.21327,44.315753],[-71.213254,44.316483],[-71.214427,44.317944],[-71.214579,44.318716],[-71.21482,44.318983],[-71.215434,44.319332],[-71.215756,44.320005],[-71.21605,44.320075],[-71.216424,44.320014],[-71.216997,44.319753],[-71.217168,44.319592]]}},
{"type":"Feature","properties":{"mountain_slug":"mount-washington","name":"Inlook Trail","length_km":0.98,"elevation_gain_m":239,"source":"© OpenStreetMap contributors (ODbL), via Overture Maps"},"geometry":{"type":"LineString","coordinates":[[-71.288865,44.359205],[-71.288169,44.358954],[-71.287374,44.358333],[-71.286129,44.357663],[-71.285227,44.357481],[-71.284734,44.357604],[-71.283199,44.357221],[-71.282287,44.35723],[-71.280962,44.356789],[-71.280402,44.35638],[-71.279594,44.356626],[-71.279311,44.355467]]}},
{"type":"Feature","properties":{"mountain_slug":"mount-washington","name":"Iron Mountain Trail","length_km":1.91,"elevation_gain_m":222,"source":"© OpenStreetMap contributors (ODbL), via Overture Maps"},"geometry":{"type":"LineString","coordinates":[[-71.234956,44.143342],[-71.236895,44.142455],[-71.237141,44.14214],[-71.237101,44.141995],[-71.239026,44.141906],[-71.23955,44.141784],[-71.240157,44.141486],[-71.239471,44.141326],[-71.240733,44.140688],[-71.241025,44.140617],[-71.241215,44.140402],[-71.241126,44.140284],[-71.241425,44.139956],[-71.241586,44.139593],[-71.241931,44.139242],[-71.242584,44.138862],[-71.242778,44.13849],[-71.243881,44.138022],[-71.244233,44.13765],[-71.244116,44.137184],[-71.242981,44.137627],[-71.242549,44.137668],[-71.24133,44.137704],[-71.241577,44.137378],[-71.240326,44.137545],[-71.239662,44.137418],[-71.239415,44.137536],[-71.238775,44.13765],[-71.239359,44.136866],[-71.239406,44.136319],[-71.23928,44.136]]}},
{"type":"Feature","properties":{"mountain_slug":"mount-washington","name":"Isolation Trail","length_km":3.87,"elevation_gain_m":302,"source":"© OpenStreetMap contributors (ODbL), via Overture Maps","note":"Longest of 2 OpenStreetMap pieces with this name that do not join into one line (3.9 of 7.3 km in the bbox)."},"geometry":{"type":"LineString","coordinates":[[-71.293752,44.201546],[-71.29381,44.202657],[-71.293694,44.203647],[-71.293904,44.204427],[-71.293798,44.205113],[-71.293555,44.205567],[-71.29305,44.206165],[-71.292353,44.206436],[-71.292057,44.206642],[-71.291942,44.206613],[-71.2918,44.206702],[-71.291476,44.206729],[-71.291051,44.206983],[-71.290698,44.207696],[-71.290733,44.20809],[-71.291068,44.208833],[-71.291654,44.209653],[-71.291508,44.209933],[-71.291505,44.210214],[-71.291263,44.210603],[-71.290746,44.21104],[-71.290325,44.21162],[-71.290043,44.212733],[-71.290085,44.213786],[-71.2899,44.215349],[-71.289953,44.216019],[-71.290212,44.216932],[-71.290436,44.217273],[-71.291248,44.217875],[-71.29129,44.218517],[-71.291824,44.219256],[-71.292217,44.219456],[-71.292488,44.219745],[-71.292915,44.219895],[-71.293234,44.22055],[-71.29425,44.221247],[-71.294781,44.221884],[-71.29531,44.222236],[-71.295555,44.222668],[-71.296225,44.223312],[-71.297063,44.223714],[-71.297299,44.224201],[-71.297895,44.224415],[-71.298833,44.225251],[-71.30013,44.225805],[-71.301447,44.225934],[-71.301911,44.226147],[-71.303214,44.225933],[-71.303539,44.225929],[-71.304085,44.226101],[-71.30453,44.226111],[-71.305078,44.225805],[-71.305531,44.225329],[-71.305878,44.225137],[-71.30614,44.225109],[-71.306854,44.225888]]}},
{"type":"Feature","properties":{"mountain_slug":"mount-washington","name":"Israel Ridge Path","length_km":4.61,"elevation_gain_m":1006,"source":"© OpenStreetMap contributors (ODbL), via Overture Maps","note":"Joined across 127 m of Israel Ridge Path / Randolph Path. Longest of 2 OpenStreetMap pieces with this name that do not join into one line (4.6 of 4.6 km in the bbox)."},"geometry":{"type":"LineString","coordinates":[[-71.339076,44.343075],[-71.337488,44.342668],[-71.336715,44.341901],[-71.335363,44.340228],[-71.334201,44.338493],[-71.333758,44.338266],[-71.333069,44.337475],[-71.331178,44.335722],[-71.33071,44.335032],[-71.330044,44.334575],[-71.32704,44.333538],[-71.325959,44.332932],[-71.323988,44.332001],[-71.323058,44.331838],[-71.322586,44.33167],[-71.32235,44.331461],[-71.321895,44.331385],[-71.321724,44.331251],[-71.32209,44.331135],[-71.32248,44.330419],[-71.32242,44.330084],[-71.322495,44.329621],[-71.322313,44.328969],[-71.321249,44.328169],[-71.321045,44.327887],[-71.320773,44.327446],[-71.320701,44.326872],[-71.319386,44.324801],[-71.319044,44.324568],[-71.318194,44.324238],[-71.317352,44.323782],[-71.317325,44.323401],[-71.316535,44.32349],[-71.316363,44.32339],[-71.315553,44.323584],[-71.314503,44.323546],[-71.313672,44.323406],[-71.313754,44.322752],[-71.313377,44.321756],[-71.312346,44.320039],[-71.311817,44.319477],[-71.311459,44.31923],[-71.311634,44.318643],[-71.311427,44.318162],[-71.310952,44.317702],[-71.309175,44.316955],[-71.308538,44.316422],[-71.308148,44.316301],[-71.307259,44.316243],[-71.306762,44.316319],[-71.305465,44.316792],[-71.30482,44.316905]]}},
{"type":"Feature","properties":{"mountain_slug":"mount-washington","name":"Jewell Link","length_km":0.56,"elevation_gain_m":75,"source":"© OpenStreetMap contributors (ODbL), via Overture Maps"},"geometry":{"type":"LineString","coordinates":[[-71.350349,44.27047],[-71.350461,44.270827],[-71.350964,44.27107],[-71.350787,44.271415],[-71.349966,44.271592],[-71.348281,44.272398],[-71.347736,44.272778],[-71.347267,44.273257],[-71.347234,44.273408],[-71.347326,44.273498],[-71.347789,44.273604]]}},
{"type":"Feature","properties":{"mountain_slug":"mount-washington","name":"Jewell Trail","length_km":5.27,"elevation_gain_m":898,"source":"© OpenStreetMap contributors (ODbL), via Overture Maps","note":"Longest of 2 OpenStreetMap pieces with this name that do not join into one line (5.3 of 5.3 km in the bbox)."},"geometry":{"type":"LineString","coordinates":[[-71.361489,44.267277],[-71.361446,44.267751],[-71.361198,44.268509],[-71.360652,44.269289],[-71.359948,44.269145],[-71.359461,44.269232],[-71.357849,44.269961],[-71.357051,44.269983],[-71.356002,44.270526],[-71.355576,44.270519],[-71.354984,44.27065],[-71.3545,44.271237],[-71.354253,44.271729],[-71.354037,44.271879],[-71.352537,44.272166],[-71.351536,44.272825],[-71.350452,44.273406],[-71.349456,44.273202],[-71.347789,44.273604],[-71.346669,44.274886],[-71.346732,44.274918],[-71.346664,44.275277],[-71.345991,44.275517],[-71.345713,44.275726],[-71.345799,44.275994],[-71.345683,44.276256],[-71.344951,44.276641],[-71.344352,44.277656],[-71.343876,44.2782],[-71.342846,44.27877],[-71.342745,44.279108],[-71.342844,44.279355],[-71.342792,44.279679],[-71.341712,44.281432],[-71.341608,44.281481],[-71.341467,44.281421],[-71.340721,44.280832],[-71.34,44.280653],[-71.33869,44.280632],[-71.337801,44.28077],[-71.337443,44.2809],[-71.337391,44.280946],[-71.337825,44.281179],[-71.337971,44.281369],[-71.337856,44.28196],[-71.337353,44.282709],[-71.336531,44.283246],[-71.336062,44.283702],[-71.33584,44.283744],[-71.335433,44.283395],[-71.335155,44.283556],[-71.332951,44.284139],[-71.332634,44.284288],[-71.33093,44.284591],[-71.329773,44.28461],[-71.327328,44.284549],[-71.326347,44.28421],[-71.326,44.284002],[-71.325367,44.283925],[-71.325157,44.28367],[-71.324294,44.28357],[-71.323893,44.283621],[-71.323746,44.283975],[-71.3229,44.283541],[-71.321886,44.283498],[-71.321967,44.283865],[-71.32185,44.284049],[-71.321687,44.284082],[-71.321507,44.28399],[-71.321073,44.283558],[-71.320542,44.283798],[-71.320229,44.283742],[-71.320031,44.283791],[-71.319891,44.284239],[-71.319532,44.284277],[-71.31929,44.284585],[-71.31906,44.284314],[-71.318247,44.283963],[-71.317744,44.283628],[-71.316641,44.282432]]}},
{"type":"Feature","properties":{"mountain_slug":"mount-washington","name":"Kedron Flume Trail","length_km":1.79,"elevation_gain_m":347,"source":"© OpenStreetMap contributors (ODbL), via Overture Maps"},"geometry":{"type":"LineString","coordinates":[[-71.399244,44.181762],[-71.40012,44.181407],[-71.399931,44.180688],[-71.39994,44.180116],[-71.39968,44.179891],[-71.399815,44.179601],[-71.399613,44.17922],[-71.399688,44.179101],[-71.399841,44.179047],[-71.400596,44.179258],[-71.40121,44.179755],[-71.401767,44.18051],[-71.402046,44.180528],[-71.402178,44.179857],[-71.402059,44.179165],[-71.402445,44.179535],[-71.402523,44.179497],[-71.402696,44.177091],[-71.403078,44.176556],[-71.40338,44.176446],[-71.403898,44.175987],[-71.403929,44.1757],[-71.404144,44.175342],[-71.403556,44.174779],[-71.403797,44.174499],[-71.403771,44.174364],[-71.403117,44.173612],[-71.403126,44.172863],[-71.403315,44.172769],[-71.404157,44.172873],[-71.40459,44.172763]]}},
{"type":"Feature","properties":{"mountain_slug":"mount-washington","name":"Kelton Trail","length_km":2.28,"elevation_gain_m":335,"source":"© OpenStreetMap contributors (ODbL), via Overture Maps"},"geometry":{"type":"LineString","coordinates":[[-71.271749,44.362161],[-71.272951,44.36075],[-71.273938,44.359882],[-71.274517,44.359618],[-71.275355,44.360138],[-71.275746,44.359688],[-71.27626,44.359418],[-71.276421,44.359251],[-71.276799,44.359141],[-71.276819,44.358914],[-71.27735,44.358552],[-71.277374,44.357582],[-71.277492,44.357306],[-71.277624,44.357272],[-71.278028,44.357374],[-71.278721,44.356763],[-71.27868,44.356331],[-71.27843,44.356146],[-71.27888,44.355415],[-71.279311,44.355467],[-71.278578,44.35373],[-71.278042,44.353392],[-71.278771,44.352418],[-71.27831,44.351812],[-71.278932,44.351229],[-71.279973,44.350761],[-71.280189,44.348716],[-71.280411,44.348143],[-71.281028,44.347137],[-71.281269,44.347065],[-71.28152,44.34709]]}},
{"type":"Feature","properties":{"mountain_slug":"mount-washington","name":"Kenduskeag Trail","length_km":1.98,"elevation_gain_m":232,"source":"© OpenStreetMap contributors (ODbL), via Overture Maps"},"geometry":{"type":"LineString","coordinates":[[-71.115,44.348787],[-71.115327,44.348778],[-71.115702,44.348646],[-71.116047,44.348648],[-71.116382,44.348486],[-71.116912,44.348438],[-71.117376,44.348193],[-71.117804,44.347766],[-71.117953,44.347774],[-71.118259,44.347996],[-71.118705,44.348055],[-71.119545,44.34756],[-71.119812,44.347509],[-71.120068,44.347505],[-71.120286,44.347678],[-71.120629,44.34769],[-71.121813,44.347527],[-71.122166,44.347395],[-71.122729,44.347413],[-71.123112,44.347272],[-71.123498,44.346949],[-71.12351,44.346749],[-71.123336,44.346444],[-71.123431,44.346132],[-71.124024,44.3456],[-71.124634,44.345188],[-71.124832,44.344787],[-71.125829,44.343855],[-71.126736,44.343588],[-71.127102,44.343259],[-71.127975,44.342903],[-71.128512,44.342517],[-71.128995,44.341744],[-71.129219,44.340889],[-71.12945,44.340551],[-71.129425,44.340303],[-71.129528,44.340095],[-71.129873,44.340182],[-71.130184,44.339832],[-71.130732,44.339915],[-71.131009,44.34043],[-71.13115,44.340559],[-71.131338,44.340552]]}},
{"type":"Feature","properties":{"mountain_slug":"mount-washington","name":"King Ravine Trail","length_km":3.89,"elevation_gain_m":828,"source":"© OpenStreetMap contributors (ODbL), via Overture Maps"},"geometry":{"type":"LineString","coordinates":[[-71.318765,44.346603],[-71.315033,44.345684],[-71.312945,44.345836],[-71.311388,44.345621],[-71.309646,44.345198],[-71.309024,44.345188],[-71.30695,44.344859],[-71.305845,44.344778],[-71.30547,44.345001],[-71.305145,44.344945],[-71.304778,44.345121],[-71.304656,44.34499],[-71.304526,44.343227],[-71.302208,44.342638],[-71.301468,44.341778],[-71.300224,44.341353],[-71.297508,44.339394],[-71.297305,44.337823],[-71.297067,44.33762],[-71.296695,44.336839],[-71.296318,44.336398],[-71.296127,44.33566],[-71.295553,44.335348],[-71.295434,44.335166],[-71.294436,44.334802],[-71.294118,44.334432],[-71.293926,44.333678],[-71.293948,44.333344],[-71.293665,44.332842],[-71.293474,44.33268],[-71.293488,44.332326],[-71.293374,44.332134],[-71.293084,44.331926],[-71.292593,44.330906],[-71.292032,44.330456],[-71.291742,44.33058],[-71.291668,44.329672],[-71.291022,44.329323],[-71.290713,44.329261],[-71.29043,44.329019],[-71.290097,44.329019],[-71.289992,44.328768],[-71.28916,44.327965],[-71.288935,44.327459],[-71.288516,44.326921],[-71.287465,44.326622]]}},
{"type":"Feature","properties":{"mountain_slug":"mount-washington","name":"Ladderback Trail","length_km":0.3,"elevation_gain_m":11,"source":"© OpenStreetMap contributors (ODbL), via Overture Maps"},"geometry":{"type":"LineString","coordinates":[[-71.306298,44.352599],[-71.306912,44.353119],[-71.307196,44.353149],[-71.308397,44.353669],[-71.308843,44.354227],[-71.309119,44.354215]]}},
{"type":"Feature","properties":{"mountain_slug":"mount-washington","name":"Lawn Cut-Off","length_km":0.67,"elevation_gain_m":39,"source":"© OpenStreetMap contributors (ODbL), via Overture Maps"},"geometry":{"type":"LineString","coordinates":[[-71.302387,44.263547],[-71.30253,44.263412],[-71.302565,44.263126],[-71.302876,44.262737],[-71.302879,44.262326],[-71.303028,44.261906],[-71.30297,44.261215],[-71.302485,44.259918],[-71.301892,44.257731]]}},
{"type":"Feature","properties":{"mountain_slug":"mount-washington","name":"Ledge Trail","length_km":1.92,"elevation_gain_m":314,"source":"© OpenStreetMap contributors (ODbL), via Overture Maps"},"geometry":{"type":"LineString","coordinates":[[-71.291102,44.3742],[-71.291306,44.374877],[-71.291842,44.375375],[-71.292398,44.375408],[-71.293603,44.375749],[-71.293939,44.375882],[-71.294294,44.376223],[-71.294737,44.376449],[-71.294826,44.377051],[-71.295175,44.377617],[-71.295564,44.377805],[-71.296786,44.378847],[-71.297245,44.379427],[-71.297423,44.380035],[-71.298011,44.380569],[-71.29831,44.381123],[-71.29927,44.380962],[-71.301035,44.381319],[-71.301346,44.381656],[-71.301882,44.381882],[-71.303948,44.381629],[-71.304881,44.381595],[-71.30553,44.381392],[-71.305712,44.381411],[-71.305964,44.38161],[-71.306834,44.381441],[-71.307257,44.381257],[-71.307565,44.381217],[-71.308382,44.380612]]}},
{"type":"Feature","properties":{"mountain_slug":"mount-washington","name":"Liebseskind's Loop","length_km":0.78,"elevation_gain_m":92,"source":"© OpenStreetMap contributors (ODbL), via Overture Maps"},"geometry":{"type":"LineString","coordinates":[[-71.246496,44.266287],[-71.246599,44.266371],[-71.246603,44.266642],[-71.246286,44.26691],[-71.245821,44.267082],[-71.245221,44.267762],[-71.245124,44.26797],[-71.245253,44.2684],[-71.245612,44.268412],[-71.245929,44.268304],[-71.246696,44.268442],[-71.247393,44.268273],[-71.248053,44.268262],[-71.2486,44.268135],[-71.249046,44.268581],[-71.249442,44.268688],[-71.249614,44.268957],[-71.250065,44.269245],[-71.250489,44.269315]]}},
{"type":"Feature","properties":{"mountain_slug":"mount-washington","name":"Lion Head Trail","length_km":1.5,"elevation_gain_m":397,"source":"© OpenStreetMap contributors (ODbL), via Overture Maps"},"geometry":{"type":"LineString","coordinates":[[-71.285642,44.264515],[-71.286511,44.264282],[-71.286926,44.264355],[-71.287199,44.264178],[-71.2879,44.26404],[-71.288276,44.263857],[-71.289022,44.263741],[-71.29025,44.264082],[-71.290868,44.263982],[-71.291207,44.264071],[-71.29143,44.263983],[-71.292407,44.264649],[-71.292994,44.264766],[-71.293173,44.264714],[-71.293674,44.264761],[-71.294433,44.264949],[-71.295205,44.264937],[-71.295783,44.265083],[-71.296806,44.265129],[-71.297606,44.265251],[-71.299028,44.265078],[-71.299276,44.265141],[-71.299252,44.265232],[-71.299403,44.26537],[-71.299977,44.265446],[-71.300273,44.265401],[-71.30036,44.265515],[-71.300843,44.265678],[-71.30092,44.265845],[-71.301443,44.26588],[-71.301781,44.266076],[-71.302154,44.266047]]}},
{"type":"Feature","properties":{"mountain_slug":"mount-washington","name":"Lion Head Trail (Summer)","length_km":0.59,"elevation_gain_m":163,"source":"© OpenStreetMap contributors (ODbL), via Overture Maps"},"geometry":{"type":"LineString","coordinates":[[-71.2845,44.261035],[-71.284668,44.261252],[-71.285028,44.261376],[-71.285119,44.26164],[-71.285127,44.261893],[-71.284913,44.262449],[-71.285033,44.263272],[-71.285544,44.263212],[-71.285564,44.263388],[-71.286058,44.263232],[-71.285627,44.26358],[-71.285501,44.26403],[-71.285261,44.264279],[-71.28528,44.264513],[-71.285642,44.264515]]}},
{"type":"Feature","properties":{"mountain_slug":"mount-washington","name":"Lion Head Trail (Winter)","length_km":0.6,"elevation_gain_m":266,"source":"© OpenStreetMap contributors (ODbL), via Overture Maps"},"geometry":{"type":"LineString","coordinates":[[-71.279098,44.264658],[-71.27945,44.264557],[-71.279761,44.264343],[-71.280292,44.264486],[-71.281158,44.264324],[-71.281322,44.264344],[-71.281874,44.264735],[-71.282578,44.26476],[-71.283068,44.264977],[-71.28347,44.26499],[-71.284128,44.265152],[-71.284833,44.265025],[-71.285642,44.264515]]}},
{"type":"Feature","properties":{"mountain_slug":"mount-washington","name":"Loop to Pond","length_km":1.08,"elevation_gain_m":61,"source":"© OpenStreetMap contributors (ODbL), via Overture Maps"},"geometry":{"type":"LineString","coordinates":[[-71.151531,44.146952],[-71.151549,44.146388],[-71.151175,44.145828],[-71.151102,44.14455],[-71.150996,44.144241],[-71.151069,44.144089],[-71.151834,44.144247],[-71.154445,44.145194],[-71.154549,44.145478],[-71.15481,44.145735],[-71.155135,44.145904],[-71.155452,44.146505],[-71.155826,44.146866],[-71.157395,44.147508],[-71.15772,44.147724],[-71.158013,44.14808]]}},
{"type":"Feature","properties":{"mountain_slug":"mount-washington","name":"Lost Campground","length_km":0.98,"elevation_gain_m":36,"source":"© OpenStreetMap contributors (ODbL), via Overture Maps"},"geometry":{"type":"LineString","coordinates":[[-71.223416,44.396589],[-71.223689,44.396436],[-71.224253,44.395934],[-71.224491,44.395746],[-71.225191,44.395261],[-71.225307,44.394918],[-71.225143,44.39417],[-71.225307,44.39395],[-71.225572,44.393833],[-71.225701,44.393854],[-71.225929,44.394161],[-71.225948,44.394466],[-71.225427,44.395286],[-71.225307,44.395809],[-71.225387,44.396363],[-71.224988,44.39679],[-71.224574,44.396984],[-71.224376,44.396995],[-71.224204,44.39697],[-71.224102,44.396752],[-71.22447,44.396547],[-71.224623,44.396219],[-71.22443,44.395794]]}},
{"type":"Feature","properties":{"mountain_slug":"mount-washington","name":"Lost Pond Trail","length_km":1.33,"elevation_gain_m":45,"source":"© OpenStreetMap contributors (ODbL), via Overture Maps"},"geometry":{"type":"LineString","coordinates":[[-71.251442,44.245762],[-71.251458,44.246648],[-71.250916,44.247266],[-71.250874,44.247812],[-71.250715,44.248068],[-71.250772,44.24831],[-71.250632,44.248506],[-71.250487,44.249292],[-71.250245,44.249695],[-71.250203,44.250123],[-71.250265,44.25046],[-71.250683,44.250944],[-71.250696,44.251272],[-71.251059,44.251589],[-71.251242,44.252032],[-71.25152,44.252204],[-71.251977,44.252689],[-71.251985,44.253104],[-71.25186,44.253522],[-71.251967,44.253727],[-71.251965,44.254131],[-71.251596,44.254707],[-71.251509,44.255133],[-71.251651,44.256068],[-71.251724,44.256162],[-71.252239,44.2562],[-71.252408,44.256627]]}},
{"type":"Feature","properties":{"mountain_slug":"mount-washington","name":"Low Road","length_km":0.4,"elevation_gain_m":9,"source":"© OpenStreetMap contributors (ODbL), via Overture Maps"},"geometry":{"type":"LineString","coordinates":[[-71.232193,44.406],[-71.231816,44.40581],[-71.231318,44.40527],[-71.230926,44.405117],[-71.22988,44.404998],[-71.228844,44.404316],[-71.228262,44.404035]]}},
{"type":"Feature","properties":{"mountain_slug":"mount-washington","name":"Lowe's Path","length_km":6.66,"elevation_gain_m":1349,"source":"© OpenStreetMap contributors (ODbL), via Overture Maps"},"geometry":{"type":"LineString","coordinates":[[-71.330667,44.363877],[-71.330397,44.363448],[-71.329897,44.363009],[-71.329656,44.362464],[-71.329594,44.361964],[-71.329863,44.361558],[-71.32993,44.361058],[-71.33007,44.360797],[-71.330513,44.360228],[-71.331034,44.359812],[-71.331226,44.359319],[-71.33244,44.358058],[-71.332876,44.357381],[-71.333094,44.356869],[-71.332714,44.355949],[-71.331677,44.355266],[-71.331322,44.35516],[-71.330313,44.354648],[-71.32952,44.354015],[-71.329236,44.353761],[-71.328159,44.351848],[-71.326947,44.350881],[-71.326091,44.35066],[-71.325794,44.350512],[-71.325224,44.349902],[-71.32479,44.349645],[-71.324178,44.349398],[-71.323183,44.349217],[-71.322712,44.34903],[-71.322363,44.348674],[-71.322206,44.348287],[-71.321385,44.3477],[-71.321097,44.347619],[-71.320392,44.347896],[-71.320222,44.347885],[-71.319927,44.347728],[-71.318765,44.346603],[-71.318617,44.346334],[-71.317636,44.345257],[-71.316874,44.343766],[-71.31683,44.343529],[-71.315826,44.342642],[-71.315656,44.342602],[-71.314893,44.342714],[-71.314766,44.342674],[-71.314792,44.342583],[-71.315442,44.342212],[-71.315489,44.341147],[-71.315217,44.340778],[-71.315195,44.340023],[-71.314896,44.339114],[-71.314641,44.338936],[-71.314818,44.338602],[-71.314572,44.337956],[-71.314274,44.337284],[-71.313712,44.336722],[-71.313323,44.336054],[-71.31238,44.335354],[-71.311748,44.334624],[-71.31152,44.333705],[-71.311376,44.333555],[-71.311281,44.333155],[-71.311036,44.332871],[-71.310972,44.332484],[-71.310781,44.332283],[-71.310398,44.33202],[-71.310174,44.332023],[-71.310046,44.331884],[-71.309848,44.331845],[-71.309557,44.331348],[-71.308966,44.330992],[-71.308741,44.33057],[-71.308504,44.330409],[-71.307826,44.330104],[-71.307177,44.329924],[-71.3069,44.329663],[-71.306828,44.329398],[-71.305764,44.328856],[-71.305354,44.328748],[-71.303698,44.327739],[-71.302934,44.327424],[-71.302717,44.327208],[-71.302119,44.326888],[-71.301895,44.326686],[-71.30185,44.326405],[-71.301468,44.326264],[-71.301009,44.325858],[-71.300681,44.325274],[-71.300553,44.324812],[-71.300327,44.324632],[-71.299727,44.324532],[-71.298396,44.323652],[-71.298067,44.323292],[-71.297085,44.322529],[-71.296512,44.321821],[-71.296028,44.321406],[-71.295473,44.321154],[-71.293434,44.320806],[-71.292268,44.320726],[-71.291612,44.320599]]}},
{"type":"Feature","properties":{"mountain_slug":"mount-washington","name":"Lower Bruin","length_km":0.27,"elevation_gain_m":88,"source":"© OpenStreetMap contributors (ODbL), via Overture Maps"},"geometry":{"type":"LineString","coordinates":[[-71.283648,44.341513],[-71.283811,44.341389],[-71.283948,44.340717],[-71.284067,44.3406],[-71.283952,44.340158],[-71.284297,44.339828],[-71.285014,44.339572]]}},
{"type":"Feature","properties":{"mountain_slug":"mount-washington","name":"Lower Fairway Loop","length_km":0.44,"elevation_gain_m":34,"source":"© OpenStreetMap contributors (ODbL), via Overture Maps"},"geometry":{"type":"LineString","coordinates":[[-71.414058,44.225236],[-71.413798,44.224903],[-71.412686,44.225004],[-71.412233,44.225395],[-71.411915,44.22583],[-71.4116,44.226885],[-71.411537,44.227547]]}},
{"type":"Feature","properties":{"mountain_slug":"mount-washington","name":"Lower Falls Trail","length_km":1.29,"elevation_gain_m":37,"source":"© OpenStreetMap contributors (ODbL), via Overture Maps"},"geometry":{"type":"LineString","coordinates":[[-71.492448,44.265961],[-71.490926,44.266612],[-71.489988,44.267243],[-71.489657,44.267375],[-71.489054,44.267511],[-71.487889,44.267556],[-71.486962,44.267845],[-71.484878,44.268909],[-71.483846,44.269766],[-71.483379,44.269882],[-71.482493,44.269948],[-71.480701,44.269758],[-71.478148,44.270125]]}},
{"type":"Feature","properties":{"mountain_slug":"mount-washington","name":"Madison Gulf Trail","length_km":6.76,"elevation_gain_m":873,"source":"© OpenStreetMap contributors (ODbL), via Overture Maps"},"geometry":{"type":"LineString","coordinates":[[-71.254385,44.278971],[-71.254447,44.279137],[-71.254372,44.279269],[-71.253861,44.279669],[-71.253374,44.280333],[-71.253065,44.28131],[-71.253242,44.281512],[-71.253261,44.281783],[-71.25307,44.282046],[-71.252888,44.282094],[-71.252778,44.282358],[-71.252559,44.282455],[-71.252542,44.282703],[-71.252249,44.282943],[-71.252145,44.283158],[-71.252135,44.283419],[-71.253644,44.283919],[-71.253723,44.284123],[-71.254107,44.284359],[-71.254253,44.28455],[-71.254653,44.284614],[-71.255161,44.285185],[-71.255183,44.285398],[-71.255403,44.285541],[-71.255347,44.286694],[-71.255948,44.287329],[-71.255838,44.287838],[-71.256033,44.288568],[-71.255867,44.28953],[-71.255884,44.290488],[-71.255781,44.290804],[-71.255861,44.29125],[-71.256144,44.291739],[-71.256143,44.291892],[-71.255866,44.2922],[-71.255832,44.292358],[-71.255873,44.292741],[-71.256175,44.293553],[-71.256132,44.294031],[-71.255649,44.295289],[-71.255715,44.295517],[-71.256477,44.29627],[-71.257037,44.296541],[-71.257599,44.297056],[-71.258169,44.29732],[-71.259206,44.298083],[-71.260067,44.298318],[-71.260502,44.29858],[-71.260767,44.300257],[-71.261465,44.301706],[-71.261592,44.302215],[-71.262029,44.30265],[-71.262146,44.303017],[-71.263074,44.304206],[-71.263154,44.304473],[-71.263154,44.304576],[-71.262819,44.304446],[-71.26236,44.30462],[-71.262299,44.30478],[-71.261963,44.3047],[-71.262368,44.305379],[-71.26271,44.305642],[-71.263163,44.3062],[-71.264088,44.306825],[-71.264522,44.307256],[-71.265914,44.308312],[-71.267082,44.309589],[-71.267506,44.310344],[-71.267646,44.310819],[-71.267581,44.31122],[-71.267726,44.311751],[-71.267609,44.312186],[-71.268198,44.312683],[-71.268478,44.313285],[-71.268249,44.313622],[-71.26767,44.313378],[-71.267623,44.313646],[-71.267749,44.314067],[-71.26824,44.314655],[-71.26838,44.315059],[-71.268978,44.315564],[-71.270533,44.316336],[-71.27086,44.31672],[-71.271639,44.316914],[-71.271798,44.317077],[-71.272186,44.317101],[-71.272489,44.317372],[-71.273839,44.317592],[-71.274096,44.317719],[-71.274194,44.318214],[-71.274726,44.318728],[-71.275838,44.319283],[-71.276515,44.319299],[-71.277131,44.319537],[-71.277561,44.319851],[-71.278252,44.320085],[-71.278378,44.320198],[-71.279219,44.320355],[-71.279289,44.320546],[-71.278906,44.3209],[-71.278789,44.321327],[-71.279116,44.321621],[-71.280139,44.321514],[-71.280542,44.32243],[-71.280914,44.322921],[-71.280951,44.3236],[-71.281255,44.324598],[-71.281446,44.324708],[-71.281512,44.324859],[-71.281516,44.325129],[-71.281638,44.32535],[-71.281577,44.325477],[-71.281935,44.325718]]}},
{"type":"Feature","properties":{"mountain_slug":"mount-washington","name":"Maggie's Run","length_km":1.64,"elevation_gain_m":39,"source":"© OpenStreetMap contributors (ODbL), via Overture Maps","note":"Longest of 2 OpenStreetMap pieces with this name that do not join into one line (1.6 of 1.9 km in the bbox)."},"geometry":{"type":"LineString","coordinates":[[-71.363785,44.156385],[-71.364124,44.156303],[-71.364478,44.156033],[-71.364769,44.155564],[-71.364995,44.156281],[-71.365164,44.156413],[-71.365167,44.156775],[-71.365635,44.157564],[-71.365626,44.157949],[-71.365766,44.15832],[-71.365992,44.158599],[-71.366241,44.159476],[-71.366544,44.159984],[-71.366499,44.16049],[-71.36663,44.160882],[-71.366706,44.161043],[-71.367354,44.161613],[-71.367714,44.162366],[-71.367621,44.162404],[-71.36759,44.162577],[-71.366677,44.162468],[-71.365416,44.162699],[-71.365113,44.162841],[-71.364741,44.163614],[-71.365294,44.164197],[-71.36511,44.16451],[-71.365281,44.16491],[-71.365086,44.165081],[-71.364682,44.165043],[-71.364459,44.165283],[-71.364346,44.165568],[-71.363956,44.165692],[-71.363555,44.166116]]}},
{"type":"Feature","properties":{"mountain_slug":"mount-washington","name":"Maggie's Run Extension","length_km":0.2,"elevation_gain_m":12,"source":"© OpenStreetMap contributors (ODbL), via Overture Maps"},"geometry":{"type":"LineString","coordinates":[[-71.36419,44.153918],[-71.364645,44.154127],[-71.364769,44.155564]]}},
{"type":"Feature","properties":{"mountain_slug":"mount-washington","name":"Mahoosuc Trail","length_km":1.79,"elevation_gain_m":271,"source":"© OpenStreetMap contributors (ODbL), via Overture Maps"},"geometry":{"type":"LineString","coordinates":[[-71.188823,44.400807],[-71.188373,44.401351],[-71.187721,44.40171],[-71.187369,44.401597],[-71.186854,44.401566],[-71.185878,44.401742],[-71.184843,44.401627],[-71.183722,44.401823],[-71.18252,44.4018],[-71.181485,44.401612],[-71.181174,44.401823],[-71.18097,44.402133],[-71.181018,44.402578],[-71.180814,44.402965],[-71.180369,44.403371],[-71.179323,44.403609],[-71.179156,44.403896],[-71.17892,44.403969],[-71.177944,44.404],[-71.177365,44.40421],[-71.176834,44.40418],[-71.176211,44.403965],[-71.174581,44.403827],[-71.173213,44.40446],[-71.172301,44.404643],[-71.17111,44.405364],[-71.170536,44.406]]}},
{"type":"Feature","properties":{"mountain_slug":"mount-washington","name":"Main Route to Pond","length_km":0.74,"elevation_gain_m":49,"source":"© OpenStreetMap contributors (ODbL), via Overture Maps"},"geometry":{"type":"LineString","coordinates":[[-71.151531,44.146952],[-71.152498,44.147698],[-71.153059,44.147957],[-71.154078,44.147928],[-71.155647,44.148296],[-71.156387,44.148086],[-71.157102,44.148197],[-71.158574,44.148033],[-71.15907,44.148057],[-71.159952,44.148391]]}},
{"type":"Feature","properties":{"mountain_slug":"mount-washington","name":"Maple Walk","length_km":0.25,"elevation_gain_m":18,"source":"© OpenStreetMap contributors (ODbL), via Overture Maps"},"geometry":{"type":"LineString","coordinates":[[-71.288858,44.370402],[-71.28811,44.369882],[-71.286794,44.36874]]}},
{"type":"Feature","properties":{"mountain_slug":"mount-washington","name":"Mizpah Cutoff","length_km":1.02,"elevation_gain_m":101,"source":"© OpenStreetMap contributors (ODbL), via Overture Maps"},"geometry":{"type":"LineString","coordinates":[[-71.382459,44.220646],[-71.382011,44.220591],[-71.381528,44.220381],[-71.381171,44.220404],[-71.380656,44.220322],[-71.379161,44.220361],[-71.377753,44.219581],[-71.377222,44.21941],[-71.376361,44.219339],[-71.375736,44.219045],[-71.375598,44.219093],[-71.375422,44.218935],[-71.374921,44.218907],[-71.37467,44.218978],[-71.373716,44.218961],[-71.373153,44.21905],[-71.37197,44.219069],[-71.370961,44.21924],[-71.370761,44.219077]]}},
{"type":"Feature","properties":{"mountain_slug":"mount-washington","name":"Monaway","length_km":0.55,"elevation_gain_m":101,"source":"© OpenStreetMap contributors (ODbL), via Overture Maps"},"geometry":{"type":"LineString","coordinates":[[-71.301859,44.353061],[-71.302623,44.352748],[-71.30346,44.352579],[-71.30503,44.352907],[-71.305951,44.352603],[-71.306826,44.352564],[-71.307306,44.352395],[-71.307542,44.351663]]}},
{"type":"Feature","properties":{"mountain_slug":"mount-washington","name":"Moriah Brook Trail","length_km":3.96,"elevation_gain_m":416,"source":"© OpenStreetMap contributors (ODbL), via Overture Maps"},"geometry":{"type":"LineString","coordinates":[[-71.115,44.311038],[-71.115854,44.311521],[-71.11648,44.311588],[-71.116742,44.31186],[-71.117294,44.312075],[-71.118331,44.312807],[-71.119097,44.313716],[-71.119568,44.314112],[-71.121294,44.314832],[-71.122166,44.315068],[-71.12231,44.315187],[-71.122765,44.315168],[-71.124404,44.314731],[-71.125091,44.314426],[-71.125774,44.314313],[-71.126426,44.314388],[-71.129388,44.315796],[-71.12982,44.315927],[-71.130287,44.316221],[-71.131342,44.316614],[-71.13306,44.317573],[-71.133288,44.317761],[-71.133549,44.318249],[-71.134456,44.318834],[-71.134752,44.319777],[-71.135286,44.32042],[-71.135321,44.321324],[-71.135427,44.321652],[-71.135757,44.321956],[-71.135874,44.322353],[-71.136235,44.322615],[-71.136345,44.322816],[-71.136819,44.323007],[-71.136967,44.323242],[-71.13738,44.323484],[-71.137473,44.323656],[-71.138476,44.324088],[-71.138749,44.32417],[-71.139484,44.324045],[-71.139879,44.32417],[-71.13999,44.324286],[-71.139513,44.325162],[-71.139296,44.326193],[-71.139075,44.326576],[-71.139098,44.326757],[-71.13876,44.327279],[-71.138701,44.327797],[-71.138862,44.328699],[-71.138292,44.329703],[-71.138278,44.330158],[-71.13939,44.330805],[-71.140069,44.330987],[-71.140181,44.331099],[-71.140657,44.331195],[-71.14129,44.331129],[-71.141687,44.330999],[-71.142046,44.330976],[-71.142743,44.331087],[-71.142996,44.330999],[-71.14314,44.331076],[-71.143178,44.33121],[-71.143076,44.331478]]}},
{"type":"Feature","properties":{"mountain_slug":"mount-washington","name":"Mount Clay Loop","length_km":1.64,"elevation_gain_m":183,"source":"© OpenStreetMap contributors (ODbL), via Overture Maps"},"geometry":{"type":"LineString","coordinates":[[-71.31697,44.291504],[-71.316115,44.291022],[-71.316043,44.290624],[-71.316158,44.290043],[-71.315819,44.289867],[-71.31505,44.288802],[-71.314556,44.288392],[-71.314538,44.287981],[-71.31492,44.287248],[-71.315337,44.286838],[-71.315298,44.286651],[-71.315736,44.285923],[-71.315582,44.285336],[-71.31574,44.284487],[-71.315554,44.284391],[-71.315696,44.284267],[-71.315701,44.284141],[-71.315407,44.282915],[-71.315497,44.281651],[-71.315122,44.281301],[-71.315167,44.280951],[-71.314755,44.28031],[-71.3143,44.28002],[-71.314021,44.280035],[-71.313924,44.279972],[-71.313726,44.279381],[-71.31329,44.278842],[-71.313303,44.278713]]}},
{"type":"Feature","properties":{"mountain_slug":"mount-washington","name":"Mount Clinton Trail","length_km":4.38,"elevation_gain_m":582,"source":"© OpenStreetMap contributors (ODbL), via Overture Maps"},"geometry":{"type":"LineString","coordinates":[[-71.345006,44.189794],[-71.345147,44.189942],[-71.344993,44.19005],[-71.344777,44.190663],[-71.344785,44.190898],[-71.344564,44.191278],[-71.344262,44.191597],[-71.343718,44.191975],[-71.343851,44.192496],[-71.343828,44.19311],[-71.344155,44.193622],[-71.344511,44.193967],[-71.345047,44.194262],[-71.345326,44.19465],[-71.345761,44.194906],[-71.34586,44.195251],[-71.346211,44.195606],[-71.348398,44.196803],[-71.350365,44.197326],[-71.351711,44.19843],[-71.352144,44.198871],[-71.352515,44.199734],[-71.353127,44.200446],[-71.353409,44.201095],[-71.353809,44.20152],[-71.35397,44.202169],[-71.354067,44.202284],[-71.354274,44.202314],[-71.354254,44.202687],[-71.354582,44.203],[-71.355037,44.203947],[-71.355449,44.204456],[-71.355743,44.204712],[-71.356306,44.204828],[-71.356857,44.205457],[-71.35738,44.205581],[-71.35808,44.20613],[-71.358403,44.206508],[-71.35909,44.206803],[-71.359202,44.207034],[-71.359234,44.207899],[-71.35958,44.208156],[-71.360111,44.209223],[-71.360565,44.209722],[-71.360575,44.210089],[-71.36079,44.210534],[-71.361111,44.210809],[-71.361282,44.211235],[-71.36248,44.212169],[-71.363244,44.21312],[-71.363309,44.213352],[-71.363943,44.21385],[-71.364088,44.21462],[-71.36405,44.215342],[-71.363816,44.215667],[-71.36382,44.215837],[-71.364134,44.216634],[-71.364379,44.216786],[-71.364778,44.216836],[-71.364943,44.21696],[-71.365668,44.217156],[-71.365699,44.217607],[-71.365978,44.217874],[-71.366284,44.217985],[-71.367037,44.218018],[-71.367646,44.217732],[-71.368529,44.217787],[-71.368706,44.217958],[-71.369095,44.218108],[-71.369516,44.218399],[-71.369795,44.218872],[-71.36977,44.219144],[-71.369659,44.219276],[-71.369718,44.219412]]}},
{"type":"Feature","properties":{"mountain_slug":"mount-washington","name":"Mount Crescent Trail","length_km":2.47,"elevation_gain_m":428,"source":"© OpenStreetMap contributors (ODbL), via Overture Maps"},"geometry":{"type":"LineString","coordinates":[[-71.282841,44.388182],[-71.282908,44.388626],[-71.283087,44.388904],[-71.283466,44.389132],[-71.284556,44.390569],[-71.284685,44.391656],[-71.285708,44.392522],[-71.287245,44.393298],[-71.287552,44.393685],[-71.288661,44.394006],[-71.289376,44.39394],[-71.290682,44.39402],[-71.29136,44.394233],[-71.291859,44.394557],[-71.292216,44.394946],[-71.292637,44.3958],[-71.292835,44.396016],[-71.292984,44.396546],[-71.293027,44.397222],[-71.293836,44.398259],[-71.293601,44.398927],[-71.293656,44.399202],[-71.293407,44.399721],[-71.293422,44.399972],[-71.293592,44.400197],[-71.29357,44.400446],[-71.293949,44.400368],[-71.294035,44.400518],[-71.29438,44.400707],[-71.295015,44.401491],[-71.294764,44.401809],[-71.295193,44.401843],[-71.295417,44.402095],[-71.295604,44.402162],[-71.295669,44.402589],[-71.29537,44.402802],[-71.295215,44.403053],[-71.294847,44.403189],[-71.294672,44.40348],[-71.294421,44.403684],[-71.294544,44.404037],[-71.294007,44.40461]]}},
{"type":"Feature","properties":{"mountain_slug":"mount-washington","name":"Mount Eisenhower Loop","length_km":1.1,"elevation_gain_m":110,"source":"© OpenStreetMap contributors (ODbL), via Overture Maps"},"geometry":{"type":"LineString","coordinates":[[-71.350866,44.237346],[-71.350955,44.237514],[-71.350912,44.2378],[-71.351235,44.238314],[-71.350947,44.238458],[-71.351244,44.238582],[-71.350927,44.238809],[-71.350883,44.239064],[-71.351384,44.239655],[-71.350823,44.239674],[-71.350416,44.239849],[-71.350147,44.240257],[-71.350305,44.240666],[-71.348889,44.241058],[-71.348437,44.241038],[-71.348035,44.241311],[-71.347284,44.241651],[-71.346698,44.241767],[-71.346546,44.242025],[-71.346265,44.24205],[-71.34602,44.242391],[-71.345877,44.242314],[-71.345758,44.242446],[-71.345512,44.242142],[-71.344992,44.242467],[-71.344608,44.242532]]}},
{"type":"Feature","properties":{"mountain_slug":"mount-washington","name":"Mount Eisenhower Trail","length_km":3.82,"elevation_gain_m":565,"source":"© OpenStreetMap contributors (ODbL), via Overture Maps"},"geometry":{"type":"LineString","coordinates":[[-71.334525,44.217336],[-71.335189,44.216943],[-71.335661,44.216359],[-71.335822,44.216291],[-71.336188,44.215659],[-71.33652,44.215496],[-71.337286,44.215472],[-71.337693,44.215594],[-71.338482,44.216124],[-71.338555,44.216264],[-71.338207,44.217228],[-71.338148,44.21775],[-71.337384,44.219149],[-71.337506,44.219382],[-71.338018,44.219889],[-71.338452,44.220614],[-71.33853,44.221754],[-71.338076,44.222366],[-71.3381,44.2225],[-71.339103,44.2233],[-71.339336,44.223578],[-71.339539,44.224055],[-71.340344,44.224947],[-71.340612,44.225401],[-71.340636,44.225902],[-71.3401,44.226858],[-71.339754,44.227233],[-71.339515,44.228329],[-71.339425,44.228393],[-71.339718,44.228856],[-71.339393,44.22958],[-71.339747,44.230372],[-71.339761,44.230693],[-71.339547,44.231239],[-71.33934,44.232269],[-71.339368,44.232474],[-71.339729,44.233118],[-71.33964,44.233588],[-71.3397,44.233808],[-71.339636,44.233925],[-71.339414,44.233955],[-71.339315,44.234107],[-71.339422,44.234777],[-71.339338,44.234997],[-71.339726,44.236308],[-71.339544,44.236849],[-71.339251,44.237215],[-71.339327,44.237956],[-71.339539,44.238545],[-71.339404,44.238835],[-71.339342,44.239686],[-71.339572,44.240402],[-71.339487,44.240525],[-71.339634,44.240973],[-71.33984,44.241219],[-71.339664,44.2416],[-71.339929,44.241685],[-71.340251,44.241912],[-71.339905,44.242413],[-71.340287,44.242657],[-71.340863,44.24273],[-71.341048,44.242947],[-71.34147,44.243141],[-71.341659,44.24344]]}},
{"type":"Feature","properties":{"mountain_slug":"mount-washington","name":"Mount Franklin Trail","length_km":0.3,"elevation_gain_m":17,"source":"© OpenStreetMap contributors (ODbL), via Overture Maps"},"geometry":{"type":"LineString","coordinates":[[-71.3322,44.249309],[-71.331903,44.249224],[-71.331379,44.249403],[-71.330858,44.249225],[-71.330631,44.249197],[-71.330467,44.249261],[-71.330164,44.249643],[-71.330143,44.249972],[-71.329929,44.250266],[-71.329982,44.250436]]}},
{"type":"Feature","properties":{"mountain_slug":"mount-washington","name":"Mount Jefferson Loop","length_km":1.0,"elevation_gain_m":144,"source":"© OpenStreetMap contributors (ODbL), via Overture Maps"},"geometry":{"type":"LineString","coordinates":[[-71.313156,44.308016],[-71.313304,44.307777],[-71.313828,44.307348],[-71.314029,44.30686],[-71.314323,44.30668],[-71.314339,44.306365],[-71.314595,44.305833],[-71.315182,44.305344],[-71.31534,44.305081],[-71.315778,44.304918],[-71.316005,44.304614],[-71.316297,44.304475],[-71.316464,44.30427],[-71.316276,44.303804],[-71.316166,44.303689],[-71.315824,44.303592],[-71.315808,44.303476],[-71.315529,44.303331],[-71.315394,44.303144],[-71.315423,44.302866],[-71.315695,44.302745],[-71.315827,44.302476],[-71.315777,44.302306],[-71.315204,44.301669],[-71.314986,44.300866],[-71.314768,44.30069]]}},
{"type":"Feature","properties":{"mountain_slug":"mount-washington","name":"Mount Monroe Loop","length_km":1.01,"elevation_gain_m":102,"source":"© OpenStreetMap contributors (ODbL), via Overture Maps"},"geometry":{"type":"LineString","coordinates":[[-71.326522,44.253227],[-71.32669,44.253663],[-71.326544,44.254235],[-71.326555,44.254594],[-71.325812,44.2548],[-71.325403,44.254795],[-71.324716,44.254651],[-71.323602,44.254243],[-71.323413,44.254248],[-71.323167,44.254342],[-71.323083,44.254517],[-71.322597,44.254677],[-71.322268,44.254877],[-71.321925,44.254952],[-71.321419,44.254937],[-71.321379,44.255126],[-71.320674,44.256091],[-71.320564,44.256508],[-71.320282,44.256697],[-71.319869,44.256631],[-71.319586,44.25679],[-71.318908,44.257571]]}},
{"type":"Feature","properties":{"mountain_slug":"mount-washington","name":"Mount Parker Trail","length_km":2.54,"elevation_gain_m":164,"source":"© OpenStreetMap contributors (ODbL), via Overture Maps"},"geometry":{"type":"LineString","coordinates":[[-71.303911,44.136],[-71.30394,44.1365],[-71.303686,44.136691],[-71.303335,44.13806],[-71.303519,44.138697],[-71.303891,44.139066],[-71.304238,44.139261],[-71.305044,44.139533],[-71.30674,44.139988],[-71.307809,44.140092],[-71.308269,44.140038],[-71.308711,44.139873],[-71.30989,44.139754],[-71.31023,44.139779],[-71.310424,44.140191],[-71.311012,44.140107],[-71.311617,44.140219],[-71.312088,44.140943],[-71.312813,44.141372],[-71.313648,44.142121],[-71.313978,44.142306],[-71.315428,44.142726],[-71.315917,44.143691],[-71.315875,44.144036],[-71.31603,44.14448],[-71.316731,44.145291],[-71.316763,44.145936],[-71.31654,44.146251],[-71.316883,44.146436],[-71.316919,44.146598],[-71.316734,44.146809],[-71.316727,44.147081],[-71.317495,44.147581],[-71.318476,44.147566],[-71.318649,44.147647],[-71.319102,44.148051],[-71.319529,44.14865],[-71.319962,44.148576],[-71.320136,44.148653],[-71.320108,44.149337],[-71.320959,44.149487]]}},
{"type":"Feature","properties":{"mountain_slug":"mount-washington","name":"Mount Tom Spur","length_km":0.73,"elevation_gain_m":98,"source":"© OpenStreetMap contributors (ODbL), via Overture Maps"},"geometry":{"type":"LineString","coordinates":[[-71.444033,44.204839],[-71.444416,44.20517],[-71.444698,44.20622],[-71.445229,44.207304],[-71.445413,44.208353],[-71.445568,44.208633],[-71.445857,44.208871],[-71.445733,44.209274],[-71.445799,44.209596],[-71.445638,44.209719],[-71.445678,44.21012],[-71.445918,44.210452],[-71.446563,44.210497]]}},
{"type":"Feature","properties":{"mountain_slug":"mount-washington","name":"Mount Willard Trail","length_km":2.34,"elevation_gain_m":278,"source":"© OpenStreetMap contributors (ODbL), via Overture Maps"},"geometry":{"type":"LineString","coordinates":[[-71.412689,44.217291],[-71.412838,44.216517],[-71.41238,44.21602],[-71.412381,44.215818],[-71.41266,44.215702],[-71.413388,44.215607],[-71.41374,44.215424],[-71.414161,44.2154],[-71.414538,44.21525],[-71.415579,44.215084],[-71.417662,44.213866],[-71.41772,44.213509],[-71.417612,44.213365],[-71.416973,44.21303],[-71.416903,44.212768],[-71.416494,44.212295],[-71.416666,44.211985],[-71.417256,44.211502],[-71.41733,44.211289],[-71.417139,44.210105],[-71.416768,44.209551],[-71.416628,44.208881],[-71.416116,44.207654],[-71.415934,44.206965],[-71.41569,44.206826],[-71.415332,44.207101],[-71.414667,44.207418],[-71.413923,44.20755],[-71.413459,44.207753],[-71.413204,44.207767],[-71.412916,44.20767],[-71.412419,44.206732],[-71.411353,44.205185],[-71.411319,44.20372],[-71.412145,44.203577]]}},
{"type":"Feature","properties":{"mountain_slug":"mount-washington","name":"Mt. Willard Section House Trail","length_km":0.38,"elevation_gain_m":80,"source":"© OpenStreetMap contributors (ODbL), via Overture Maps"},"geometry":{"type":"LineString","coordinates":[[-71.406915,44.2],[-71.407638,44.200288],[-71.408981,44.199862],[-71.409138,44.199931],[-71.409454,44.199864],[-71.410268,44.200181],[-71.410591,44.20016],[-71.410778,44.199786]]}},
{"type":"Feature","properties":{"mountain_slug":"mount-washington","name":"Nature's Miracle","length_km":0.8,"elevation_gain_m":21,"source":"© OpenStreetMap contributors (ODbL), via Overture Maps"},"geometry":{"type":"LineString","coordinates":[[-71.463236,44.264774],[-71.462442,44.264368],[-71.462375,44.264129],[-71.461947,44.263797],[-71.461482,44.263781],[-71.460367,44.263374],[-71.459467,44.263392],[-71.458652,44.262803],[-71.458745,44.262605],[-71.459526,44.26208],[-71.459761,44.261674],[-71.460156,44.26153],[-71.460515,44.261242],[-71.461592,44.26167]]}},
{"type":"Feature","properties":{"mountain_slug":"mount-washington","name":"Nelson Crag Trail","length_km":4.81,"elevation_gain_m":1120,"source":"© OpenStreetMap contributors (ODbL), via Overture Maps"},"geometry":{"type":"LineString","coordinates":[[-71.253861,44.279669],[-71.254122,44.279966],[-71.254398,44.280019],[-71.254987,44.279874],[-71.255374,44.27969],[-71.255521,44.279492],[-71.255558,44.279202],[-71.256405,44.278569],[-71.257417,44.278068],[-71.257786,44.278002],[-71.259903,44.278161],[-71.260621,44.278068],[-71.260897,44.278226],[-71.262591,44.278319],[-71.26342,44.278477],[-71.264211,44.278451],[-71.264948,44.278332],[-71.265804,44.278009],[-71.266442,44.27819],[-71.269307,44.278208],[-71.26989,44.278343],[-71.270975,44.278952],[-71.271565,44.279088],[-71.272014,44.279052],[-71.27256,44.279126],[-71.273176,44.279228],[-71.273618,44.27939],[-71.274072,44.279719],[-71.274216,44.279978],[-71.274639,44.280164],[-71.274968,44.280471],[-71.275694,44.280726],[-71.276123,44.280779],[-71.27632,44.280969],[-71.276826,44.281059],[-71.276984,44.281264],[-71.277134,44.281323],[-71.277233,44.281569],[-71.277551,44.281776],[-71.278264,44.281922],[-71.279252,44.281904],[-71.280346,44.281815],[-71.281922,44.281568],[-71.28246,44.281398],[-71.282904,44.281071],[-71.283572,44.280765],[-71.283791,44.280568],[-71.285064,44.280535],[-71.285378,44.280377],[-71.286478,44.27936],[-71.28713,44.279143],[-71.288709,44.278804],[-71.290446,44.278616],[-71.290921,44.278792],[-71.291285,44.278765],[-71.292281,44.278171],[-71.293467,44.277265],[-71.294028,44.277059],[-71.29523,44.276421],[-71.296292,44.276197],[-71.296871,44.275981],[-71.297068,44.275844],[-71.297239,44.27555],[-71.297577,44.275305],[-71.298138,44.275109],[-71.298349,44.274831],[-71.299917,44.273981],[-71.300327,44.273834],[-71.300512,44.27365],[-71.301576,44.273035],[-71.302156,44.272534],[-71.302658,44.271877],[-71.302893,44.271364],[-71.302926,44.271091],[-71.302731,44.271028],[-71.302807,44.270836]]}},
{"type":"Feature","properties":{"mountain_slug":"mount-washington","name":"New Path","length_km":2.03,"elevation_gain_m":408,"source":"© OpenStreetMap contributors (ODbL), via Overture Maps"},"geometry":{"type":"LineString","coordinates":[[-71.148497,44.157773],[-71.147545,44.158295],[-71.146528,44.159258],[-71.146163,44.159281],[-71.145573,44.159156],[-71.144744,44.158546],[-71.144215,44.158435],[-71.14391,44.15845],[-71.143069,44.158677],[-71.141979,44.159147],[-71.140398,44.159302],[-71.139487,44.159538],[-71.138316,44.159281],[-71.137816,44.159348],[-71.13693,44.159269],[-71.135678,44.158969],[-71.135092,44.159144],[-71.135003,44.15929],[-71.134808,44.159348],[-71.134218,44.159342],[-71.132458,44.160491],[-71.132015,44.160561],[-71.13158,44.161207],[-71.132066,44.161516],[-71.132093,44.161584],[-71.13189,44.161804],[-71.131898,44.162046],[-71.132208,44.162592],[-71.132094,44.162813],[-71.132163,44.163609],[-71.131878,44.163933],[-71.131622,44.164632]]}},
{"type":"Feature","properties":{"mountain_slug":"mount-washington","name":"Nineteen Mile Brook Trail","length_km":5.69,"elevation_gain_m":584,"source":"© OpenStreetMap contributors (ODbL), via Overture Maps"},"geometry":{"type":"LineString","coordinates":[[-71.221067,44.302286],[-71.220867,44.302233],[-71.220858,44.302],[-71.220256,44.301462],[-71.220061,44.300968],[-71.219511,44.300724],[-71.219006,44.300309],[-71.218814,44.300021],[-71.218762,44.299298],[-71.218606,44.299109],[-71.218201,44.298925],[-71.217708,44.298115],[-71.217022,44.29746],[-71.215587,44.296629],[-71.215335,44.29619],[-71.215149,44.295349],[-71.214503,44.294053],[-71.214526,44.293522],[-71.214294,44.292997],[-71.213839,44.292898],[-71.213599,44.29308],[-71.213459,44.29297],[-71.21255,44.29272],[-71.211431,44.292227],[-71.210802,44.291593],[-71.210515,44.291483],[-71.210287,44.291144],[-71.210015,44.290993],[-71.210006,44.290706],[-71.208916,44.289798],[-71.207467,44.28842],[-71.206866,44.287584],[-71.205696,44.286577],[-71.204283,44.285012],[-71.202414,44.283689],[-71.20043,44.281285],[-71.200474,44.280949],[-71.200402,44.280859],[-71.19874,44.280113],[-71.198312,44.279789],[-71.198144,44.279328],[-71.198358,44.279183],[-71.198391,44.278672],[-71.199002,44.277861],[-71.199662,44.276213],[-71.199811,44.274229],[-71.199173,44.273303],[-71.198852,44.272319],[-71.198748,44.271261],[-71.198356,44.270348],[-71.197106,44.268883],[-71.196905,44.268265],[-71.196409,44.268116],[-71.196021,44.26761],[-71.195878,44.266616],[-71.195566,44.265809],[-71.195773,44.265053],[-71.195593,44.264253],[-71.195706,44.263963],[-71.195673,44.263715],[-71.195876,44.263451],[-71.195867,44.263255],[-71.196273,44.262824],[-71.196362,44.26261],[-71.196255,44.262338],[-71.19561,44.261826],[-71.195613,44.261656],[-71.195474,44.261481],[-71.195455,44.261072],[-71.19464,44.260873],[-71.194494,44.260691],[-71.194465,44.260492],[-71.194738,44.260179]]}},
{"type":"Feature","properties":{"mountain_slug":"mount-washington","name":"North Carter Trail","length_km":1.74,"elevation_gain_m":377,"source":"© OpenStreetMap contributors (ODbL), via Overture Maps"},"geometry":{"type":"LineString","coordinates":[[-71.185967,44.313258],[-71.186056,44.313177],[-71.186016,44.313065],[-71.185625,44.312598],[-71.184979,44.312387],[-71.18425,44.311933],[-71.183761,44.311303],[-71.183526,44.311134],[-71.183117,44.310516],[-71.182332,44.310208],[-71.18095,44.310064],[-71.180097,44.309583],[-71.179894,44.30958],[-71.178961,44.309878],[-71.178096,44.309845],[-71.177666,44.310032],[-71.177257,44.310083],[-71.176578,44.310309],[-71.175476,44.31045],[-71.174597,44.310436],[-71.173716,44.310324],[-71.173042,44.310576],[-71.172782,44.310465],[-71.172667,44.310484],[-71.172249,44.310696],[-71.171986,44.310711],[-71.171538,44.310895],[-71.171179,44.310828],[-71.17068,44.31094],[-71.170061,44.310855],[-71.169365,44.310492],[-71.168533,44.310282],[-71.16821,44.310118],[-71.167786,44.310063]]}},
{"type":"Feature","properties":{"mountain_slug":"mount-washington","name":"Notchway Trail","length_km":0.74,"elevation_gain_m":32,"source":"© OpenStreetMap contributors (ODbL), via Overture Maps"},"geometry":{"type":"LineString","coordinates":[[-71.2946,44.385943],[-71.294518,44.385367],[-71.294623,44.384828],[-71.295143,44.385014],[-71.295208,44.384822],[-71.29485,44.384416],[-71.294907,44.384241],[-71.295403,44.384032],[-71.295623,44.383788],[-71.295737,44.383428],[-71.296395,44.383282],[-71.296794,44.382922],[-71.297929,44.382304],[-71.298326,44.381595],[-71.29831,44.381123]]}},
{"type":"Feature","properties":{"mountain_slug":"mount-washington","name":"Old Jackson Road","length_km":2.53,"elevation_gain_m":211,"source":"© OpenStreetMap contributors (ODbL), via Overture Maps"},"geometry":{"type":"LineString","coordinates":[[-71.253313,44.257974],[-71.252958,44.258625],[-71.252469,44.260012],[-71.252556,44.260602],[-71.252981,44.261208],[-71.253471,44.262637],[-71.254688,44.263937],[-71.254893,44.26406],[-71.255053,44.264527],[-71.254988,44.26472],[-71.254544,44.265252],[-71.253486,44.265658],[-71.253296,44.265863],[-71.253042,44.266485],[-71.252936,44.26779],[-71.253243,44.268863],[-71.253087,44.269708],[-71.253142,44.27036],[-71.253394,44.27094],[-71.25331,44.271602],[-71.253398,44.272476],[-71.253849,44.273716],[-71.253659,44.274437],[-71.253726,44.276172],[-71.253501,44.276766],[-71.253438,44.278274],[-71.253876,44.278292],[-71.254385,44.278971]]}},
{"type":"Feature","properties":{"mountain_slug":"mount-washington","name":"Old Path","length_km":1.24,"elevation_gain_m":350,"source":"© OpenStreetMap contributors (ODbL), via Overture Maps"},"geometry":{"type":"LineString","coordinates":[[-71.140999,44.163581],[-71.140622,44.163546],[-71.1403,44.163426],[-71.13918,44.163305],[-71.13853,44.163335],[-71.137891,44.16348],[-71.137578,44.163433],[-71.136896,44.163781],[-71.136569,44.163593],[-71.135472,44.16366],[-71.133818,44.164964],[-71.131622,44.164632],[-71.131352,44.165142],[-71.131369,44.165353],[-71.131136,44.165683],[-71.131189,44.166081],[-71.13098,44.166579],[-71.131026,44.167092],[-71.130304,44.167564],[-71.130296,44.167784]]}},
{"type":"Feature","properties":{"mountain_slug":"mount-washington","name":"Old River Road","length_km":3.58,"elevation_gain_m":126,"source":"© OpenStreetMap contributors (ODbL), via Overture Maps"},"geometry":{"type":"LineString","coordinates":[[-71.213321,44.397744],[-71.213701,44.397701],[-71.213926,44.39703],[-71.214538,44.396762],[-71.215857,44.39703],[-71.216689,44.397072],[-71.217349,44.397248],[-71.217826,44.39721],[-71.220347,44.396256],[-71.220814,44.395865],[-71.22149,44.394964],[-71.221678,44.394623],[-71.221611,44.394294],[-71.220575,44.393463],[-71.219457,44.393135],[-71.219293,44.392994],[-71.21913,44.392331],[-71.219127,44.391414],[-71.219607,44.390594],[-71.220044,44.390055],[-71.220326,44.388969],[-71.22101,44.387449],[-71.220954,44.386697],[-71.220709,44.386598],[-71.220551,44.386642],[-71.219838,44.38752],[-71.219434,44.387821],[-71.219264,44.387655],[-71.218778,44.387917],[-71.218686,44.388075],[-71.218089,44.388392],[-71.217897,44.388579],[-71.217614,44.388634],[-71.217441,44.388901],[-71.217715,44.38942],[-71.217554,44.389697],[-71.21734,44.389727],[-71.217079,44.389893],[-71.216839,44.389648],[-71.216587,44.389673],[-71.216345,44.390368],[-71.21567,44.39095],[-71.215417,44.391311],[-71.215364,44.391698],[-71.214854,44.392051],[-71.214672,44.392351],[-71.215243,44.392125],[-71.215594,44.392104],[-71.215828,44.392549],[-71.216447,44.392604],[-71.216925,44.392886],[-71.217483,44.393064],[-71.217531,44.392934],[-71.21741,44.392798],[-71.217408,44.392627],[-71.217518,44.391688],[-71.217754,44.39155],[-71.217952,44.391662],[-71.218413,44.392624],[-71.218598,44.39326],[-71.218837,44.393457]]}},
{"type":"Feature","properties":{"mountain_slug":"mount-washington","name":"Old Trail (Decomissioned)","length_km":0.5,"elevation_gain_m":35,"source":"© OpenStreetMap contributors (ODbL), via Overture Maps"},"geometry":{"type":"LineString","coordinates":[[-71.179843,44.353364],[-71.17948,44.352986],[-71.176862,44.351473],[-71.175441,44.350886],[-71.175143,44.350499]]}},
{"type":"Feature","properties":{"mountain_slug":"mount-washington","name":"Orchard Trail","length_km":1.0,"elevation_gain_m":28,"source":"© OpenStreetMap contributors (ODbL), via Overture Maps"},"geometry":{"type":"LineString","coordinates":[[-71.208574,44.216033],[-71.209036,44.215694],[-71.209587,44.215521],[-71.210967,44.215261],[-71.211859,44.215149],[-71.212555,44.215157],[-71.213437,44.215016],[-71.21408,44.214792],[-71.214589,44.214465],[-71.214994,44.21413],[-71.215305,44.213677],[-71.216374,44.213059],[-71.217712,44.212911],[-71.21824,44.213082],[-71.218469,44.213012],[-71.218375,44.21281],[-71.217712,44.212911]]}},
{"type":"Feature","properties":{"mountain_slug":"mount-washington","name":"Osgood Cut-Off","length_km":0.86,"elevation_gain_m":72,"source":"© OpenStreetMap contributors (ODbL), via Overture Maps"},"geometry":{"type":"LineString","coordinates":[[-71.261333,44.305106],[-71.261755,44.305808],[-71.261552,44.306029],[-71.261327,44.306105],[-71.262014,44.306638],[-71.26175,44.306983],[-71.26018,44.307058],[-71.259482,44.307304],[-71.258674,44.307363],[-71.256759,44.308094],[-71.256426,44.308106],[-71.256,44.30844],[-71.25501,44.308698]]}},
{"type":"Feature","properties":{"mountain_slug":"mount-washington","name":"Osgood Trail","length_km":5.19,"elevation_gain_m":1058,"source":"© OpenStreetMap contributors (ODbL), via Overture Maps"},"geometry":{"type":"LineString","coordinates":[[-71.246594,44.302474],[-71.247143,44.302803],[-71.247849,44.302952],[-71.248438,44.303328],[-71.248791,44.303432],[-71.249144,44.303516],[-71.24957,44.303425],[-71.249951,44.303438],[-71.251228,44.303736],[-71.251563,44.303905],[-71.252596,44.304041],[-71.253592,44.304527],[-71.253864,44.304741],[-71.254462,44.304877],[-71.254507,44.305013],[-71.255521,44.305383],[-71.255793,44.305895],[-71.2563,44.306407],[-71.256328,44.306932],[-71.256237,44.307159],[-71.25582,44.307457],[-71.255467,44.307911],[-71.25501,44.308698],[-71.255136,44.309098],[-71.25529,44.309258],[-71.255819,44.309485],[-71.256439,44.309595],[-71.256787,44.309822],[-71.257369,44.311561],[-71.25784,44.312597],[-71.257705,44.313154],[-71.257492,44.313452],[-71.257335,44.313927],[-71.257496,44.314526],[-71.257692,44.314758],[-71.258267,44.314999],[-71.25853,44.315562],[-71.258592,44.315651],[-71.258826,44.315711],[-71.258954,44.316004],[-71.25961,44.316195],[-71.25992,44.316476],[-71.260189,44.317819],[-71.260331,44.317892],[-71.260306,44.318015],[-71.260617,44.318342],[-71.260771,44.319022],[-71.261027,44.319247],[-71.261178,44.31954],[-71.2611,44.320218],[-71.261329,44.320748],[-71.261146,44.321172],[-71.261411,44.321609],[-71.262743,44.322445],[-71.262978,44.322847],[-71.263193,44.322908],[-71.263857,44.323507],[-71.265047,44.324989],[-71.265387,44.325113],[-71.265587,44.32536],[-71.265956,44.325372],[-71.266241,44.325881],[-71.267722,44.326618],[-71.268482,44.327152],[-71.268683,44.327408],[-71.269788,44.32799],[-71.270024,44.328251],[-71.270461,44.328319],[-71.271513,44.328908],[-71.27206,44.329422],[-71.272538,44.329424],[-71.273303,44.32956],[-71.273776,44.329486],[-71.274055,44.329359],[-71.274323,44.329467],[-71.274575,44.329212],[-71.275578,44.329042],[-71.275858,44.328901],[-71.276379,44.328878],[-71.277285,44.328707],[-71.277683,44.328572],[-71.278207,44.328226],[-71.278943,44.328026],[-71.280382,44.328051],[-71.280727,44.327967],[-71.281339,44.328042],[-71.281802,44.327908],[-71.282543,44.32825],[-71.283338,44.327943]]}},
{"type":"Feature","properties":{"mountain_slug":"mount-washington","name":"Outlook","length_km":0.28,"elevation_gain_m":12,"source":"© OpenStreetMap contributors (ODbL), via Overture Maps"},"geometry":{"type":"LineString","coordinates":[[-71.435578,44.251598],[-71.435903,44.251555],[-71.436592,44.2518],[-71.436838,44.251688],[-71.436993,44.250938],[-71.436776,44.250587],[-71.436446,44.250285]]}},
{"type":"Feature","properties":{"mountain_slug":"mount-washington","name":"Owl's Head Trail","length_km":2.99,"elevation_gain_m":465,"source":"© OpenStreetMap contributors (ODbL), via Overture Maps","note":"Longest of 2 OpenStreetMap pieces with this name that do not join into one line (3.0 of 3.3 km in the bbox)."},"geometry":{"type":"LineString","coordinates":[[-71.488044,44.3602],[-71.487633,44.360223],[-71.487,44.360045],[-71.485158,44.359929],[-71.484568,44.359816],[-71.48393,44.360275],[-71.483625,44.360397],[-71.483247,44.360339],[-71.482971,44.360002],[-71.482592,44.358124],[-71.48282,44.357804],[-71.483613,44.357827],[-71.484426,44.357737],[-71.485296,44.357435],[-71.485438,44.356453],[-71.486199,44.355627],[-71.486345,44.35515],[-71.486821,44.354691],[-71.487626,44.354191],[-71.487833,44.353816],[-71.488528,44.353002],[-71.488898,44.352284],[-71.489674,44.352008],[-71.489784,44.351423],[-71.489589,44.350046],[-71.489772,44.349074],[-71.48961,44.348005],[-71.489967,44.346438],[-71.490642,44.345597],[-71.490882,44.344777],[-71.491394,44.344295],[-71.491736,44.343676],[-71.491512,44.343129],[-71.491211,44.34269],[-71.491045,44.34198],[-71.491146,44.341841],[-71.492,44.341919],[-71.493,44.341844]]}},
{"type":"Feature","properties":{"mountain_slug":"mount-washington","name":"Parapet Trail","length_km":1.33,"elevation_gain_m":66,"source":"© OpenStreetMap contributors (ODbL), via Overture Maps"},"geometry":{"type":"LineString","coordinates":[[-71.269394,44.327815],[-71.269936,44.327744],[-71.271872,44.327858],[-71.272543,44.327786],[-71.273297,44.32737],[-71.273538,44.327051],[-71.275099,44.326817],[-71.275765,44.326473],[-71.276294,44.326348],[-71.277159,44.326472],[-71.278803,44.326401],[-71.279246,44.326505],[-71.279692,44.326508],[-71.280122,44.326341],[-71.280419,44.32634],[-71.281236,44.325973],[-71.281744,44.325891],[-71.282131,44.325544],[-71.282855,44.325143],[-71.28331,44.325016],[-71.28355,44.325258],[-71.283701,44.325817]]}},
{"type":"Feature","properties":{"mountain_slug":"mount-washington","name":"Pasture Path","length_km":2.26,"elevation_gain_m":154,"source":"© OpenStreetMap contributors (ODbL), via Overture Maps"},"geometry":{"type":"LineString","coordinates":[[-71.280369,44.385959],[-71.280857,44.386342],[-71.281265,44.386484],[-71.28186,44.386527],[-71.283971,44.386554],[-71.294501,44.386414],[-71.294502,44.386094],[-71.2946,44.385943],[-71.296559,44.385885],[-71.297055,44.385827],[-71.297746,44.385618],[-71.298389,44.385304],[-71.299608,44.384313],[-71.300296,44.383894],[-71.300968,44.383747],[-71.30309,44.382572],[-71.305964,44.38161]]}},
{"type":"Feature","properties":{"mountain_slug":"mount-washington","name":"Pasture Trail","length_km":0.83,"elevation_gain_m":18,"source":"© OpenStreetMap contributors (ODbL), via Overture Maps"},"geometry":{"type":"LineString","coordinates":[[-71.266398,44.386643],[-71.269486,44.386462],[-71.270633,44.386472],[-71.272881,44.386242],[-71.276107,44.386327],[-71.276462,44.386129],[-71.276706,44.386084]]}},
{"type":"Feature","properties":{"mountain_slug":"mount-washington","name":"Pat Down","length_km":0.65,"elevation_gain_m":66,"source":"© OpenStreetMap contributors (ODbL), via Overture Maps"},"geometry":{"type":"LineString","coordinates":[[-71.197742,44.392192],[-71.197769,44.39185],[-71.198105,44.391836],[-71.198535,44.391703],[-71.198644,44.391594],[-71.198901,44.391536],[-71.199007,44.391341],[-71.19949,44.391326],[-71.199726,44.391223],[-71.199592,44.391031],[-71.198546,44.390778],[-71.198293,44.390563],[-71.198758,44.390582],[-71.198525,44.390425],[-71.198348,44.390157],[-71.198375,44.390054],[-71.198808,44.390185],[-71.198794,44.389961],[-71.198992,44.389567],[-71.198788,44.389337],[-71.198959,44.389141]]}},
{"type":"Feature","properties":{"mountain_slug":"mount-washington","name":"Peek Path","length_km":1.07,"elevation_gain_m":104,"source":"© OpenStreetMap contributors (ODbL), via Overture Maps"},"geometry":{"type":"LineString","coordinates":[[-71.287107,44.391522],[-71.287342,44.391606],[-71.287527,44.39187],[-71.287842,44.391893],[-71.289099,44.392324],[-71.289117,44.392549],[-71.289986,44.392791],[-71.290004,44.392888],[-71.289776,44.393376],[-71.289462,44.393698],[-71.289434,44.393945],[-71.288366,44.395003],[-71.287921,44.395741],[-71.287158,44.3965],[-71.287018,44.396908],[-71.286476,44.397335],[-71.286093,44.397815],[-71.28529,44.398296],[-71.284769,44.398498]]}},
{"type":"Feature","properties":{"mountain_slug":"mount-washington","name":"Perch Path","length_km":0.69,"elevation_gain_m":76,"source":"© OpenStreetMap contributors (ODbL), via Overture Maps"},"geometry":{"type":"LineString","coordinates":[[-71.313672,44.323406],[-71.313001,44.323878],[-71.311349,44.324267],[-71.310722,44.325041],[-71.310527,44.32553],[-71.310457,44.326563],[-71.309869,44.328374]]}},
{"type":"Feature","properties":{"mountain_slug":"mount-washington","name":"Perimeter","length_km":2.64,"elevation_gain_m":35,"source":"© OpenStreetMap contributors (ODbL), via Overture Maps"},"geometry":{"type":"LineString","coordinates":[[-71.428639,44.248169],[-71.432097,44.250808],[-71.433696,44.251463],[-71.434351,44.251817],[-71.435926,44.252384],[-71.436548,44.253277],[-71.436386,44.25344],[-71.435984,44.253631],[-71.435953,44.253721],[-71.436542,44.25439],[-71.437095,44.254528],[-71.437005,44.254633],[-71.436902,44.255536],[-71.43739,44.257516],[-71.437347,44.257775],[-71.437044,44.258076],[-71.434468,44.257926],[-71.433529,44.258249],[-71.431859,44.258595],[-71.430529,44.258048],[-71.430222,44.25771],[-71.429883,44.256157],[-71.430113,44.255487],[-71.430405,44.254993],[-71.430771,44.254766],[-71.429983,44.254525],[-71.428325,44.254858]]}},
{"type":"Feature","properties":{"mountain_slug":"mount-washington","name":"Perkins Path","length_km":0.83,"elevation_gain_m":43,"source":"© OpenStreetMap contributors (ODbL), via Overture Maps"},"geometry":{"type":"LineString","coordinates":[[-71.228596,44.401119],[-71.229022,44.401234],[-71.229338,44.401234],[-71.229799,44.401579],[-71.229805,44.401859],[-71.229472,44.402541],[-71.229252,44.402794],[-71.229199,44.403062],[-71.229408,44.403726],[-71.229703,44.404159],[-71.229955,44.404281],[-71.230449,44.404358],[-71.230615,44.404618],[-71.230765,44.404684],[-71.23121,44.404691],[-71.231639,44.404891],[-71.232267,44.405343],[-71.233222,44.405561],[-71.233656,44.405799],[-71.233815,44.406]]}},
{"type":"Feature","properties":{"mountain_slug":"mount-washington","name":"Peter's Path","length_km":0.99,"elevation_gain_m":28,"source":"© OpenStreetMap contributors (ODbL), via Overture Maps"},"geometry":{"type":"LineString","coordinates":[[-71.419633,44.234492],[-71.419913,44.235068],[-71.419658,44.235904],[-71.41987,44.236599],[-71.420416,44.237101],[-71.420727,44.237644],[-71.420522,44.237953],[-71.420557,44.238258],[-71.419665,44.238851],[-71.419354,44.23882],[-71.418844,44.238907],[-71.41728,44.238795],[-71.416912,44.239099],[-71.415687,44.239723],[-71.415786,44.240205],[-71.415466,44.240351]]}},
{"type":"Feature","properties":{"mountain_slug":"mount-washington","name":"Pine Link","length_km":1.74,"elevation_gain_m":249,"source":"© OpenStreetMap contributors (ODbL), via Overture Maps"},"geometry":{"type":"LineString","coordinates":[[-71.265689,44.336185],[-71.268592,44.335082],[-71.269172,44.334616],[-71.269531,44.334438],[-71.269943,44.333932],[-71.27033,44.333766],[-71.270728,44.333717],[-71.271202,44.333428],[-71.27208,44.333164],[-71.273284,44.332975],[-71.274573,44.332437],[-71.275141,44.332437],[-71.275678,44.33207],[-71.277324,44.331246],[-71.27801,44.331153],[-71.279013,44.33065],[-71.279661,44.330372],[-71.279997,44.330324],[-71.280772,44.329894],[-71.281458,44.329645],[-71.281683,44.32952],[-71.282087,44.329054],[-71.282412,44.328834],[-71.282715,44.328759],[-71.282795,44.328616],[-71.283209,44.328382],[-71.283135,44.328001]]}},
{"type":"Feature","properties":{"mountain_slug":"mount-washington","name":"Pine Link Trail","length_km":3.36,"elevation_gain_m":678,"source":"© OpenStreetMap contributors (ODbL), via Overture Maps"},"geometry":{"type":"LineString","coordinates":[[-71.23151,44.353903],[-71.231732,44.353577],[-71.231487,44.352604],[-71.231186,44.351945],[-71.231036,44.351108],[-71.231755,44.35045],[-71.231899,44.349872],[-71.232732,44.349445],[-71.234657,44.348706],[-71.23646,44.347462],[-71.237138,44.347242],[-71.237588,44.346716],[-71.238051,44.346586],[-71.238658,44.346572],[-71.239212,44.346357],[-71.240059,44.346238],[-71.241171,44.345724],[-71.241684,44.345851],[-71.242282,44.345811],[-71.243207,44.345624],[-71.244654,44.344575],[-71.245719,44.344488],[-71.24641,44.344234],[-71.246943,44.343827],[-71.247643,44.343493],[-71.248587,44.342798],[-71.248699,44.342571],[-71.249184,44.342398],[-71.250342,44.341656],[-71.252304,44.340855],[-71.252687,44.340928],[-71.253154,44.340895],[-71.254097,44.340634],[-71.255227,44.340781],[-71.256974,44.340694],[-71.257432,44.340607],[-71.258982,44.340133],[-71.259748,44.339592],[-71.260122,44.339458],[-71.261044,44.338633],[-71.261557,44.338524],[-71.261924,44.338657],[-71.262122,44.338648]]}},
{"type":"Feature","properties":{"mountain_slug":"mount-washington","name":"Pine Mountain Loop Trail","length_km":0.29,"elevation_gain_m":29,"source":"© OpenStreetMap contributors (ODbL), via Overture Maps"},"geometry":{"type":"LineString","coordinates":[[-71.216295,44.368598],[-71.216028,44.368408],[-71.215532,44.368327],[-71.215118,44.368606],[-71.214215,44.368955],[-71.213857,44.36921],[-71.213289,44.369435]]}},
{"type":"Feature","properties":{"mountain_slug":"mount-washington","name":"Pine Mountain Trail","length_km":5.01,"elevation_gain_m":514,"source":"© OpenStreetMap contributors (ODbL), via Overture Maps"},"geometry":{"type":"LineString","coordinates":[[-71.185279,44.388664],[-71.185702,44.387953],[-71.18678,44.387429],[-71.18898,44.388494],[-71.189393,44.388184],[-71.189624,44.387783],[-71.19066,44.386759],[-71.190885,44.386426],[-71.190832,44.386134],[-71.189836,44.384496],[-71.190083,44.384282],[-71.190898,44.383914],[-71.192443,44.383377],[-71.192658,44.382978],[-71.192915,44.382779],[-71.193377,44.381951],[-71.193559,44.38179],[-71.194031,44.381644],[-71.19401,44.381253],[-71.193677,44.380486],[-71.193634,44.379712],[-71.193699,44.379489],[-71.194289,44.378791],[-71.194503,44.378324],[-71.194911,44.378101],[-71.19564,44.377956],[-71.196585,44.377917],[-71.197679,44.377733],[-71.198945,44.377726],[-71.200436,44.377457],[-71.201252,44.377534],[-71.201659,44.377427],[-71.202775,44.376859],[-71.203387,44.376798],[-71.204653,44.376368],[-71.205951,44.375663],[-71.206305,44.375203],[-71.206895,44.374658],[-71.207796,44.374213],[-71.208451,44.373554],[-71.208633,44.373209],[-71.209556,44.372488],[-71.209706,44.372074],[-71.209953,44.371859],[-71.210747,44.371437],[-71.211669,44.371215],[-71.212045,44.370862],[-71.212152,44.370716],[-71.211927,44.370095],[-71.212796,44.369366],[-71.21315,44.369474],[-71.213289,44.369435],[-71.213257,44.369297],[-71.213772,44.368546],[-71.213912,44.367395],[-71.214062,44.367165],[-71.214655,44.366796],[-71.21491,44.366513],[-71.21521,44.366368],[-71.215306,44.366199],[-71.215317,44.365762],[-71.215521,44.365516],[-71.216626,44.365324],[-71.216851,44.365179],[-71.216905,44.364841],[-71.216519,44.36465],[-71.216637,44.364442],[-71.217817,44.36399],[-71.218203,44.364044],[-71.219072,44.364565],[-71.219265,44.364588],[-71.219373,44.363867],[-71.219201,44.363522],[-71.219233,44.363361],[-71.219866,44.362663],[-71.22031,44.362327]]}},
{"type":"Feature","properties":{"mountain_slug":"mount-washington","name":"Pond Loop Trail","length_km":0.26,"elevation_gain_m":8,"source":"© OpenStreetMap contributors (ODbL), via Overture Maps"},"geometry":{"type":"LineString","coordinates":[[-71.397746,44.182313],[-71.397768,44.182832],[-71.397576,44.183254],[-71.397409,44.183346],[-71.397215,44.183289],[-71.397145,44.183183],[-71.397123,44.183071],[-71.397346,44.182742],[-71.397163,44.182299]]}},
{"type":"Feature","properties":{"mountain_slug":"mount-washington","name":"Pond Loops","length_km":1.05,"elevation_gain_m":44,"source":"© OpenStreetMap contributors (ODbL), via Overture Maps","note":"Joined across 103 m of Loop to Pond, Main Route to Pond, Pond Loops."},"geometry":{"type":"LineString","coordinates":[[-71.149435,44.146016],[-71.149991,44.145898],[-71.151136,44.146497],[-71.151516,44.146584],[-71.151531,44.146952],[-71.151299,44.147037],[-71.151128,44.146988],[-71.150514,44.147365],[-71.150658,44.147554],[-71.150992,44.147636],[-71.151482,44.14744],[-71.151776,44.14711],[-71.151531,44.146952],[-71.151299,44.147037],[-71.151128,44.146988],[-71.150594,44.146608],[-71.149319,44.145958],[-71.149142,44.145934],[-71.148735,44.146075],[-71.148459,44.146881],[-71.149776,44.147161],[-71.150574,44.147444]]}},
{"type":"Feature","properties":{"mountain_slug":"mount-washington","name":"Porcupine Lane","length_km":1.87,"elevation_gain_m":42,"source":"© OpenStreetMap contributors (ODbL), via Overture Maps"},"geometry":{"type":"LineString","coordinates":[[-71.406885,44.24629],[-71.406086,44.24643],[-71.405188,44.247435],[-71.404628,44.24766],[-71.402724,44.247761],[-71.401824,44.248523],[-71.401351,44.248818],[-71.401038,44.249309],[-71.401061,44.249584],[-71.401249,44.249749],[-71.401731,44.25098],[-71.401267,44.251581],[-71.401316,44.252321],[-71.401237,44.252569],[-71.400875,44.252944],[-71.400743,44.253287],[-71.400808,44.253764],[-71.401125,44.253999],[-71.402066,44.254308],[-71.402602,44.254666],[-71.402643,44.255358],[-71.402818,44.255985],[-71.403147,44.256741],[-71.403534,44.256975],[-71.403567,44.257252],[-71.403194,44.257439],[-71.403227,44.257686],[-71.403651,44.258351],[-71.404114,44.258619],[-71.404375,44.258891]]}},
{"type":"Feature","properties":{"mountain_slug":"mount-washington","name":"Presidential Rail Trail","length_km":26.32,"elevation_gain_m":539,"source":"© OpenStreetMap contributors (ODbL), via Overture Maps"},"geometry":{"type":"LineString","coordinates":[[-71.2134,44.400056],[-71.216984,44.399711],[-71.218699,44.399216],[-71.219401,44.398894],[-71.222783,44.396861],[-71.223663,44.395989],[-71.223922,44.39545],[-71.224008,44.395014],[-71.223975,44.394523],[-71.223781,44.393971],[-71.223122,44.393182],[-71.22181,44.392132],[-71.221383,44.391537],[-71.221189,44.390788],[-71.221209,44.390342],[-71.221372,44.389822],[-71.223608,44.38601],[-71.2239,44.385277],[-71.224015,44.38393],[-71.223906,44.383435],[-71.223309,44.382328],[-71.223242,44.381953],[-71.223357,44.381514],[-71.223768,44.380977],[-71.224295,44.380656],[-71.224956,44.380451],[-71.226611,44.380281],[-71.227326,44.38007],[-71.22781,44.37982],[-71.228284,44.379395],[-71.228606,44.378596],[-71.228146,44.376931],[-71.228154,44.376358],[-71.228541,44.375455],[-71.229305,44.374674],[-71.230638,44.373933],[-71.231193,44.373487],[-71.233316,44.369808],[-71.234013,44.368753],[-71.236695,44.366827],[-71.237301,44.366566],[-71.238069,44.366473],[-71.23866,44.366506],[-71.240854,44.367103],[-71.241556,44.367211],[-71.245226,44.366908],[-71.246854,44.366896],[-71.262189,44.370576],[-71.263971,44.370869],[-71.278089,44.37115],[-71.290397,44.371246],[-71.295727,44.370565],[-71.298462,44.37018],[-71.299198,44.370016],[-71.299756,44.369838],[-71.302894,44.368453],[-71.307232,44.36745],[-71.319779,44.36347],[-71.321105,44.363205],[-71.331004,44.361828],[-71.332248,44.361473],[-71.340674,44.358262],[-71.342333,44.357826],[-71.359152,44.355581],[-71.366695,44.355631],[-71.38121,44.354872],[-71.38208,44.354953],[-71.38347,44.355361],[-71.406057,44.362409],[-71.407728,44.36308],[-71.410379,44.364797],[-71.41139,44.365351],[-71.412143,44.365578],[-71.415418,44.36613],[-71.415863,44.366283],[-71.416805,44.366732],[-71.421105,44.369122],[-71.421708,44.369375],[-71.422389,44.36958],[-71.423697,44.369806],[-71.427642,44.370137],[-71.435814,44.372218],[-71.440164,44.372582],[-71.442151,44.372666],[-71.458378,44.371802],[-71.459726,44.371613],[-71.465303,44.369587],[-71.466111,44.369461],[-71.478022,44.368955],[-71.479636,44.368814],[-71.484525,44.368021],[-71.48502,44.367996],[-71.486067,44.368003],[-71.48732,44.368311],[-71.48859,44.36903],[-71.490042,44.370015],[-71.490798,44.370396],[-71.491585,44.370734],[-71.493,44.371083]]}},
{"type":"Feature","properties":{"mountain_slug":"mount-washington","name":"Pumphouse Loop","length_km":2.02,"elevation_gain_m":41,"source":"© OpenStreetMap contributors (ODbL), via Overture Maps"},"geometry":{"type":"LineString","coordinates":[[-71.213926,44.39703],[-71.212655,44.397356],[-71.212027,44.39734],[-71.2117,44.397221],[-71.210927,44.396723],[-71.210037,44.396505],[-71.209586,44.396485],[-71.208905,44.39624],[-71.207816,44.395999],[-71.206588,44.396045],[-71.206196,44.395884],[-71.205676,44.395991],[-71.205493,44.395937],[-71.204485,44.395964],[-71.203128,44.395535],[-71.20272,44.395566],[-71.202258,44.395462],[-71.202226,44.395512],[-71.202173,44.395934],[-71.202285,44.395989],[-71.203323,44.396183],[-71.20375,44.396116],[-71.20493,44.396231],[-71.205244,44.396326],[-71.205622,44.396288],[-71.206528,44.396526],[-71.207615,44.396462],[-71.208248,44.396539],[-71.208556,44.396451],[-71.208833,44.396466],[-71.209385,44.396669],[-71.209892,44.397078],[-71.211228,44.397442],[-71.211702,44.39749],[-71.212394,44.397881],[-71.212987,44.397923],[-71.213321,44.397744]]}},
{"type":"Feature","properties":{"mountain_slug":"mount-washington","name":"Rail Path","length_km":0.71,"elevation_gain_m":12,"source":"© OpenStreetMap contributors (ODbL), via Overture Maps"},"geometry":{"type":"LineString","coordinates":[[-71.180889,44.387899],[-71.178655,44.387469],[-71.177555,44.386754],[-71.176971,44.386486],[-71.175978,44.38619],[-71.174683,44.38612],[-71.174329,44.385983],[-71.172767,44.386008]]}},
{"type":"Feature","properties":{"mountain_slug":"mount-washington","name":"Rainbow Trail","length_km":3.61,"elevation_gain_m":705,"source":"© OpenStreetMap contributors (ODbL), via Overture Maps"},"geometry":{"type":"LineString","coordinates":[[-71.158245,44.242741],[-71.15758,44.242941],[-71.157386,44.243133],[-71.15699,44.243329],[-71.156684,44.243975],[-71.157719,44.245616],[-71.157998,44.245904],[-71.15869,44.246115],[-71.159007,44.246384],[-71.159924,44.247729],[-71.160278,44.247979],[-71.160316,44.248348],[-71.161136,44.248917],[-71.161356,44.249224],[-71.161651,44.249382],[-71.16208,44.249439],[-71.163212,44.250046],[-71.163931,44.250317],[-71.164526,44.250672],[-71.165233,44.250905],[-71.16575,44.251326],[-71.166097,44.251392],[-71.166479,44.251716],[-71.16764,44.252309],[-71.167958,44.25272],[-71.169098,44.253582],[-71.169495,44.254702],[-71.17014,44.255331],[-71.171264,44.256285],[-71.17147,44.256338],[-71.171906,44.256653],[-71.172678,44.25683],[-71.172857,44.25726],[-71.17306,44.257454],[-71.173076,44.257922],[-71.17326,44.25808],[-71.174239,44.25956],[-71.174582,44.259914],[-71.175056,44.260132],[-71.175411,44.260589],[-71.175873,44.260969],[-71.176129,44.261366],[-71.176533,44.262282],[-71.176733,44.263023],[-71.176677,44.264429],[-71.17693,44.265437],[-71.17746,44.266895],[-71.177753,44.267151],[-71.177953,44.267198],[-71.178908,44.267116],[-71.179331,44.267425]]}},
{"type":"Feature","properties":{"mountain_slug":"mount-washington","name":"Randolph Path","length_km":5.3,"elevation_gain_m":733,"source":"© OpenStreetMap contributors (ODbL), via Overture Maps","note":"Joined across 276 m of Israel Ridge Path / Randolph Path, Lowe's Path, The Brookside, Valley Way. Longest of 2 OpenStreetMap pieces with this name that do not join into one line (5.3 of 7.9 km in the bbox)."},"geometry":{"type":"LineString","coordinates":[[-71.297191,44.349046],[-71.298216,44.346036],[-71.298403,44.345883],[-71.29892,44.345883],[-71.299083,44.345133],[-71.299522,44.344929],[-71.300254,44.344865],[-71.300883,44.344904],[-71.303246,44.344185],[-71.304929,44.342911],[-71.305312,44.342704],[-71.306517,44.342911],[-71.307582,44.342884],[-71.308768,44.343044],[-71.309693,44.342904],[-71.310571,44.342537],[-71.311514,44.342436],[-71.313379,44.341341],[-71.313846,44.34014],[-71.313926,44.339461],[-71.314575,44.338102],[-71.315504,44.33487],[-71.315821,44.334207],[-71.31565,44.333544],[-71.314016,44.330933],[-71.312503,44.327688],[-71.311381,44.326169],[-71.311202,44.325663],[-71.311096,44.324599],[-71.310926,44.324203],[-71.311098,44.322794],[-71.311029,44.320137],[-71.311076,44.319615],[-71.311252,44.319362],[-71.311539,44.318448],[-71.311427,44.318162],[-71.311214,44.317939],[-71.310046,44.317013],[-71.30979,44.316272],[-71.309798,44.316094],[-71.310069,44.315637],[-71.31074,44.31475],[-71.311317,44.313706],[-71.311703,44.313179],[-71.312391,44.312688],[-71.312359,44.311758]]}},
{"type":"Feature","properties":{"mountain_slug":"mount-washington","name":"Rattle River Trail","length_km":0.25,"elevation_gain_m":43,"source":"© OpenStreetMap contributors (ODbL), via Overture Maps"},"geometry":{"type":"LineString","coordinates":[[-71.115,44.350764],[-71.115085,44.350395],[-71.116047,44.348648]]}},
{"type":"Feature","properties":{"mountain_slug":"mount-washington","name":"Raymond Path","length_km":3.43,"elevation_gain_m":367,"source":"© OpenStreetMap contributors (ODbL), via Overture Maps"},"geometry":{"type":"LineString","coordinates":[[-71.254385,44.278971],[-71.254767,44.278834],[-71.2559,44.277942],[-71.256155,44.277659],[-71.256523,44.276939],[-71.256912,44.27661],[-71.257344,44.276037],[-71.257174,44.275302],[-71.25711,44.273827],[-71.256764,44.272601],[-71.257047,44.272033],[-71.257556,44.271927],[-71.257981,44.272109],[-71.258342,44.271967],[-71.258696,44.271937],[-71.259404,44.272018],[-71.260324,44.27184],[-71.261456,44.271405],[-71.261775,44.271161],[-71.262447,44.270867],[-71.2629,44.270766],[-71.263792,44.270011],[-71.264868,44.269256],[-71.266579,44.268838],[-71.267914,44.268358],[-71.268751,44.267474],[-71.269169,44.267198],[-71.269405,44.266844],[-71.270392,44.266422],[-71.27139,44.266207],[-71.271884,44.266007],[-71.273784,44.266223],[-71.274562,44.266191],[-71.275361,44.266293],[-71.275631,44.266504],[-71.275895,44.266582],[-71.276117,44.26652],[-71.276273,44.266264],[-71.276283,44.266017],[-71.276912,44.265263],[-71.279043,44.264517],[-71.279005,44.26442],[-71.279993,44.263899],[-71.280461,44.263851],[-71.280738,44.263498],[-71.281305,44.263405],[-71.282192,44.262853],[-71.282766,44.262227]]}},
{"type":"Feature","properties":{"mountain_slug":"mount-washington","name":"Red Bench Trail","length_km":0.43,"elevation_gain_m":18,"source":"© OpenStreetMap contributors (ODbL), via Overture Maps"},"geometry":{"type":"LineString","coordinates":[[-71.418568,44.222839],[-71.418796,44.223033],[-71.419178,44.223893],[-71.419557,44.224275],[-71.419622,44.224837],[-71.419968,44.22478],[-71.420799,44.224994],[-71.421023,44.225142],[-71.421308,44.225654]]}},
{"type":"Feature","properties":{"mountain_slug":"mount-washington","name":"River Trail","length_km":0.43,"elevation_gain_m":15,"source":"© OpenStreetMap contributors (ODbL), via Overture Maps"},"geometry":{"type":"LineString","coordinates":[[-71.21989,44.400783],[-71.220109,44.40105],[-71.220374,44.401139],[-71.221278,44.400888],[-71.222388,44.400864],[-71.222893,44.400943],[-71.223933,44.400962],[-71.224857,44.400761]]}},
{"type":"Feature","properties":{"mountain_slug":"mount-washington","name":"Rocky Branch Trail","length_km":14.49,"elevation_gain_m":669,"source":"© OpenStreetMap contributors (ODbL), via Overture Maps"},"geometry":{"type":"LineString","coordinates":[[-71.265203,44.136],[-71.267454,44.137204],[-71.268629,44.138214],[-71.271085,44.140739],[-71.273208,44.142695],[-71.27359,44.142743],[-71.27475,44.143406],[-71.275137,44.144108],[-71.27519,44.144666],[-71.277164,44.146781],[-71.27872,44.148976],[-71.27913,44.149065],[-71.27988,44.149547],[-71.280342,44.150053],[-71.280239,44.150249],[-71.280308,44.150466],[-71.28224,44.151876],[-71.284818,44.152723],[-71.286032,44.153467],[-71.286312,44.153802],[-71.286583,44.154619],[-71.287489,44.155658],[-71.287993,44.156549],[-71.288301,44.156615],[-71.288552,44.156842],[-71.288638,44.157092],[-71.288489,44.15761],[-71.28956,44.158942],[-71.28989,44.159569],[-71.290095,44.159993],[-71.290239,44.160978],[-71.289768,44.162406],[-71.289776,44.162907],[-71.288985,44.164247],[-71.288757,44.165152],[-71.288472,44.165538],[-71.288445,44.16611],[-71.288561,44.166548],[-71.287594,44.166815],[-71.287436,44.167671],[-71.287146,44.168016],[-71.286402,44.168513],[-71.286282,44.169107],[-71.286508,44.169586],[-71.287778,44.170474],[-71.289705,44.172844],[-71.290606,44.173192],[-71.291008,44.173778],[-71.290861,44.174122],[-71.291036,44.174581],[-71.291035,44.175222],[-71.291394,44.176298],[-71.292009,44.177659],[-71.292139,44.177794],[-71.292451,44.177836],[-71.292967,44.178377],[-71.293327,44.179185],[-71.293204,44.179466],[-71.293198,44.180114],[-71.292825,44.180486],[-71.291758,44.181137],[-71.291569,44.18133],[-71.291487,44.181723],[-71.292243,44.18287],[-71.29255,44.183136],[-71.294054,44.183779],[-71.294453,44.184156],[-71.295105,44.185231],[-71.295497,44.185425],[-71.296433,44.185681],[-71.296702,44.185676],[-71.297663,44.186587],[-71.298088,44.187444],[-71.298059,44.188145],[-71.297898,44.188496],[-71.298065,44.18875],[-71.298158,44.188688],[-71.298687,44.189369],[-71.29866,44.189448],[-71.298469,44.189497],[-71.298535,44.189756],[-71.298474,44.189915],[-71.298982,44.190892],[-71.298951,44.191466],[-71.298325,44.192535],[-71.298016,44.192715],[-71.296813,44.193146],[-71.296555,44.193596],[-71.296564,44.193747],[-71.295965,44.193958],[-71.295701,44.194153],[-71.295349,44.194568],[-71.295067,44.195144],[-71.294177,44.195773],[-71.293931,44.196058],[-71.293833,44.196328],[-71.293829,44.197598],[-71.293653,44.198904],[-71.294025,44.199975],[-71.293689,44.201205],[-71.293752,44.201546],[-71.293338,44.201911],[-71.293244,44.202226],[-71.29271,44.202932],[-71.292591,44.203353],[-71.291852,44.203853],[-71.290858,44.203992],[-71.290456,44.203978],[-71.288955,44.203735],[-71.288056,44.204031],[-71.287765,44.204059],[-71.28631,44.203891],[-71.285892,44.203907],[-71.284672,44.203559],[-71.283973,44.203236],[-71.28121,44.202864],[-71.28036,44.20254],[-71.280202,44.2024],[-71.279953,44.20236],[-71.279652,44.202413],[-71.279348,44.202343],[-71.278495,44.201922],[-71.277898,44.201749],[-71.276913,44.201559],[-71.276568,44.201401],[-71.275886,44.201276],[-71.274698,44.200916],[-71.273556,44.200813],[-71.272931,44.200544],[-71.272331,44.200412],[-71.271798,44.200505],[-71.271024,44.201317],[-71.270567,44.20155],[-71.269829,44.20164],[-71.269279,44.201487],[-71.267932,44.201775],[-71.267313,44.20202],[-71.266438,44.202657],[-71.265587,44.204286],[-71.264703,44.205076],[-71.264074,44.204927],[-71.263858,44.204648],[-71.263035,44.20444],[-71.262363,44.20476],[-71.261703,44.20545],[-71.261449,44.205489],[-71.260528,44.205102],[-71.260083,44.205013],[-71.259413,44.20581],[-71.259036,44.206609],[-71.258713,44.206655],[-71.258025,44.206507],[-71.257846,44.206558],[-71.257555,44.206838],[-71.257051,44.206815],[-71.255737,44.206117],[-71.255267,44.206079],[-71.254996,44.205913],[-71.254673,44.20584],[-71.254198,44.205838],[-71.253392,44.205539],[-71.252841,44.20552],[-71.252593,44.205306],[-71.252316,44.205205],[-71.25214,44.205279],[-71.251728,44.205722],[-71.251489,44.206669],[-71.250411,44.2069],[-71.249916,44.206887],[-71.24849,44.206393],[-71.24787,44.206365],[-71.247599,44.20599],[-71.247065,44.205564],[-71.246258,44.205274],[-71.245604,44.205134],[-71.244082,44.204131],[-71.243596,44.204185],[-71.243428,44.204881],[-71.243196,44.2052],[-71.243001,44.205297],[-71.242713,44.205311],[-71.242512,44.205199],[-71.242154,44.204546],[-71.241664,44.204098],[-71.241351,44.204243],[-71.241102,44.204795],[-71.240968,44.204888],[-71.240722,44.204923],[-71.240585,44.204779]]}},
{"type":"Feature","properties":{"mountain_slug":"mount-washington","name":"Saco Lake Trail","length_km":0.47,"elevation_gain_m":22,"source":"© OpenStreetMap contributors (ODbL), via Overture Maps"},"geometry":{"type":"LineString","coordinates":[[-71.409394,44.216045],[-71.409003,44.216124],[-71.408557,44.216491],[-71.40856,44.21684],[-71.408366,44.217253],[-71.408711,44.217801],[-71.408727,44.217997],[-71.408604,44.218208],[-71.408706,44.218324],[-71.40884,44.218316],[-71.409127,44.218497],[-71.409178,44.218619],[-71.409725,44.218677],[-71.41048,44.218885]]}},
{"type":"Feature","properties":{"mountain_slug":"mount-washington","name":"Saco River Trail","length_km":2.34,"elevation_gain_m":81,"source":"© OpenStreetMap contributors (ODbL), via Overture Maps","note":"Longest of 2 OpenStreetMap pieces with this name that do not join into one line (2.3 of 3.4 km in the bbox)."},"geometry":{"type":"LineString","coordinates":[[-71.359036,44.16351],[-71.35927,44.164179],[-71.360251,44.164816],[-71.361334,44.164966],[-71.363625,44.166155],[-71.365953,44.166924],[-71.366699,44.167644],[-71.366913,44.16809],[-71.367112,44.168221],[-71.368265,44.168479],[-71.369048,44.168337],[-71.370105,44.168391],[-71.370996,44.168756],[-71.37165,44.168906],[-71.373034,44.169002],[-71.37518,44.168925],[-71.376205,44.168621],[-71.376547,44.168629],[-71.379112,44.169441],[-71.380003,44.170103],[-71.380303,44.170234],[-71.380796,44.170268],[-71.381022,44.170657],[-71.381354,44.170819],[-71.381843,44.171365],[-71.382615,44.171723],[-71.383178,44.172115]]}},
{"type":"Feature","properties":{"mountain_slug":"mount-washington","name":"Sam Willey Trail","length_km":0.46,"elevation_gain_m":11,"source":"© OpenStreetMap contributors (ODbL), via Overture Maps","note":"Longest of 2 OpenStreetMap pieces with this name that do not join into one line (0.5 of 0.8 km in the bbox)."},"geometry":{"type":"LineString","coordinates":[[-71.39446,44.179154],[-71.39439,44.179518],[-71.394798,44.180434],[-71.395093,44.180628],[-71.395379,44.180628],[-71.395594,44.180543],[-71.395793,44.180908],[-71.396656,44.181685],[-71.397163,44.182299]]}},
{"type":"Feature","properties":{"mountain_slug":"mount-washington","name":"Sand Shark","length_km":0.27,"elevation_gain_m":8,"source":"© OpenStreetMap contributors (ODbL), via Overture Maps"},"geometry":{"type":"LineString","coordinates":[[-71.461579,44.26128],[-71.461168,44.261229],[-71.460829,44.260955],[-71.460882,44.260775],[-71.461396,44.260563],[-71.461504,44.260342],[-71.461786,44.260493],[-71.461771,44.260654],[-71.46192,44.260774],[-71.461986,44.260982]]}},
{"type":"Feature","properties":{"mountain_slug":"mount-washington","name":"Sargent Path","length_km":1.07,"elevation_gain_m":292,"source":"© OpenStreetMap contributors (ODbL), via Overture Maps"},"geometry":{"type":"LineString","coordinates":[[-71.305947,44.372067],[-71.306232,44.372555],[-71.306409,44.373149],[-71.306395,44.373767],[-71.306792,44.374378],[-71.30647,44.374701],[-71.306418,44.374968],[-71.306886,44.375589],[-71.307156,44.376177],[-71.308219,44.376625],[-71.308992,44.378792],[-71.309185,44.378964],[-71.30911,44.379275],[-71.309239,44.379539],[-71.308798,44.380201],[-71.308382,44.380612]]}},
{"type":"Feature","properties":{"mountain_slug":"mount-washington","name":"Scar Trail","length_km":1.24,"elevation_gain_m":245,"source":"© OpenStreetMap contributors (ODbL), via Overture Maps"},"geometry":{"type":"LineString","coordinates":[[-71.282607,44.347954],[-71.283325,44.3471],[-71.283674,44.347029],[-71.283902,44.347093],[-71.28412,44.346948],[-71.284372,44.346162],[-71.284752,44.345851],[-71.284706,44.346136],[-71.285124,44.346443],[-71.285676,44.346564],[-71.286028,44.346428],[-71.286196,44.346442],[-71.286472,44.346675],[-71.28676,44.346691],[-71.286976,44.346572],[-71.287304,44.346555],[-71.287858,44.34638],[-71.288384,44.346123],[-71.288642,44.346052],[-71.289016,44.346064],[-71.289397,44.345771],[-71.289475,44.345502],[-71.288849,44.344517],[-71.288862,44.344199],[-71.289273,44.343802],[-71.289524,44.343276],[-71.289414,44.342823],[-71.289656,44.342315],[-71.289862,44.342111]]}},
{"type":"Feature","properties":{"mountain_slug":"mount-washington","name":"Scenic vista spur","length_km":0.51,"elevation_gain_m":28,"source":"© OpenStreetMap contributors (ODbL), via Overture Maps"},"geometry":{"type":"LineString","coordinates":[[-71.138659,44.180274],[-71.138436,44.1802],[-71.138355,44.180031],[-71.138388,44.179833],[-71.138526,44.179669],[-71.138688,44.179623],[-71.138664,44.180766],[-71.138973,44.181092],[-71.140436,44.182218],[-71.140906,44.182712]]}},
{"type":"Feature","properties":{"mountain_slug":"mount-washington","name":"Sebosis","length_km":2.9,"elevation_gain_m":123,"source":"© OpenStreetMap contributors (ODbL), via Overture Maps"},"geometry":{"type":"LineString","coordinates":[[-71.428284,44.247817],[-71.427841,44.247814],[-71.427527,44.247677],[-71.427338,44.247212],[-71.427398,44.246923],[-71.427294,44.246789],[-71.426194,44.246488],[-71.425588,44.246181],[-71.424334,44.245902],[-71.423708,44.245259],[-71.423426,44.244622],[-71.422482,44.2444],[-71.421143,44.244379],[-71.420619,44.244243],[-71.420174,44.243974],[-71.419784,44.244007],[-71.419175,44.244253],[-71.418475,44.244325],[-71.418025,44.244573],[-71.417286,44.244646],[-71.41719,44.244517],[-71.416156,44.244204],[-71.415626,44.244161],[-71.415303,44.244224],[-71.41291,44.243604],[-71.411789,44.243935],[-71.411403,44.244155],[-71.409913,44.244573],[-71.409723,44.244744],[-71.409709,44.245018],[-71.408046,44.245606],[-71.407494,44.245979],[-71.40745,44.246169],[-71.406885,44.24629],[-71.406709,44.246202],[-71.406224,44.246169],[-71.404745,44.245836],[-71.404018,44.245591],[-71.401822,44.244402],[-71.400033,44.243783],[-71.398199,44.242904]]}},
{"type":"Feature","properties":{"mountain_slug":"mount-washington","name":"Shoal Pond Trail","length_km":4.42,"elevation_gain_m":148,"source":"© OpenStreetMap contributors (ODbL), via Overture Maps"},"geometry":{"type":"LineString","coordinates":[[-71.469833,44.136],[-71.469709,44.136668],[-71.46983,44.136769],[-71.469483,44.137346],[-71.469451,44.138201],[-71.468936,44.139101],[-71.468532,44.139125],[-71.467545,44.139633],[-71.466211,44.140626],[-71.465439,44.140918],[-71.464766,44.141574],[-71.464838,44.142035],[-71.464773,44.142374],[-71.46458,44.142581],[-71.464505,44.143313],[-71.46487,44.144237],[-71.464859,44.14486],[-71.464484,44.146162],[-71.464183,44.146508],[-71.463786,44.146716],[-71.463239,44.147401],[-71.462992,44.147971],[-71.463057,44.150065],[-71.462939,44.150473],[-71.462274,44.151242],[-71.462445,44.151635],[-71.46237,44.151966],[-71.462467,44.152305],[-71.462119,44.152735],[-71.460516,44.153564],[-71.458358,44.155199],[-71.458261,44.155638],[-71.458368,44.1561],[-71.457928,44.156461],[-71.457482,44.157193],[-71.45751,44.158509],[-71.456995,44.159879],[-71.456534,44.161695],[-71.456404,44.161863],[-71.45598,44.162065],[-71.455525,44.162827],[-71.455418,44.162873],[-71.455572,44.163397],[-71.455761,44.16355],[-71.455729,44.163827],[-71.45583,44.164115],[-71.456029,44.164335],[-71.45619,44.164828],[-71.457697,44.166752],[-71.458683,44.167786],[-71.460724,44.169652],[-71.461408,44.169872],[-71.461558,44.170036]]}},
{"type":"Feature","properties":{"mountain_slug":"mount-washington","name":"Short Line Trail","length_km":1.45,"elevation_gain_m":185,"source":"© OpenStreetMap contributors (ODbL), via Overture Maps","note":"Longest of 2 OpenStreetMap pieces with this name that do not join into one line (1.4 of 2.2 km in the bbox)."},"geometry":{"type":"LineString","coordinates":[[-71.297191,44.349046],[-71.297029,44.348454],[-71.297452,44.346099],[-71.297431,44.345719],[-71.297651,44.344773],[-71.297649,44.344326],[-71.297384,44.343365],[-71.29688,44.342629],[-71.296873,44.342339],[-71.297258,44.341635],[-71.297319,44.341335],[-71.296821,44.340053],[-71.296338,44.33939],[-71.29652,44.337095],[-71.296318,44.336398]]}},
{"type":"Feature","properties":{"mountain_slug":"mount-washington","name":"Short Line Trail / Randolph Path","length_km":0.7,"elevation_gain_m":74,"source":"© OpenStreetMap contributors (ODbL), via Overture Maps"},"geometry":{"type":"LineString","coordinates":[[-71.295375,44.355104],[-71.296034,44.354092],[-71.296465,44.35318],[-71.296562,44.352656],[-71.297197,44.35154],[-71.297327,44.350994],[-71.297053,44.349494],[-71.297191,44.349046]]}},
{"type":"Feature","properties":{"mountain_slug":"mount-washington","name":"Six Husbands Trail","length_km":2.94,"elevation_gain_m":763,"source":"© OpenStreetMap contributors (ODbL), via Overture Maps"},"geometry":{"type":"LineString","coordinates":[[-71.2903,44.301904],[-71.290694,44.302058],[-71.290782,44.30312],[-71.290958,44.303642],[-71.290518,44.30438],[-71.289952,44.304677],[-71.289789,44.30483],[-71.289801,44.304946],[-71.290292,44.305622],[-71.292015,44.306494],[-71.292266,44.307057],[-71.292607,44.307197],[-71.2938,44.306926],[-71.294027,44.306755],[-71.294052,44.306602],[-71.294178,44.306566],[-71.294555,44.306818],[-71.295008,44.306827],[-71.295385,44.306953],[-71.295988,44.307376],[-71.296693,44.307394],[-71.297309,44.306476],[-71.29756,44.306278],[-71.297645,44.306111],[-71.29753,44.30599],[-71.29754,44.305653],[-71.297837,44.305342],[-71.298152,44.305405],[-71.29967,44.305326],[-71.299668,44.30522],[-71.300441,44.304958],[-71.300994,44.304928],[-71.301323,44.305046],[-71.302058,44.304855],[-71.302616,44.304838],[-71.303144,44.304964],[-71.303773,44.304928],[-71.303914,44.304992],[-71.304388,44.30499],[-71.304471,44.305055],[-71.30474,44.30504],[-71.304996,44.305169],[-71.305274,44.304961],[-71.305599,44.305181],[-71.305784,44.305163],[-71.306231,44.30536],[-71.307488,44.305364],[-71.307713,44.305286],[-71.30805,44.305388],[-71.308712,44.305339],[-71.309708,44.305415],[-71.309985,44.305504],[-71.310551,44.30519],[-71.31176,44.305054],[-71.312272,44.304824],[-71.312896,44.304751],[-71.313679,44.304727],[-71.315108,44.304844],[-71.315605,44.304998]]}},
{"type":"Feature","properties":{"mountain_slug":"mount-washington","name":"Slide Brook Trail","length_km":0.94,"elevation_gain_m":45,"source":"© OpenStreetMap contributors (ODbL), via Overture Maps"},"geometry":{"type":"LineString","coordinates":[[-71.484525,44.368021],[-71.484753,44.367322],[-71.48439,44.36693],[-71.484075,44.366067],[-71.484162,44.365882],[-71.484081,44.365547],[-71.484272,44.365423],[-71.484808,44.3653],[-71.484876,44.365111],[-71.485218,44.364833],[-71.485177,44.364287],[-71.485283,44.364089],[-71.485437,44.363967],[-71.485828,44.363903],[-71.486649,44.363048],[-71.487275,44.362659],[-71.487588,44.361473],[-71.48756,44.361129],[-71.487391,44.36091]]}},
{"type":"Feature","properties":{"mountain_slug":"mount-washington","name":"South Side Trail","length_km":0.43,"elevation_gain_m":66,"source":"© OpenStreetMap contributors (ODbL), via Overture Maps"},"geometry":{"type":"LineString","coordinates":[[-71.30264,44.26358],[-71.303206,44.263869],[-71.303509,44.263919],[-71.303677,44.264061],[-71.304574,44.264343],[-71.305196,44.26463],[-71.305684,44.264742],[-71.307478,44.264934]]}},
{"type":"Feature","properties":{"mountain_slug":"mount-washington","name":"Sphinx Trail","length_km":1.4,"elevation_gain_m":406,"source":"© OpenStreetMap contributors (ODbL), via Overture Maps"},"geometry":{"type":"LineString","coordinates":[[-71.302439,44.293294],[-71.302483,44.293475],[-71.302697,44.293673],[-71.303301,44.29388],[-71.304068,44.293673],[-71.304608,44.293592],[-71.304822,44.293637],[-71.305187,44.293466],[-71.30579,44.293376],[-71.307161,44.293547],[-71.30828,44.293916],[-71.309148,44.293943],[-71.309312,44.294123],[-71.309878,44.294195],[-71.310959,44.294726],[-71.311274,44.29451],[-71.312104,44.294393],[-71.312813,44.294013],[-71.313701,44.293754],[-71.314799,44.293783],[-71.315544,44.293385],[-71.315657,44.293425],[-71.316136,44.293209],[-71.316218,44.293279],[-71.317334,44.293426],[-71.317861,44.293136]]}},
{"type":"Feature","properties":{"mountain_slug":"mount-washington","name":"Split Rock","length_km":0.95,"elevation_gain_m":46,"source":"© OpenStreetMap contributors (ODbL), via Overture Maps"},"geometry":{"type":"LineString","coordinates":[[-71.424847,44.265129],[-71.425106,44.265223],[-71.425439,44.265506],[-71.426097,44.265578],[-71.426352,44.26578],[-71.426741,44.265872],[-71.42689,44.26615],[-71.427145,44.266252],[-71.427215,44.266566],[-71.42747,44.266784],[-71.428093,44.266733],[-71.428447,44.267017],[-71.428589,44.267772],[-71.429997,44.268026],[-71.431307,44.26836],[-71.431328,44.268533],[-71.432361,44.269263],[-71.432715,44.269876],[-71.432685,44.270173]]}},
{"type":"Feature","properties":{"mountain_slug":"mount-washington","name":"Spring Trail","length_km":0.3,"elevation_gain_m":22,"source":"© OpenStreetMap contributors (ODbL), via Overture Maps"},"geometry":{"type":"LineString","coordinates":[[-71.225479,44.401118],[-71.225395,44.401255],[-71.224912,44.401541],[-71.224883,44.401757],[-71.225036,44.402078],[-71.225591,44.402511],[-71.225535,44.402984],[-71.225642,44.403438]]}},
{"type":"Feature","properties":{"mountain_slug":"mount-washington","name":"Spruce Goose XC Ski Trail","length_km":2.33,"elevation_gain_m":107,"source":"© OpenStreetMap contributors (ODbL), via Overture Maps"},"geometry":{"type":"LineString","coordinates":[[-71.493,44.24088],[-71.492865,44.240926],[-71.492458,44.240818],[-71.491715,44.240447],[-71.491428,44.240157],[-71.491308,44.239679],[-71.490741,44.239312],[-71.489999,44.239095],[-71.489132,44.23862],[-71.488595,44.237575],[-71.489162,44.236881],[-71.489304,44.236529],[-71.48926,44.236222],[-71.48896,44.236068],[-71.488492,44.235957],[-71.488304,44.235528],[-71.487542,44.234898],[-71.486428,44.234331],[-71.486115,44.233222],[-71.485621,44.23253],[-71.484626,44.231902],[-71.483939,44.231671],[-71.483528,44.230964],[-71.482832,44.230377],[-71.482265,44.230103],[-71.482038,44.229762],[-71.48057,44.22978],[-71.479969,44.229565],[-71.479519,44.229257],[-71.479206,44.228824],[-71.47912,44.228486],[-71.479583,44.227827],[-71.479742,44.226733],[-71.479562,44.226136],[-71.479163,44.226057],[-71.47881,44.226086]]}},
{"type":"Feature","properties":{"mountain_slug":"mount-washington","name":"Spur","length_km":0.25,"elevation_gain_m":10,"source":"© OpenStreetMap contributors (ODbL), via Overture Maps","note":"Joined across 60 m of New Path. Longest of 2 OpenStreetMap pieces with this name that do not join into one line (0.3 of 0.3 km in the bbox)."},"geometry":{"type":"LineString","coordinates":[[-71.129699,44.16053],[-71.130745,44.160812],[-71.13158,44.161207],[-71.132093,44.161584],[-71.132371,44.161606]]}},
{"type":"Feature","properties":{"mountain_slug":"mount-washington","name":"Spur Trail","length_km":2.67,"elevation_gain_m":748,"source":"© OpenStreetMap contributors (ODbL), via Overture Maps"},"geometry":{"type":"LineString","coordinates":[[-71.305312,44.342704],[-71.305368,44.342163],[-71.305499,44.342089],[-71.305592,44.341855],[-71.306377,44.341755],[-71.306321,44.341247],[-71.30554,44.339851],[-71.305449,44.339532],[-71.303942,44.33898],[-71.3031,44.3385],[-71.302724,44.337706],[-71.302949,44.336758],[-71.302471,44.335186],[-71.302179,44.334995],[-71.302201,44.33489],[-71.302708,44.334724],[-71.302595,44.333671],[-71.302685,44.333131],[-71.302902,44.332756],[-71.302949,44.33202],[-71.303127,44.331574],[-71.303078,44.331019],[-71.302938,44.330745],[-71.30296,44.330253],[-71.302786,44.329115],[-71.302295,44.328341],[-71.301368,44.327806],[-71.300275,44.326874],[-71.300011,44.326768],[-71.299338,44.325922],[-71.298107,44.324862],[-71.297064,44.323398],[-71.29694,44.32277],[-71.297003,44.322395]]}},
{"type":"Feature","properties":{"mountain_slug":"mount-washington","name":"Square Ledge X-C","length_km":0.66,"elevation_gain_m":117,"source":"© OpenStreetMap contributors (ODbL), via Overture Maps"},"geometry":{"type":"LineString","coordinates":[[-71.25164,44.25595],[-71.251318,44.255908],[-71.250794,44.256089],[-71.250118,44.255854],[-71.249786,44.255912],[-71.249274,44.255858],[-71.247275,44.257086],[-71.24661,44.256988],[-71.246562,44.256824],[-71.246138,44.256809],[-71.245889,44.25669],[-71.245779,44.256751],[-71.245502,44.256713],[-71.245224,44.256899],[-71.245693,44.256807]]}},
{"type":"Feature","properties":{"mountain_slug":"mount-washington","name":"Stairs Col Trail","length_km":2.75,"elevation_gain_m":497,"source":"© OpenStreetMap contributors (ODbL), via Overture Maps"},"geometry":{"type":"LineString","coordinates":[[-71.286312,44.153802],[-71.28676,44.15409],[-71.2872,44.1542],[-71.287355,44.154172],[-71.287531,44.153991],[-71.287933,44.15388],[-71.288576,44.153953],[-71.28931,44.153904],[-71.29032,44.154095],[-71.290752,44.154046],[-71.29154,44.15371],[-71.29223,44.15356],[-71.293574,44.153604],[-71.2939,44.153533],[-71.294714,44.153122],[-71.295244,44.152963],[-71.296112,44.152879],[-71.297456,44.152985],[-71.298251,44.15314],[-71.299724,44.153436],[-71.301031,44.153859],[-71.303063,44.154258],[-71.306379,44.154687],[-71.307703,44.154377],[-71.308554,44.154369],[-71.309047,44.154254],[-71.309688,44.15428],[-71.311123,44.153719],[-71.312362,44.154112],[-71.312787,44.154035],[-71.31326,44.154085],[-71.31472,44.153363],[-71.315242,44.153362],[-71.315883,44.153182],[-71.316189,44.15291],[-71.316572,44.152743],[-71.317137,44.152724],[-71.317638,44.152539],[-71.318257,44.152431]]}},
{"type":"Feature","properties":{"mountain_slug":"mount-washington","name":"Stairs Mountain Spur","length_km":0.31,"elevation_gain_m":17,"source":"© OpenStreetMap contributors (ODbL), via Overture Maps"},"geometry":{"type":"LineString","coordinates":[[-71.317781,44.154337],[-71.317968,44.154598],[-71.318735,44.155065],[-71.319755,44.155397],[-71.320199,44.15545],[-71.320563,44.155637],[-71.320767,44.155852]]}},
{"type":"Feature","properties":{"mountain_slug":"mount-washington","name":"Star Lake Trail","length_km":1.3,"elevation_gain_m":299,"source":"© OpenStreetMap contributors (ODbL), via Overture Maps"},"geometry":{"type":"LineString","coordinates":[[-71.283338,44.327943],[-71.283308,44.327793],[-71.283558,44.327315],[-71.283464,44.326455],[-71.283749,44.326099],[-71.283741,44.325736],[-71.284184,44.325386],[-71.284403,44.324901],[-71.284953,44.324356],[-71.284967,44.324175],[-71.28555,44.323516],[-71.285977,44.323412],[-71.286595,44.323072],[-71.286903,44.323001],[-71.28716,44.322864],[-71.287276,44.322663],[-71.287654,44.322458],[-71.288275,44.321393],[-71.288994,44.32091],[-71.289182,44.320465],[-71.289868,44.319856],[-71.290254,44.319791],[-71.290926,44.32002],[-71.291612,44.320599]]}},
{"type":"Feature","properties":{"mountain_slug":"mount-washington","name":"Stony Brook Trail","length_km":5.51,"elevation_gain_m":674,"source":"© OpenStreetMap contributors (ODbL), via Overture Maps"},"geometry":{"type":"LineString","coordinates":[[-71.177596,44.362874],[-71.177246,44.362705],[-71.17717,44.362405],[-71.177684,44.361806],[-71.177794,44.361312],[-71.178103,44.361049],[-71.17826,44.360592],[-71.1786,44.360034],[-71.178454,44.359664],[-71.178443,44.3592],[-71.178525,44.359038],[-71.178763,44.3589],[-71.178784,44.358742],[-71.178632,44.358495],[-71.178599,44.357537],[-71.178181,44.356881],[-71.17815,44.356615],[-71.178523,44.355825],[-71.178234,44.355248],[-71.178197,44.35466],[-71.178728,44.354157],[-71.178716,44.353847],[-71.178475,44.353458],[-71.178323,44.352896],[-71.178124,44.352791],[-71.177485,44.352769],[-71.176632,44.352556],[-71.175562,44.352065],[-71.17474,44.351578],[-71.174456,44.35126],[-71.174518,44.350853],[-71.174869,44.350899],[-71.175128,44.35072],[-71.175107,44.350316],[-71.17489,44.349957],[-71.174708,44.34933],[-71.174139,44.348513],[-71.173933,44.347885],[-71.173671,44.347521],[-71.17277,44.346776],[-71.172372,44.346218],[-71.171896,44.34575],[-71.171487,44.344933],[-71.170644,44.343843],[-71.169879,44.342554],[-71.169633,44.342352],[-71.168826,44.341951],[-71.167061,44.341505],[-71.165469,44.341371],[-71.164123,44.341348],[-71.163531,44.341281],[-71.162703,44.341052],[-71.160786,44.340973],[-71.160341,44.340771],[-71.158702,44.340415],[-71.158272,44.340445],[-71.15802,44.340644],[-71.15757,44.340685],[-71.156517,44.340573],[-71.155606,44.340149],[-71.154323,44.33907],[-71.153647,44.338692],[-71.152814,44.337947],[-71.151473,44.337074],[-71.151169,44.336748],[-71.150855,44.335837],[-71.149902,44.334889],[-71.148854,44.334511],[-71.147754,44.334537],[-71.146858,44.334833],[-71.145984,44.334886],[-71.1447,44.334429],[-71.144271,44.334361],[-71.143632,44.334444],[-71.143684,44.333005],[-71.143392,44.332465],[-71.143264,44.331751]]}},
{"type":"Feature","properties":{"mountain_slug":"mount-washington","name":"Sylvan Way","length_km":2.51,"elevation_gain_m":98,"source":"© OpenStreetMap contributors (ODbL), via Overture Maps"},"geometry":{"type":"LineString","coordinates":[[-71.299206,44.366971],[-71.298479,44.366698],[-71.298202,44.366744],[-71.297666,44.367331],[-71.296738,44.367902],[-71.292627,44.368273],[-71.292068,44.368683],[-71.290801,44.368891],[-71.28959,44.369037],[-71.289109,44.369022],[-71.288323,44.36884],[-71.287814,44.36886],[-71.287062,44.368675],[-71.286794,44.36874],[-71.286499,44.368714],[-71.285673,44.368523],[-71.28457,44.368055],[-71.282902,44.367075],[-71.282079,44.366716],[-71.279022,44.365745],[-71.277965,44.365612],[-71.276794,44.365251],[-71.274683,44.364096],[-71.273271,44.363485],[-71.271108,44.363173]]}},
{"type":"Feature","properties":{"mountain_slug":"mount-washington","name":"The Brookside","length_km":2.42,"elevation_gain_m":422,"source":"© OpenStreetMap contributors (ODbL), via Overture Maps"},"geometry":{"type":"LineString","coordinates":[[-71.288952,44.359747],[-71.288841,44.359522],[-71.288915,44.359337],[-71.288767,44.358817],[-71.288621,44.358659],[-71.288278,44.357802],[-71.287949,44.357329],[-71.28714,44.357098],[-71.286831,44.356729],[-71.286416,44.35653],[-71.285836,44.356454],[-71.285402,44.35658],[-71.285025,44.35657],[-71.284064,44.35614],[-71.283219,44.356016],[-71.282763,44.35585],[-71.282297,44.355457],[-71.282464,44.354144],[-71.282863,44.353825],[-71.283041,44.353121],[-71.282917,44.35291],[-71.282958,44.352818],[-71.282481,44.352025],[-71.28132,44.350433],[-71.281104,44.349927],[-71.281173,44.34982],[-71.281,44.349556],[-71.280902,44.348586],[-71.281341,44.347369],[-71.282024,44.346244],[-71.282496,44.345075],[-71.28292,44.344767],[-71.28301,44.344599],[-71.283381,44.343489],[-71.28347,44.342441],[-71.283916,44.342113]]}},
{"type":"Feature","properties":{"mountain_slug":"mount-washington","name":"The Cornice","length_km":2.64,"elevation_gain_m":203,"source":"© OpenStreetMap contributors (ODbL), via Overture Maps"},"geometry":{"type":"LineString","coordinates":[[-71.312407,44.310412],[-71.312256,44.311079],[-71.312418,44.311416],[-71.312359,44.311758],[-71.313417,44.311761],[-71.313617,44.311636],[-71.313842,44.311609],[-71.315085,44.311765],[-71.315348,44.311564],[-71.315729,44.311497],[-71.31596,44.311233],[-71.316766,44.311072],[-71.317234,44.311113],[-71.318252,44.31084],[-71.318952,44.310777],[-71.320382,44.310295],[-71.320589,44.31008],[-71.321172,44.309806],[-71.321614,44.309183],[-71.32177,44.309096],[-71.321993,44.30748],[-71.32241,44.306744],[-71.322987,44.306133],[-71.322994,44.305237],[-71.323304,44.304896],[-71.323675,44.304254],[-71.323758,44.303656],[-71.323321,44.302834],[-71.323311,44.302268],[-71.323118,44.30171],[-71.322798,44.301439],[-71.322083,44.301231],[-71.321744,44.301372],[-71.32089,44.30133],[-71.320829,44.301393],[-71.320379,44.301422],[-71.319103,44.30095],[-71.318832,44.300912],[-71.318545,44.300728],[-71.318133,44.300679],[-71.316979,44.300231],[-71.316503,44.299395],[-71.316033,44.298949]]}},
{"type":"Feature","properties":{"mountain_slug":"mount-washington","name":"The Diagonal","length_km":1.91,"elevation_gain_m":97,"source":"© OpenStreetMap contributors (ODbL), via Overture Maps"},"geometry":{"type":"LineString","coordinates":[[-71.282933,44.378256],[-71.28204,44.378038],[-71.281476,44.378022],[-71.280306,44.378376],[-71.280002,44.378361],[-71.27945,44.378564],[-71.278792,44.379398],[-71.278374,44.379626],[-71.278218,44.379894],[-71.278204,44.380162],[-71.277815,44.380577],[-71.276665,44.380923],[-71.273053,44.382282],[-71.269776,44.38314],[-71.267884,44.383496],[-71.26558,44.384305],[-71.265328,44.384498],[-71.265682,44.384806],[-71.265754,44.386658]]}},
{"type":"Feature","properties":{"mountain_slug":"mount-washington","name":"The Direttissima","length_km":1.59,"elevation_gain_m":113,"source":"© OpenStreetMap contributors (ODbL), via Overture Maps"},"geometry":{"type":"LineString","coordinates":[[-71.253619,44.255898],[-71.253445,44.25566],[-71.253103,44.255567],[-71.253258,44.255239],[-71.25361,44.254893],[-71.253791,44.254993],[-71.253958,44.254983],[-71.254348,44.254135],[-71.254933,44.253796],[-71.254947,44.253636],[-71.255212,44.253507],[-71.255282,44.253357],[-71.255184,44.252728],[-71.255268,44.252609],[-71.255142,44.25224],[-71.25531,44.25191],[-71.25531,44.251511],[-71.255142,44.250743],[-71.255365,44.249945],[-71.255212,44.249506],[-71.255212,44.248867],[-71.255337,44.248698],[-71.255323,44.248199],[-71.255491,44.248039],[-71.255797,44.247091],[-71.256619,44.246423],[-71.256911,44.246253],[-71.257385,44.246123],[-71.257664,44.245734],[-71.257803,44.245694],[-71.258299,44.245183],[-71.259248,44.24466],[-71.25922,44.244477],[-71.259504,44.244018]]}},
{"type":"Feature","properties":{"mountain_slug":"mount-washington","name":"The Link","length_km":6.57,"elevation_gain_m":535,"source":"© OpenStreetMap contributors (ODbL), via Overture Maps","note":"Longest of 2 OpenStreetMap pieces with this name that do not join into one line (6.6 of 9.6 km in the bbox)."},"geometry":{"type":"LineString","coordinates":[[-71.299206,44.366971],[-71.300316,44.36625],[-71.301186,44.366076],[-71.302284,44.365588],[-71.302788,44.365564],[-71.304016,44.365175],[-71.304777,44.365167],[-71.305926,44.364745],[-71.306447,44.364501],[-71.306845,44.364117],[-71.307106,44.364059],[-71.309358,44.362926],[-71.312626,44.361716],[-71.313513,44.361065],[-71.314253,44.360292],[-71.31457,44.359798],[-71.315171,44.359397],[-71.315781,44.358676],[-71.316375,44.358327],[-71.317106,44.357356],[-71.31835,44.356134],[-71.320099,44.354205],[-71.320261,44.35324],[-71.320009,44.352595],[-71.320334,44.351845],[-71.320375,44.349257],[-71.320222,44.347885],[-71.320251,44.346418],[-71.320109,44.34493],[-71.3211,44.343021],[-71.323082,44.341123],[-71.323726,44.340232],[-71.325963,44.338227],[-71.326961,44.337189],[-71.327506,44.336435],[-71.327676,44.336045],[-71.327669,44.33522],[-71.327499,44.334855],[-71.32706,44.33443],[-71.325262,44.33322],[-71.323988,44.332001],[-71.323833,44.331453],[-71.323903,44.331058],[-71.3243,44.33082],[-71.325113,44.330682],[-71.327093,44.330615],[-71.327467,44.330281],[-71.327485,44.329742],[-71.326981,44.327916],[-71.327223,44.327012],[-71.32762,44.326096],[-71.32723,44.325017],[-71.32689,44.324663],[-71.326645,44.324228],[-71.32716,44.323144],[-71.326778,44.322562],[-71.326615,44.321945],[-71.326066,44.321729],[-71.325498,44.321072]]}},
{"type":"Feature","properties":{"mountain_slug":"mount-washington","name":"Thompson Brook Trail","length_km":1.66,"elevation_gain_m":372,"source":"© OpenStreetMap contributors (ODbL), via Overture Maps","note":"Longest of 2 OpenStreetMap pieces with this name that do not join into one line (1.7 of 2.4 km in the bbox)."},"geometry":{"type":"LineString","coordinates":[[-71.221358,44.263018],[-71.220751,44.262856],[-71.220157,44.262546],[-71.220104,44.262441],[-71.220295,44.261915],[-71.220339,44.260422],[-71.220122,44.260309],[-71.219773,44.25975],[-71.219489,44.259527],[-71.219564,44.25927],[-71.219779,44.259162],[-71.219698,44.258966],[-71.219816,44.258632],[-71.219532,44.258425],[-71.219403,44.258136],[-71.219505,44.257614],[-71.21929,44.256961],[-71.219521,44.256819],[-71.219867,44.255856],[-71.219974,44.255242],[-71.220189,44.254848],[-71.220315,44.2544],[-71.220186,44.254102],[-71.220444,44.254008],[-71.220825,44.25371],[-71.220838,44.253232],[-71.221018,44.252644],[-71.221214,44.252352],[-71.221857,44.251866],[-71.222088,44.251781],[-71.221989,44.251249],[-71.222142,44.25075],[-71.223238,44.250718]]}},
{"type":"Feature","properties":{"mountain_slug":"mount-washington","name":"Thompson Falls Trail","length_km":0.97,"elevation_gain_m":40,"source":"© OpenStreetMap contributors (ODbL), via Overture Maps"},"geometry":{"type":"LineString","coordinates":[[-71.238695,44.263747],[-71.238323,44.264188],[-71.23807,44.264343],[-71.238035,44.26477],[-71.237818,44.265225],[-71.237422,44.265633],[-71.237483,44.265987],[-71.237404,44.266148],[-71.237142,44.266188],[-71.236949,44.266354],[-71.236889,44.266556],[-71.23635,44.266617],[-71.236322,44.267104],[-71.235781,44.267628],[-71.234177,44.26742],[-71.233897,44.26748],[-71.233685,44.267215],[-71.233457,44.26709],[-71.233005,44.267053],[-71.232286,44.266822],[-71.232064,44.266844],[-71.2319,44.266716],[-71.231594,44.266858],[-71.231256,44.266808],[-71.231269,44.26693]]}},
{"type":"Feature","properties":{"mountain_slug":"mount-washington","name":"Thoreau Falls Trail","length_km":3.31,"elevation_gain_m":185,"source":"© OpenStreetMap contributors (ODbL), via Overture Maps"},"geometry":{"type":"LineString","coordinates":[[-71.493,44.148983],[-71.492511,44.149342],[-71.49221,44.14975],[-71.492208,44.150453],[-71.491983,44.151376],[-71.490674,44.152724],[-71.490438,44.153355],[-71.490569,44.153776],[-71.490398,44.154523],[-71.490556,44.155302],[-71.490395,44.155756],[-71.489386,44.156642],[-71.489304,44.15685],[-71.489322,44.157504],[-71.488828,44.158558],[-71.488539,44.158858],[-71.486413,44.160346],[-71.485354,44.160552],[-71.484952,44.16074],[-71.484108,44.161845],[-71.484,44.162314],[-71.4841,44.162551],[-71.483381,44.163366],[-71.482391,44.164115],[-71.481651,44.164377],[-71.480975,44.1648],[-71.480202,44.164985],[-71.47766,44.166832],[-71.477488,44.166794],[-71.476941,44.167517],[-71.47649,44.167932],[-71.476147,44.168009],[-71.475142,44.168507],[-71.474419,44.168994],[-71.473877,44.168617],[-71.47222,44.168733],[-71.472122,44.169342],[-71.471212,44.170395],[-71.471076,44.170729]]}},
{"type":"Feature","properties":{"mountain_slug":"mount-washington","name":"Tin Mine Loop","length_km":0.7,"elevation_gain_m":43,"source":"© OpenStreetMap contributors (ODbL), via Overture Maps"},"geometry":{"type":"LineString","coordinates":[[-71.159952,44.148391],[-71.159685,44.149115],[-71.160233,44.149457],[-71.16081,44.15032],[-71.160762,44.150425],[-71.160436,44.150297],[-71.160452,44.150501],[-71.160168,44.150454],[-71.159891,44.149994],[-71.15881,44.149889],[-71.158225,44.148996],[-71.158013,44.14808]]}},
{"type":"Feature","properties":{"mountain_slug":"mount-washington","name":"Tin Mountain Summit Loop","length_km":1.69,"elevation_gain_m":119,"source":"© OpenStreetMap contributors (ODbL), via Overture Maps"},"geometry":{"type":"LineString","coordinates":[[-71.15881,44.149889],[-71.158843,44.150069],[-71.158737,44.150268],[-71.158127,44.151143],[-71.157834,44.15231],[-71.157712,44.152386],[-71.156834,44.15242],[-71.155964,44.152146],[-71.155785,44.151989],[-71.155899,44.151487],[-71.155062,44.150775],[-71.15481,44.150991],[-71.154387,44.151108],[-71.154273,44.151032],[-71.154143,44.150647],[-71.15381,44.150431],[-71.151923,44.150122],[-71.151435,44.150204],[-71.151264,44.150163],[-71.151191,44.150046],[-71.151671,44.149807],[-71.152387,44.149778],[-71.154447,44.149145],[-71.15581,44.149078],[-71.157867,44.150244],[-71.158306,44.150449],[-71.158571,44.150473]]}},
{"type":"Feature","properties":{"mountain_slug":"mount-washington","name":"Trinity Heights Connector","length_km":0.28,"elevation_gain_m":54,"source":"© OpenStreetMap contributors (ODbL), via Overture Maps"},"geometry":{"type":"LineString","coordinates":[[-71.305514,44.271933],[-71.305134,44.271689],[-71.304778,44.271295],[-71.304462,44.271167],[-71.303959,44.270732],[-71.303321,44.270484],[-71.30324,44.270279]]}},
{"type":"Feature","properties":{"mountain_slug":"mount-washington","name":"Tuckerman Crossover","length_km":2.34,"elevation_gain_m":143,"source":"© OpenStreetMap contributors (ODbL), via Overture Maps"},"geometry":{"type":"LineString","coordinates":[[-71.302387,44.263547],[-71.30264,44.26358],[-71.304349,44.263032],[-71.305509,44.262388],[-71.308001,44.261633],[-71.308352,44.261596],[-71.308616,44.261463],[-71.309641,44.26124],[-71.310727,44.260871],[-71.31168,44.260674],[-71.31254,44.260375],[-71.312675,44.260392],[-71.312809,44.260184],[-71.313517,44.259918],[-71.313928,44.259999],[-71.314032,44.259962],[-71.314418,44.259746],[-71.314517,44.259601],[-71.314888,44.259589],[-71.315138,44.259466],[-71.315507,44.259481],[-71.316116,44.259285],[-71.315612,44.259004],[-71.314815,44.259274],[-71.31465,44.259235],[-71.314387,44.259],[-71.314224,44.259008],[-71.313982,44.259257],[-71.313834,44.259278],[-71.313588,44.259221],[-71.313441,44.259082],[-71.313142,44.259117],[-71.312917,44.258965],[-71.31252,44.258983],[-71.311722,44.258734],[-71.310736,44.258902],[-71.30906,44.259011],[-71.308651,44.259194],[-71.306986,44.259233],[-71.306303,44.259229],[-71.304172,44.258882]]}},
{"type":"Feature","properties":{"mountain_slug":"mount-washington","name":"Tuckerman Ravine Trail","length_km":5.87,"elevation_gain_m":1256,"source":"© OpenStreetMap contributors (ODbL), via Overture Maps","note":"The hero trail, named by the pack. Mile 0 is the lower trailhead. Mile markers in trail_segments.geojson."},"geometry":{"type":"LineString","coordinates":[[-71.253313,44.257974],[-71.253707,44.25865],[-71.254755,44.259743],[-71.255257,44.260069],[-71.25543,44.260536],[-71.255944,44.260889],[-71.256089,44.26088],[-71.256389,44.260482],[-71.256922,44.260536],[-71.257763,44.259573],[-71.257965,44.25967],[-71.25827,44.260571],[-71.258579,44.26076],[-71.258828,44.260849],[-71.25909,44.260755],[-71.259111,44.260155],[-71.259422,44.259844],[-71.259566,44.259843],[-71.259719,44.259897],[-71.259895,44.260143],[-71.259964,44.260752],[-71.2602,44.261011],[-71.260491,44.261167],[-71.262256,44.261626],[-71.263153,44.261597],[-71.26445,44.261384],[-71.266509,44.261428],[-71.267308,44.261543],[-71.268302,44.261579],[-71.269172,44.261806],[-71.26987,44.261821],[-71.271139,44.262096],[-71.271392,44.262245],[-71.272218,44.262494],[-71.273135,44.262617],[-71.274022,44.263],[-71.274211,44.263165],[-71.274606,44.263288],[-71.275532,44.2633],[-71.276019,44.263727],[-71.276699,44.263923],[-71.277138,44.263927],[-71.277516,44.264036],[-71.277827,44.263922],[-71.277896,44.263807],[-71.277864,44.2633],[-71.277965,44.26312],[-71.2792,44.262553],[-71.279484,44.261965],[-71.279958,44.261535],[-71.280319,44.261544],[-71.280939,44.261267],[-71.28113,44.261303],[-71.281289,44.261515],[-71.281953,44.261736],[-71.282123,44.261904],[-71.283089,44.262382],[-71.2832,44.262312],[-71.283377,44.261702],[-71.283664,44.261485],[-71.284294,44.261189],[-71.284844,44.260696],[-71.285421,44.260354],[-71.286045,44.260235],[-71.286088,44.260026],[-71.286401,44.259886],[-71.286816,44.259956],[-71.286937,44.260173],[-71.28727,44.260357],[-71.287692,44.260435],[-71.28824,44.260402],[-71.289008,44.260745],[-71.290174,44.260908],[-71.291011,44.261294],[-71.291531,44.261348],[-71.292491,44.26119],[-71.292925,44.261187],[-71.293569,44.261328],[-71.294409,44.261344],[-71.295116,44.261712],[-71.296238,44.261743],[-71.296642,44.261945],[-71.297009,44.261996],[-71.297372,44.262296],[-71.297511,44.262597],[-71.297359,44.263074],[-71.297428,44.263425],[-71.29787,44.263328],[-71.299167,44.262801],[-71.300591,44.262969],[-71.301795,44.263497],[-71.302387,44.263547],[-71.302291,44.263808],[-71.302362,44.264527],[-71.302114,44.264987],[-71.302003,44.265623],[-71.302253,44.26614],[-71.302145,44.266541],[-71.302218,44.267465],[-71.301714,44.268414],[-71.301991,44.26887],[-71.30199,44.269606]]}},
{"type":"Feature","properties":{"mountain_slug":"mount-washington","name":"Tunnel","length_km":1.07,"elevation_gain_m":58,"source":"© OpenStreetMap contributors (ODbL), via Overture Maps"},"geometry":{"type":"LineString","coordinates":[[-71.416681,44.265432],[-71.416415,44.265004],[-71.416008,44.264787],[-71.415856,44.26419],[-71.415328,44.263406],[-71.414351,44.262503],[-71.413022,44.261442],[-71.412485,44.261143],[-71.410483,44.258713],[-71.410358,44.258425],[-71.410144,44.25826],[-71.409639,44.25828],[-71.408916,44.258037]]}},
{"type":"Feature","properties":{"mountain_slug":"mount-washington","name":"Twinway","length_km":0.24,"elevation_gain_m":23,"source":"© OpenStreetMap contributors (ODbL), via Overture Maps"},"geometry":{"type":"LineString","coordinates":[[-71.490351,44.195716],[-71.49103,44.195521],[-71.491336,44.195578],[-71.492294,44.19605],[-71.493,44.196128]]}},
{"type":"Feature","properties":{"mountain_slug":"mount-washington","name":"Underhill Path","length_km":2.07,"elevation_gain_m":217,"source":"© OpenStreetMap contributors (ODbL), via Overture Maps"},"geometry":{"type":"LineString","coordinates":[[-71.330204,44.402604],[-71.329759,44.402324],[-71.329189,44.401756],[-71.328405,44.401706],[-71.327966,44.40154],[-71.327134,44.401546],[-71.326331,44.401249],[-71.325696,44.401286],[-71.325,44.401466],[-71.323987,44.401449],[-71.32316,44.401253],[-71.322815,44.401339],[-71.322268,44.401229],[-71.321965,44.400936],[-71.321372,44.400746],[-71.320652,44.400879],[-71.320064,44.400769],[-71.318859,44.400872],[-71.318425,44.400812],[-71.318387,44.400639],[-71.318621,44.400235],[-71.318542,44.399754],[-71.31842,44.399694],[-71.317888,44.399898],[-71.316832,44.399985],[-71.316739,44.399881],[-71.316688,44.39889],[-71.316576,44.39883],[-71.315987,44.399],[-71.314334,44.398984],[-71.313965,44.398757],[-71.313484,44.398607],[-71.313246,44.39828],[-71.31312,44.398233],[-71.312573,44.398386],[-71.310901,44.398326],[-71.310462,44.39841],[-71.310005,44.39833],[-71.309799,44.398193],[-71.309738,44.397844]]}},
{"type":"Feature","properties":{"mountain_slug":"mount-washington","name":"Upper Bruin","length_km":0.24,"elevation_gain_m":70,"source":"© OpenStreetMap contributors (ODbL), via Overture Maps"},"geometry":{"type":"LineString","coordinates":[[-71.286426,44.332989],[-71.287089,44.333206],[-71.287484,44.33321],[-71.287873,44.333483],[-71.288249,44.333607],[-71.288477,44.333624],[-71.288628,44.333544],[-71.288842,44.333258]]}},
{"type":"Feature","properties":{"mountain_slug":"mount-washington","name":"Upper Fairway Loop","length_km":0.37,"elevation_gain_m":32,"source":"© OpenStreetMap contributors (ODbL), via Overture Maps"},"geometry":{"type":"LineString","coordinates":[[-71.414058,44.225236],[-71.413823,44.225187],[-71.413493,44.225254],[-71.41327,44.225524],[-71.413364,44.226064],[-71.413211,44.226537],[-71.411537,44.227547]]}},
{"type":"Feature","properties":{"mountain_slug":"mount-washington","name":"Valley Way","length_km":5.5,"elevation_gain_m":1061,"source":"© OpenStreetMap contributors (ODbL), via Overture Maps"},"geometry":{"type":"LineString","coordinates":[[-71.289334,44.37152],[-71.289281,44.371068],[-71.288858,44.370402],[-71.288323,44.36884],[-71.287714,44.367609],[-71.287652,44.366576],[-71.288375,44.36524],[-71.2884,44.364801],[-71.28874,44.363912],[-71.288747,44.362606],[-71.28857,44.360883],[-71.288674,44.360358],[-71.288952,44.359747],[-71.289578,44.359583],[-71.289702,44.359162],[-71.290397,44.358201],[-71.29059,44.357728],[-71.290209,44.357258],[-71.290151,44.357119],[-71.29027,44.356818],[-71.289983,44.356393],[-71.289468,44.355989],[-71.288587,44.355636],[-71.288127,44.355021],[-71.28671,44.355121],[-71.286083,44.355309],[-71.285133,44.355236],[-71.285187,44.354887],[-71.284849,44.354695],[-71.284795,44.354553],[-71.285042,44.353955],[-71.28501,44.353844],[-71.284291,44.352961],[-71.28413,44.352267],[-71.283519,44.351726],[-71.283175,44.351247],[-71.283011,44.35051],[-71.283073,44.349582],[-71.282623,44.34845],[-71.282664,44.347421],[-71.283016,44.346595],[-71.283262,44.345485],[-71.283728,44.344537],[-71.283806,44.344054],[-71.284354,44.343205],[-71.284549,44.34214],[-71.284854,44.341622],[-71.284919,44.341219],[-71.284838,44.340674],[-71.285021,44.339339],[-71.28553,44.338299],[-71.28589,44.336431],[-71.286432,44.334863],[-71.286524,44.333717],[-71.286405,44.33264],[-71.28606,44.33171],[-71.285179,44.33077],[-71.285235,44.330641],[-71.285424,44.33054],[-71.285444,44.330297],[-71.284762,44.329723],[-71.284496,44.32923],[-71.284504,44.328865],[-71.284394,44.328629],[-71.283816,44.328296],[-71.283629,44.328066]]}},
{"type":"Feature","properties":{"mountain_slug":"mount-washington","name":"Vyron D Lowe Path","length_km":2.38,"elevation_gain_m":289,"source":"© OpenStreetMap contributors (ODbL), via Overture Maps"},"geometry":{"type":"LineString","coordinates":[[-71.323694,44.36663],[-71.323685,44.367382],[-71.323872,44.367886],[-71.323774,44.368186],[-71.323517,44.368414],[-71.32263,44.368694],[-71.322368,44.369008],[-71.322653,44.369258],[-71.322695,44.369929],[-71.323027,44.370413],[-71.32299,44.370597],[-71.323078,44.37074],[-71.322957,44.371351],[-71.323162,44.371775],[-71.32313,44.371962],[-71.322938,44.372092],[-71.322728,44.372469],[-71.321985,44.373358],[-71.321294,44.373675],[-71.320701,44.374082],[-71.320743,44.374272],[-71.321616,44.374429],[-71.321906,44.374549],[-71.321957,44.374669],[-71.321738,44.37523],[-71.321953,44.375534],[-71.321897,44.375697],[-71.320561,44.376639],[-71.319804,44.376952],[-71.318786,44.377764],[-71.31788,44.378271],[-71.316582,44.378855],[-71.316395,44.379269],[-71.316195,44.379426],[-71.314616,44.37991],[-71.314247,44.37993],[-71.313276,44.38028],[-71.31273,44.3803],[-71.311996,44.380507],[-71.310165,44.380774]]}},
{"type":"Feature","properties":{"mountain_slug":"mount-washington","name":"Wamsutta Trail","length_km":2.32,"elevation_gain_m":657,"source":"© OpenStreetMap contributors (ODbL), via Overture Maps"},"geometry":{"type":"LineString","coordinates":[[-71.2903,44.301904],[-71.289918,44.301611],[-71.289771,44.301288],[-71.289795,44.301093],[-71.290392,44.300249],[-71.290405,44.300015],[-71.289977,44.299105],[-71.289408,44.298712],[-71.289086,44.298636],[-71.288805,44.298303],[-71.288882,44.298127],[-71.289122,44.29798],[-71.289291,44.297588],[-71.288998,44.297528],[-71.288619,44.297026],[-71.288192,44.295638],[-71.28867,44.295073],[-71.288779,44.29472],[-71.288468,44.294065],[-71.288594,44.293228],[-71.288305,44.292598],[-71.288305,44.292031],[-71.288166,44.291491],[-71.288368,44.29032],[-71.288317,44.289807],[-71.288506,44.289438],[-71.288355,44.288592],[-71.288003,44.28789],[-71.288284,44.286987],[-71.28742,44.285867],[-71.287876,44.285404],[-71.288548,44.28376],[-71.288462,44.283626],[-71.288551,44.283341],[-71.288799,44.283031],[-71.288785,44.282883]]}},
{"type":"Feature","properties":{"mountain_slug":"mount-washington","name":"Watson Path","length_km":2.23,"elevation_gain_m":651,"source":"© OpenStreetMap contributors (ODbL), via Overture Maps"},"geometry":{"type":"LineString","coordinates":[[-71.284752,44.345851],[-71.284755,44.345414],[-71.284422,44.344739],[-71.284262,44.344475],[-71.283806,44.344054],[-71.283929,44.343344],[-71.283839,44.342929],[-71.28393,44.34236],[-71.283858,44.341773],[-71.283617,44.341458],[-71.283602,44.341206],[-71.283245,44.340792],[-71.283173,44.34055],[-71.282987,44.340441],[-71.282943,44.34002],[-71.282617,44.339849],[-71.282372,44.339403],[-71.281899,44.339208],[-71.281542,44.3389],[-71.280475,44.3385],[-71.280258,44.338492],[-71.279792,44.338236],[-71.279559,44.33822],[-71.279127,44.337959],[-71.278255,44.336752],[-71.277815,44.336507],[-71.277696,44.336294],[-71.277318,44.335979],[-71.276978,44.335367],[-71.276789,44.335291],[-71.276581,44.334883],[-71.276453,44.334107],[-71.27611,44.333243],[-71.276062,44.332276],[-71.275936,44.332229],[-71.276032,44.33163],[-71.275947,44.3316],[-71.275893,44.331243],[-71.275972,44.330259],[-71.275837,44.330096],[-71.27583,44.329655],[-71.27648,44.329112],[-71.276668,44.328814]]}},
{"type":"Feature","properties":{"mountain_slug":"mount-washington","name":"Webster Cliff Trail","length_km":10.09,"elevation_gain_m":1181,"source":"© OpenStreetMap contributors (ODbL), via Overture Maps"},"geometry":{"type":"LineString","coordinates":[[-71.388134,44.170934],[-71.387307,44.170925],[-71.385909,44.171242],[-71.385539,44.171636],[-71.385397,44.171947],[-71.384962,44.17186],[-71.38427,44.17211],[-71.383665,44.172188],[-71.383421,44.172119],[-71.382554,44.172144],[-71.381676,44.17207],[-71.379451,44.172655],[-71.37909,44.172985],[-71.378366,44.173372],[-71.376695,44.173835],[-71.37598,44.174192],[-71.375838,44.174384],[-71.375912,44.174756],[-71.376349,44.174977],[-71.375772,44.175449],[-71.375258,44.175606],[-71.374144,44.176286],[-71.37327,44.176376],[-71.373288,44.176536],[-71.373547,44.176627],[-71.373577,44.176815],[-71.373143,44.177006],[-71.373237,44.17718],[-71.374033,44.177444],[-71.374597,44.177588],[-71.375172,44.177636],[-71.376064,44.177599],[-71.376324,44.177479],[-71.376598,44.177455],[-71.376659,44.177572],[-71.376545,44.177667],[-71.376832,44.177707],[-71.377346,44.177617],[-71.377801,44.177366],[-71.37908,44.177687],[-71.379576,44.17767],[-71.380128,44.177864],[-71.380524,44.178192],[-71.381122,44.178267],[-71.382007,44.178732],[-71.382549,44.178912],[-71.382902,44.17916],[-71.383532,44.17929],[-71.383131,44.179485],[-71.383035,44.179766],[-71.382798,44.180048],[-71.382935,44.18022],[-71.382925,44.180418],[-71.383889,44.181214],[-71.384176,44.181587],[-71.384316,44.182016],[-71.383825,44.182069],[-71.383706,44.182149],[-71.383947,44.182264],[-71.383993,44.182634],[-71.384377,44.182939],[-71.384489,44.18375],[-71.384771,44.18443],[-71.384616,44.184632],[-71.384592,44.184862],[-71.385284,44.185243],[-71.385197,44.185683],[-71.38495,44.185816],[-71.384936,44.186332],[-71.385417,44.186766],[-71.385458,44.186974],[-71.385231,44.187346],[-71.385353,44.187508],[-71.385613,44.187596],[-71.385798,44.187769],[-71.385976,44.18817],[-71.385948,44.188398],[-71.386442,44.188916],[-71.386518,44.189554],[-71.386859,44.189886],[-71.386955,44.191118],[-71.387156,44.191527],[-71.387357,44.191623],[-71.387471,44.191797],[-71.387479,44.191994],[-71.387326,44.192136],[-71.387688,44.192725],[-71.388447,44.193037],[-71.388359,44.193808],[-71.388495,44.194684],[-71.388377,44.194871],[-71.38857,44.195084],[-71.389624,44.195419],[-71.389702,44.195636],[-71.389589,44.195801],[-71.38898,44.195917],[-71.388766,44.196023],[-71.387905,44.195888],[-71.387283,44.196013],[-71.387178,44.196324],[-71.386541,44.196125],[-71.386274,44.196136],[-71.386226,44.19665],[-71.385418,44.197372],[-71.384772,44.197626],[-71.383946,44.197536],[-71.383696,44.197597],[-71.383592,44.19779],[-71.383211,44.198003],[-71.383029,44.198278],[-71.382559,44.198502],[-71.382457,44.198809],[-71.38213,44.199228],[-71.381709,44.199476],[-71.380572,44.199886],[-71.380161,44.199803],[-71.379756,44.19983],[-71.379137,44.199705],[-71.378565,44.200013],[-71.378359,44.200011],[-71.378093,44.200151],[-71.377063,44.201015],[-71.376868,44.201034],[-71.376265,44.200899],[-71.375862,44.201155],[-71.375824,44.201484],[-71.375482,44.202238],[-71.375523,44.202462],[-71.375317,44.202878],[-71.375468,44.203181],[-71.375354,44.2033],[-71.37553,44.203491],[-71.375492,44.203741],[-71.375648,44.203869],[-71.375706,44.20414],[-71.375628,44.204703],[-71.37606,44.20562],[-71.376007,44.206373],[-71.376519,44.206887],[-71.376404,44.20715],[-71.376044,44.207252],[-71.376202,44.208208],[-71.376122,44.208427],[-71.376165,44.20925],[-71.37653,44.20958],[-71.376939,44.209719],[-71.37709,44.210384],[-71.377345,44.21063],[-71.376819,44.211163],[-71.376471,44.211878],[-71.376449,44.212232],[-71.376597,44.212893],[-71.376188,44.213374],[-71.376251,44.21371],[-71.376629,44.214438],[-71.376473,44.214904],[-71.376554,44.215288],[-71.37646,44.215609],[-71.376068,44.216171],[-71.376264,44.217045],[-71.375816,44.217309],[-71.375063,44.217194],[-71.374588,44.217439],[-71.374248,44.217378],[-71.373891,44.21745],[-71.373282,44.217789],[-71.372676,44.217946],[-71.37251,44.218082],[-71.372075,44.218141],[-71.370984,44.21898],[-71.370064,44.219375],[-71.369718,44.219412],[-71.369813,44.219694],[-71.369494,44.220022],[-71.369834,44.220312],[-71.369344,44.220531],[-71.370013,44.22084],[-71.370228,44.221059],[-71.36987,44.221463],[-71.369983,44.221944],[-71.370205,44.222252],[-71.370198,44.222568],[-71.369984,44.222835],[-71.369422,44.223022],[-71.36873,44.223439],[-71.36851,44.223766],[-71.36763,44.223903],[-71.367251,44.224099],[-71.367016,44.224114],[-71.366742,44.22432],[-71.366722,44.224623],[-71.366375,44.225156],[-71.366253,44.225645],[-71.365896,44.226011],[-71.365994,44.226621],[-71.365849,44.226821],[-71.365044,44.227365],[-71.364776,44.227663],[-71.364776,44.227796]]}},
{"type":"Feature","properties":{"mountain_slug":"mount-washington","name":"Webster-Jackson Trail","length_km":2.01,"elevation_gain_m":299,"source":"© OpenStreetMap contributors (ODbL), via Overture Maps"},"geometry":{"type":"LineString","coordinates":[[-71.408065,44.215021],[-71.407763,44.215172],[-71.407514,44.215705],[-71.407287,44.215833],[-71.406854,44.215945],[-71.406588,44.21593],[-71.404896,44.216435],[-71.404422,44.216432],[-71.40422,44.215874],[-71.404053,44.215743],[-71.403862,44.215113],[-71.403258,44.214387],[-71.402686,44.214032],[-71.402333,44.213106],[-71.402058,44.213036],[-71.401908,44.212913],[-71.401564,44.212294],[-71.401213,44.211919],[-71.4006,44.211395],[-71.39991,44.210988],[-71.399591,44.210615],[-71.399074,44.21027],[-71.398306,44.210299],[-71.397987,44.209978],[-71.397258,44.210001],[-71.396241,44.209378],[-71.395541,44.208696],[-71.395069,44.207717],[-71.394828,44.207392],[-71.394222,44.206864],[-71.394034,44.206396],[-71.39339,44.205849],[-71.392826,44.205576],[-71.392626,44.205575]]}},
{"type":"Feature","properties":{"mountain_slug":"mount-washington","name":"Webster-Jackson Trail (Mount Jackson Branch)","length_km":1.62,"elevation_gain_m":369,"source":"© OpenStreetMap contributors (ODbL), via Overture Maps"},"geometry":{"type":"LineString","coordinates":[[-71.392626,44.205575],[-71.39217,44.205431],[-71.391832,44.205435],[-71.391389,44.205239],[-71.390107,44.205193],[-71.389525,44.205429],[-71.388527,44.205208],[-71.387344,44.205487],[-71.386709,44.205495],[-71.386247,44.205579],[-71.385759,44.205527],[-71.384866,44.205725],[-71.384383,44.205408],[-71.384292,44.205172],[-71.383855,44.204885],[-71.383584,44.204804],[-71.38202,44.203908],[-71.381473,44.203764],[-71.381009,44.203482],[-71.379869,44.203114],[-71.379662,44.202868],[-71.379332,44.202657],[-71.379046,44.202736],[-71.37856,44.20251],[-71.378211,44.202472],[-71.378037,44.202524],[-71.377715,44.202932],[-71.377211,44.203185],[-71.376754,44.203162],[-71.376504,44.203034],[-71.376021,44.203316],[-71.375468,44.203181]]}},
{"type":"Feature","properties":{"mountain_slug":"mount-washington","name":"Webster-Jackson Trail (Mount Webster Branch)","length_km":1.31,"elevation_gain_m":323,"source":"© OpenStreetMap contributors (ODbL), via Overture Maps"},"geometry":{"type":"LineString","coordinates":[[-71.392626,44.205575],[-71.392631,44.205239],[-71.392928,44.204889],[-71.392961,44.204538],[-71.392872,44.204347],[-71.392607,44.204157],[-71.39259,44.203925],[-71.392395,44.203735],[-71.392294,44.203332],[-71.392462,44.202678],[-71.391976,44.202086],[-71.391877,44.201775],[-71.392465,44.201174],[-71.392465,44.201017],[-71.391872,44.20074],[-71.391462,44.200399],[-71.391816,44.19929],[-71.391628,44.199119],[-71.391601,44.198668],[-71.391357,44.198553],[-71.391129,44.198221],[-71.39103,44.197552],[-71.390807,44.197192],[-71.390877,44.196829],[-71.391096,44.196704],[-71.391105,44.196555],[-71.39082,44.196361],[-71.390464,44.196278],[-71.390055,44.19568],[-71.389702,44.195636]]}},
{"type":"Feature","properties":{"mountain_slug":"mount-washington","name":"Westside Trail","length_km":1.61,"elevation_gain_m":118,"source":"© OpenStreetMap contributors (ODbL), via Overture Maps","note":"Longest of 2 OpenStreetMap pieces with this name that do not join into one line (1.6 of 3.0 km in the bbox)."},"geometry":{"type":"LineString","coordinates":[[-71.388187,44.170744],[-71.388863,44.17066],[-71.389206,44.170746],[-71.38991,44.170783],[-71.391095,44.170414],[-71.39149,44.170463],[-71.392949,44.17098],[-71.393481,44.171546],[-71.39379,44.171731],[-71.394013,44.172051],[-71.394001,44.172749],[-71.395112,44.173246],[-71.395524,44.173824],[-71.396073,44.174391],[-71.39633,44.174464],[-71.396554,44.175006],[-71.397051,44.175228],[-71.397103,44.175733],[-71.397,44.17588],[-71.397395,44.176016],[-71.398442,44.177801],[-71.398682,44.177998],[-71.399094,44.177789],[-71.399575,44.177924],[-71.399523,44.178256],[-71.40021,44.178921],[-71.400074,44.1791]]}},
{"type":"Feature","properties":{"mountain_slug":"mount-washington","name":"Wild River Trail","length_km":7.98,"elevation_gain_m":302,"source":"© OpenStreetMap contributors (ODbL), via Overture Maps"},"geometry":{"type":"LineString","coordinates":[[-71.115,44.257991],[-71.115373,44.257926],[-71.11674,44.25708],[-71.117801,44.255161],[-71.118061,44.254419],[-71.11832,44.254189],[-71.118926,44.2539],[-71.119209,44.253601],[-71.119541,44.252932],[-71.12066,44.25192],[-71.121268,44.250603],[-71.123059,44.248569],[-71.123208,44.24821],[-71.122992,44.246764],[-71.123254,44.246526],[-71.124626,44.245535],[-71.124875,44.245435],[-71.125142,44.245474],[-71.125626,44.245256],[-71.126667,44.24437],[-71.127203,44.244138],[-71.127378,44.243713],[-71.128293,44.24349],[-71.128488,44.243345],[-71.128789,44.24306],[-71.128908,44.24222],[-71.129049,44.241981],[-71.129781,44.241481],[-71.131058,44.241182],[-71.132043,44.240718],[-71.133215,44.240457],[-71.134101,44.240373],[-71.134655,44.240088],[-71.135497,44.239466],[-71.136428,44.238963],[-71.137615,44.238828],[-71.138255,44.238911],[-71.138892,44.239092],[-71.139945,44.239659],[-71.140311,44.24045],[-71.141176,44.241301],[-71.141875,44.241534],[-71.142067,44.241538],[-71.142177,44.241417],[-71.142319,44.241408],[-71.143071,44.242087],[-71.143315,44.242541],[-71.145148,44.243168],[-71.145694,44.243082],[-71.146054,44.24243],[-71.145993,44.242246],[-71.146065,44.242039],[-71.14762,44.241931],[-71.150067,44.241938],[-71.150936,44.241816],[-71.151311,44.24167],[-71.151987,44.241693],[-71.152481,44.241623],[-71.15306,44.241669],[-71.153629,44.241977],[-71.155388,44.242061],[-71.156676,44.241885],[-71.157223,44.242015],[-71.15762,44.241985],[-71.158132,44.242141],[-71.158245,44.242741],[-71.158465,44.243226],[-71.158812,44.243505],[-71.159222,44.243142],[-71.160121,44.242878],[-71.162315,44.242675],[-71.162987,44.242285],[-71.163518,44.241854],[-71.163929,44.241702],[-71.164318,44.241671],[-71.164637,44.241448],[-71.164927,44.241448],[-71.165196,44.241316],[-71.165401,44.241149],[-71.165514,44.240885],[-71.16625,44.240637],[-71.167086,44.240094],[-71.167348,44.239826],[-71.167567,44.239202],[-71.167426,44.238898],[-71.167655,44.23852],[-71.168063,44.238152],[-71.168282,44.238076],[-71.168608,44.238157],[-71.170272,44.237971],[-71.171163,44.238048],[-71.172675,44.238532],[-71.173609,44.238655],[-71.173909,44.239416],[-71.174038,44.239508],[-71.174735,44.239024],[-71.174971,44.238486],[-71.176098,44.237817],[-71.177321,44.237318],[-71.178694,44.237825],[-71.179885,44.238632],[-71.180411,44.23867],[-71.182095,44.239009],[-71.182535,44.239162],[-71.183211,44.239531],[-71.1848,44.240619],[-71.185295,44.241174]]}},
{"type":"Feature","properties":{"mountain_slug":"mount-washington","name":"Wildcat Ridge Trail","length_km":6.49,"elevation_gain_m":911,"source":"© OpenStreetMap contributors (ODbL), via Overture Maps"},"geometry":{"type":"LineString","coordinates":[[-71.253176,44.245419],[-71.2531,44.245634],[-71.252671,44.245555],[-71.252501,44.245398],[-71.252356,44.245401],[-71.250941,44.245914],[-71.250581,44.245854],[-71.249613,44.246087],[-71.249259,44.246252],[-71.248476,44.246216],[-71.248282,44.246358],[-71.248264,44.246529],[-71.248127,44.24664],[-71.247258,44.246376],[-71.246462,44.246411],[-71.2458,44.246208],[-71.245594,44.246274],[-71.245544,44.246112],[-71.245269,44.246041],[-71.244445,44.245994],[-71.243659,44.246136],[-71.243652,44.246325],[-71.243499,44.246505],[-71.243275,44.246669],[-71.242998,44.246744],[-71.242714,44.24699],[-71.242665,44.24721],[-71.242373,44.247207],[-71.242017,44.24752],[-71.241722,44.247533],[-71.241442,44.247886],[-71.240979,44.247757],[-71.239499,44.247791],[-71.238335,44.247879],[-71.237702,44.248066],[-71.237312,44.247784],[-71.237063,44.24787],[-71.236557,44.24778],[-71.235708,44.247866],[-71.235433,44.247758],[-71.235169,44.247786],[-71.234381,44.24811],[-71.234116,44.248083],[-71.23404,44.247897],[-71.233842,44.247848],[-71.23302,44.247813],[-71.232715,44.247846],[-71.230228,44.248575],[-71.229954,44.248589],[-71.229592,44.248239],[-71.229323,44.24828],[-71.229056,44.248207],[-71.22901,44.247913],[-71.228758,44.24797],[-71.227769,44.247638],[-71.227202,44.247609],[-71.227006,44.247668],[-71.226422,44.248418],[-71.225336,44.248726],[-71.224991,44.24891],[-71.224839,44.248906],[-71.224655,44.249191],[-71.224476,44.249101],[-71.224075,44.249141],[-71.22381,44.249216],[-71.223599,44.249408],[-71.223294,44.249403],[-71.222909,44.250019],[-71.222161,44.250425],[-71.221021,44.25046],[-71.220207,44.250669],[-71.220011,44.250802],[-71.219449,44.250766],[-71.218882,44.250831],[-71.218701,44.250932],[-71.218405,44.250908],[-71.217473,44.251376],[-71.216942,44.251516],[-71.216726,44.251656],[-71.216423,44.2517],[-71.215871,44.251633],[-71.215503,44.251363],[-71.214923,44.25137],[-71.214697,44.251285],[-71.213367,44.251651],[-71.212762,44.251658],[-71.21252,44.251534],[-71.211958,44.251507],[-71.210343,44.25097],[-71.209252,44.250828],[-71.208484,44.250547],[-71.208316,44.2504],[-71.20732,44.250961],[-71.207039,44.25102],[-71.206755,44.251192],[-71.206434,44.251224],[-71.206198,44.251333],[-71.205738,44.251365],[-71.205034,44.251704],[-71.204472,44.252183],[-71.204275,44.252506],[-71.203667,44.252651],[-71.203511,44.252925],[-71.202705,44.253318],[-71.202214,44.253822],[-71.202021,44.254228],[-71.20216,44.25529],[-71.202064,44.255496],[-71.202138,44.255909],[-71.201967,44.256301],[-71.201716,44.256421],[-71.201431,44.256787],[-71.201304,44.257511],[-71.201564,44.257903],[-71.201543,44.258226],[-71.201728,44.258648],[-71.201908,44.259682],[-71.201786,44.259862],[-71.201382,44.259975],[-71.201174,44.260318],[-71.200913,44.260326],[-71.201138,44.260992],[-71.201063,44.261346],[-71.200792,44.261318],[-71.200737,44.261541],[-71.201244,44.26278],[-71.199727,44.2623],[-71.199071,44.261914],[-71.198204,44.261844],[-71.197271,44.261591],[-71.196355,44.261763],[-71.195613,44.261656]]}},
{"type":"Feature","properties":{"mountain_slug":"mount-washington","name":"Wildcat River Trail","length_km":6.3,"elevation_gain_m":485,"source":"© OpenStreetMap contributors (ODbL), via Overture Maps","note":"Longest of 2 OpenStreetMap pieces with this name that do not join into one line (6.3 of 6.4 km in the bbox)."},"geometry":{"type":"LineString","coordinates":[[-71.195689,44.214117],[-71.195767,44.214645],[-71.196567,44.215267],[-71.196912,44.216069],[-71.196885,44.216397],[-71.196596,44.217181],[-71.191898,44.216853],[-71.191039,44.217074],[-71.190254,44.217094],[-71.189189,44.217322],[-71.189189,44.217603],[-71.18974,44.218908],[-71.18977,44.219553],[-71.189423,44.220461],[-71.18975,44.221652],[-71.188508,44.223239],[-71.187331,44.224055],[-71.187312,44.224337],[-71.187994,44.22518],[-71.187667,44.226318],[-71.18748,44.226579],[-71.187574,44.227034],[-71.18715,44.228048],[-71.186958,44.228921],[-71.18701,44.229117],[-71.1862,44.229894],[-71.186238,44.230373],[-71.18578,44.231411],[-71.185948,44.231719],[-71.187359,44.233398],[-71.187172,44.234683],[-71.186593,44.235506],[-71.185967,44.236048],[-71.185883,44.236396],[-71.185547,44.236798],[-71.185482,44.237795],[-71.185818,44.238665],[-71.1858,44.239526],[-71.185561,44.240826],[-71.185295,44.241174],[-71.185477,44.241689],[-71.185271,44.242298],[-71.185533,44.242432],[-71.185981,44.242452],[-71.18642,44.242358],[-71.186784,44.242593],[-71.187242,44.243074],[-71.187877,44.243242],[-71.188437,44.243516],[-71.188727,44.243924],[-71.18882,44.244292],[-71.18869,44.24476],[-71.188251,44.245329],[-71.18797,44.246768],[-71.187989,44.246975],[-71.18826,44.24733],[-71.188848,44.249123],[-71.190502,44.250595],[-71.191314,44.251183],[-71.192033,44.252214],[-71.192024,44.253023],[-71.192183,44.253204],[-71.192388,44.253772],[-71.192687,44.254053],[-71.192808,44.254488],[-71.193107,44.254675],[-71.193276,44.25503],[-71.193789,44.255572],[-71.193808,44.255779],[-71.193675,44.255927],[-71.19396,44.256545],[-71.193838,44.256801],[-71.193911,44.256999],[-71.194226,44.257111],[-71.194424,44.257426],[-71.195082,44.25772],[-71.195248,44.258424],[-71.195604,44.258758],[-71.195701,44.259118],[-71.195368,44.259393]]}},
{"type":"Feature","properties":{"mountain_slug":"mount-washington","name":"Wildcat Valley Trail","length_km":6.02,"elevation_gain_m":585,"source":"© OpenStreetMap contributors (ODbL), via Overture Maps"},"geometry":{"type":"LineString","coordinates":[[-71.208574,44.216033],[-71.208871,44.216057],[-71.210187,44.215898],[-71.210952,44.215916],[-71.211453,44.215954],[-71.211692,44.216118],[-71.212159,44.216209],[-71.212928,44.216254],[-71.213585,44.216488],[-71.214174,44.216903],[-71.214773,44.217737],[-71.214832,44.217995],[-71.215299,44.218264],[-71.216151,44.218351],[-71.217047,44.218546],[-71.217534,44.218721],[-71.218522,44.219248],[-71.219276,44.219366],[-71.220104,44.21923],[-71.220718,44.21927],[-71.220947,44.219612],[-71.220744,44.220054],[-71.219925,44.220054],[-71.219281,44.220211],[-71.218004,44.21987],[-71.217613,44.219845],[-71.21754,44.220004],[-71.217479,44.220233],[-71.217554,44.22037],[-71.217924,44.22064],[-71.218348,44.221288],[-71.21847,44.221912],[-71.218903,44.222862],[-71.21896,44.223178],[-71.219939,44.224212],[-71.220735,44.224587],[-71.221924,44.224593],[-71.22442,44.225341],[-71.224516,44.225822],[-71.224342,44.226183],[-71.224172,44.226259],[-71.224295,44.226295],[-71.224255,44.226775],[-71.224382,44.226993],[-71.224632,44.227173],[-71.224844,44.22784],[-71.225157,44.228104],[-71.225195,44.228282],[-71.225404,44.228481],[-71.224924,44.228752],[-71.224949,44.229112],[-71.225094,44.229248],[-71.225505,44.229226],[-71.22564,44.22939],[-71.225658,44.230362],[-71.226367,44.23086],[-71.226906,44.231008],[-71.227189,44.231015],[-71.2273,44.231315],[-71.227486,44.231457],[-71.227818,44.231558],[-71.227848,44.231718],[-71.227702,44.232017],[-71.227749,44.232224],[-71.228237,44.23257],[-71.228277,44.232747],[-71.227547,44.233169],[-71.228034,44.233417],[-71.227175,44.233714],[-71.227128,44.23382],[-71.227566,44.234102],[-71.227603,44.234335],[-71.227982,44.234864],[-71.228013,44.235128],[-71.228493,44.235379],[-71.228378,44.235879],[-71.228547,44.236196],[-71.228764,44.236309],[-71.228748,44.236629],[-71.228903,44.236965],[-71.229089,44.238308],[-71.228858,44.238667],[-71.228576,44.238809],[-71.228352,44.239097],[-71.228371,44.239547],[-71.22807,44.239743],[-71.228142,44.240109],[-71.228046,44.240533],[-71.227375,44.241165],[-71.226706,44.241504],[-71.226247,44.241917],[-71.225927,44.241997],[-71.225706,44.242557],[-71.225251,44.242985],[-71.22463,44.243787],[-71.224533,44.244016],[-71.224461,44.245151],[-71.224277,44.245568],[-71.223783,44.245968],[-71.223792,44.24609],[-71.224152,44.246119],[-71.224236,44.246197],[-71.223914,44.246572],[-71.223697,44.246701],[-71.223486,44.247084],[-71.223501,44.24725],[-71.223314,44.247466],[-71.223083,44.247664],[-71.222667,44.247742],[-71.222534,44.247839],[-71.222174,44.248339],[-71.223042,44.248324],[-71.223506,44.248558],[-71.22425,44.248581],[-71.224495,44.248546],[-71.224971,44.24821],[-71.225239,44.24817],[-71.225315,44.248275],[-71.224884,44.248579],[-71.224991,44.24891]]}},
{"type":"Feature","properties":{"mountain_slug":"mount-washington","name":"Willey Range Trail","length_km":4.76,"elevation_gain_m":613,"source":"© OpenStreetMap contributors (ODbL), via Overture Maps"},"geometry":{"type":"LineString","coordinates":[[-71.408919,44.175293],[-71.409181,44.175703],[-71.409533,44.17678],[-71.409918,44.177277],[-71.412031,44.17784],[-71.413398,44.178782],[-71.413903,44.178843],[-71.414284,44.178987],[-71.4159,44.179917],[-71.416676,44.179997],[-71.416913,44.180085],[-71.417118,44.180525],[-71.417359,44.180704],[-71.417921,44.181496],[-71.418794,44.181891],[-71.41915,44.182559],[-71.419623,44.182882],[-71.419946,44.183005],[-71.420339,44.183416],[-71.421038,44.183377],[-71.421156,44.183562],[-71.421048,44.1838],[-71.42122,44.183908],[-71.421315,44.184127],[-71.421199,44.184508],[-71.421274,44.18467],[-71.421177,44.184923],[-71.421167,44.185483],[-71.421124,44.185585],[-71.420845,44.185631],[-71.420894,44.185795],[-71.421994,44.186502],[-71.421974,44.186887],[-71.422186,44.187054],[-71.422418,44.187467],[-71.423725,44.188043],[-71.423827,44.188242],[-71.424312,44.188619],[-71.425263,44.188705],[-71.425744,44.189244],[-71.426674,44.18967],[-71.426874,44.18997],[-71.427568,44.19036],[-71.427836,44.190683],[-71.427962,44.191071],[-71.428408,44.191578],[-71.428455,44.191819],[-71.428867,44.192113],[-71.428977,44.192432],[-71.429342,44.19284],[-71.429342,44.193009],[-71.42961,44.193394],[-71.430332,44.193682],[-71.430672,44.193979],[-71.430694,44.194176],[-71.431233,44.19456],[-71.432271,44.194978],[-71.43244,44.195221],[-71.4324,44.196124],[-71.432576,44.196369],[-71.433689,44.196587],[-71.434078,44.196864],[-71.43497,44.197028],[-71.435554,44.197504],[-71.436446,44.197865],[-71.436714,44.198179],[-71.437208,44.198245],[-71.437387,44.198335],[-71.437768,44.198848],[-71.438659,44.199165],[-71.440399,44.20052],[-71.440979,44.201226],[-71.44182,44.202605],[-71.442058,44.202755],[-71.442279,44.203168],[-71.443407,44.203959],[-71.443753,44.204032],[-71.444135,44.203966],[-71.444562,44.20417],[-71.444663,44.204354]]}},
{"type":"Feature","properties":{"mountain_slug":"mount-washington","name":"Wood Path","length_km":1.34,"elevation_gain_m":153,"source":"© OpenStreetMap contributors (ODbL), via Overture Maps"},"geometry":{"type":"LineString","coordinates":[[-71.270053,44.37529],[-71.269973,44.375781],[-71.270127,44.37612],[-71.270102,44.376278],[-71.269801,44.376745],[-71.269684,44.37712],[-71.26961,44.377551],[-71.269677,44.377987],[-71.269135,44.380004],[-71.269418,44.380546],[-71.269603,44.381748],[-71.269388,44.382114],[-71.269394,44.382422],[-71.269123,44.382819],[-71.269147,44.383263],[-71.269391,44.383754],[-71.27004,44.383972],[-71.270525,44.384273],[-71.270287,44.384723],[-71.269748,44.385145],[-71.269925,44.385645],[-71.269915,44.386457]]}},
{"type":"Feature","properties":{"mountain_slug":"mount-washington","name":"Zeacliff Trail","length_km":1.2,"elevation_gain_m":313,"source":"© OpenStreetMap contributors (ODbL), via Overture Maps"},"geometry":{"type":"LineString","coordinates":[[-71.479728,44.179115],[-71.480011,44.179013],[-71.480508,44.179292],[-71.481038,44.179377],[-71.482091,44.179118],[-71.482473,44.179146],[-71.482915,44.179045],[-71.483791,44.179072],[-71.484558,44.178766],[-71.485245,44.178617],[-71.485851,44.178652],[-71.486489,44.178588],[-71.486853,44.178375],[-71.487036,44.178352],[-71.487576,44.178531],[-71.488331,44.17901],[-71.489695,44.179434],[-71.490668,44.179529],[-71.49162,44.179818],[-71.492102,44.18032],[-71.493,44.180822]]}},
{"type":"Feature","properties":{"mountain_slug":"mount-washington","name":"Zealand Pass","length_km":0.89,"elevation_gain_m":15,"source":"© OpenStreetMap contributors (ODbL), via Overture Maps"},"geometry":{"type":"LineString","coordinates":[[-71.435344,44.251831],[-71.434645,44.251654],[-71.434699,44.251268],[-71.43462,44.250887],[-71.434421,44.250678],[-71.433802,44.250531],[-71.433603,44.250183],[-71.433731,44.249597],[-71.43442,44.249269],[-71.43422,44.248717],[-71.433086,44.247907],[-71.432957,44.247708],[-71.432344,44.247346],[-71.431504,44.246525],[-71.431154,44.245959],[-71.431109,44.245722]]}},
{"type":"Feature","properties":{"mountain_slug":"mount-washington","name":"Zealand Trail","length_km":3.93,"elevation_gain_m":157,"source":"© OpenStreetMap contributors (ODbL), via Overture Maps"},"geometry":{"type":"LineString","coordinates":[[-71.478632,44.224642],[-71.478733,44.224324],[-71.478414,44.22321],[-71.47783,44.222044],[-71.478042,44.221148],[-71.478032,44.220732],[-71.47721,44.219124],[-71.477108,44.218654],[-71.476705,44.218129],[-71.476586,44.217807],[-71.476528,44.217217],[-71.476829,44.216136],[-71.476829,44.215656],[-71.476628,44.215265],[-71.475887,44.214758],[-71.475566,44.214393],[-71.47659,44.213653],[-71.476968,44.213162],[-71.477072,44.212741],[-71.477436,44.212572],[-71.478055,44.212119],[-71.478975,44.211148],[-71.479153,44.210752],[-71.479195,44.210345],[-71.479052,44.209969],[-71.479004,44.209115],[-71.479221,44.208857],[-71.47967,44.207668],[-71.479826,44.206539],[-71.480206,44.206403],[-71.480409,44.206023],[-71.480922,44.205768],[-71.481729,44.205794],[-71.482695,44.205698],[-71.483307,44.205789],[-71.484904,44.205421],[-71.485599,44.205337],[-71.485656,44.205177],[-71.486813,44.203904],[-71.487923,44.202873],[-71.488344,44.20225],[-71.489092,44.201932],[-71.489197,44.201477],[-71.489809,44.2009],[-71.490211,44.200031],[-71.490406,44.198699],[-71.490309,44.198447],[-71.490494,44.198263],[-71.490545,44.198069],[-71.490351,44.195716]]}}
]}
